date_key,store_id,sku_id,requested_units,fulfilled_units,cancelled_units,selling_price,revenue,opening_stock,inbound_stock,sku_name,category,root_cause,lost_sales_value
20260101,1,52,43,36,7,138.55,4987.8,36.0,0.0,BEVE_COLD_22,Beverages,Unforecasted Demand Spike,969.85
20260101,1,227,4,3,1,254.28,762.84,4.0,0.0,HOUS_DISH_17,Household,Delayed / Missing Inbound Replenishment,254.28
20260101,3,47,66,57,9,107.14,6106.98,57.0,0.0,BEVE_COLD_17,Beverages,Unforecasted Demand Spike,964.26
20260101,7,37,50,41,9,93.59,3837.19,41.0,0.0,BEVE_COLD_07,Beverages,Unforecasted Demand Spike,842.31
20260101,7,158,58,47,11,65.45,3076.15,47.0,0.0,STAP_DALS_08,Staples,Unforecasted Demand Spike,719.95
20260101,7,175,50,42,8,353.33,14839.86,42.0,0.0,STAP_SPIC_25,Staples,Unforecasted Demand Spike,2826.64
20260101,7,231,6,5,1,259.78,1298.9,5.0,0.0,HOUS_DETE_21,Household,Forecast Underestimation & Buffer Shortage,259.78
20260101,7,284,17,13,4,420.04,5460.52,13.0,0.0,PET _CAT _14,Pet Care,Forecast Underestimation & Buffer Shortage,1680.16
20260101,9,58,230,119,111,99.9,11888.1,119.0,0.0,BEVE_TEA _28,Beverages,Unforecasted Demand Spike,11088.9
20260101,9,171,58,23,35,329.23,7572.29,23.0,0.0,STAP_ATTA_21,Staples,Unforecasted Demand Spike,11523.05
20260101,10,31,95,78,17,94.42,7364.76,78.0,0.0,BEVE_JUIC_01,Beverages,Unforecasted Demand Spike,1605.14
20260101,12,33,66,61,5,72.36,4413.96,62.0,0.0,BEVE_TEA _03,Beverages,Unforecasted Demand Spike,361.8
20260101,14,34,72,70,2,62.4,4368.0,70.0,0.0,BEVE_ENER_04,Beverages,Unforecasted Demand Spike,124.8
20260101,14,165,79,52,27,296.84,15435.68,52.0,0.0,STAP_SPIC_15,Staples,Unforecasted Demand Spike,8014.68
20260101,16,41,82,80,2,104.58,8366.4,80.0,0.0,BEVE_JUIC_11,Beverages,Unforecasted Demand Spike,209.16
20260101,16,53,104,78,26,36.4,2839.2,78.0,0.0,BEVE_TEA _23,Beverages,Unforecasted Demand Spike,946.4
20260101,16,59,59,50,9,48.81,2440.5,50.0,0.0,BEVE_ENER_29,Beverages,Unforecasted Demand Spike,439.29
20260101,16,142,64,61,3,64.0,3904.0,61.0,0.0,FRUI_EXOT_22,Fruits & Vegetables,Unforecasted Demand Spike,192.0
20260101,17,2,204,155,49,47.2,7316.0,155.0,0.0,DAIR_CURD_02,Dairy,Unforecasted Demand Spike,2312.8
20260101,17,38,79,65,14,48.32,3140.8,65.0,0.0,BEVE_TEA _08,Beverages,Unforecasted Demand Spike,676.48
20260101,17,59,56,49,7,48.81,2391.69,49.0,0.0,BEVE_ENER_29,Beverages,Unforecasted Demand Spike,341.67
20260101,18,56,84,78,6,37.24,2904.72,78.0,0.0,BEVE_JUIC_26,Beverages,Unforecasted Demand Spike,223.44
20260101,19,51,52,47,5,82.5,3877.5,47.0,0.0,BEVE_JUIC_21,Beverages,Unforecasted Demand Spike,412.5
20260101,19,140,42,38,4,54.59,2074.42,38.0,0.0,FRUI_CUT _20,Fruits & Vegetables,Unforecasted Demand Spike,218.36
20260101,19,262,39,37,2,373.45,13817.65,37.0,0.0,BABY_BABY_22,Baby Care,Forecast Underestimation & Buffer Shortage,746.9
20260101,21,34,68,63,5,62.4,3931.2,63.0,0.0,BEVE_ENER_04,Beverages,Unforecasted Demand Spike,312.0
20260101,21,42,102,84,18,54.5,4578.0,84.0,0.0,BEVE_COLD_12,Beverages,Unforecasted Demand Spike,981.0
20260101,21,55,95,88,7,76.58,6739.04,88.0,0.0,BEVE_WATE_25,Beverages,Unforecasted Demand Spike,536.06
20260101,21,159,33,32,1,560.31,17929.92,32.0,0.0,STAP_EDIB_09,Staples,Forecast Underestimation & Buffer Shortage,560.31
20260101,22,103,21,20,1,129.06,2581.2,20.0,0.0,PACK_SAUC_13,Packaged Foods,Forecast Underestimation & Buffer Shortage,129.06
20260101,22,196,7,6,1,94.9,569.4,6.0,0.0,PERS_SOAP_16,Personal Care,Forecast Underestimation & Buffer Shortage,94.9
20260101,23,23,90,86,4,57.13,4913.18,88.0,0.0,DAIR_BUTT_23,Dairy,Unforecasted Demand Spike,228.52
20260101,23,41,76,68,8,104.58,7111.44,68.0,0.0,BEVE_JUIC_11,Beverages,Unforecasted Demand Spike,836.64
20260101,23,48,66,60,6,54.7,3282.0,60.0,0.0,BEVE_TEA _18,Beverages,Unforecasted Demand Spike,328.2
20260101,23,144,71,70,1,40.24,2816.8,70.0,0.0,FRUI_SEAS_24,Fruits & Vegetables,Unforecasted Demand Spike,40.24
20260101,26,34,75,74,1,62.4,4617.6,74.0,0.0,BEVE_ENER_04,Beverages,Unforecasted Demand Spike,62.4
20260101,26,50,59,44,15,119.26,5247.44,44.0,0.0,BEVE_WATE_20,Beverages,Unforecasted Demand Spike,1788.9
20260101,29,31,113,81,32,94.42,7648.02,81.0,0.0,BEVE_JUIC_01,Beverages,Unforecasted Demand Spike,3021.44
20260101,29,32,125,104,21,101.75,10582.0,104.0,0.0,BEVE_COLD_02,Beverages,Unforecasted Demand Spike,2136.75
20260101,29,46,111,91,20,32.07,2918.37,91.0,0.0,BEVE_JUIC_16,Beverages,Unforecasted Demand Spike,641.4
20260101,29,100,44,38,6,109.11,4146.18,38.0,0.0,PACK_READ_10,Packaged Foods,Unforecasted Demand Spike,654.66
20260101,29,142,67,64,3,64.0,4096.0,64.0,0.0,FRUI_EXOT_22,Fruits & Vegetables,Unforecasted Demand Spike,192.0
20260101,29,177,30,28,2,113.98,3191.44,28.0,0.0,STAP_RICE_27,Staples,Forecast Underestimation & Buffer Shortage,227.96
20260101,29,184,8,6,2,343.84,2063.04,6.0,0.0,PERS_SKIN_04,Personal Care,Forecast Underestimation & Buffer Shortage,687.68
20260101,29,233,14,12,2,161.93,1943.16,12.0,0.0,HOUS_CLEA_23,Household,Forecast Underestimation & Buffer Shortage,323.86
20260101,29,293,13,12,1,478.5,5742.0,12.0,0.0,PET _PET _23,Pet Care,Forecast Underestimation & Buffer Shortage,478.5
20260101,32,42,86,83,3,54.5,4523.5,83.0,0.0,BEVE_COLD_12,Beverages,Unforecasted Demand Spike,163.5
20260101,34,51,48,47,1,82.5,3877.5,47.0,0.0,BEVE_JUIC_21,Beverages,Unforecasted Demand Spike,82.5
20260101,35,42,86,83,3,54.5,4523.5,83.0,0.0,BEVE_COLD_12,Beverages,Unforecasted Demand Spike,163.5
20260101,39,46,97,93,4,32.07,2982.51,93.0,0.0,BEVE_JUIC_16,Beverages,Unforecasted Demand Spike,128.28
20260101,39,56,97,89,8,37.24,3314.36,89.0,0.0,BEVE_JUIC_26,Beverages,Unforecasted Demand Spike,297.92
20260101,39,58,273,94,179,99.9,9390.6,94.0,0.0,BEVE_TEA _28,Beverages,Unforecasted Demand Spike,17882.1
20260101,39,60,46,42,4,146.5,6153.0,42.0,0.0,BEVE_WATE_30,Beverages,Unforecasted Demand Spike,586.0
20260101,39,275,22,10,12,359.71,3597.1,10.0,0.0,PET _DOG _05,Pet Care,Forecast Underestimation & Buffer Shortage,4316.52
20260102,1,5,48,30,18,94.1,2823.0,30.0,0.0,DAIR_PANE_05,Dairy,Unforecasted Demand Spike,1693.8
20260102,1,18,48,26,22,203.24,5284.24,26.0,0.0,DAIR_BUTT_18,Dairy,Unforecasted Demand Spike,4471.28
20260102,1,28,42,18,24,39.17,705.06,18.0,0.0,DAIR_BUTT_28,Dairy,Unforecasted Demand Spike,940.08
20260102,1,36,71,55,16,97.34,5353.7,55.0,0.0,BEVE_JUIC_06,Beverages,Unforecasted Demand Spike,1557.44
20260102,1,50,64,37,27,119.26,4412.62,37.0,0.0,BEVE_WATE_20,Beverages,Unforecasted Demand Spike,3220.02
20260102,1,51,68,59,9,82.5,4867.5,59.0,0.0,BEVE_JUIC_21,Beverages,Unforecasted Demand Spike,742.5
20260102,1,59,65,39,26,48.81,1903.59,39.0,0.0,BEVE_ENER_29,Beverages,Unforecasted Demand Spike,1269.06
20260102,1,60,64,27,37,146.5,3955.5,27.0,0.0,BEVE_WATE_30,Beverages,Unforecasted Demand Spike,5420.5
20260102,1,69,41,12,29,49.81,597.72,12.0,0.0,SNAC_CHOC_09,Snacks,Unforecasted Demand Spike,1444.49
20260102,1,75,36,18,18,85.91,1546.38,18.0,0.0,SNAC_NUTS_15,Snacks,Forecast Underestimation & Buffer Shortage,1546.38
20260102,1,85,42,8,34,172.15,1377.2,8.0,0.0,SNAC_NUTS_25,Snacks,Unforecasted Demand Spike,5853.1
20260102,1,86,43,30,13,113.54,3406.2,30.0,0.0,SNAC_CHIP_26,Snacks,Unforecasted Demand Spike,1476.02
20260102,1,91,21,20,1,240.18,4803.6,20.0,0.0,PACK_NOOD_01,Packaged Foods,Forecast Underestimation & Buffer Shortage,240.18
20260102,1,98,19,13,6,222.22,2888.86,13.0,0.0,PACK_SAUC_08,Packaged Foods,Forecast Underestimation & Buffer Shortage,1333.32
20260102,1,109,16,13,3,206.34,2682.42,13.0,0.0,PACK_BREA_19,Packaged Foods,Forecast Underestimation & Buffer Shortage,619.02
20260102,1,123,48,34,14,81.34,2765.56,34.0,0.0,FRUI_DAIL_03,Fruits & Vegetables,Unforecasted Demand Spike,1138.76
20260102,1,155,22,16,6,443.45,7095.2,16.0,0.0,STAP_SPIC_05,Staples,Forecast Underestimation & Buffer Shortage,2660.7
20260102,1,161,19,14,5,425.67,5959.38,14.0,0.0,STAP_ATTA_11,Staples,Forecast Underestimation & Buffer Shortage,2128.35
20260102,1,164,15,4,11,366.94,1467.76,6.0,0.0,STAP_EDIB_14,Staples,Forecast Underestimation & Buffer Shortage,4036.34
20260102,1,176,21,10,11,283.47,2834.7,10.0,0.0,STAP_ATTA_26,Staples,Forecast Underestimation & Buffer Shortage,3118.17
20260102,1,193,6,5,1,124.41,622.05,5.0,0.0,PERS_ORAL_13,Personal Care,Forecast Underestimation & Buffer Shortage,124.41
20260102,1,205,4,1,3,130.63,130.63,1.0,0.0,PERS_SANI_25,Personal Care,Delayed / Missing Inbound Replenishment,391.89
20260102,1,227,4,0,4,254.28,0.0,0.0,0.0,HOUS_DISH_17,Household,Delayed / Missing Inbound Replenishment,1017.12
20260102,1,231,5,3,2,259.78,779.34,5.0,0.0,HOUS_DETE_21,Household,Forecast Underestimation & Buffer Shortage,519.56
20260102,1,240,5,4,1,223.75,895.0,4.0,0.0,HOUS_REPE_30,Household,Delayed / Missing Inbound Replenishment,223.75
20260102,1,259,16,9,7,361.83,3256.47,9.0,0.0,BABY_BABY_19,Baby Care,Forecast Underestimation & Buffer Shortage,2532.81
20260102,1,266,24,21,3,106.13,2228.73,21.0,0.0,BABY_BABY_26,Baby Care,Forecast Underestimation & Buffer Shortage,318.39
20260102,1,271,5,3,2,561.27,1683.81,3.0,0.0,PET _DOG _01,Pet Care,Delayed / Missing Inbound Replenishment,1122.54
20260102,1,273,4,2,2,256.39,512.78,2.0,0.0,PET _PET _03,Pet Care,Delayed / Missing Inbound Replenishment,512.78
20260102,1,281,5,1,4,208.33,208.33,1.0,0.0,PET _PET _11,Pet Care,Delayed / Missing Inbound Replenishment,833.32
20260102,1,287,4,1,3,342.13,342.13,1.0,0.0,PET _DOG _17,Pet Care,Delayed / Missing Inbound Replenishment,1026.39
20260102,1,290,5,3,2,240.2,720.6,3.0,0.0,PET _PET _20,Pet Care,Delayed / Missing Inbound Replenishment,480.4
20260102,1,294,6,5,1,77.14,385.7,5.0,0.0,PET _PET _24,Pet Care,Forecast Underestimation & Buffer Shortage,77.14
20260102,2,35,103,47,56,158.37,7443.39,47.0,0.0,BEVE_WATE_05,Beverages,Unforecasted Demand Spike,8868.72
20260102,2,39,76,20,56,95.49,1909.8,20.0,0.0,BEVE_ENER_09,Beverages,Unforecasted Demand Spike,5347.44
20260102,2,41,96,52,44,104.58,5438.16,52.0,0.0,BEVE_JUIC_11,Beverages,Unforecasted Demand Spike,4601.52
20260102,2,50,66,24,42,119.26,2862.24,24.0,0.0,BEVE_WATE_20,Beverages,Unforecasted Demand Spike,5008.92
20260102,2,62,71,62,9,153.75,9532.5,62.0,0.0,SNAC_BISC_02,Snacks,Unforecasted Demand Spike,1383.75
20260102,2,63,77,58,19,157.5,9135.0,58.0,0.0,SNAC_NAMK_03,Snacks,Unforecasted Demand Spike,2992.5
20260102,2,64,86,57,29,46.19,2632.83,59.0,0.0,SNAC_CHOC_04,Snacks,Unforecasted Demand Spike,1339.51
20260102,2,89,54,37,17,50.88,1882.56,37.0,0.0,SNAC_CHOC_29,Snacks,Unforecasted Demand Spike,864.96
20260102,2,104,44,35,9,98.3,3440.5,35.0,0.0,PACK_BREA_14,Packaged Foods,Unforecasted Demand Spike,884.7
20260102,2,122,80,22,58,111.96,2463.12,22.0,0.0,FRUI_EXOT_02,Fruits & Vegetables,Unforecasted Demand Spike,6493.68
20260102,2,123,43,4,39,81.34,325.36,4.0,0.0,FRUI_DAIL_03,Fruits & Vegetables,Delayed / Missing Inbound Replenishment,3172.26
20260102,2,135,85,32,53,112.02,3584.64,32.0,0.0,FRUI_CUT _15,Fruits & Vegetables,Unforecasted Demand Spike,5937.06
20260102,2,149,75,26,49,103.98,2703.48,26.0,0.0,FRUI_SEAS_29,Fruits & Vegetables,Unforecasted Demand Spike,5095.02
20260102,2,155,22,15,7,443.45,6651.75,15.0,0.0,STAP_SPIC_05,Staples,Forecast Underestimation & Buffer Shortage,3104.15
20260102,2,173,24,17,7,69.06,1174.02,17.0,0.0,STAP_DALS_23,Staples,Forecast Underestimation & Buffer Shortage,483.42
20260102,2,174,42,39,3,511.67,19955.13,39.0,0.0,STAP_EDIB_24,Staples,Unforecasted Demand Spike,1535.01
20260102,2,185,15,3,12,218.07,654.21,3.0,0.0,PERS_SANI_05,Personal Care,Delayed / Missing Inbound Replenishment,2616.84
20260102,2,210,8,7,1,212.16,1485.12,7.0,0.0,PERS_SANI_30,Personal Care,Forecast Underestimation & Buffer Shortage,212.16
20260102,2,213,8,3,5,243.34,730.02,3.0,0.0,HOUS_CLEA_03,Household,Delayed / Missing Inbound Replenishment,1216.7
20260102,2,219,13,2,11,246.3,492.6,2.0,0.0,HOUS_DISP_09,Household,Delayed / Missing Inbound Replenishment,2709.3
20260102,2,225,6,5,1,127.69,638.45,5.0,0.0,HOUS_REPE_15,Household,Forecast Underestimation & Buffer Shortage,127.69
20260102,2,226,46,35,11,300.71,10524.85,35.0,0.0,HOUS_DETE_16,Household,Unforecasted Demand Spike,3307.81
20260102,2,235,15,3,12,297.9,893.7,3.0,0.0,HOUS_REPE_25,Household,Delayed / Missing Inbound Replenishment,3574.8
20260102,2,248,28,19,9,475.65,9037.35,19.0,0.0,BABY_BABY_08,Baby Care,Forecast Underestimation & Buffer Shortage,4280.85
20260102,2,255,23,5,18,500.03,2500.15,5.0,0.0,BABY_BABY_15,Baby Care,Forecast Underestimation & Buffer Shortage,9000.54
20260102,2,261,21,13,8,419.38,5451.94,13.0,0.0,BABY_DIAP_21,Baby Care,Forecast Underestimation & Buffer Shortage,3355.04
20260102,2,268,23,9,14,129.29,1163.61,9.0,0.0,BABY_BABY_28,Baby Care,Forecast Underestimation & Buffer Shortage,1810.06
20260102,2,283,7,5,2,548.52,2742.6,5.0,0.0,PET _DOG _13,Pet Care,Forecast Underestimation & Buffer Shortage,1097.04
20260102,2,290,6,1,5,240.2,240.2,1.0,0.0,PET _PET _20,Pet Care,Delayed / Missing Inbound Replenishment,1201.0
20260102,3,8,86,75,11,138.28,10371.0,75.0,0.0,DAIR_BUTT_08,Dairy,Unforecasted Demand Spike,1521.08
20260102,3,19,91,89,2,189.48,16863.72,89.0,0.0,DAIR_CHEE_19,Dairy,Unforecasted Demand Spike,378.96
20260102,3,28,35,28,7,39.17,1096.76,28.0,0.0,DAIR_BUTT_28,Dairy,Forecast Underestimation & Buffer Shortage,274.19
20260102,3,35,86,13,73,158.37,2058.81,13.0,0.0,BEVE_WATE_05,Beverages,Unforecasted Demand Spike,11561.01
20260102,3,36,70,33,37,97.34,3212.22,33.0,0.0,BEVE_JUIC_06,Beverages,Unforecasted Demand Spike,3601.58
20260102,3,47,76,0,76,107.14,0.0,0.0,0.0,BEVE_COLD_17,Beverages,Delayed / Missing Inbound Replenishment,8142.64
20260102,3,50,65,2,63,119.26,238.52,2.0,0.0,BEVE_WATE_20,Beverages,Delayed / Missing Inbound Replenishment,7513.38
20260102,3,64,83,59,24,46.19,2725.21,59.0,0.0,SNAC_CHOC_04,Snacks,Unforecasted Demand Spike,1108.56
20260102,3,123,44,19,25,81.34,1545.46,19.0,0.0,FRUI_DAIL_03,Fruits & Vegetables,Unforecasted Demand Spike,2033.5
20260102,3,126,70,32,38,64.66,2069.12,32.0,0.0,FRUI_FRES_06,Fruits & Vegetables,Unforecasted Demand Spike,2457.08
20260102,3,128,46,29,17,101.33,2938.57,29.0,0.0,FRUI_DAIL_08,Fruits & Vegetables,Unforecasted Demand Spike,1722.61
20260102,3,132,95,45,50,94.19,4238.55,45.0,0.0,FRUI_EXOT_12,Fruits & Vegetables,Unforecasted Demand Spike,4709.5
20260102,3,133,71,65,6,89.15,5794.75,65.0,0.0,FRUI_DAIL_13,Fruits & Vegetables,Unforecasted Demand Spike,534.9
20260102,3,135,71,38,33,112.02,4256.76,38.0,0.0,FRUI_CUT _15,Fruits & Vegetables,Unforecasted Demand Spike,3696.66
20260102,3,142,64,58,6,64.0,3712.0,58.0,0.0,FRUI_EXOT_22,Fruits & Vegetables,Unforecasted Demand Spike,384.0
20260102,3,159,39,17,22,560.31,9525.27,17.0,0.0,STAP_EDIB_09,Staples,Forecast Underestimation & Buffer Shortage,12326.82
20260102,3,163,18,11,7,338.27,3720.97,11.0,0.0,STAP_DALS_13,Staples,Forecast Underestimation & Buffer Shortage,2367.89
20260102,3,166,25,0,25,248.86,0.0,0.0,0.0,STAP_ATTA_16,Staples,Delayed / Missing Inbound Replenishment,6221.5
20260102,3,168,36,9,27,166.75,1500.75,9.0,0.0,STAP_DALS_18,Staples,Forecast Underestimation & Buffer Shortage,4502.25
20260102,3,169,24,21,3,312.03,6552.63,21.0,0.0,STAP_EDIB_19,Staples,Forecast Underestimation & Buffer Shortage,936.09
20260102,3,194,12,8,4,365.21,2921.68,8.0,0.0,PERS_SKIN_14,Personal Care,Forecast Underestimation & Buffer Shortage,1460.84
20260102,3,195,6,2,4,227.65,455.3,2.0,0.0,PERS_SANI_15,Personal Care,Delayed / Missing Inbound Replenishment,910.6
20260102,3,197,8,2,6,102.01,204.02,2.0,0.0,PERS_HAIR_17,Personal Care,Delayed / Missing Inbound Replenishment,612.06
20260102,3,205,5,3,2,130.63,391.89,3.0,0.0,PERS_SANI_25,Personal Care,Delayed / Missing Inbound Replenishment,261.26
20260102,3,212,10,0,10,148.46,0.0,0.0,0.0,HOUS_DISH_02,Household,Delayed / Missing Inbound Replenishment,1484.6
20260102,3,215,11,10,1,69.23,692.3,10.0,0.0,HOUS_REPE_05,Household,Forecast Underestimation & Buffer Shortage,69.23
20260102,3,221,5,3,2,209.6,628.8,3.0,0.0,HOUS_DETE_11,Household,Delayed / Missing Inbound Replenishment,419.2
20260102,3,241,35,8,27,535.8,4286.4,8.0,0.0,BABY_DIAP_01,Baby Care,Forecast Underestimation & Buffer Shortage,14466.6
20260102,3,245,33,26,7,476.05,12377.3,26.0,0.0,BABY_DIAP_05,Baby Care,Forecast Underestimation & Buffer Shortage,3332.35
20260102,3,272,7,3,4,569.34,1708.02,3.0,0.0,PET _CAT _02,Pet Care,Delayed / Missing Inbound Replenishment,2277.36
20260102,4,8,78,72,6,138.28,9956.16,72.0,0.0,DAIR_BUTT_08,Dairy,Unforecasted Demand Spike,829.68
20260102,4,17,69,48,21,108.57,5211.36,48.0,0.0,DAIR_CURD_17,Dairy,Unforecasted Demand Spike,2279.97
20260102,4,21,75,62,13,59.48,3687.76,62.0,0.0,DAIR_MILK_21,Dairy,Unforecasted Demand Spike,773.24
20260102,4,38,85,48,37,48.32,2319.36,48.0,0.0,BEVE_TEA _08,Beverages,Unforecasted Demand Spike,1787.84
20260102,4,40,107,49,58,137.08,6716.92,49.0,0.0,BEVE_WATE_10,Beverages,Unforecasted Demand Spike,7950.64
20260102,4,54,97,88,9,85.37,7512.56,88.0,0.0,BEVE_ENER_24,Beverages,Unforecasted Demand Spike,768.33
20260102,4,72,62,23,39,171.81,3951.63,23.0,0.0,SNAC_BISC_12,Snacks,Unforecasted Demand Spike,6700.59
20260102,4,88,63,34,29,137.62,4679.08,34.0,0.0,SNAC_NAMK_28,Snacks,Unforecasted Demand Spike,3990.98
20260102,4,98,18,2,16,222.22,444.44,2.0,0.0,PACK_SAUC_08,Packaged Foods,Delayed / Missing Inbound Replenishment,3555.52
20260102,4,101,40,17,23,130.93,2225.81,17.0,0.0,PACK_NOOD_11,Packaged Foods,Forecast Underestimation & Buffer Shortage,3011.39
20260102,4,108,54,52,2,194.33,10105.16,52.0,0.0,PACK_SAUC_18,Packaged Foods,Unforecasted Demand Spike,388.66
20260102,4,119,28,12,16,117.5,1410.0,12.0,0.0,PACK_BREA_29,Packaged Foods,Forecast Underestimation & Buffer Shortage,1880.0
20260102,4,169,23,8,15,312.03,2496.24,8.0,0.0,STAP_EDIB_19,Staples,Forecast Underestimation & Buffer Shortage,4680.45
20260102,4,201,12,2,10,193.23,386.46,2.0,0.0,PERS_SOAP_21,Personal Care,Delayed / Missing Inbound Replenishment,1932.3
20260102,4,216,21,7,14,208.26,1457.82,7.0,0.0,HOUS_DETE_06,Household,Forecast Underestimation & Buffer Shortage,2915.64
20260102,4,222,9,7,2,214.26,1499.82,7.0,0.0,HOUS_DISH_12,Household,Forecast Underestimation & Buffer Shortage,428.52
20260102,4,233,13,11,2,161.93,1781.23,11.0,0.0,HOUS_CLEA_23,Household,Forecast Underestimation & Buffer Shortage,323.86
20260102,4,253,30,23,7,319.63,7351.49,23.0,0.0,BABY_DIAP_13,Baby Care,Forecast Underestimation & Buffer Shortage,2237.41
20260102,4,256,37,18,19,441.88,7953.84,18.0,0.0,BABY_BABY_16,Baby Care,Forecast Underestimation & Buffer Shortage,8395.72
20260102,4,257,42,19,23,338.9,6439.1,19.0,0.0,BABY_DIAP_17,Baby Care,Unforecasted Demand Spike,7794.7
20260102,4,258,19,2,17,552.29,1104.58,2.0,0.0,BABY_BABY_18,Baby Care,Delayed / Missing Inbound Replenishment,9388.93
20260102,4,261,19,8,11,419.38,3355.04,8.0,0.0,BABY_DIAP_21,Baby Care,Forecast Underestimation & Buffer Shortage,4613.18
20260102,4,283,6,3,3,548.52,1645.56,4.0,0.0,PET _DOG _13,Pet Care,Delayed / Missing Inbound Replenishment,1645.56
20260102,5,21,70,12,58,59.48,713.76,12.0,0.0,DAIR_MILK_21,Dairy,Unforecasted Demand Spike,3449.84
20260102,5,30,63,46,17,165.95,7633.7,46.0,0.0,DAIR_PANE_30,Dairy,Unforecasted Demand Spike,2821.15
20260102,5,36,64,34,30,97.34,3309.56,34.0,0.0,BEVE_JUIC_06,Beverages,Unforecasted Demand Spike,2920.2
20260102,5,39,61,60,1,95.49,5729.4,60.0,0.0,BEVE_ENER_09,Beverages,Unforecasted Demand Spike,95.49
20260102,5,40,100,74,26,137.08,10143.92,74.0,0.0,BEVE_WATE_10,Beverages,Unforecasted Demand Spike,3564.08
20260102,5,44,71,20,51,94.2,1884.0,20.0,0.0,BEVE_ENER_14,Beverages,Unforecasted Demand Spike,4804.2
20260102,5,51,58,37,21,82.5,3052.5,37.0,0.0,BEVE_JUIC_21,Beverages,Unforecasted Demand Spike,1732.5
20260102,5,55,89,67,22,76.58,5130.86,67.0,0.0,BEVE_WATE_25,Beverages,Unforecasted Demand Spike,1684.76
20260102,5,61,67,40,27,22.63,905.2,40.0,0.0,SNAC_CHIP_01,Snacks,Unforecasted Demand Spike,611.01
20260102,5,109,15,9,6,206.34,1857.06,9.0,0.0,PACK_BREA_19,Packaged Foods,Forecast Underestimation & Buffer Shortage,1238.04
20260102,5,114,30,5,25,58.62,293.1,5.0,0.0,PACK_BREA_24,Packaged Foods,Forecast Underestimation & Buffer Shortage,1465.5
20260102,5,123,38,11,27,81.34,894.74,11.0,0.0,FRUI_DAIL_03,Fruits & Vegetables,Forecast Underestimation & Buffer Shortage,2196.18
20260102,5,156,28,11,17,342.35,3765.85,11.0,0.0,STAP_ATTA_06,Staples,Forecast Underestimation & Buffer Shortage,5819.95
20260102,5,164,14,6,8,366.94,2201.64,6.0,0.0,STAP_EDIB_14,Staples,Forecast Underestimation & Buffer Shortage,2935.52
20260102,5,171,20,19,1,329.23,6255.37,19.0,0.0,STAP_ATTA_21,Staples,Forecast Underestimation & Buffer Shortage,329.23
20260102,5,176,15,10,5,283.47,2834.7,10.0,0.0,STAP_ATTA_26,Staples,Forecast Underestimation & Buffer Shortage,1417.35
20260102,5,194,11,9,2,365.21,3286.89,9.0,0.0,PERS_SKIN_14,Personal Care,Forecast Underestimation & Buffer Shortage,730.42
20260102,5,233,11,5,6,161.93,809.65,5.0,0.0,HOUS_CLEA_23,Household,Forecast Underestimation & Buffer Shortage,971.58
20260102,5,282,5,1,4,378.42,378.42,1.0,0.0,PET _PET _12,Pet Care,Delayed / Missing Inbound Replenishment,1513.68
20260102,5,286,8,3,5,456.83,1370.49,3.0,0.0,PET _PET _16,Pet Care,Delayed / Missing Inbound Replenishment,2284.15
20260102,5,291,10,9,1,384.98,3464.82,9.0,0.0,PET _DOG _21,Pet Care,Forecast Underestimation & Buffer Shortage,384.98
20260102,6,35,70,33,37,158.37,5226.21,33.0,0.0,BEVE_WATE_05,Beverages,Unforecasted Demand Spike,5859.69
20260102,6,51,54,47,7,82.5,3877.5,47.0,0.0,BEVE_JUIC_21,Beverages,Unforecasted Demand Spike,577.5
20260102,6,68,46,22,24,178.74,3932.28,22.0,0.0,SNAC_NAMK_08,Snacks,Unforecasted Demand Spike,4289.76
20260102,6,117,26,9,17,152.92,1376.28,9.0,0.0,PACK_PAST_27,Packaged Foods,Forecast Underestimation & Buffer Shortage,2599.64
20260102,6,120,25,16,9,117.17,1874.72,16.0,0.0,PACK_READ_30,Packaged Foods,Forecast Underestimation & Buffer Shortage,1054.53
20260102,6,160,26,21,5,181.06,3802.26,21.0,0.0,STAP_SPIC_10,Staples,Forecast Underestimation & Buffer Shortage,905.3
20260102,6,169,19,14,5,312.03,4368.42,14.0,0.0,STAP_EDIB_19,Staples,Forecast Underestimation & Buffer Shortage,1560.15
20260102,6,221,6,2,4,209.6,419.2,2.0,0.0,HOUS_DETE_11,Household,Delayed / Missing Inbound Replenishment,838.4
20260102,6,229,9,4,5,147.62,590.48,4.0,0.0,HOUS_DISP_19,Household,Delayed / Missing Inbound Replenishment,738.1
20260102,6,232,6,5,1,162.1,810.5,5.0,0.0,HOUS_DISH_22,Household,Forecast Underestimation & Buffer Shortage,162.1
20260102,6,243,19,8,11,536.66,4293.28,8.0,0.0,BABY_BABY_03,Baby Care,Forecast Underestimation & Buffer Shortage,5903.26
20260102,6,266,16,11,5,106.13,1167.43,11.0,0.0,BABY_BABY_26,Baby Care,Forecast Underestimation & Buffer Shortage,530.65
20260102,6,268,16,14,2,129.29,1810.06,14.0,0.0,BABY_BABY_28,Baby Care,Forecast Underestimation & Buffer Shortage,258.58
20260102,7,26,51,28,23,78.21,2189.88,28.0,0.0,DAIR_MILK_26,Dairy,Unforecasted Demand Spike,1798.83
20260102,7,35,95,92,3,158.37,14570.04,92.0,0.0,BEVE_WATE_05,Beverages,Unforecasted Demand Spike,475.11
20260102,7,36,69,23,46,97.34,2238.82,23.0,0.0,BEVE_JUIC_06,Beverages,Unforecasted Demand Spike,4477.64
20260102,7,37,66,0,66,93.59,0.0,0.0,0.0,BEVE_COLD_07,Beverages,Delayed / Missing Inbound Replenishment,6176.94
20260102,7,41,94,0,94,104.58,0.0,0.0,0.0,BEVE_JUIC_11,Beverages,Delayed / Missing Inbound Replenishment,9830.52
20260102,7,45,123,89,34,107.96,9608.44,89.0,0.0,BEVE_WATE_15,Beverages,Unforecasted Demand Spike,3670.64
20260102,7,87,83,79,4,201.63,15928.77,79.0,0.0,SNAC_BISC_27,Snacks,Unforecasted Demand Spike,806.52
20260102,7,100,42,19,23,109.11,2073.09,19.0,0.0,PACK_READ_10,Packaged Foods,Unforecasted Demand Spike,2509.53
20260102,7,126,73,21,52,64.66,1357.86,21.0,0.0,FRUI_FRES_06,Fruits & Vegetables,Unforecasted Demand Spike,3362.32
20260102,7,149,65,12,53,103.98,1247.76,12.0,0.0,FRUI_SEAS_29,Fruits & Vegetables,Unforecasted Demand Spike,5510.94
20260102,7,158,36,0,36,65.45,0.0,0.0,0.0,STAP_DALS_08,Staples,Delayed / Missing Inbound Replenishment,2356.2
20260102,7,166,24,20,4,248.86,4977.2,20.0,0.0,STAP_ATTA_16,Staples,Forecast Underestimation & Buffer Shortage,995.44
20260102,7,191,12,10,2,184.94,1849.4,10.0,0.0,PERS_SOAP_11,Personal Care,Forecast Underestimation & Buffer Shortage,369.88
20260102,7,194,14,7,7,365.21,2556.47,7.0,0.0,PERS_SKIN_14,Personal Care,Forecast Underestimation & Buffer Shortage,2556.47
20260102,7,205,4,3,1,130.63,391.89,3.0,0.0,PERS_SANI_25,Personal Care,Delayed / Missing Inbound Replenishment,130.63
20260102,7,209,5,4,1,108.95,435.8,4.0,0.0,PERS_SKIN_29,Personal Care,Delayed / Missing Inbound Replenishment,108.95
20260102,7,218,4,2,2,72.52,145.04,2.0,0.0,HOUS_CLEA_08,Household,Delayed / Missing Inbound Replenishment,145.04
20260102,7,222,9,7,2,214.26,1499.82,7.0,0.0,HOUS_DISH_12,Household,Forecast Underestimation & Buffer Shortage,428.52
20260102,7,231,4,0,4,259.78,0.0,0.0,0.0,HOUS_DETE_21,Household,Delayed / Missing Inbound Replenishment,1039.12
20260102,7,235,15,9,6,297.9,2681.1,9.0,0.0,HOUS_REPE_25,Household,Forecast Underestimation & Buffer Shortage,1787.4
20260102,7,238,13,2,11,172.48,344.96,2.0,0.0,HOUS_CLEA_28,Household,Delayed / Missing Inbound Replenishment,1897.28
20260102,7,249,27,23,4,500.22,11505.06,23.0,0.0,BABY_DIAP_09,Baby Care,Forecast Underestimation & Buffer Shortage,2000.88
20260102,7,252,45,4,41,599.97,2399.88,4.0,0.0,BABY_BABY_12,Baby Care,Delayed / Missing Inbound Replenishment,24598.77
20260102,7,260,34,15,19,105.12,1576.8,15.0,0.0,BABY_BABY_20,Baby Care,Forecast Underestimation & Buffer Shortage,1997.28
20260102,7,280,14,4,10,252.36,1009.44,4.0,0.0,PET _CAT _10,Pet Care,Delayed / Missing Inbound Replenishment,2523.6
20260102,7,297,11,4,7,129.29,517.16,4.0,0.0,PET _PET _27,Pet Care,Delayed / Missing Inbound Replenishment,905.03
20260102,7,299,14,13,1,108.9,1415.7,13.0,0.0,PET _DOG _29,Pet Care,Forecast Underestimation & Buffer Shortage,108.9
20260102,8,18,38,23,15,203.24,4674.52,23.0,0.0,DAIR_BUTT_18,Dairy,Forecast Underestimation & Buffer Shortage,3048.6
20260102,8,19,83,82,1,189.48,15537.36,84.0,0.0,DAIR_CHEE_19,Dairy,Unforecasted Demand Spike,189.48
20260102,8,22,55,26,29,53.74,1397.24,26.0,0.0,DAIR_CURD_22,Dairy,Unforecasted Demand Spike,1558.46
20260102,8,30,71,30,41,165.95,4978.5,30.0,0.0,DAIR_PANE_30,Dairy,Unforecasted Demand Spike,6803.95
20260102,8,47,76,37,39,107.14,3964.18,37.0,0.0,BEVE_COLD_17,Beverages,Unforecasted Demand Spike,4178.46
20260102,8,50,58,27,31,119.26,3220.02,27.0,0.0,BEVE_WATE_20,Beverages,Unforecasted Demand Spike,3697.06
20260102,8,57,84,40,44,123.8,4952.0,40.0,0.0,BEVE_COLD_27,Beverages,Unforecasted Demand Spike,5447.2
20260102,8,60,62,12,50,146.5,1758.0,12.0,0.0,BEVE_WATE_30,Beverages,Unforecasted Demand Spike,7325.0
20260102,8,97,25,15,10,44.34,665.1,16.0,0.0,PACK_PAST_07,Packaged Foods,Forecast Underestimation & Buffer Shortage,443.4
20260102,8,128,46,32,14,101.33,3242.56,32.0,0.0,FRUI_DAIL_08,Fruits & Vegetables,Unforecasted Demand Spike,1418.62
20260102,8,133,75,62,13,89.15,5527.3,62.0,0.0,FRUI_DAIL_13,Fruits & Vegetables,Unforecasted Demand Spike,1158.95
20260102,8,142,64,42,22,64.0,2688.0,42.0,0.0,FRUI_EXOT_22,Fruits & Vegetables,Unforecasted Demand Spike,1408.0
20260102,8,159,34,20,14,560.31,11206.2,20.0,0.0,STAP_EDIB_09,Staples,Forecast Underestimation & Buffer Shortage,7844.34
20260102,8,164,15,14,1,366.94,5137.16,14.0,0.0,STAP_EDIB_14,Staples,Forecast Underestimation & Buffer Shortage,366.94
20260102,8,176,15,5,10,283.47,1417.35,5.0,0.0,STAP_ATTA_26,Staples,Forecast Underestimation & Buffer Shortage,2834.7
20260102,8,199,5,1,4,251.52,251.52,1.0,0.0,PERS_SKIN_19,Personal Care,Delayed / Missing Inbound Replenishment,1006.08
20260102,8,212,8,6,2,148.46,890.76,6.0,0.0,HOUS_DISH_02,Household,Forecast Underestimation & Buffer Shortage,296.92
20260102,8,221,7,2,5,209.6,419.2,2.0,0.0,HOUS_DETE_11,Household,Delayed / Missing Inbound Replenishment,1048.0
20260102,8,224,14,8,6,131.14,1049.12,8.0,0.0,HOUS_DISP_14,Household,Forecast Underestimation & Buffer Shortage,786.84
20260102,8,240,6,2,4,223.75,447.5,2.0,0.0,HOUS_REPE_30,Household,Delayed / Missing Inbound Replenishment,895.0
20260102,8,249,22,20,2,500.22,10004.4,20.0,0.0,BABY_DIAP_09,Baby Care,Forecast Underestimation & Buffer Shortage,1000.44
20260102,8,250,26,9,17,204.07,1836.63,9.0,0.0,BABY_BABY_10,Baby Care,Forecast Underestimation & Buffer Shortage,3469.19
20260102,8,262,35,15,20,373.45,5601.75,15.0,0.0,BABY_BABY_22,Baby Care,Forecast Underestimation & Buffer Shortage,7469.0
20260102,8,290,5,3,2,240.2,720.6,3.0,0.0,PET _PET _20,Pet Care,Delayed / Missing Inbound Replenishment,480.4
20260102,8,294,5,2,3,77.14,154.28,2.0,0.0,PET _PET _24,Pet Care,Delayed / Missing Inbound Replenishment,231.42
20260102,9,16,52,43,9,137.79,5924.97,43.0,0.0,DAIR_MILK_16,Dairy,Unforecasted Demand Spike,1240.11
20260102,9,19,92,51,41,189.48,9663.48,51.0,0.0,DAIR_CHEE_19,Dairy,Unforecasted Demand Spike,7768.68
20260102,9,21,82,81,1,59.48,4817.88,81.0,0.0,DAIR_MILK_21,Dairy,Unforecasted Demand Spike,59.48
20260102,9,24,91,70,21,103.72,7260.4,70.0,0.0,DAIR_CHEE_24,Dairy,Unforecasted Demand Spike,2178.12
20260102,9,27,72,39,33,103.33,4029.87,39.0,0.0,DAIR_CURD_27,Dairy,Unforecasted Demand Spike,3409.89
20260102,9,47,90,11,79,107.14,1178.54,11.0,0.0,BEVE_COLD_17,Beverages,Unforecasted Demand Spike,8464.06
20260102,9,58,101,0,101,99.9,0.0,0.0,0.0,BEVE_TEA _28,Beverages,Delayed / Missing Inbound Replenishment,10089.9
20260102,9,63,74,53,21,157.5,8347.5,53.0,0.0,SNAC_NAMK_03,Snacks,Unforecasted Demand Spike,3307.5
20260102,9,89,49,41,8,50.88,2086.08,41.0,0.0,SNAC_CHOC_29,Snacks,Unforecasted Demand Spike,407.04
20260102,9,101,45,15,30,130.93,1963.95,15.0,0.0,PACK_NOOD_11,Packaged Foods,Unforecasted Demand Spike,3927.9
20260102,9,106,35,18,17,210.34,3786.12,18.0,0.0,PACK_NOOD_16,Packaged Foods,Forecast Underestimation & Buffer Shortage,3575.78
20260102,9,114,28,22,6,58.62,1289.64,22.0,0.0,PACK_BREA_24,Packaged Foods,Forecast Underestimation & Buffer Shortage,351.72
20260102,9,121,256,91,165,26.81,2439.71,91.0,0.0,FRUI_FRES_01,Fruits & Vegetables,Unforecasted Demand Spike,4423.65
20260102,9,139,84,10,74,82.55,825.5,10.0,0.0,FRUI_SEAS_19,Fruits & Vegetables,Unforecasted Demand Spike,6108.7
20260102,9,160,36,13,23,181.06,2353.78,13.0,0.0,STAP_SPIC_10,Staples,Forecast Underestimation & Buffer Shortage,4164.38
20260102,9,167,38,16,22,387.95,6207.2,16.0,0.0,STAP_RICE_17,Staples,Forecast Underestimation & Buffer Shortage,8534.9
20260102,9,168,38,26,12,166.75,4335.5,26.0,0.0,STAP_DALS_18,Staples,Forecast Underestimation & Buffer Shortage,2001.0
20260102,9,171,24,0,24,329.23,0.0,0.0,0.0,STAP_ATTA_21,Staples,Delayed / Missing Inbound Replenishment,7901.52
20260102,9,179,42,37,5,497.99,18425.63,37.0,0.0,STAP_EDIB_29,Staples,Unforecasted Demand Spike,2489.95
20260102,9,185,10,2,8,218.07,436.14,2.0,0.0,PERS_SANI_05,Personal Care,Delayed / Missing Inbound Replenishment,1744.56
20260102,9,194,12,11,1,365.21,4017.31,11.0,0.0,PERS_SKIN_14,Personal Care,Forecast Underestimation & Buffer Shortage,365.21
20260102,9,197,8,7,1,102.01,714.07,7.0,0.0,PERS_HAIR_17,Personal Care,Forecast Underestimation & Buffer Shortage,102.01
20260102,9,205,4,1,3,130.63,130.63,1.0,0.0,PERS_SANI_25,Personal Care,Delayed / Missing Inbound Replenishment,391.89
20260102,9,259,16,12,4,361.83,4341.96,12.0,0.0,BABY_BABY_19,Baby Care,Forecast Underestimation & Buffer Shortage,1447.32
20260102,9,268,19,13,6,129.29,1680.77,13.0,0.0,BABY_BABY_28,Baby Care,Forecast Underestimation & Buffer Shortage,775.74
20260102,10,14,98,88,10,190.76,16786.88,88.0,0.0,DAIR_CHEE_14,Dairy,Unforecasted Demand Spike,1907.6
20260102,10,19,96,20,76,189.48,3789.6,20.0,0.0,DAIR_CHEE_19,Dairy,Unforecasted Demand Spike,14400.48
20260102,10,23,292,240,52,57.13,13711.2,240.0,0.0,DAIR_BUTT_23,Dairy,Unforecasted Demand Spike,2970.76
20260102,10,31,127,0,127,94.42,0.0,0.0,0.0,BEVE_JUIC_01,Beverages,Delayed / Missing Inbound Replenishment,11991.34
20260102,10,41,92,30,62,104.58,3137.4,30.0,0.0,BEVE_JUIC_11,Beverages,Unforecasted Demand Spike,6483.96
20260102,10,47,94,72,22,107.14,7714.08,72.0,0.0,BEVE_COLD_17,Beverages,Unforecasted Demand Spike,2357.08
20260102,10,48,76,59,17,54.7,3227.3,59.0,0.0,BEVE_TEA _18,Beverages,Unforecasted Demand Spike,929.9
20260102,10,50,77,1,76,119.26,119.26,1.0,0.0,BEVE_WATE_20,Beverages,Delayed / Missing Inbound Replenishment,9063.76
20260102,10,51,78,73,5,82.5,6022.5,73.0,0.0,BEVE_JUIC_21,Beverages,Unforecasted Demand Spike,412.5
20260102,10,54,108,30,78,85.37,2561.1,30.0,0.0,BEVE_ENER_24,Beverages,Unforecasted Demand Spike,6658.86
20260102,10,63,77,52,25,157.5,8190.0,52.0,0.0,SNAC_NAMK_03,Snacks,Unforecasted Demand Spike,3937.5
20260102,10,65,83,46,37,134.26,6175.96,46.0,0.0,SNAC_NUTS_05,Snacks,Unforecasted Demand Spike,4967.62
20260102,10,74,56,22,34,67.1,1476.2,22.0,0.0,SNAC_CHOC_14,Snacks,Unforecasted Demand Spike,2281.4
20260102,10,80,91,87,4,109.75,9548.25,87.0,0.0,SNAC_NUTS_20,Snacks,Unforecasted Demand Spike,439.0
20260102,10,105,37,29,8,171.63,4977.27,29.0,0.0,PACK_READ_15,Packaged Foods,Forecast Underestimation & Buffer Shortage,1373.04
20260102,10,114,38,10,28,58.62,586.2,10.0,0.0,PACK_BREA_24,Packaged Foods,Forecast Underestimation & Buffer Shortage,1641.36
20260102,10,115,23,4,19,236.91,947.64,4.0,0.0,PACK_READ_25,Packaged Foods,Delayed / Missing Inbound Replenishment,4501.29
20260102,10,123,39,19,20,81.34,1545.46,19.0,0.0,FRUI_DAIL_03,Fruits & Vegetables,Forecast Underestimation & Buffer Shortage,1626.8
20260102,10,148,80,38,42,75.56,2871.28,38.0,0.0,FRUI_DAIL_28,Fruits & Vegetables,Unforecasted Demand Spike,3173.52
20260102,10,164,18,14,4,366.94,5137.16,14.0,0.0,STAP_EDIB_14,Staples,Forecast Underestimation & Buffer Shortage,1467.76
20260102,10,166,28,23,5,248.86,5723.78,23.0,0.0,STAP_ATTA_16,Staples,Forecast Underestimation & Buffer Shortage,1244.3
20260102,10,170,43,13,30,338.45,4399.85,13.0,0.0,STAP_SPIC_20,Staples,Unforecasted Demand Spike,10153.5
20260102,10,173,26,5,21,69.06,345.3,5.0,0.0,STAP_DALS_23,Staples,Forecast Underestimation & Buffer Shortage,1450.26
20260102,10,180,34,4,30,325.93,1303.72,4.0,0.0,STAP_SPIC_30,Staples,Delayed / Missing Inbound Replenishment,9777.9
20260102,10,187,9,1,8,341.21,341.21,1.0,0.0,PERS_HAIR_07,Personal Care,Delayed / Missing Inbound Replenishment,2729.68
20260102,10,189,11,8,3,124.58,996.64,8.0,0.0,PERS_SKIN_09,Personal Care,Forecast Underestimation & Buffer Shortage,373.74
20260102,10,208,11,3,8,249.0,747.0,3.0,0.0,PERS_ORAL_28,Personal Care,Delayed / Missing Inbound Replenishment,1992.0
20260102,10,216,14,11,3,208.26,2290.86,11.0,0.0,HOUS_DETE_06,Household,Forecast Underestimation & Buffer Shortage,624.78
20260102,10,219,15,4,11,246.3,985.2,4.0,0.0,HOUS_DISP_09,Household,Delayed / Missing Inbound Replenishment,2709.3
20260102,10,222,10,1,9,214.26,214.26,1.0,0.0,HOUS_DISH_12,Household,Delayed / Missing Inbound Replenishment,1928.34
20260102,10,225,6,3,3,127.69,383.07,3.0,0.0,HOUS_REPE_15,Household,Delayed / Missing Inbound Replenishment,383.07
20260102,10,238,13,8,5,172.48,1379.84,8.0,0.0,HOUS_CLEA_28,Household,Forecast Underestimation & Buffer Shortage,862.4
20260102,10,240,5,1,4,223.75,223.75,1.0,0.0,HOUS_REPE_30,Household,Delayed / Missing Inbound Replenishment,895.0
20260102,10,253,32,29,3,319.63,9269.27,29.0,0.0,BABY_DIAP_13,Baby Care,Forecast Underestimation & Buffer Shortage,958.89
20260102,10,263,26,13,13,388.6,5051.8,15.0,0.0,BABY_BABY_23,Baby Care,Forecast Underestimation & Buffer Shortage,5051.8
20260102,10,283,5,4,1,548.52,2194.08,4.0,0.0,PET _DOG _13,Pet Care,Delayed / Missing Inbound Replenishment,548.52
20260102,10,287,5,4,1,342.13,1368.52,4.0,0.0,PET _DOG _17,Pet Care,Delayed / Missing Inbound Replenishment,342.13
20260102,10,300,9,6,3,282.52,1695.12,6.0,0.0,PET _CAT _30,Pet Care,Forecast Underestimation & Buffer Shortage,847.56
20260102,11,9,36,35,1,167.11,5848.85,35.0,0.0,DAIR_CHEE_09,Dairy,Forecast Underestimation & Buffer Shortage,167.11
20260102,11,38,81,2,79,48.32,96.64,2.0,0.0,BEVE_TEA _08,Beverages,Delayed / Missing Inbound Replenishment,3817.28
20260102,11,52,41,31,10,138.55,4295.05,31.0,0.0,BEVE_COLD_22,Beverages,Unforecasted Demand Spike,1385.5
20260102,11,58,86,82,4,99.9,8191.8,82.0,0.0,BEVE_TEA _28,Beverages,Unforecasted Demand Spike,399.6
20260102,11,71,37,20,17,68.22,1364.4,20.0,0.0,SNAC_CHIP_11,Snacks,Forecast Underestimation & Buffer Shortage,1159.74
20260102,11,96,27,19,8,180.67,3432.73,19.0,0.0,PACK_NOOD_06,Packaged Foods,Forecast Underestimation & Buffer Shortage,1445.36
20260102,11,97,23,21,2,44.34,931.14,21.0,0.0,PACK_PAST_07,Packaged Foods,Forecast Underestimation & Buffer Shortage,88.68
20260102,11,134,47,32,15,37.66,1205.12,32.0,0.0,FRUI_SEAS_14,Fruits & Vegetables,Unforecasted Demand Spike,564.9
20260102,11,138,149,42,107,22.67,952.14,42.0,0.0,FRUI_DAIL_18,Fruits & Vegetables,Unforecasted Demand Spike,2425.69
20260102,11,158,26,22,4,65.45,1439.9,22.0,0.0,STAP_DALS_08,Staples,Forecast Underestimation & Buffer Shortage,261.8
20260102,11,167,35,31,4,387.95,12026.45,31.0,0.0,STAP_RICE_17,Staples,Forecast Underestimation & Buffer Shortage,1551.8
20260102,11,169,21,18,3,312.03,5616.54,18.0,0.0,STAP_EDIB_19,Staples,Forecast Underestimation & Buffer Shortage,936.09
20260102,11,176,14,11,3,283.47,3118.17,11.0,0.0,STAP_ATTA_26,Staples,Forecast Underestimation & Buffer Shortage,850.41
20260102,11,179,32,6,26,497.99,2987.94,7.0,0.0,STAP_EDIB_29,Staples,Forecast Underestimation & Buffer Shortage,12947.74
20260102,11,185,10,6,4,218.07,1308.42,6.0,0.0,PERS_SANI_05,Personal Care,Forecast Underestimation & Buffer Shortage,872.28
20260102,11,192,4,3,1,357.65,1072.95,3.0,0.0,PERS_HAIR_12,Personal Care,Delayed / Missing Inbound Replenishment,357.65
20260102,11,207,4,1,3,160.21,160.21,1.0,0.0,PERS_HAIR_27,Personal Care,Delayed / Missing Inbound Replenishment,480.63
20260102,11,208,9,7,2,249.0,1743.0,7.0,0.0,PERS_ORAL_28,Personal Care,Forecast Underestimation & Buffer Shortage,498.0
20260102,11,210,8,7,1,212.16,1485.12,7.0,0.0,PERS_SANI_30,Personal Care,Forecast Underestimation & Buffer Shortage,212.16
20260102,11,218,6,1,5,72.52,72.52,1.0,0.0,HOUS_CLEA_08,Household,Delayed / Missing Inbound Replenishment,362.6
20260102,11,255,20,11,9,500.03,5500.33,11.0,0.0,BABY_BABY_15,Baby Care,Forecast Underestimation & Buffer Shortage,4500.27
20260102,11,282,4,2,2,378.42,756.84,2.0,0.0,PET _PET _12,Pet Care,Delayed / Missing Inbound Replenishment,756.84
20260102,11,300,10,4,6,282.52,1130.08,4.0,0.0,PET _CAT _30,Pet Care,Delayed / Missing Inbound Replenishment,1695.12
20260102,12,8,96,11,85,138.28,1521.08,11.0,0.0,DAIR_BUTT_08,Dairy,Unforecasted Demand Spike,11753.8
20260102,12,16,59,24,35,137.79,3306.96,24.0,0.0,DAIR_MILK_16,Dairy,Unforecasted Demand Spike,4822.65
20260102,12,18,43,31,12,203.24,6300.44,31.0,0.0,DAIR_BUTT_18,Dairy,Unforecasted Demand Spike,2438.88
20260102,12,19,93,65,28,189.48,12316.2,65.0,0.0,DAIR_CHEE_19,Dairy,Unforecasted Demand Spike,5305.44
20260102,12,21,89,9,80,59.48,535.32,9.0,0.0,DAIR_MILK_21,Dairy,Unforecasted Demand Spike,4758.4
20260102,12,44,78,25,53,94.2,2355.0,25.0,0.0,BEVE_ENER_14,Beverages,Unforecasted Demand Spike,4992.6
20260102,12,51,80,0,80,82.5,0.0,0.0,0.0,BEVE_JUIC_21,Beverages,Delayed / Missing Inbound Replenishment,6600.0
20260102,12,53,122,9,113,36.4,327.6,9.0,0.0,BEVE_TEA _23,Beverages,Unforecasted Demand Spike,4113.2
20260102,12,69,42,41,1,49.81,2042.21,41.0,0.0,SNAC_CHOC_09,Snacks,Unforecasted Demand Spike,49.81
20260102,12,72,67,20,47,171.81,3436.2,20.0,0.0,SNAC_BISC_12,Snacks,Unforecasted Demand Spike,8075.07
20260102,12,97,25,16,9,44.34,709.44,16.0,0.0,PACK_PAST_07,Packaged Foods,Forecast Underestimation & Buffer Shortage,399.06
20260102,12,98,17,14,3,222.22,3111.08,14.0,0.0,PACK_SAUC_08,Packaged Foods,Forecast Underestimation & Buffer Shortage,666.66
20260102,12,101,37,14,23,130.93,1833.02,14.0,0.0,PACK_NOOD_11,Packaged Foods,Forecast Underestimation & Buffer Shortage,3011.39
20260102,12,110,43,30,13,43.46,1303.8,30.0,0.0,PACK_READ_20,Packaged Foods,Unforecasted Demand Spike,564.98
20260102,12,114,30,15,15,58.62,879.3,15.0,0.0,PACK_BREA_24,Packaged Foods,Forecast Underestimation & Buffer Shortage,879.3
20260102,12,119,29,13,16,117.5,1527.5,13.0,0.0,PACK_BREA_29,Packaged Foods,Forecast Underestimation & Buffer Shortage,1880.0
20260102,12,127,63,41,22,116.97,4795.77,41.0,0.0,FRUI_EXOT_07,Fruits & Vegetables,Unforecasted Demand Spike,2573.34
20260102,12,135,76,40,36,112.02,4480.8,40.0,0.0,FRUI_CUT _15,Fruits & Vegetables,Unforecasted Demand Spike,4032.72
20260102,12,139,86,8,78,82.55,660.4,8.0,0.0,FRUI_SEAS_19,Fruits & Vegetables,Unforecasted Demand Spike,6438.9
20260102,12,143,104,34,70,48.33,1643.22,34.0,0.0,FRUI_DAIL_23,Fruits & Vegetables,Unforecasted Demand Spike,3383.1
20260102,12,153,19,4,15,262.16,1048.64,4.0,0.0,STAP_DALS_03,Staples,Delayed / Missing Inbound Replenishment,3932.4
20260102,12,154,32,10,22,215.59,2155.9,10.0,0.0,STAP_EDIB_04,Staples,Forecast Underestimation & Buffer Shortage,4742.98
20260102,12,159,43,10,33,560.31,5603.1,10.0,0.0,STAP_EDIB_09,Staples,Unforecasted Demand Spike,18490.23
20260102,12,163,25,3,22,338.27,1014.81,3.0,0.0,STAP_DALS_13,Staples,Delayed / Missing Inbound Replenishment,7441.94
20260102,12,192,24,3,21,357.65,1072.95,3.0,0.0,PERS_HAIR_12,Personal Care,Delayed / Missing Inbound Replenishment,7510.65
20260102,12,195,7,6,1,227.65,1365.9,6.0,0.0,PERS_SANI_15,Personal Care,Forecast Underestimation & Buffer Shortage,227.65
20260102,12,203,8,1,7,316.94,316.94,1.0,0.0,PERS_ORAL_23,Personal Care,Delayed / Missing Inbound Replenishment,2218.58
20260102,12,227,4,3,1,254.28,762.84,3.0,0.0,HOUS_DISH_17,Household,Delayed / Missing Inbound Replenishment,254.28
20260102,12,231,6,0,6,259.78,0.0,0.0,0.0,HOUS_DETE_21,Household,Delayed / Missing Inbound Replenishment,1558.68
20260102,12,232,6,2,4,162.1,324.2,2.0,0.0,HOUS_DISH_22,Household,Delayed / Missing Inbound Replenishment,648.4
20260102,12,249,28,21,7,500.22,10504.62,21.0,0.0,BABY_DIAP_09,Baby Care,Forecast Underestimation & Buffer Shortage,3501.54
20260102,12,272,7,6,1,569.34,3416.04,6.0,0.0,PET _CAT _02,Pet Care,Forecast Underestimation & Buffer Shortage,569.34
20260102,12,280,15,5,10,252.36,1261.8,5.0,0.0,PET _CAT _10,Pet Care,Forecast Underestimation & Buffer Shortage,2523.6
20260102,12,294,5,2,3,77.14,154.28,2.0,0.0,PET _PET _24,Pet Care,Delayed / Missing Inbound Replenishment,231.42
20260102,12,295,14,3,11,153.09,459.27,3.0,0.0,PET _DOG _25,Pet Care,Delayed / Missing Inbound Replenishment,1683.99
20260102,13,31,93,70,23,94.42,6609.4,70.0,0.0,BEVE_JUIC_01,Beverages,Unforecasted Demand Spike,2171.66
20260102,13,36,46,23,23,97.34,2238.82,23.0,0.0,BEVE_JUIC_06,Beverages,Unforecasted Demand Spike,2238.82
20260102,13,45,92,36,56,107.96,3886.56,36.0,0.0,BEVE_WATE_15,Beverages,Unforecasted Demand Spike,6045.76
20260102,13,60,48,26,22,146.5,3809.0,26.0,0.0,BEVE_WATE_30,Beverages,Unforecasted Demand Spike,3223.0
20260102,13,80,75,60,15,109.75,6585.0,60.0,0.0,SNAC_NUTS_20,Snacks,Unforecasted Demand Spike,1646.25
20260102,13,91,15,9,6,240.18,2161.62,9.0,0.0,PACK_NOOD_01,Packaged Foods,Forecast Underestimation & Buffer Shortage,1441.08
20260102,13,98,14,9,5,222.22,1999.98,9.0,0.0,PACK_SAUC_08,Packaged Foods,Forecast Underestimation & Buffer Shortage,1111.1
20260102,13,105,28,26,2,171.63,4462.38,26.0,0.0,PACK_READ_15,Packaged Foods,Forecast Underestimation & Buffer Shortage,343.26
20260102,13,193,4,1,3,124.41,124.41,1.0,0.0,PERS_ORAL_13,Personal Care,Delayed / Missing Inbound Replenishment,373.23
20260102,13,201,11,4,7,193.23,772.92,4.0,0.0,PERS_SOAP_21,Personal Care,Delayed / Missing Inbound Replenishment,1352.61
20260102,13,205,4,2,2,130.63,261.26,2.0,0.0,PERS_SANI_25,Personal Care,Delayed / Missing Inbound Replenishment,261.26
20260102,13,214,11,7,4,216.37,1514.59,7.0,0.0,HOUS_DISP_04,Household,Forecast Underestimation & Buffer Shortage,865.48
20260102,13,224,11,6,5,131.14,786.84,6.0,0.0,HOUS_DISP_14,Household,Forecast Underestimation & Buffer Shortage,655.7
20260102,13,238,10,6,4,172.48,1034.88,6.0,0.0,HOUS_CLEA_28,Household,Forecast Underestimation & Buffer Shortage,689.92
20260102,13,262,27,20,7,373.45,7469.0,20.0,0.0,BABY_BABY_22,Baby Care,Forecast Underestimation & Buffer Shortage,2614.15
20260102,13,277,6,2,4,232.44,464.88,2.0,0.0,PET _PET _07,Pet Care,Delayed / Missing Inbound Replenishment,929.76
20260102,13,279,8,6,2,241.89,1451.34,6.0,0.0,PET _DOG _09,Pet Care,Forecast Underestimation & Buffer Shortage,483.78
20260102,14,40,124,24,100,137.08,3289.92,24.0,0.0,BEVE_WATE_10,Beverages,Unforecasted Demand Spike,13708.0
20260102,14,41,95,19,76,104.58,1987.02,19.0,0.0,BEVE_JUIC_11,Beverages,Unforecasted Demand Spike,7948.08
20260102,14,45,131,92,39,107.96,9932.32,92.0,0.0,BEVE_WATE_15,Beverages,Unforecasted Demand Spike,4210.44
20260102,14,47,91,71,20,107.14,7606.94,71.0,0.0,BEVE_COLD_17,Beverages,Unforecasted Demand Spike,2142.8
20260102,14,48,83,19,64,54.7,1039.3,19.0,0.0,BEVE_TEA _18,Beverages,Unforecasted Demand Spike,3500.8
20260102,14,55,125,22,103,76.58,1684.76,22.0,0.0,BEVE_WATE_25,Beverages,Unforecasted Demand Spike,7887.74
20260102,14,59,68,23,45,48.81,1122.63,23.0,0.0,BEVE_ENER_29,Beverages,Unforecasted Demand Spike,2196.45
20260102,14,62,77,59,18,153.75,9071.25,59.0,0.0,SNAC_BISC_02,Snacks,Unforecasted Demand Spike,2767.5
20260102,14,68,69,63,6,178.74,11260.62,63.0,0.0,SNAC_NAMK_08,Snacks,Unforecasted Demand Spike,1072.44
20260102,14,70,70,64,6,129.42,8282.88,64.0,0.0,SNAC_NUTS_10,Snacks,Unforecasted Demand Spike,776.52
20260102,14,72,71,68,3,171.81,11683.08,68.0,0.0,SNAC_BISC_12,Snacks,Unforecasted Demand Spike,515.43
20260102,14,75,44,26,18,85.91,2233.66,26.0,0.0,SNAC_NUTS_15,Snacks,Unforecasted Demand Spike,1546.38
20260102,14,78,85,82,3,133.29,10929.78,82.0,0.0,SNAC_NAMK_18,Snacks,Unforecasted Demand Spike,399.87
20260102,14,86,48,19,29,113.54,2157.26,19.0,0.0,SNAC_CHIP_26,Snacks,Unforecasted Demand Spike,3292.66
20260102,14,96,33,5,28,180.67,903.35,5.0,0.0,PACK_NOOD_06,Packaged Foods,Forecast Underestimation & Buffer Shortage,5058.76
20260102,14,97,25,18,7,44.34,798.12,18.0,0.0,PACK_PAST_07,Packaged Foods,Forecast Underestimation & Buffer Shortage,310.38
20260102,14,114,37,8,29,58.62,468.96,8.0,0.0,PACK_BREA_24,Packaged Foods,Forecast Underestimation & Buffer Shortage,1699.98
20260102,14,119,28,16,12,117.5,1880.0,16.0,0.0,PACK_BREA_29,Packaged Foods,Forecast Underestimation & Buffer Shortage,1410.0
20260102,14,135,82,71,11,112.02,7953.42,71.0,0.0,FRUI_CUT _15,Fruits & Vegetables,Unforecasted Demand Spike,1232.22
20260102,14,143,111,87,24,48.33,4204.71,87.0,0.0,FRUI_DAIL_23,Fruits & Vegetables,Unforecasted Demand Spike,1159.92
20260102,14,179,44,43,1,497.99,21413.57,43.0,0.0,STAP_EDIB_29,Staples,Unforecasted Demand Spike,497.99
20260102,14,189,13,8,5,124.58,996.64,8.0,0.0,PERS_SKIN_09,Personal Care,Forecast Underestimation & Buffer Shortage,622.9
20260102,14,206,6,5,1,99.42,497.1,5.0,0.0,PERS_SOAP_26,Personal Care,Forecast Underestimation & Buffer Shortage,99.42
20260102,14,236,13,3,10,87.59,262.77,3.0,0.0,HOUS_DETE_26,Household,Delayed / Missing Inbound Replenishment,875.9
20260102,14,243,21,6,15,536.66,3219.96,6.0,0.0,BABY_BABY_03,Baby Care,Forecast Underestimation & Buffer Shortage,8049.9
20260102,14,256,37,5,32,441.88,2209.4,5.0,0.0,BABY_BABY_16,Baby Care,Forecast Underestimation & Buffer Shortage,14140.16
20260102,14,274,9,4,5,218.13,872.52,4.0,0.0,PET _PET _04,Pet Care,Delayed / Missing Inbound Replenishment,1090.65
20260102,14,282,7,6,1,378.42,2270.52,6.0,0.0,PET _PET _12,Pet Care,Forecast Underestimation & Buffer Shortage,378.42
20260102,14,287,5,4,1,342.13,1368.52,4.0,0.0,PET _DOG _17,Pet Care,Delayed / Missing Inbound Replenishment,342.13
20260102,14,289,11,4,7,479.06,1916.24,4.0,0.0,PET _PET _19,Pet Care,Delayed / Missing Inbound Replenishment,3353.42
20260102,14,291,17,7,10,384.98,2694.86,7.0,0.0,PET _DOG _21,Pet Care,Forecast Underestimation & Buffer Shortage,3849.8
20260102,14,297,12,11,1,129.29,1422.19,11.0,0.0,PET _PET _27,Pet Care,Forecast Underestimation & Buffer Shortage,129.29
20260102,14,299,13,12,1,108.9,1306.8,12.0,0.0,PET _DOG _29,Pet Care,Forecast Underestimation & Buffer Shortage,108.9
20260102,14,300,12,9,3,282.52,2542.68,9.0,0.0,PET _CAT _30,Pet Care,Forecast Underestimation & Buffer Shortage,847.56
20260102,15,8,69,66,3,138.28,9126.48,66.0,0.0,DAIR_BUTT_08,Dairy,Unforecasted Demand Spike,414.84
20260102,15,22,45,22,23,53.74,1182.28,22.0,0.0,DAIR_CURD_22,Dairy,Unforecasted Demand Spike,1236.02
20260102,15,32,105,37,68,101.75,3764.75,37.0,0.0,BEVE_COLD_02,Beverages,Unforecasted Demand Spike,6919.0
20260102,15,35,71,38,33,158.37,6018.06,38.0,0.0,BEVE_WATE_05,Beverages,Unforecasted Demand Spike,5226.21
20260102,15,48,54,12,42,54.7,656.4,12.0,0.0,BEVE_TEA _18,Beverages,Unforecasted Demand Spike,2297.4
20260102,15,57,65,19,46,123.8,2352.2,19.0,0.0,BEVE_COLD_27,Beverages,Unforecasted Demand Spike,5694.8
20260102,15,105,26,13,13,171.63,2231.19,13.0,0.0,PACK_READ_15,Packaged Foods,Forecast Underestimation & Buffer Shortage,2231.19
20260102,15,138,50,30,20,22.67,680.1,30.0,0.0,FRUI_DAIL_18,Fruits & Vegetables,Unforecasted Demand Spike,453.4
20260102,15,154,23,21,2,215.59,4527.39,21.0,0.0,STAP_EDIB_04,Staples,Forecast Underestimation & Buffer Shortage,431.18
20260102,15,180,28,15,13,325.93,4888.95,15.0,0.0,STAP_SPIC_30,Staples,Forecast Underestimation & Buffer Shortage,4237.09
20260102,15,203,5,3,2,316.94,950.82,3.0,0.0,PERS_ORAL_23,Personal Care,Delayed / Missing Inbound Replenishment,633.88
20260102,15,212,7,6,1,148.46,890.76,6.0,0.0,HOUS_DISH_02,Household,Forecast Underestimation & Buffer Shortage,148.46
20260102,15,218,4,2,2,72.52,145.04,2.0,0.0,HOUS_CLEA_08,Household,Delayed / Missing Inbound Replenishment,145.04
20260102,15,219,10,4,6,246.3,985.2,4.0,0.0,HOUS_DISP_09,Household,Delayed / Missing Inbound Replenishment,1477.8
20260102,15,241,30,22,8,535.8,11787.6,22.0,0.0,BABY_DIAP_01,Baby Care,Forecast Underestimation & Buffer Shortage,4286.4
20260102,15,250,23,10,13,204.07,2040.7,10.0,0.0,BABY_BABY_10,Baby Care,Forecast Underestimation & Buffer Shortage,2652.91
20260102,15,259,13,9,4,361.83,3256.47,9.0,0.0,BABY_BABY_19,Baby Care,Forecast Underestimation & Buffer Shortage,1447.32
20260102,15,274,6,3,3,218.13,654.39,3.0,0.0,PET _PET _04,Pet Care,Delayed / Missing Inbound Replenishment,654.39
20260102,16,14,96,73,23,190.76,13925.48,73.0,0.0,DAIR_CHEE_14,Dairy,Unforecasted Demand Spike,4387.48
20260102,16,21,95,52,43,59.48,3092.96,52.0,0.0,DAIR_MILK_21,Dairy,Unforecasted Demand Spike,2557.64
20260102,16,36,72,18,54,97.34,1752.12,18.0,0.0,BEVE_JUIC_06,Beverages,Unforecasted Demand Spike,5256.36
20260102,16,39,80,37,43,95.49,3533.13,37.0,0.0,BEVE_ENER_09,Beverages,Unforecasted Demand Spike,4106.07
20260102,16,41,91,0,91,104.58,0.0,0.0,0.0,BEVE_JUIC_11,Beverages,Delayed / Missing Inbound Replenishment,9516.78
20260102,16,48,88,84,4,54.7,4594.8,84.0,0.0,BEVE_TEA _18,Beverages,Unforecasted Demand Spike,218.8
20260102,16,51,85,7,78,82.5,577.5,7.0,0.0,BEVE_JUIC_21,Beverages,Unforecasted Demand Spike,6435.0
20260102,16,59,75,0,75,48.81,0.0,0.0,0.0,BEVE_ENER_29,Beverages,Delayed / Missing Inbound Replenishment,3660.75
20260102,16,65,91,80,11,134.26,10740.8,80.0,0.0,SNAC_NUTS_05,Snacks,Unforecasted Demand Spike,1476.86
20260102,16,68,66,11,55,178.74,1966.14,11.0,0.0,SNAC_NAMK_08,Snacks,Unforecasted Demand Spike,9830.7
20260102,16,78,87,43,44,133.29,5731.47,43.0,0.0,SNAC_NAMK_18,Snacks,Unforecasted Demand Spike,5864.76
20260102,16,80,98,49,49,109.75,5377.75,49.0,0.0,SNAC_NUTS_20,Snacks,Unforecasted Demand Spike,5377.75
20260102,16,109,21,12,9,206.34,2476.08,12.0,0.0,PACK_BREA_19,Packaged Foods,Forecast Underestimation & Buffer Shortage,1857.06
20260102,16,117,38,30,8,152.92,4587.6,30.0,0.0,PACK_PAST_27,Packaged Foods,Forecast Underestimation & Buffer Shortage,1223.36
20260102,16,142,80,0,80,64.0,0.0,0.0,0.0,FRUI_EXOT_22,Fruits & Vegetables,Delayed / Missing Inbound Replenishment,5120.0
20260102,16,143,107,98,9,48.33,4736.34,98.0,0.0,FRUI_DAIL_23,Fruits & Vegetables,Unforecasted Demand Spike,434.97
20260102,16,153,22,16,6,262.16,4194.56,16.0,0.0,STAP_DALS_03,Staples,Forecast Underestimation & Buffer Shortage,1572.96
20260102,16,154,37,27,10,215.59,5820.93,27.0,0.0,STAP_EDIB_04,Staples,Forecast Underestimation & Buffer Shortage,2155.9
20260102,16,158,39,20,19,65.45,1309.0,20.0,0.0,STAP_DALS_08,Staples,Forecast Underestimation & Buffer Shortage,1243.55
20260102,16,160,43,40,3,181.06,7242.4,40.0,0.0,STAP_SPIC_10,Staples,Unforecasted Demand Spike,543.18
20260102,16,164,21,11,10,366.94,4036.34,11.0,0.0,STAP_EDIB_14,Staples,Forecast Underestimation & Buffer Shortage,3669.4
20260102,16,171,28,24,4,329.23,7901.52,24.0,0.0,STAP_ATTA_21,Staples,Forecast Underestimation & Buffer Shortage,1316.92
20260102,16,173,24,6,18,69.06,414.36,6.0,0.0,STAP_DALS_23,Staples,Forecast Underestimation & Buffer Shortage,1243.08
20260102,16,177,29,22,7,113.98,2507.56,22.0,0.0,STAP_RICE_27,Staples,Forecast Underestimation & Buffer Shortage,797.86
20260102,16,179,46,22,24,497.99,10955.78,22.0,0.0,STAP_EDIB_29,Staples,Unforecasted Demand Spike,11951.76
20260102,16,205,5,4,1,130.63,522.52,4.0,0.0,PERS_SANI_25,Personal Care,Delayed / Missing Inbound Replenishment,130.63
20260102,16,207,7,3,4,160.21,480.63,3.0,0.0,PERS_HAIR_27,Personal Care,Delayed / Missing Inbound Replenishment,640.84
20260102,16,220,9,8,1,256.13,2049.04,8.0,0.0,HOUS_REPE_10,Household,Forecast Underestimation & Buffer Shortage,256.13
20260102,16,225,9,4,5,127.69,510.76,4.0,0.0,HOUS_REPE_15,Household,Delayed / Missing Inbound Replenishment,638.45
20260102,16,238,12,7,5,172.48,1207.36,7.0,0.0,HOUS_CLEA_28,Household,Forecast Underestimation & Buffer Shortage,862.4
20260102,16,245,35,13,22,476.05,6188.65,13.0,0.0,BABY_DIAP_05,Baby Care,Forecast Underestimation & Buffer Shortage,10473.1
20260102,16,250,28,21,7,204.07,4285.47,22.0,0.0,BABY_BABY_10,Baby Care,Forecast Underestimation & Buffer Shortage,1428.49
20260102,16,259,19,6,13,361.83,2170.98,6.0,0.0,BABY_BABY_19,Baby Care,Forecast Underestimation & Buffer Shortage,4703.79
20260102,16,273,6,1,5,256.39,256.39,1.0,0.0,PET _PET _03,Pet Care,Delayed / Missing Inbound Replenishment,1281.95
20260102,16,275,12,2,10,359.71,719.42,2.0,0.0,PET _DOG _05,Pet Care,Delayed / Missing Inbound Replenishment,3597.1
20260102,16,276,6,4,2,419.68,1678.72,4.0,0.0,PET _CAT _06,Pet Care,Delayed / Missing Inbound Replenishment,839.36
20260102,16,278,11,5,6,408.17,2040.85,5.0,0.0,PET _PET _08,Pet Care,Forecast Underestimation & Buffer Shortage,2449.02
20260102,16,289,13,8,5,479.06,3832.48,8.0,0.0,PET _PET _19,Pet Care,Forecast Underestimation & Buffer Shortage,2395.3
20260102,17,16,53,11,42,137.79,1515.69,11.0,0.0,DAIR_MILK_16,Dairy,Unforecasted Demand Spike,5787.18
20260102,17,38,105,0,105,48.32,0.0,,,BEVE_TEA _08,Beverages,Unforecasted Demand Spike,5073.6
20260102,17,39,73,32,41,95.49,3055.68,32.0,0.0,BEVE_ENER_09,Beverages,Unforecasted Demand Spike,3915.09
20260102,17,40,115,66,49,137.08,9047.28,66.0,0.0,BEVE_WATE_10,Beverages,Unforecasted Demand Spike,6716.92
20260102,17,47,86,49,37,107.14,5249.86,49.0,0.0,BEVE_COLD_17,Beverages,Unforecasted Demand Spike,3964.18
20260102,17,49,105,60,45,42.3,2538.0,60.0,0.0,BEVE_ENER_19,Beverages,Unforecasted Demand Spike,1903.5
20260102,17,51,79,64,15,82.5,5280.0,64.0,0.0,BEVE_JUIC_21,Beverages,Unforecasted Demand Spike,1237.5
20260102,17,54,116,68,48,85.37,5805.16,68.0,0.0,BEVE_ENER_24,Beverages,Unforecasted Demand Spike,4097.76
20260102,17,55,110,34,76,76.58,2603.72,34.0,0.0,BEVE_WATE_25,Beverages,Unforecasted Demand Spike,5820.08
20260102,17,59,66,0,66,48.81,0.0,0.0,0.0,BEVE_ENER_29,Beverages,Delayed / Missing Inbound Replenishment,3221.46
20260102,17,87,81,62,19,201.63,12501.06,62.0,0.0,SNAC_BISC_27,Snacks,Unforecasted Demand Spike,3830.97
20260102,17,127,183,91,92,116.97,10644.27,91.0,0.0,FRUI_EXOT_07,Fruits & Vegetables,Unforecasted Demand Spike,10761.24
20260102,17,142,75,31,44,64.0,1984.0,31.0,0.0,FRUI_EXOT_22,Fruits & Vegetables,Unforecasted Demand Spike,2816.0
20260102,17,166,28,0,28,248.86,0.0,0.0,0.0,STAP_ATTA_16,Staples,Delayed / Missing Inbound Replenishment,6968.08
20260102,17,169,25,5,20,312.03,1560.15,5.0,0.0,STAP_EDIB_19,Staples,Forecast Underestimation & Buffer Shortage,6240.6
20260102,17,184,9,7,2,343.84,2406.88,7.0,0.0,PERS_SKIN_04,Personal Care,Forecast Underestimation & Buffer Shortage,687.68
20260102,17,205,6,2,4,130.63,261.26,2.0,0.0,PERS_SANI_25,Personal Care,Delayed / Missing Inbound Replenishment,522.52
20260102,17,231,5,2,3,259.78,519.56,2.0,0.0,HOUS_DETE_21,Household,Delayed / Missing Inbound Replenishment,779.34
20260102,17,233,14,4,10,161.93,647.72,4.0,0.0,HOUS_CLEA_23,Household,Delayed / Missing Inbound Replenishment,1619.3
20260102,17,249,30,29,1,500.22,14506.38,29.0,0.0,BABY_DIAP_09,Baby Care,Forecast Underestimation & Buffer Shortage,500.22
20260102,17,278,10,8,2,408.17,3265.36,8.0,0.0,PET _PET _08,Pet Care,Forecast Underestimation & Buffer Shortage,816.34
20260102,18,19,86,54,32,189.48,10231.92,54.0,0.0,DAIR_CHEE_19,Dairy,Unforecasted Demand Spike,6063.36
20260102,18,26,42,21,21,78.21,1642.41,21.0,0.0,DAIR_MILK_26,Dairy,Unforecasted Demand Spike,1642.41
20260102,18,38,87,15,72,48.32,724.8,15.0,0.0,BEVE_TEA _08,Beverages,Unforecasted Demand Spike,3479.04
20260102,18,55,102,26,76,76.58,1991.08,26.0,0.0,BEVE_WATE_25,Beverages,Unforecasted Demand Spike,5820.08
20260102,18,74,50,27,23,67.1,1811.7,27.0,0.0,SNAC_CHOC_14,Snacks,Unforecasted Demand Spike,1543.3
20260102,18,76,52,29,23,64.61,1873.69,29.0,0.0,SNAC_CHIP_16,Snacks,Unforecasted Demand Spike,1486.03
20260102,18,78,73,14,59,133.29,1866.06,14.0,0.0,SNAC_NAMK_18,Snacks,Unforecasted Demand Spike,7864.11
20260102,18,85,38,20,18,172.15,3443.0,20.0,0.0,SNAC_NUTS_25,Snacks,Forecast Underestimation & Buffer Shortage,3098.7
20260102,18,87,76,26,50,201.63,5242.38,26.0,0.0,SNAC_BISC_27,Snacks,Unforecasted Demand Spike,10081.5
20260102,18,106,32,11,21,210.34,2313.74,11.0,0.0,PACK_NOOD_16,Packaged Foods,Forecast Underestimation & Buffer Shortage,4417.14
20260102,18,107,26,13,13,60.31,784.03,13.0,0.0,PACK_PAST_17,Packaged Foods,Forecast Underestimation & Buffer Shortage,784.03
20260102,18,109,17,13,4,206.34,2682.42,13.0,0.0,PACK_BREA_19,Packaged Foods,Forecast Underestimation & Buffer Shortage,825.36
20260102,18,110,37,25,12,43.46,1086.5,25.0,0.0,PACK_READ_20,Packaged Foods,Forecast Underestimation & Buffer Shortage,521.52
20260102,18,121,65,64,1,26.81,1715.84,64.0,0.0,FRUI_FRES_01,Fruits & Vegetables,Unforecasted Demand Spike,26.81
20260102,18,123,43,37,6,81.34,3009.58,37.0,0.0,FRUI_DAIL_03,Fruits & Vegetables,Unforecasted Demand Spike,488.04
20260102,18,128,48,10,38,101.33,1013.3,10.0,0.0,FRUI_DAIL_08,Fruits & Vegetables,Unforecasted Demand Spike,3850.54
20260102,18,166,21,14,7,248.86,3484.04,14.0,0.0,STAP_ATTA_16,Staples,Forecast Underestimation & Buffer Shortage,1742.02
20260102,18,205,4,1,3,130.63,130.63,1.0,0.0,PERS_SANI_25,Personal Care,Delayed / Missing Inbound Replenishment,391.89
20260102,18,217,5,2,3,275.5,551.0,2.0,0.0,HOUS_DISH_07,Household,Delayed / Missing Inbound Replenishment,826.5
20260102,18,221,7,4,3,209.6,838.4,4.0,0.0,HOUS_DETE_11,Household,Delayed / Missing Inbound Replenishment,628.8
20260102,18,224,13,7,6,131.14,917.98,7.0,0.0,HOUS_DISP_14,Household,Forecast Underestimation & Buffer Shortage,786.84
20260102,18,262,32,25,7,373.45,9336.25,25.0,0.0,BABY_BABY_22,Baby Care,Forecast Underestimation & Buffer Shortage,2614.15
20260102,18,273,5,2,3,256.39,512.78,2.0,0.0,PET _PET _03,Pet Care,Delayed / Missing Inbound Replenishment,769.17
20260102,18,300,11,3,8,282.52,847.56,3.0,0.0,PET _CAT _30,Pet Care,Delayed / Missing Inbound Replenishment,2260.16
20260102,19,17,78,22,56,108.57,2388.54,22.0,0.0,DAIR_CURD_17,Dairy,Unforecasted Demand Spike,6079.92
20260102,19,19,98,94,4,189.48,17811.12,94.0,0.0,DAIR_CHEE_19,Dairy,Unforecasted Demand Spike,757.92
20260102,19,24,104,19,85,103.72,1970.68,19.0,0.0,DAIR_CHEE_24,Dairy,Unforecasted Demand Spike,8816.2
20260102,19,36,71,11,60,97.34,1070.74,11.0,0.0,BEVE_JUIC_06,Beverages,Unforecasted Demand Spike,5840.4
20260102,19,38,102,81,21,48.32,3913.92,81.0,0.0,BEVE_TEA _08,Beverages,Unforecasted Demand Spike,1014.72
20260102,19,40,115,71,44,137.08,9732.68,71.0,0.0,BEVE_WATE_10,Beverages,Unforecasted Demand Spike,6031.52
20260102,19,41,96,40,56,104.58,4183.2,40.0,0.0,BEVE_JUIC_11,Beverages,Unforecasted Demand Spike,5856.48
20260102,19,51,72,0,72,82.5,0.0,0.0,0.0,BEVE_JUIC_21,Beverages,Delayed / Missing Inbound Replenishment,5940.0
20260102,19,54,116,79,37,85.37,6744.23,79.0,0.0,BEVE_ENER_24,Beverages,Unforecasted Demand Spike,3158.69
20260102,19,57,105,68,37,123.8,8418.4,68.0,0.0,BEVE_COLD_27,Beverages,Unforecasted Demand Spike,4580.6
20260102,19,59,68,57,11,48.81,2782.17,57.0,0.0,BEVE_ENER_29,Beverages,Unforecasted Demand Spike,536.91
20260102,19,60,65,14,51,146.5,2051.0,14.0,0.0,BEVE_WATE_30,Beverages,Unforecasted Demand Spike,7471.5
20260102,19,62,71,56,15,153.75,8610.0,56.0,0.0,SNAC_BISC_02,Snacks,Unforecasted Demand Spike,2306.25
20260102,19,63,76,57,19,157.5,8977.5,57.0,0.0,SNAC_NAMK_03,Snacks,Unforecasted Demand Spike,2992.5
20260102,19,65,79,30,49,134.26,4027.8,30.0,0.0,SNAC_NUTS_05,Snacks,Unforecasted Demand Spike,6578.74
20260102,19,68,60,59,1,178.74,10545.66,59.0,0.0,SNAC_NAMK_08,Snacks,Unforecasted Demand Spike,178.74
20260102,19,70,69,48,21,129.42,6212.16,48.0,0.0,SNAC_NUTS_10,Snacks,Unforecasted Demand Spike,2717.82
20260102,19,72,64,41,23,171.81,7044.21,41.0,0.0,SNAC_BISC_12,Snacks,Unforecasted Demand Spike,3951.63
20260102,19,100,113,77,36,109.11,8401.47,77.0,0.0,PACK_READ_10,Packaged Foods,Unforecasted Demand Spike,3927.96
20260102,19,160,39,37,2,181.06,6699.22,37.0,0.0,STAP_SPIC_10,Staples,Forecast Underestimation & Buffer Shortage,362.12
20260102,19,163,26,14,12,338.27,4735.78,14.0,0.0,STAP_DALS_13,Staples,Forecast Underestimation & Buffer Shortage,4059.24
20260102,19,164,20,19,1,366.94,6971.86,19.0,0.0,STAP_EDIB_14,Staples,Forecast Underestimation & Buffer Shortage,366.94
20260102,19,168,44,43,1,166.75,7170.25,43.0,0.0,STAP_DALS_18,Staples,Unforecasted Demand Spike,166.75
20260102,19,171,24,23,1,329.23,7572.29,23.0,0.0,STAP_ATTA_21,Staples,Forecast Underestimation & Buffer Shortage,329.23
20260102,19,176,21,15,6,283.47,4252.05,15.0,0.0,STAP_ATTA_26,Staples,Forecast Underestimation & Buffer Shortage,1700.82
20260102,19,194,11,2,9,365.21,730.42,2.0,0.0,PERS_SKIN_14,Personal Care,Delayed / Missing Inbound Replenishment,3286.89
20260102,19,207,6,3,3,160.21,480.63,3.0,0.0,PERS_HAIR_27,Personal Care,Delayed / Missing Inbound Replenishment,480.63
20260102,19,220,6,4,2,256.13,1024.52,4.0,0.0,HOUS_REPE_10,Household,Delayed / Missing Inbound Replenishment,512.26
20260102,19,225,6,0,6,127.69,0.0,0.0,0.0,HOUS_REPE_15,Household,Delayed / Missing Inbound Replenishment,766.14
20260102,19,229,12,4,8,147.62,590.48,4.0,0.0,HOUS_DISP_19,Household,Delayed / Missing Inbound Replenishment,1180.96
20260102,19,234,12,4,8,54.85,219.4,4.0,0.0,HOUS_DISP_24,Household,Delayed / Missing Inbound Replenishment,438.8
20260102,19,235,15,7,8,297.9,2085.3,7.0,0.0,HOUS_REPE_25,Household,Forecast Underestimation & Buffer Shortage,2383.2
20260102,19,248,27,19,8,475.65,9037.35,19.0,0.0,BABY_BABY_08,Baby Care,Forecast Underestimation & Buffer Shortage,3805.2
20260102,19,259,18,15,3,361.83,5427.45,15.0,0.0,BABY_BABY_19,Baby Care,Forecast Underestimation & Buffer Shortage,1085.49
20260102,19,262,39,0,39,373.45,0.0,0.0,0.0,BABY_BABY_22,Baby Care,Delayed / Missing Inbound Replenishment,14564.55
20260102,19,283,8,7,1,548.52,3839.64,7.0,0.0,PET _DOG _13,Pet Care,Forecast Underestimation & Buffer Shortage,548.52
20260102,19,286,9,1,8,456.83,456.83,1.0,0.0,PET _PET _16,Pet Care,Delayed / Missing Inbound Replenishment,3654.64
20260102,19,287,5,1,4,342.13,342.13,1.0,0.0,PET _DOG _17,Pet Care,Delayed / Missing Inbound Replenishment,1368.52
20260102,19,300,10,5,5,282.52,1412.6,5.0,0.0,PET _CAT _30,Pet Care,Forecast Underestimation & Buffer Shortage,1412.6
20260102,20,9,38,29,9,167.11,4846.19,29.0,0.0,DAIR_CHEE_09,Dairy,Forecast Underestimation & Buffer Shortage,1503.99
20260102,20,22,50,41,9,53.74,2203.34,41.0,0.0,DAIR_CURD_22,Dairy,Unforecasted Demand Spike,483.66
20260102,20,23,77,76,1,57.13,4341.88,76.0,0.0,DAIR_BUTT_23,Dairy,Unforecasted Demand Spike,57.13
20260102,20,35,77,76,1,158.37,12036.12,76.0,0.0,BEVE_WATE_05,Beverages,Unforecasted Demand Spike,158.37
20260102,20,46,99,43,56,32.07,1379.01,43.0,0.0,BEVE_JUIC_16,Beverages,Unforecasted Demand Spike,1795.92
20260102,20,51,55,17,38,82.5,1402.5,17.0,0.0,BEVE_JUIC_21,Beverages,Unforecasted Demand Spike,3135.0
20260102,20,55,89,57,32,76.58,4365.06,57.0,0.0,BEVE_WATE_25,Beverages,Unforecasted Demand Spike,2450.56
20260102,20,57,71,69,2,123.8,8542.2,69.0,0.0,BEVE_COLD_27,Beverages,Unforecasted Demand Spike,247.6
20260102,20,60,45,20,25,146.5,2930.0,20.0,0.0,BEVE_WATE_30,Beverages,Unforecasted Demand Spike,3662.5
20260102,20,109,16,11,5,206.34,2269.74,11.0,0.0,PACK_BREA_19,Packaged Foods,Forecast Underestimation & Buffer Shortage,1031.7
20260102,20,112,18,16,2,51.88,830.08,16.0,0.0,PACK_PAST_22,Packaged Foods,Forecast Underestimation & Buffer Shortage,103.76
20260102,20,153,17,5,12,262.16,1310.8,5.0,0.0,STAP_DALS_03,Staples,Forecast Underestimation & Buffer Shortage,3145.92
20260102,20,155,13,8,5,443.45,3547.6,8.0,0.0,STAP_SPIC_05,Staples,Forecast Underestimation & Buffer Shortage,2217.25
20260102,20,162,39,17,22,185.02,3145.34,17.0,0.0,STAP_RICE_12,Staples,Forecast Underestimation & Buffer Shortage,4070.44
20260102,20,222,6,3,3,214.26,642.78,3.0,0.0,HOUS_DISH_12,Household,Delayed / Missing Inbound Replenishment,642.78
20260102,20,230,4,3,1,79.04,237.12,3.0,0.0,HOUS_REPE_20,Household,Delayed / Missing Inbound Replenishment,79.04
20260102,20,245,23,16,7,476.05,7616.8,16.0,0.0,BABY_DIAP_05,Baby Care,Forecast Underestimation & Buffer Shortage,3332.35
20260102,20,247,24,20,4,404.16,8083.2,20.0,0.0,BABY_BABY_07,Baby Care,Forecast Underestimation & Buffer Shortage,1616.64
20260102,20,254,18,13,5,177.66,2309.58,13.0,0.0,BABY_BABY_14,Baby Care,Forecast Underestimation & Buffer Shortage,888.3
20260102,20,261,42,4,38,419.38,1677.52,4.0,0.0,BABY_DIAP_21,Baby Care,Delayed / Missing Inbound Replenishment,15936.44
20260102,20,272,6,4,2,569.34,2277.36,4.0,0.0,PET _CAT _02,Pet Care,Delayed / Missing Inbound Replenishment,1138.68
20260102,20,287,3,2,1,342.13,684.26,2.0,0.0,PET _DOG _17,Pet Care,Delayed / Missing Inbound Replenishment,342.13
20260102,21,16,55,28,27,137.79,3858.12,28.0,0.0,DAIR_MILK_16,Dairy,Unforecasted Demand Spike,3720.33
20260102,21,23,105,93,12,57.13,5313.09,93.0,0.0,DAIR_BUTT_23,Dairy,Unforecasted Demand Spike,685.56
20260102,21,27,75,68,7,103.33,7026.44,68.0,0.0,DAIR_CURD_27,Dairy,Unforecasted Demand Spike,723.31
20260102,21,28,48,32,16,39.17,1253.44,32.0,0.0,DAIR_BUTT_28,Dairy,Unforecasted Demand Spike,626.72
20260102,21,39,78,68,10,95.49,6493.32,68.0,0.0,BEVE_ENER_09,Beverages,Unforecasted Demand Spike,954.9
20260102,21,48,82,29,53,54.7,1586.3,29.0,0.0,BEVE_TEA _18,Beverages,Unforecasted Demand Spike,2899.1
20260102,21,55,111,0,111,76.58,0.0,0.0,0.0,BEVE_WATE_25,Beverages,Delayed / Missing Inbound Replenishment,8500.38
20260102,21,57,94,52,42,123.8,6437.6,52.0,0.0,BEVE_COLD_27,Beverages,Unforecasted Demand Spike,5199.6
20260102,21,70,72,63,9,129.42,8153.46,63.0,0.0,SNAC_NUTS_10,Snacks,Unforecasted Demand Spike,1164.78
20260102,21,72,61,27,34,171.81,4638.87,27.0,0.0,SNAC_BISC_12,Snacks,Unforecasted Demand Spike,5841.54
20260102,21,73,95,8,87,92.13,737.04,8.0,0.0,SNAC_NAMK_13,Snacks,Unforecasted Demand Spike,8015.31
20260102,21,79,80,33,47,110.76,3655.08,33.0,0.0,SNAC_CHOC_19,Snacks,Unforecasted Demand Spike,5205.72
20260102,21,85,42,30,12,172.15,5164.5,30.0,0.0,SNAC_NUTS_25,Snacks,Unforecasted Demand Spike,2065.8
20260102,21,91,18,9,9,240.18,2161.62,9.0,0.0,PACK_NOOD_01,Packaged Foods,Forecast Underestimation & Buffer Shortage,2161.62
20260102,21,97,29,11,18,44.34,487.74,11.0,0.0,PACK_PAST_07,Packaged Foods,Forecast Underestimation & Buffer Shortage,798.12
20260102,21,111,26,20,6,148.4,2968.0,20.0,0.0,PACK_NOOD_21,Packaged Foods,Forecast Underestimation & Buffer Shortage,890.4
20260102,21,120,36,1,35,117.17,117.17,1.0,0.0,PACK_READ_30,Packaged Foods,Delayed / Missing Inbound Replenishment,4100.95
20260102,21,121,80,35,45,26.81,938.35,35.0,0.0,FRUI_FRES_01,Fruits & Vegetables,Unforecasted Demand Spike,1206.45
20260102,21,128,46,6,40,101.33,607.98,6.0,0.0,FRUI_DAIL_08,Fruits & Vegetables,Unforecasted Demand Spike,4053.2
20260102,21,143,105,72,33,48.33,3479.76,72.0,0.0,FRUI_DAIL_23,Fruits & Vegetables,Unforecasted Demand Spike,1594.89
20260102,21,156,36,25,11,342.35,8558.75,25.0,0.0,STAP_ATTA_06,Staples,Forecast Underestimation & Buffer Shortage,3765.85
20260102,21,158,36,7,29,65.45,458.15,7.0,0.0,STAP_DALS_08,Staples,Forecast Underestimation & Buffer Shortage,1898.05
20260102,21,159,35,0,35,560.31,0.0,0.0,0.0,STAP_EDIB_09,Staples,Delayed / Missing Inbound Replenishment,19610.85
20260102,21,192,7,6,1,357.65,2145.9,6.0,0.0,PERS_HAIR_12,Personal Care,Forecast Underestimation & Buffer Shortage,357.65
20260102,21,195,6,2,4,227.65,455.3,2.0,0.0,PERS_SANI_15,Personal Care,Delayed / Missing Inbound Replenishment,910.6
20260102,21,205,4,3,1,130.63,391.89,3.0,0.0,PERS_SANI_25,Personal Care,Delayed / Missing Inbound Replenishment,130.63
20260102,21,209,5,2,3,108.95,217.9,2.0,0.0,PERS_SKIN_29,Personal Care,Delayed / Missing Inbound Replenishment,326.85
20260102,21,236,13,6,7,87.59,525.54,6.0,0.0,HOUS_DETE_26,Household,Forecast Underestimation & Buffer Shortage,613.13
20260102,21,243,22,6,16,536.66,3219.96,6.0,0.0,BABY_BABY_03,Baby Care,Forecast Underestimation & Buffer Shortage,8586.56
20260102,21,263,27,10,17,388.6,3886.0,10.0,0.0,BABY_BABY_23,Baby Care,Forecast Underestimation & Buffer Shortage,6606.2
20260102,21,272,25,9,16,569.34,5124.06,9.0,0.0,PET _CAT _02,Pet Care,Forecast Underestimation & Buffer Shortage,9109.44
20260102,21,274,9,4,5,218.13,872.52,4.0,0.0,PET _PET _04,Pet Care,Delayed / Missing Inbound Replenishment,1090.65
20260102,21,275,10,3,7,359.71,1079.13,3.0,0.0,PET _DOG _05,Pet Care,Delayed / Missing Inbound Replenishment,2517.97
20260102,21,280,11,7,4,252.36,1766.52,7.0,0.0,PET _CAT _10,Pet Care,Forecast Underestimation & Buffer Shortage,1009.44
20260102,21,284,7,3,4,420.04,1260.12,3.0,0.0,PET _CAT _14,Pet Care,Delayed / Missing Inbound Replenishment,1680.16
20260102,22,4,99,79,20,63.86,5044.94,79.0,0.0,DAIR_CHEE_04,Dairy,Unforecasted Demand Spike,1277.2
20260102,22,11,72,65,7,214.92,13969.8,65.0,0.0,DAIR_MILK_11,Dairy,Unforecasted Demand Spike,1504.44
20260102,22,14,115,89,26,190.76,16977.64,89.0,0.0,DAIR_CHEE_14,Dairy,Unforecasted Demand Spike,4959.76
20260102,22,24,108,69,39,103.72,7156.68,69.0,0.0,DAIR_CHEE_24,Dairy,Unforecasted Demand Spike,4045.08
20260102,22,26,62,61,1,78.21,4770.81,61.0,0.0,DAIR_MILK_26,Dairy,Unforecasted Demand Spike,78.21
20260102,22,39,89,33,56,95.49,3151.17,33.0,0.0,BEVE_ENER_09,Beverages,Unforecasted Demand Spike,5347.44
20260102,22,45,152,144,8,107.96,15546.24,144.0,0.0,BEVE_WATE_15,Beverages,Unforecasted Demand Spike,863.68
20260102,22,55,134,127,7,76.58,9725.66,127.0,0.0,BEVE_WATE_25,Beverages,Unforecasted Demand Spike,536.06
20260102,22,64,94,73,21,46.19,3371.87,73.0,0.0,SNAC_CHOC_04,Snacks,Unforecasted Demand Spike,969.99
20260102,22,72,81,24,57,171.81,4123.44,24.0,0.0,SNAC_BISC_12,Snacks,Unforecasted Demand Spike,9793.17
20260102,22,85,134,49,85,172.15,8435.35,49.0,0.0,SNAC_NUTS_25,Snacks,Unforecasted Demand Spike,14632.75
20260102,22,88,87,59,28,137.62,8119.58,59.0,0.0,SNAC_NAMK_28,Snacks,Unforecasted Demand Spike,3853.36
20260102,22,91,23,15,8,240.18,3602.7,15.0,0.0,PACK_NOOD_01,Packaged Foods,Forecast Underestimation & Buffer Shortage,1921.44
20260102,22,101,53,37,16,130.93,4844.41,37.0,0.0,PACK_NOOD_11,Packaged Foods,Unforecasted Demand Spike,2094.88
20260102,22,126,85,8,77,64.66,517.28,8.0,0.0,FRUI_FRES_06,Fruits & Vegetables,Unforecasted Demand Spike,4978.82
20260102,22,127,73,45,28,116.97,5263.65,45.0,0.0,FRUI_EXOT_07,Fruits & Vegetables,Unforecasted Demand Spike,3275.16
20260102,22,133,91,45,46,89.15,4011.75,45.0,0.0,FRUI_DAIL_13,Fruits & Vegetables,Unforecasted Demand Spike,4100.9
20260102,22,176,19,2,17,283.47,566.94,2.0,0.0,STAP_ATTA_26,Staples,Delayed / Missing Inbound Replenishment,4818.99
20260102,22,189,12,1,11,124.58,124.58,1.0,0.0,PERS_SKIN_09,Personal Care,Delayed / Missing Inbound Replenishment,1370.38
20260102,22,194,15,13,2,365.21,4747.73,13.0,0.0,PERS_SKIN_14,Personal Care,Forecast Underestimation & Buffer Shortage,730.42
20260102,22,206,8,2,6,99.42,198.84,2.0,0.0,PERS_SOAP_26,Personal Care,Delayed / Missing Inbound Replenishment,596.52
20260102,22,208,13,0,13,249.0,0.0,0.0,0.0,PERS_ORAL_28,Personal Care,Delayed / Missing Inbound Replenishment,3237.0
20260102,22,212,14,7,7,148.46,1039.22,7.0,0.0,HOUS_DISH_02,Household,Forecast Underestimation & Buffer Shortage,1039.22
20260102,22,215,15,11,4,69.23,761.53,11.0,0.0,HOUS_REPE_05,Household,Forecast Underestimation & Buffer Shortage,276.92
20260102,22,223,13,2,11,209.86,419.72,2.0,0.0,HOUS_CLEA_13,Household,Delayed / Missing Inbound Replenishment,2308.46
20260102,22,228,11,1,10,213.73,213.73,1.0,0.0,HOUS_CLEA_18,Household,Delayed / Missing Inbound Replenishment,2137.3
20260102,22,234,11,4,7,54.85,219.4,4.0,0.0,HOUS_DISP_24,Household,Delayed / Missing Inbound Replenishment,383.95
20260102,22,235,20,9,11,297.9,2681.1,9.0,0.0,HOUS_REPE_25,Household,Forecast Underestimation & Buffer Shortage,3276.9
20260102,22,236,15,12,3,87.59,1051.08,12.0,0.0,HOUS_DETE_26,Household,Forecast Underestimation & Buffer Shortage,262.77
20260102,22,254,29,12,17,177.66,2131.92,12.0,0.0,BABY_BABY_14,Baby Care,Forecast Underestimation & Buffer Shortage,3020.22
20260102,22,255,29,21,8,500.03,10500.63,21.0,0.0,BABY_BABY_15,Baby Care,Forecast Underestimation & Buffer Shortage,4000.24
20260102,22,263,31,15,16,388.6,5829.0,15.0,0.0,BABY_BABY_23,Baby Care,Forecast Underestimation & Buffer Shortage,6217.6
20260102,22,287,7,1,6,342.13,342.13,1.0,0.0,PET _DOG _17,Pet Care,Delayed / Missing Inbound Replenishment,2052.78
20260102,22,291,38,21,17,384.98,8084.58,21.0,0.0,PET _DOG _21,Pet Care,Forecast Underestimation & Buffer Shortage,6544.66
20260102,22,299,15,7,8,108.9,762.3,7.0,0.0,PET _DOG _29,Pet Care,Forecast Underestimation & Buffer Shortage,871.2
20260102,23,9,57,35,22,167.11,5848.85,35.0,0.0,DAIR_CHEE_09,Dairy,Unforecasted Demand Spike,3676.42
20260102,23,10,81,9,72,104.2,937.8,9.0,0.0,DAIR_PANE_10,Dairy,Unforecasted Demand Spike,7502.4
20260102,23,14,106,63,43,190.76,12017.88,63.0,0.0,DAIR_CHEE_14,Dairy,Unforecasted Demand Spike,8202.68
20260102,23,16,60,46,14,137.79,6338.34,46.0,0.0,DAIR_MILK_16,Dairy,Unforecasted Demand Spike,1929.06
20260102,23,23,123,0,123,57.13,0.0,0.0,0.0,DAIR_BUTT_23,Dairy,Delayed / Missing Inbound Replenishment,7026.99
20260102,23,25,100,4,96,185.79,743.16,4.0,0.0,DAIR_PANE_25,Dairy,Delayed / Missing Inbound Replenishment,17835.84
20260102,23,36,80,74,6,97.34,7203.16,74.0,0.0,BEVE_JUIC_06,Beverages,Unforecasted Demand Spike,584.04
20260102,23,41,104,0,104,104.58,0.0,0.0,0.0,BEVE_JUIC_11,Beverages,Delayed / Missing Inbound Replenishment,10876.32
20260102,23,46,141,33,108,32.07,1058.31,33.0,0.0,BEVE_JUIC_16,Beverages,Unforecasted Demand Spike,3463.56
20260102,23,47,98,6,92,107.14,642.84,6.0,0.0,BEVE_COLD_17,Beverages,Unforecasted Demand Spike,9856.88
20260102,23,48,88,0,88,54.7,0.0,0.0,0.0,BEVE_TEA _18,Beverages,Delayed / Missing Inbound Replenishment,4813.6
20260102,23,63,86,63,23,157.5,9922.5,63.0,0.0,SNAC_NAMK_03,Snacks,Unforecasted Demand Spike,3622.5
20260102,23,79,84,13,71,110.76,1439.88,13.0,0.0,SNAC_CHOC_19,Snacks,Unforecasted Demand Spike,7863.96
20260102,23,98,19,15,4,222.22,3333.3,15.0,0.0,PACK_SAUC_08,Packaged Foods,Forecast Underestimation & Buffer Shortage,888.88
20260102,23,104,45,34,11,98.3,3342.2,34.0,0.0,PACK_BREA_14,Packaged Foods,Unforecasted Demand Spike,1081.3
20260102,23,110,50,46,4,43.46,1999.16,46.0,0.0,PACK_READ_20,Packaged Foods,Unforecasted Demand Spike,173.84
20260102,23,127,64,12,52,116.97,1403.64,12.0,0.0,FRUI_EXOT_07,Fruits & Vegetables,Unforecasted Demand Spike,6082.44
20260102,23,128,110,92,18,101.33,9322.36,92.0,0.0,FRUI_DAIL_08,Fruits & Vegetables,Unforecasted Demand Spike,1823.94
20260102,23,135,85,52,33,112.02,5825.04,52.0,0.0,FRUI_CUT _15,Fruits & Vegetables,Unforecasted Demand Spike,3696.66
20260102,23,143,106,40,66,48.33,1933.2,40.0,0.0,FRUI_DAIL_23,Fruits & Vegetables,Unforecasted Demand Spike,3189.78
20260102,23,156,36,14,22,342.35,4792.9,14.0,0.0,STAP_ATTA_06,Staples,Forecast Underestimation & Buffer Shortage,7531.7
20260102,23,182,41,33,8,79.48,2622.84,33.0,0.0,PERS_HAIR_02,Personal Care,Unforecasted Demand Spike,635.84
20260102,23,184,7,2,5,343.84,687.68,2.0,0.0,PERS_SKIN_04,Personal Care,Delayed / Missing Inbound Replenishment,1719.2
20260102,23,214,17,10,7,216.37,2163.7,10.0,0.0,HOUS_DISP_04,Household,Forecast Underestimation & Buffer Shortage,1514.59
20260102,23,216,16,14,2,208.26,2915.64,14.0,0.0,HOUS_DETE_06,Household,Forecast Underestimation & Buffer Shortage,416.52
20260102,23,224,14,2,12,131.14,262.28,2.0,0.0,HOUS_DISP_14,Household,Delayed / Missing Inbound Replenishment,1573.68
20260102,23,227,4,1,3,254.28,254.28,1.0,0.0,HOUS_DISH_17,Household,Delayed / Missing Inbound Replenishment,762.84
20260102,23,255,24,22,2,500.03,11000.66,22.0,0.0,BABY_BABY_15,Baby Care,Forecast Underestimation & Buffer Shortage,1000.06
20260102,23,263,30,14,16,388.6,5440.4,14.0,0.0,BABY_BABY_23,Baby Care,Forecast Underestimation & Buffer Shortage,6217.6
20260102,23,268,23,4,19,129.29,517.16,4.0,0.0,BABY_BABY_28,Baby Care,Delayed / Missing Inbound Replenishment,2456.51
20260102,23,277,7,1,6,232.44,232.44,1.0,0.0,PET _PET _07,Pet Care,Delayed / Missing Inbound Replenishment,1394.64
20260102,23,280,16,9,7,252.36,2271.24,9.0,0.0,PET _CAT _10,Pet Care,Forecast Underestimation & Buffer Shortage,1766.52
20260102,23,281,6,3,3,208.33,624.99,3.0,0.0,PET _PET _11,Pet Care,Delayed / Missing Inbound Replenishment,624.99
20260102,23,293,14,6,8,478.5,2871.0,6.0,0.0,PET _PET _23,Pet Care,Forecast Underestimation & Buffer Shortage,3828.0
20260102,23,294,7,6,1,77.14,462.84,6.0,0.0,PET _PET _24,Pet Care,Forecast Underestimation & Buffer Shortage,77.14
20260102,23,296,13,10,3,84.64,846.4,10.0,0.0,PET _CAT _26,Pet Care,Forecast Underestimation & Buffer Shortage,253.92
20260102,24,39,61,29,32,95.49,2769.21,29.0,0.0,BEVE_ENER_09,Beverages,Unforecasted Demand Spike,3055.68
20260102,24,88,55,45,10,137.62,6192.9,45.0,0.0,SNAC_NAMK_28,Snacks,Unforecasted Demand Spike,1376.2
20260102,24,89,41,8,33,50.88,407.04,8.0,0.0,SNAC_CHOC_29,Snacks,Unforecasted Demand Spike,1679.04
20260102,24,90,58,48,10,177.61,8525.28,48.0,0.0,SNAC_NUTS_30,Snacks,Unforecasted Demand Spike,1776.1
20260102,24,109,14,3,11,206.34,619.02,3.0,0.0,PACK_BREA_19,Packaged Foods,Delayed / Missing Inbound Replenishment,2269.74
20260102,24,119,24,11,13,117.5,1292.5,11.0,0.0,PACK_BREA_29,Packaged Foods,Forecast Underestimation & Buffer Shortage,1527.5
20260102,24,143,85,80,5,48.33,3866.4,80.0,0.0,FRUI_DAIL_23,Fruits & Vegetables,Unforecasted Demand Spike,241.65
20260102,24,162,35,13,22,185.02,2405.26,13.0,0.0,STAP_RICE_12,Staples,Forecast Underestimation & Buffer Shortage,4070.44
20260102,24,164,12,11,1,366.94,4036.34,11.0,0.0,STAP_EDIB_14,Staples,Forecast Underestimation & Buffer Shortage,366.94
20260102,24,206,6,3,3,99.42,298.26,3.0,0.0,PERS_SOAP_26,Personal Care,Delayed / Missing Inbound Replenishment,298.26
20260102,24,222,6,2,4,214.26,428.52,2.0,0.0,HOUS_DISH_12,Household,Delayed / Missing Inbound Replenishment,857.04
20260102,24,276,6,3,3,419.68,1259.04,3.0,0.0,PET _CAT _06,Pet Care,Delayed / Missing Inbound Replenishment,1259.04
20260102,25,8,86,24,62,138.28,3318.72,24.0,0.0,DAIR_BUTT_08,Dairy,Unforecasted Demand Spike,8573.36
20260102,25,16,58,29,29,137.79,3995.91,29.0,0.0,DAIR_MILK_16,Dairy,Unforecasted Demand Spike,3995.91
20260102,25,24,99,98,1,103.72,10164.56,98.0,0.0,DAIR_CHEE_24,Dairy,Unforecasted Demand Spike,103.72
20260102,25,26,54,39,15,78.21,3050.19,39.0,0.0,DAIR_MILK_26,Dairy,Unforecasted Demand Spike,1173.15
20260102,25,27,72,13,59,103.33,1343.29,13.0,0.0,DAIR_CURD_27,Dairy,Unforecasted Demand Spike,6096.47
20260102,25,31,312,167,145,94.42,15768.14,167.0,0.0,BEVE_JUIC_01,Beverages,Unforecasted Demand Spike,13690.9
20260102,25,48,84,64,20,54.7,3500.8,64.0,0.0,BEVE_TEA _18,Beverages,Unforecasted Demand Spike,1094.0
20260102,25,60,71,7,64,146.5,1025.5,7.0,0.0,BEVE_WATE_30,Beverages,Unforecasted Demand Spike,9376.0
20260102,25,64,87,17,70,46.19,785.23,17.0,0.0,SNAC_CHOC_04,Snacks,Unforecasted Demand Spike,3233.3
20260102,25,73,92,18,74,92.13,1658.34,18.0,0.0,SNAC_NAMK_13,Snacks,Unforecasted Demand Spike,6817.62
20260102,25,88,68,62,6,137.62,8532.44,62.0,0.0,SNAC_NAMK_28,Snacks,Unforecasted Demand Spike,825.72
20260102,25,98,19,11,8,222.22,2444.42,11.0,0.0,PACK_SAUC_08,Packaged Foods,Forecast Underestimation & Buffer Shortage,1777.76
20260102,25,107,30,15,15,60.31,904.65,15.0,0.0,PACK_PAST_17,Packaged Foods,Forecast Underestimation & Buffer Shortage,904.65
20260102,25,121,80,24,56,26.81,643.44,24.0,0.0,FRUI_FRES_01,Fruits & Vegetables,Unforecasted Demand Spike,1501.36
20260102,25,122,87,25,62,111.96,2799.0,25.0,0.0,FRUI_EXOT_02,Fruits & Vegetables,Unforecasted Demand Spike,6941.52
20260102,25,139,93,84,9,82.55,6934.2,84.0,0.0,FRUI_SEAS_19,Fruits & Vegetables,Unforecasted Demand Spike,742.95
20260102,25,158,38,32,6,65.45,2094.4,32.0,0.0,STAP_DALS_08,Staples,Forecast Underestimation & Buffer Shortage,392.7
20260102,25,166,23,18,5,248.86,4479.48,18.0,0.0,STAP_ATTA_16,Staples,Forecast Underestimation & Buffer Shortage,1244.3
20260102,25,167,47,46,1,387.95,17845.7,46.0,0.0,STAP_RICE_17,Staples,Unforecasted Demand Spike,387.95
20260102,25,177,33,18,15,113.98,2051.64,18.0,0.0,STAP_RICE_27,Staples,Forecast Underestimation & Buffer Shortage,1709.7
20260102,25,184,10,1,9,343.84,343.84,2.0,0.0,PERS_SKIN_04,Personal Care,Delayed / Missing Inbound Replenishment,3094.56
20260102,25,185,15,9,6,218.07,1962.63,9.0,0.0,PERS_SANI_05,Personal Care,Forecast Underestimation & Buffer Shortage,1308.42
20260102,25,189,12,4,8,124.58,498.32,4.0,0.0,PERS_SKIN_09,Personal Care,Delayed / Missing Inbound Replenishment,996.64
20260102,25,192,5,2,3,357.65,715.3,2.0,0.0,PERS_HAIR_12,Personal Care,Delayed / Missing Inbound Replenishment,1072.95
20260102,25,206,7,0,7,99.42,0.0,0.0,0.0,PERS_SOAP_26,Personal Care,Delayed / Missing Inbound Replenishment,695.94
20260102,25,213,6,5,1,243.34,1216.7,5.0,0.0,HOUS_CLEA_03,Household,Forecast Underestimation & Buffer Shortage,243.34
20260102,25,221,8,6,2,209.6,1257.6,6.0,0.0,HOUS_DETE_11,Household,Forecast Underestimation & Buffer Shortage,419.2
20260102,25,235,13,1,12,297.9,297.9,1.0,0.0,HOUS_REPE_25,Household,Delayed / Missing Inbound Replenishment,3574.8
20260102,25,245,35,15,20,476.05,7140.75,15.0,0.0,BABY_DIAP_05,Baby Care,Forecast Underestimation & Buffer Shortage,9521.0
20260102,25,259,17,13,4,361.83,4703.79,13.0,0.0,BABY_BABY_19,Baby Care,Forecast Underestimation & Buffer Shortage,1447.32
20260102,25,263,27,9,18,388.6,3497.4,9.0,0.0,BABY_BABY_23,Baby Care,Forecast Underestimation & Buffer Shortage,6994.8
20260102,25,266,23,2,21,106.13,212.26,2.0,0.0,BABY_BABY_26,Baby Care,Delayed / Missing Inbound Replenishment,2228.73
20260102,25,289,11,8,3,479.06,3832.48,8.0,0.0,PET _PET _19,Pet Care,Forecast Underestimation & Buffer Shortage,1437.18
20260102,25,290,4,2,2,240.2,480.4,2.0,0.0,PET _PET _20,Pet Care,Delayed / Missing Inbound Replenishment,480.4
20260102,25,294,5,4,1,77.14,308.56,4.0,0.0,PET _PET _24,Pet Care,Delayed / Missing Inbound Replenishment,77.14
20260102,25,300,11,2,9,282.52,565.04,2.0,0.0,PET _CAT _30,Pet Care,Delayed / Missing Inbound Replenishment,2542.68
20260102,26,21,95,35,60,59.48,2081.8,35.0,0.0,DAIR_MILK_21,Dairy,Unforecasted Demand Spike,3568.8
20260102,26,31,136,43,93,94.42,4060.06,43.0,0.0,BEVE_JUIC_01,Beverages,Unforecasted Demand Spike,8781.06
20260102,26,39,78,31,47,95.49,2960.19,31.0,0.0,BEVE_ENER_09,Beverages,Unforecasted Demand Spike,4488.03
20260102,26,48,84,9,75,54.7,492.3,9.0,0.0,BEVE_TEA _18,Beverages,Unforecasted Demand Spike,4102.5
20260102,26,49,114,47,67,42.3,1988.1,47.0,0.0,BEVE_ENER_19,Beverages,Unforecasted Demand Spike,2834.1
20260102,26,50,70,0,70,119.26,0.0,0.0,0.0,BEVE_WATE_20,Beverages,Delayed / Missing Inbound Replenishment,8348.2
20260102,26,63,82,58,24,157.5,9135.0,58.0,0.0,SNAC_NAMK_03,Snacks,Unforecasted Demand Spike,3780.0
20260102,26,73,103,54,49,92.13,4975.02,54.0,0.0,SNAC_NAMK_13,Snacks,Unforecasted Demand Spike,4514.37
20260102,26,75,45,6,39,85.91,515.46,6.0,0.0,SNAC_NUTS_15,Snacks,Unforecasted Demand Spike,3350.49
20260102,26,78,96,16,80,133.29,2132.64,16.0,0.0,SNAC_NAMK_18,Snacks,Unforecasted Demand Spike,10663.2
20260102,26,79,88,10,78,110.76,1107.6,10.0,0.0,SNAC_CHOC_19,Snacks,Unforecasted Demand Spike,8639.28
20260102,26,87,89,86,3,201.63,17340.18,86.0,0.0,SNAC_BISC_27,Snacks,Unforecasted Demand Spike,604.89
20260102,26,123,50,33,17,81.34,2684.22,33.0,0.0,FRUI_DAIL_03,Fruits & Vegetables,Unforecasted Demand Spike,1382.78
20260102,26,126,73,33,40,64.66,2133.78,33.0,0.0,FRUI_FRES_06,Fruits & Vegetables,Unforecasted Demand Spike,2586.4
20260102,26,135,84,64,20,112.02,7169.28,64.0,0.0,FRUI_CUT _15,Fruits & Vegetables,Unforecasted Demand Spike,2240.4
20260102,26,147,70,26,44,20.9,543.4,26.0,0.0,FRUI_EXOT_27,Fruits & Vegetables,Unforecasted Demand Spike,919.6
20260102,26,154,35,7,28,215.59,1509.13,7.0,0.0,STAP_EDIB_04,Staples,Forecast Underestimation & Buffer Shortage,6036.52
20260102,26,159,36,34,2,560.31,19050.54,34.0,0.0,STAP_EDIB_09,Staples,Forecast Underestimation & Buffer Shortage,1120.62
20260102,26,185,11,2,9,218.07,436.14,2.0,0.0,PERS_SANI_05,Personal Care,Delayed / Missing Inbound Replenishment,1962.63
20260102,26,199,7,5,2,251.52,1257.6,5.0,0.0,PERS_SKIN_19,Personal Care,Forecast Underestimation & Buffer Shortage,503.04
20260102,26,201,14,13,1,193.23,2511.99,13.0,0.0,PERS_SOAP_21,Personal Care,Forecast Underestimation & Buffer Shortage,193.23
20260102,26,216,12,4,8,208.26,833.04,4.0,0.0,HOUS_DETE_06,Household,Delayed / Missing Inbound Replenishment,1666.08
20260102,26,227,5,4,1,254.28,1017.12,4.0,0.0,HOUS_DISH_17,Household,Delayed / Missing Inbound Replenishment,254.28
20260102,26,257,42,33,9,338.9,11183.7,33.0,0.0,BABY_DIAP_17,Baby Care,Unforecasted Demand Spike,3050.1
20260102,26,266,25,0,25,106.13,0.0,0.0,0.0,BABY_BABY_26,Baby Care,Delayed / Missing Inbound Replenishment,2653.25
20260102,26,271,3,0,3,561.27,0.0,0.0,0.0,PET _DOG _01,Pet Care,Delayed / Missing Inbound Replenishment,1683.81
20260102,26,272,6,3,3,569.34,1708.02,3.0,0.0,PET _CAT _02,Pet Care,Delayed / Missing Inbound Replenishment,1708.02
20260102,26,273,5,3,2,256.39,769.17,3.0,0.0,PET _PET _03,Pet Care,Delayed / Missing Inbound Replenishment,512.78
20260102,27,45,100,75,25,107.96,8097.0,75.0,0.0,BEVE_WATE_15,Beverages,Unforecasted Demand Spike,2699.0
20260102,27,62,60,34,26,153.75,5227.5,34.0,0.0,SNAC_BISC_02,Snacks,Unforecasted Demand Spike,3997.5
20260102,27,71,34,25,9,68.22,1705.5,25.0,0.0,SNAC_CHIP_11,Snacks,Forecast Underestimation & Buffer Shortage,613.98
20260102,27,72,49,36,13,171.81,6185.16,36.0,0.0,SNAC_BISC_12,Snacks,Unforecasted Demand Spike,2233.53
20260102,27,85,35,28,7,172.15,4820.2,28.0,0.0,SNAC_NUTS_25,Snacks,Forecast Underestimation & Buffer Shortage,1205.05
20260102,27,112,51,26,25,51.88,1348.88,26.0,0.0,PACK_PAST_22,Packaged Foods,Unforecasted Demand Spike,1297.0
20260102,27,133,62,58,4,89.15,5170.7,58.0,0.0,FRUI_DAIL_13,Fruits & Vegetables,Unforecasted Demand Spike,356.6
20260102,27,154,26,21,5,215.59,4527.39,21.0,0.0,STAP_EDIB_04,Staples,Forecast Underestimation & Buffer Shortage,1077.95
20260102,27,170,38,24,14,338.45,8122.8,24.0,0.0,STAP_SPIC_20,Staples,Forecast Underestimation & Buffer Shortage,4738.3
20260102,27,174,33,14,19,511.67,7163.38,14.0,0.0,STAP_EDIB_24,Staples,Forecast Underestimation & Buffer Shortage,9721.73
20260102,27,204,5,0,5,199.5,0.0,2.0,0.0,PERS_SKIN_24,Personal Care,Delayed / Missing Inbound Replenishment,997.5
20260102,27,215,9,2,7,69.23,138.46,2.0,0.0,HOUS_REPE_05,Household,Delayed / Missing Inbound Replenishment,484.61
20260102,27,235,11,6,5,297.9,1787.4,6.0,0.0,HOUS_REPE_25,Household,Forecast Underestimation & Buffer Shortage,1489.5
20260102,27,277,7,1,6,232.44,232.44,1.0,0.0,PET _PET _07,Pet Care,Delayed / Missing Inbound Replenishment,1394.64
20260102,27,297,13,11,2,129.29,1422.19,11.0,0.0,PET _PET _27,Pet Care,Forecast Underestimation & Buffer Shortage,258.58
20260102,28,38,81,14,67,48.32,676.48,14.0,0.0,BEVE_TEA _08,Beverages,Unforecasted Demand Spike,3237.44
20260102,28,50,62,29,33,119.26,3458.54,29.0,0.0,BEVE_WATE_20,Beverages,Unforecasted Demand Spike,3935.58
20260102,28,75,36,32,4,85.91,2749.12,32.0,0.0,SNAC_NUTS_15,Snacks,Forecast Underestimation & Buffer Shortage,343.64
20260102,28,101,40,13,27,130.93,1702.09,13.0,0.0,PACK_NOOD_11,Packaged Foods,Forecast Underestimation & Buffer Shortage,3535.11
20260102,28,148,62,49,13,75.56,3702.44,49.0,0.0,FRUI_DAIL_28,Fruits & Vegetables,Unforecasted Demand Spike,982.28
20260102,28,162,36,27,9,185.02,4995.54,27.0,0.0,STAP_RICE_12,Staples,Forecast Underestimation & Buffer Shortage,1665.18
20260102,28,194,13,3,10,365.21,1095.63,3.0,0.0,PERS_SKIN_14,Personal Care,Delayed / Missing Inbound Replenishment,3652.1
20260102,28,199,5,0,5,251.52,0.0,0.0,0.0,PERS_SKIN_19,Personal Care,Delayed / Missing Inbound Replenishment,1257.6
20260102,28,213,5,1,4,243.34,243.34,1.0,0.0,HOUS_CLEA_03,Household,Delayed / Missing Inbound Replenishment,973.36
20260102,28,221,5,3,2,209.6,628.8,3.0,0.0,HOUS_DETE_11,Household,Delayed / Missing Inbound Replenishment,419.2
20260102,28,233,12,8,4,161.93,1295.44,8.0,0.0,HOUS_CLEA_23,Household,Forecast Underestimation & Buffer Shortage,647.72
20260102,28,249,25,8,17,500.22,4001.76,8.0,0.0,BABY_DIAP_09,Baby Care,Forecast Underestimation & Buffer Shortage,8503.74
20260102,28,250,24,12,12,204.07,2448.84,12.0,0.0,BABY_BABY_10,Baby Care,Forecast Underestimation & Buffer Shortage,2448.84
20260102,29,31,138,0,138,94.42,0.0,0.0,0.0,BEVE_JUIC_01,Beverages,Delayed / Missing Inbound Replenishment,13029.96
20260102,29,40,131,68,63,137.08,9321.44,68.0,0.0,BEVE_WATE_10,Beverages,Unforecasted Demand Spike,8636.04
20260102,29,46,138,0,138,32.07,0.0,0.0,0.0,BEVE_JUIC_16,Beverages,Delayed / Missing Inbound Replenishment,4425.66
20260102,29,49,134,29,105,42.3,1226.7,29.0,0.0,BEVE_ENER_19,Beverages,Unforecasted Demand Spike,4441.5
20260102,29,55,140,88,52,76.58,6739.04,88.0,0.0,BEVE_WATE_25,Beverages,Unforecasted Demand Spike,3982.16
20260102,29,74,62,7,55,67.1,469.7,7.0,0.0,SNAC_CHOC_14,Snacks,Unforecasted Demand Spike,3690.5
20260102,29,88,79,32,47,137.62,4403.84,32.0,0.0,SNAC_NAMK_28,Snacks,Unforecasted Demand Spike,6468.14
20260102,29,97,32,27,5,44.34,1197.18,27.0,0.0,PACK_PAST_07,Packaged Foods,Forecast Underestimation & Buffer Shortage,221.7
20260102,29,100,50,0,50,109.11,0.0,0.0,0.0,PACK_READ_10,Packaged Foods,Delayed / Missing Inbound Replenishment,5455.5
20260102,29,101,48,5,43,130.93,654.65,5.0,0.0,PACK_NOOD_11,Packaged Foods,Unforecasted Demand Spike,5629.99
20260102,29,120,43,22,21,117.17,2577.74,22.0,0.0,PACK_READ_30,Packaged Foods,Unforecasted Demand Spike,2460.57
20260102,29,132,116,28,88,94.19,2637.32,28.0,0.0,FRUI_EXOT_12,Fruits & Vegetables,Unforecasted Demand Spike,8288.72
20260102,29,139,105,62,43,82.55,5118.1,62.0,0.0,FRUI_SEAS_19,Fruits & Vegetables,Unforecasted Demand Spike,3549.65
20260102,29,142,85,0,85,64.0,0.0,0.0,0.0,FRUI_EXOT_22,Fruits & Vegetables,Delayed / Missing Inbound Replenishment,5440.0
20260102,29,156,43,30,13,342.35,10270.5,30.0,0.0,STAP_ATTA_06,Staples,Unforecasted Demand Spike,4450.55
20260102,29,177,34,0,34,113.98,0.0,0.0,0.0,STAP_RICE_27,Staples,Delayed / Missing Inbound Replenishment,3875.32
20260102,29,180,45,34,11,325.93,11081.62,35.0,0.0,STAP_SPIC_30,Staples,Unforecasted Demand Spike,3585.23
20260102,29,184,11,0,11,343.84,0.0,0.0,0.0,PERS_SKIN_04,Personal Care,Delayed / Missing Inbound Replenishment,3782.24
20260102,29,187,8,7,1,341.21,2388.47,7.0,0.0,PERS_HAIR_07,Personal Care,Forecast Underestimation & Buffer Shortage,341.21
20260102,29,192,8,2,6,357.65,715.3,2.0,0.0,PERS_HAIR_12,Personal Care,Delayed / Missing Inbound Replenishment,2145.9
20260102,29,195,7,4,3,227.65,910.6,4.0,0.0,PERS_SANI_15,Personal Care,Delayed / Missing Inbound Replenishment,682.95
20260102,29,210,10,8,2,212.16,1697.28,8.0,0.0,PERS_SANI_30,Personal Care,Forecast Underestimation & Buffer Shortage,424.32
20260102,29,214,14,7,7,216.37,1514.59,7.0,0.0,HOUS_DISP_04,Household,Forecast Underestimation & Buffer Shortage,1514.59
20260102,29,215,13,9,4,69.23,623.07,9.0,0.0,HOUS_REPE_05,Household,Forecast Underestimation & Buffer Shortage,276.92
20260102,29,219,17,14,3,246.3,3448.2,14.0,0.0,HOUS_DISP_09,Household,Forecast Underestimation & Buffer Shortage,738.9
20260102,29,233,13,0,13,161.93,0.0,0.0,0.0,HOUS_CLEA_23,Household,Delayed / Missing Inbound Replenishment,2105.09
20260102,29,235,13,7,6,297.9,2085.3,7.0,0.0,HOUS_REPE_25,Household,Forecast Underestimation & Buffer Shortage,1787.4
20260102,29,240,6,1,5,223.75,223.75,1.0,0.0,HOUS_REPE_30,Household,Delayed / Missing Inbound Replenishment,1118.75
20260102,29,243,26,6,20,536.66,3219.96,6.0,0.0,BABY_BABY_03,Baby Care,Forecast Underestimation & Buffer Shortage,10733.2
20260102,29,254,32,18,14,177.66,3197.88,18.0,0.0,BABY_BABY_14,Baby Care,Forecast Underestimation & Buffer Shortage,2487.24
20260102,29,257,50,48,2,338.9,16267.2,48.0,0.0,BABY_DIAP_17,Baby Care,Unforecasted Demand Spike,677.8
20260102,29,271,6,2,4,561.27,1122.54,2.0,0.0,PET _DOG _01,Pet Care,Delayed / Missing Inbound Replenishment,2245.08
20260102,29,274,11,10,1,218.13,2181.3,10.0,0.0,PET _PET _04,Pet Care,Forecast Underestimation & Buffer Shortage,218.13
20260102,29,275,10,9,1,359.71,3237.39,9.0,0.0,PET _DOG _05,Pet Care,Forecast Underestimation & Buffer Shortage,359.71
20260102,29,281,5,4,1,208.33,833.32,4.0,0.0,PET _PET _11,Pet Care,Delayed / Missing Inbound Replenishment,208.33
20260102,29,286,11,8,3,456.83,3654.64,8.0,0.0,PET _PET _16,Pet Care,Forecast Underestimation & Buffer Shortage,1370.49
20260102,29,289,10,1,9,479.06,479.06,1.0,0.0,PET _PET _19,Pet Care,Delayed / Missing Inbound Replenishment,4311.54
20260102,29,293,15,0,15,478.5,0.0,0.0,0.0,PET _PET _23,Pet Care,Delayed / Missing Inbound Replenishment,7177.5
20260102,29,294,7,0,7,77.14,0.0,0.0,0.0,PET _PET _24,Pet Care,Delayed / Missing Inbound Replenishment,539.98
20260102,29,297,19,13,6,129.29,1680.77,13.0,0.0,PET _PET _27,Pet Care,Forecast Underestimation & Buffer Shortage,775.74
20260102,29,299,14,13,1,108.9,1415.7,13.0,0.0,PET _DOG _29,Pet Care,Forecast Underestimation & Buffer Shortage,108.9
20260102,29,300,12,10,2,282.52,2825.2,10.0,0.0,PET _CAT _30,Pet Care,Forecast Underestimation & Buffer Shortage,565.04
20260102,30,8,68,44,24,138.28,6084.32,44.0,0.0,DAIR_BUTT_08,Dairy,Unforecasted Demand Spike,3318.72
20260102,30,9,36,27,9,167.11,4511.97,27.0,0.0,DAIR_CHEE_09,Dairy,Forecast Underestimation & Buffer Shortage,1503.99
20260102,30,16,41,28,13,137.79,3858.12,28.0,0.0,DAIR_MILK_16,Dairy,Unforecasted Demand Spike,1791.27
20260102,30,18,35,23,12,203.24,4674.52,23.0,0.0,DAIR_BUTT_18,Dairy,Forecast Underestimation & Buffer Shortage,2438.88
20260102,30,41,70,4,66,104.58,418.32,6.0,0.0,BEVE_JUIC_11,Beverages,Unforecasted Demand Spike,6902.28
20260102,30,107,18,13,5,60.31,784.03,13.0,0.0,PACK_PAST_17,Packaged Foods,Forecast Underestimation & Buffer Shortage,301.55
20260102,30,173,19,9,10,69.06,621.54,9.0,0.0,STAP_DALS_23,Staples,Forecast Underestimation & Buffer Shortage,690.6
20260102,30,184,6,3,3,343.84,1031.52,3.0,0.0,PERS_SKIN_04,Personal Care,Delayed / Missing Inbound Replenishment,1031.52
20260102,30,187,5,2,3,341.21,682.42,2.0,0.0,PERS_HAIR_07,Personal Care,Delayed / Missing Inbound Replenishment,1023.63
20260102,30,238,9,6,3,172.48,1034.88,6.0,0.0,HOUS_CLEA_28,Household,Forecast Underestimation & Buffer Shortage,517.44
20260102,30,243,18,15,3,536.66,8049.9,15.0,0.0,BABY_BABY_03,Baby Care,Forecast Underestimation & Buffer Shortage,1609.98
20260102,30,259,14,5,9,361.83,1809.15,5.0,0.0,BABY_BABY_19,Baby Care,Forecast Underestimation & Buffer Shortage,3256.47
20260102,30,274,7,6,1,218.13,1308.78,6.0,0.0,PET _PET _04,Pet Care,Forecast Underestimation & Buffer Shortage,218.13
20260102,30,277,6,2,4,232.44,464.88,2.0,0.0,PET _PET _07,Pet Care,Delayed / Missing Inbound Replenishment,929.76
20260102,30,289,6,5,1,479.06,2395.3,5.0,0.0,PET _PET _19,Pet Care,Forecast Underestimation & Buffer Shortage,479.06
20260102,31,4,68,34,34,63.86,2171.24,34.0,0.0,DAIR_CHEE_04,Dairy,Unforecasted Demand Spike,2171.24
20260102,31,29,41,20,21,229.45,4589.0,20.0,0.0,DAIR_CHEE_29,Dairy,Unforecasted Demand Spike,4818.45
20260102,31,40,90,24,66,137.08,3289.92,24.0,0.0,BEVE_WATE_10,Beverages,Unforecasted Demand Spike,9047.28
20260102,31,41,76,57,19,104.58,5961.06,57.0,0.0,BEVE_JUIC_11,Beverages,Unforecasted Demand Spike,1987.02
20260102,31,46,96,42,54,32.07,1346.94,42.0,0.0,BEVE_JUIC_16,Beverages,Unforecasted Demand Spike,1731.78
20260102,31,51,56,33,23,82.5,2722.5,33.0,0.0,BEVE_JUIC_21,Beverages,Unforecasted Demand Spike,1897.5
20260102,31,59,55,13,42,48.81,634.53,13.0,0.0,BEVE_ENER_29,Beverages,Unforecasted Demand Spike,2050.02
20260102,31,79,57,29,28,110.76,3212.04,29.0,0.0,SNAC_CHOC_19,Snacks,Unforecasted Demand Spike,3101.28
20260102,31,85,33,17,16,172.15,2926.55,17.0,0.0,SNAC_NUTS_25,Snacks,Forecast Underestimation & Buffer Shortage,2754.4
20260102,31,86,40,38,2,113.54,4314.52,38.0,0.0,SNAC_CHIP_26,Snacks,Forecast Underestimation & Buffer Shortage,227.08
20260102,31,135,58,31,27,112.02,3472.62,31.0,0.0,FRUI_CUT _15,Fruits & Vegetables,Unforecasted Demand Spike,3024.54
20260102,31,173,18,8,10,69.06,552.48,8.0,0.0,STAP_DALS_23,Staples,Forecast Underestimation & Buffer Shortage,690.6
20260102,31,180,32,19,13,325.93,6192.67,19.0,0.0,STAP_SPIC_30,Staples,Forecast Underestimation & Buffer Shortage,4237.09
20260102,31,214,13,12,1,216.37,2596.44,12.0,0.0,HOUS_DISP_04,Household,Forecast Underestimation & Buffer Shortage,216.37
20260102,31,215,9,4,5,69.23,276.92,4.0,0.0,HOUS_REPE_05,Household,Delayed / Missing Inbound Replenishment,346.15
20260102,31,225,6,2,4,127.69,255.38,2.0,0.0,HOUS_REPE_15,Household,Delayed / Missing Inbound Replenishment,510.76
20260102,31,231,6,3,3,259.78,779.34,3.0,0.0,HOUS_DETE_21,Household,Delayed / Missing Inbound Replenishment,779.34
20260102,31,243,14,8,6,536.66,4293.28,8.0,0.0,BABY_BABY_03,Baby Care,Forecast Underestimation & Buffer Shortage,3219.96
20260102,31,276,9,4,5,419.68,1678.72,4.0,0.0,PET _CAT _06,Pet Care,Delayed / Missing Inbound Replenishment,2098.4
20260102,31,278,8,5,3,408.17,2040.85,5.0,0.0,PET _PET _08,Pet Care,Forecast Underestimation & Buffer Shortage,1224.51
20260102,31,290,4,3,1,240.2,720.6,3.0,0.0,PET _PET _20,Pet Care,Delayed / Missing Inbound Replenishment,240.2
20260102,31,297,14,12,2,129.29,1551.48,12.0,0.0,PET _PET _27,Pet Care,Forecast Underestimation & Buffer Shortage,258.58
20260102,32,28,38,23,15,39.17,900.91,23.0,0.0,DAIR_BUTT_28,Dairy,Forecast Underestimation & Buffer Shortage,587.55
20260102,32,41,75,21,54,104.58,2196.18,21.0,0.0,BEVE_JUIC_11,Beverages,Unforecasted Demand Spike,5647.32
20260102,32,50,53,9,44,119.26,1073.34,9.0,0.0,BEVE_WATE_20,Beverages,Unforecasted Demand Spike,5247.44
20260102,32,60,51,20,31,146.5,2930.0,20.0,0.0,BEVE_WATE_30,Beverages,Unforecasted Demand Spike,4541.5
20260102,32,72,53,49,4,171.81,8418.69,49.0,0.0,SNAC_BISC_12,Snacks,Unforecasted Demand Spike,687.24
20260102,32,90,63,21,42,177.61,3729.81,21.0,0.0,SNAC_NUTS_30,Snacks,Unforecasted Demand Spike,7459.62
20260102,32,121,65,47,18,26.81,1260.07,47.0,0.0,FRUI_FRES_01,Fruits & Vegetables,Unforecasted Demand Spike,482.58
20260102,32,122,65,35,30,111.96,3918.6,37.0,0.0,FRUI_EXOT_02,Fruits & Vegetables,Unforecasted Demand Spike,3358.8
20260102,32,162,36,15,21,185.02,2775.3,15.0,0.0,STAP_RICE_12,Staples,Forecast Underestimation & Buffer Shortage,3885.42
20260102,32,173,18,7,11,69.06,483.42,7.0,0.0,STAP_DALS_23,Staples,Forecast Underestimation & Buffer Shortage,759.66
20260102,32,197,9,6,3,102.01,612.06,6.0,0.0,PERS_HAIR_17,Personal Care,Forecast Underestimation & Buffer Shortage,306.03
20260102,32,210,7,6,1,212.16,1272.96,6.0,0.0,PERS_SANI_30,Personal Care,Forecast Underestimation & Buffer Shortage,212.16
20260102,32,256,30,11,19,441.88,4860.68,11.0,0.0,BABY_BABY_16,Baby Care,Forecast Underestimation & Buffer Shortage,8395.72
20260102,32,262,63,45,18,373.45,16805.25,45.0,0.0,BABY_BABY_22,Baby Care,Unforecasted Demand Spike,6722.1
20260102,32,263,22,14,8,388.6,5440.4,14.0,0.0,BABY_BABY_23,Baby Care,Forecast Underestimation & Buffer Shortage,3108.8
20260102,32,275,9,6,3,359.71,2158.26,6.0,0.0,PET _DOG _05,Pet Care,Forecast Underestimation & Buffer Shortage,1079.13
20260102,32,280,10,7,3,252.36,1766.52,7.0,0.0,PET _CAT _10,Pet Care,Forecast Underestimation & Buffer Shortage,757.08
20260102,32,282,5,4,1,378.42,1513.68,4.0,0.0,PET _PET _12,Pet Care,Delayed / Missing Inbound Replenishment,378.42
20260102,33,17,49,32,17,108.57,3474.24,32.0,0.0,DAIR_CURD_17,Dairy,Unforecasted Demand Spike,1845.69
20260102,33,36,49,17,32,97.34,1654.78,17.0,0.0,BEVE_JUIC_06,Beverages,Unforecasted Demand Spike,3114.88
20260102,33,44,52,51,1,94.2,4804.2,51.0,0.0,BEVE_ENER_14,Beverages,Unforecasted Demand Spike,94.2
20260102,33,58,65,41,24,99.9,4095.9,41.0,0.0,BEVE_TEA _28,Beverages,Unforecasted Demand Spike,2397.6
20260102,33,86,29,22,7,113.54,2497.88,22.0,0.0,SNAC_CHIP_26,Snacks,Forecast Underestimation & Buffer Shortage,794.78
20260102,33,120,21,16,5,117.17,1874.72,16.0,0.0,PACK_READ_30,Packaged Foods,Forecast Underestimation & Buffer Shortage,585.85
20260102,33,154,20,13,7,215.59,2802.67,13.0,0.0,STAP_EDIB_04,Staples,Forecast Underestimation & Buffer Shortage,1509.13
20260102,33,194,11,9,2,365.21,3286.89,9.0,0.0,PERS_SKIN_14,Personal Care,Forecast Underestimation & Buffer Shortage,730.42
20260102,33,197,7,6,1,102.01,612.06,6.0,0.0,PERS_HAIR_17,Personal Care,Forecast Underestimation & Buffer Shortage,102.01
20260102,33,199,4,3,1,251.52,754.56,3.0,0.0,PERS_SKIN_19,Personal Care,Delayed / Missing Inbound Replenishment,251.52
20260102,33,208,9,8,1,249.0,1992.0,8.0,0.0,PERS_ORAL_28,Personal Care,Forecast Underestimation & Buffer Shortage,249.0
20260102,33,217,5,3,2,275.5,826.5,3.0,0.0,HOUS_DISH_07,Household,Delayed / Missing Inbound Replenishment,551.0
20260102,33,236,8,4,4,87.59,350.36,4.0,0.0,HOUS_DETE_26,Household,Delayed / Missing Inbound Replenishment,350.36
20260102,33,250,17,16,1,204.07,3265.12,16.0,0.0,BABY_BABY_10,Baby Care,Forecast Underestimation & Buffer Shortage,204.07
20260102,33,271,4,3,1,561.27,1683.81,3.0,0.0,PET _DOG _01,Pet Care,Delayed / Missing Inbound Replenishment,561.27
20260102,33,289,8,6,2,479.06,2874.36,6.0,0.0,PET _PET _19,Pet Care,Forecast Underestimation & Buffer Shortage,958.12
20260102,33,293,10,6,4,478.5,2871.0,6.0,0.0,PET _PET _23,Pet Care,Forecast Underestimation & Buffer Shortage,1914.0
20260102,34,21,75,36,39,59.48,2141.28,36.0,0.0,DAIR_MILK_21,Dairy,Unforecasted Demand Spike,2319.72
20260102,34,24,77,50,27,103.72,5186.0,50.0,0.0,DAIR_CHEE_24,Dairy,Unforecasted Demand Spike,2800.44
20260102,34,28,35,20,15,39.17,783.4,20.0,0.0,DAIR_BUTT_28,Dairy,Forecast Underestimation & Buffer Shortage,587.55
20260102,34,31,93,43,50,94.42,4060.06,43.0,0.0,BEVE_JUIC_01,Beverages,Unforecasted Demand Spike,4721.0
20260102,34,46,111,15,96,32.07,481.05,15.0,0.0,BEVE_JUIC_16,Beverages,Unforecasted Demand Spike,3078.72
20260102,34,51,61,0,61,82.5,0.0,0.0,0.0,BEVE_JUIC_21,Beverages,Delayed / Missing Inbound Replenishment,5032.5
20260102,34,58,85,76,9,99.9,7592.4,76.0,0.0,BEVE_TEA _28,Beverages,Unforecasted Demand Spike,899.1
20260102,34,65,68,18,50,134.26,2416.68,18.0,0.0,SNAC_NUTS_05,Snacks,Unforecasted Demand Spike,6713.0
20260102,34,79,68,67,1,110.76,7420.92,67.0,0.0,SNAC_CHOC_19,Snacks,Unforecasted Demand Spike,110.76
20260102,34,104,38,17,21,98.3,1671.1,17.0,0.0,PACK_BREA_14,Packaged Foods,Forecast Underestimation & Buffer Shortage,2064.3
20260102,34,114,70,38,32,58.62,2227.56,38.0,0.0,PACK_BREA_24,Packaged Foods,Unforecasted Demand Spike,1875.84
20260102,34,164,17,13,4,366.94,4770.22,13.0,0.0,STAP_EDIB_14,Staples,Forecast Underestimation & Buffer Shortage,1467.76
20260102,34,197,9,5,4,102.01,510.05,5.0,0.0,PERS_HAIR_17,Personal Care,Forecast Underestimation & Buffer Shortage,408.04
20260102,34,215,9,3,6,69.23,207.69,3.0,0.0,HOUS_REPE_05,Household,Delayed / Missing Inbound Replenishment,415.38
20260102,34,221,8,4,4,209.6,838.4,4.0,0.0,HOUS_DETE_11,Household,Delayed / Missing Inbound Replenishment,838.4
20260102,34,227,4,1,3,254.28,254.28,1.0,0.0,HOUS_DISH_17,Household,Delayed / Missing Inbound Replenishment,762.84
20260102,34,240,4,3,1,223.75,671.25,3.0,0.0,HOUS_REPE_30,Household,Delayed / Missing Inbound Replenishment,223.75
20260102,34,241,32,9,23,535.8,4822.2,9.0,0.0,BABY_DIAP_01,Baby Care,Forecast Underestimation & Buffer Shortage,12323.4
20260102,34,248,24,14,10,475.65,6659.1,15.0,0.0,BABY_BABY_08,Baby Care,Forecast Underestimation & Buffer Shortage,4756.5
20260102,34,253,26,13,13,319.63,4155.19,13.0,0.0,BABY_DIAP_13,Baby Care,Forecast Underestimation & Buffer Shortage,4155.19
20260102,34,277,5,3,2,232.44,697.32,3.0,0.0,PET _PET _07,Pet Care,Delayed / Missing Inbound Replenishment,464.88
20260102,34,285,7,3,4,503.9,1511.7,3.0,0.0,PET _PET _15,Pet Care,Delayed / Missing Inbound Replenishment,2015.6
20260102,35,11,63,6,57,214.92,1289.52,6.0,0.0,DAIR_MILK_11,Dairy,Unforecasted Demand Spike,12250.44
20260102,35,18,39,4,35,203.24,812.96,4.0,0.0,DAIR_BUTT_18,Dairy,Delayed / Missing Inbound Replenishment,7113.4
20260102,35,19,88,50,38,189.48,9474.0,50.0,0.0,DAIR_CHEE_19,Dairy,Unforecasted Demand Spike,7200.24
20260102,35,28,37,33,4,39.17,1292.61,33.0,0.0,DAIR_BUTT_28,Dairy,Forecast Underestimation & Buffer Shortage,156.68
20260102,35,38,89,75,14,48.32,3624.0,75.0,0.0,BEVE_TEA _08,Beverages,Unforecasted Demand Spike,676.48
20260102,35,47,82,13,69,107.14,1392.82,13.0,0.0,BEVE_COLD_17,Beverages,Unforecasted Demand Spike,7392.66
20260102,35,49,99,16,83,42.3,676.8,16.0,0.0,BEVE_ENER_19,Beverages,Unforecasted Demand Spike,3510.9
20260102,35,63,68,47,21,157.5,7402.5,47.0,0.0,SNAC_NAMK_03,Snacks,Unforecasted Demand Spike,3307.5
20260102,35,79,72,35,37,110.76,3876.6,35.0,0.0,SNAC_CHOC_19,Snacks,Unforecasted Demand Spike,4098.12
20260102,35,111,28,7,21,148.4,1038.8,7.0,0.0,PACK_NOOD_21,Packaged Foods,Forecast Underestimation & Buffer Shortage,3116.4
20260102,35,126,64,11,53,64.66,711.26,11.0,0.0,FRUI_FRES_06,Fruits & Vegetables,Unforecasted Demand Spike,3426.98
20260102,35,143,90,23,67,48.33,1111.59,23.0,0.0,FRUI_DAIL_23,Fruits & Vegetables,Unforecasted Demand Spike,3238.11
20260102,35,173,22,20,2,69.06,1381.2,20.0,0.0,STAP_DALS_23,Staples,Forecast Underestimation & Buffer Shortage,138.12
20260102,35,180,33,9,24,325.93,2933.37,9.0,0.0,STAP_SPIC_30,Staples,Forecast Underestimation & Buffer Shortage,7822.32
20260102,35,197,9,5,4,102.01,510.05,5.0,0.0,PERS_HAIR_17,Personal Care,Forecast Underestimation & Buffer Shortage,408.04
20260102,35,212,7,1,6,148.46,148.46,1.0,0.0,HOUS_DISH_02,Household,Delayed / Missing Inbound Replenishment,890.76
20260102,35,219,11,6,5,246.3,1477.8,6.0,0.0,HOUS_DISP_09,Household,Forecast Underestimation & Buffer Shortage,1231.5
20260102,35,231,5,0,5,259.78,0.0,2.0,0.0,HOUS_DETE_21,Household,Delayed / Missing Inbound Replenishment,1298.9
20260102,35,248,25,21,4,475.65,9988.65,21.0,0.0,BABY_BABY_08,Baby Care,Forecast Underestimation & Buffer Shortage,1902.6
20260102,35,249,24,12,12,500.22,6002.64,12.0,0.0,BABY_DIAP_09,Baby Care,Forecast Underestimation & Buffer Shortage,6002.64
20260102,35,263,26,6,20,388.6,2331.6,6.0,0.0,BABY_BABY_23,Baby Care,Forecast Underestimation & Buffer Shortage,7772.0
20260102,35,276,9,6,3,419.68,2518.08,6.0,0.0,PET _CAT _06,Pet Care,Forecast Underestimation & Buffer Shortage,1259.04
20260102,35,282,6,3,3,378.42,1135.26,3.0,0.0,PET _PET _12,Pet Care,Delayed / Missing Inbound Replenishment,1135.26
20260102,36,9,31,23,8,167.11,3843.53,23.0,0.0,DAIR_CHEE_09,Dairy,Forecast Underestimation & Buffer Shortage,1336.88
20260102,36,23,65,48,17,57.13,2742.24,48.0,0.0,DAIR_BUTT_23,Dairy,Unforecasted Demand Spike,971.21
20260102,36,54,67,36,31,85.37,3073.32,36.0,0.0,BEVE_ENER_24,Beverages,Unforecasted Demand Spike,2646.47
20260102,36,58,65,56,9,99.9,5594.4,56.0,0.0,BEVE_TEA _28,Beverages,Unforecasted Demand Spike,899.1
20260102,36,168,24,19,5,166.75,3168.25,19.0,0.0,STAP_DALS_18,Staples,Forecast Underestimation & Buffer Shortage,833.75
20260102,36,232,6,4,2,162.1,648.4,4.0,0.0,HOUS_DISH_22,Household,Delayed / Missing Inbound Replenishment,324.2
20260102,36,243,17,13,4,536.66,6976.58,13.0,0.0,BABY_BABY_03,Baby Care,Forecast Underestimation & Buffer Shortage,2146.64
20260102,36,289,6,3,3,479.06,1437.18,3.0,0.0,PET _PET _19,Pet Care,Delayed / Missing Inbound Replenishment,1437.18
20260102,37,16,45,42,3,137.79,5787.18,42.0,0.0,DAIR_MILK_16,Dairy,Unforecasted Demand Spike,413.37
20260102,37,36,56,33,23,97.34,3212.22,33.0,0.0,BEVE_JUIC_06,Beverages,Unforecasted Demand Spike,2238.82
20260102,37,39,55,49,6,95.49,4679.01,49.0,0.0,BEVE_ENER_09,Beverages,Unforecasted Demand Spike,572.94
20260102,37,48,55,21,34,54.7,1148.7,21.0,0.0,BEVE_TEA _18,Beverages,Unforecasted Demand Spike,1859.8
20260102,37,68,41,36,5,178.74,6434.64,36.0,0.0,SNAC_NAMK_08,Snacks,Unforecasted Demand Spike,893.7
20260102,37,90,55,49,6,177.61,8702.89,49.0,0.0,SNAC_NUTS_30,Snacks,Unforecasted Demand Spike,1065.66
20260102,37,101,32,18,14,130.93,2356.74,18.0,0.0,PACK_NOOD_11,Packaged Foods,Forecast Underestimation & Buffer Shortage,1833.02
20260102,37,106,26,24,2,210.34,5048.16,24.0,0.0,PACK_NOOD_16,Packaged Foods,Forecast Underestimation & Buffer Shortage,420.68
20260102,37,120,30,8,22,117.17,937.36,8.0,0.0,PACK_READ_30,Packaged Foods,Forecast Underestimation & Buffer Shortage,2577.74
20260102,37,227,5,2,3,254.28,508.56,2.0,0.0,HOUS_DISH_17,Household,Delayed / Missing Inbound Replenishment,762.84
20260102,37,297,12,10,2,129.29,1292.9,10.0,0.0,PET _PET _27,Pet Care,Forecast Underestimation & Buffer Shortage,258.58
20260102,38,44,56,15,41,94.2,1413.0,15.0,0.0,BEVE_ENER_14,Beverages,Unforecasted Demand Spike,3862.2
20260102,38,47,63,60,3,107.14,6428.4,60.0,0.0,BEVE_COLD_17,Beverages,Unforecasted Demand Spike,321.42
20260102,38,48,63,21,42,54.7,1148.7,21.0,0.0,BEVE_TEA _18,Beverages,Unforecasted Demand Spike,2297.4
20260102,38,49,83,70,13,42.3,2961.0,70.0,0.0,BEVE_ENER_19,Beverages,Unforecasted Demand Spike,549.9
20260102,38,82,48,30,18,163.96,4918.8,30.0,0.0,SNAC_BISC_22,Snacks,Unforecasted Demand Spike,2951.28
20260102,38,97,17,9,8,44.34,399.06,9.0,0.0,PACK_PAST_07,Packaged Foods,Forecast Underestimation & Buffer Shortage,354.72
20260102,38,133,55,50,5,89.15,4457.5,50.0,0.0,FRUI_DAIL_13,Fruits & Vegetables,Unforecasted Demand Spike,445.75
20260102,38,156,26,20,6,342.35,6847.0,20.0,0.0,STAP_ATTA_06,Staples,Forecast Underestimation & Buffer Shortage,2054.1
20260102,38,169,19,13,6,312.03,4056.39,13.0,0.0,STAP_EDIB_19,Staples,Forecast Underestimation & Buffer Shortage,1872.18
20260102,38,209,5,3,2,108.95,326.85,3.0,0.0,PERS_SKIN_29,Personal Care,Delayed / Missing Inbound Replenishment,217.9
20260102,38,218,4,3,1,72.52,217.56,3.0,0.0,HOUS_CLEA_08,Household,Delayed / Missing Inbound Replenishment,72.52
20260102,38,228,7,5,2,213.73,1068.65,5.0,0.0,HOUS_CLEA_18,Household,Forecast Underestimation & Buffer Shortage,427.46
20260102,38,236,9,5,4,87.59,437.95,5.0,0.0,HOUS_DETE_26,Household,Forecast Underestimation & Buffer Shortage,350.36
20260102,38,248,20,17,3,475.65,8086.05,17.0,0.0,BABY_BABY_08,Baby Care,Forecast Underestimation & Buffer Shortage,1426.95
20260102,38,253,22,15,7,319.63,4794.45,15.0,0.0,BABY_DIAP_13,Baby Care,Forecast Underestimation & Buffer Shortage,2237.41
20260102,38,276,7,4,3,419.68,1678.72,4.0,0.0,PET _CAT _06,Pet Care,Delayed / Missing Inbound Replenishment,1259.04
20260102,39,12,95,59,36,143.6,8472.4,59.0,0.0,DAIR_CURD_12,Dairy,Unforecasted Demand Spike,5169.6
20260102,39,22,60,48,12,53.74,2579.52,48.0,0.0,DAIR_CURD_22,Dairy,Unforecasted Demand Spike,644.88
20260102,39,24,103,90,13,103.72,9334.8,90.0,0.0,DAIR_CHEE_24,Dairy,Unforecasted Demand Spike,1348.36
20260102,39,25,91,44,47,185.79,8174.76,44.0,0.0,DAIR_PANE_25,Dairy,Unforecasted Demand Spike,8732.13
20260102,39,31,125,72,53,94.42,6798.24,72.0,0.0,BEVE_JUIC_01,Beverages,Unforecasted Demand Spike,5004.26
20260102,39,44,79,8,71,94.2,753.6,8.0,0.0,BEVE_ENER_14,Beverages,Unforecasted Demand Spike,6688.2
20260102,39,46,127,0,127,32.07,0.0,0.0,0.0,BEVE_JUIC_16,Beverages,Delayed / Missing Inbound Replenishment,4072.89
20260102,39,48,82,81,1,54.7,4430.7,81.0,0.0,BEVE_TEA _18,Beverages,Unforecasted Demand Spike,54.7
20260102,39,54,114,33,81,85.37,2817.21,33.0,0.0,BEVE_ENER_24,Beverages,Unforecasted Demand Spike,6914.97
20260102,39,58,105,0,105,99.9,0.0,0.0,0.0,BEVE_TEA _28,Beverages,Delayed / Missing Inbound Replenishment,10489.5
20260102,39,60,62,0,62,146.5,0.0,0.0,0.0,BEVE_WATE_30,Beverages,Delayed / Missing Inbound Replenishment,9083.0
20260102,39,73,94,27,67,92.13,2487.51,27.0,0.0,SNAC_NAMK_13,Snacks,Unforecasted Demand Spike,6172.71
20260102,39,74,54,37,17,67.1,2482.7,37.0,0.0,SNAC_CHOC_14,Snacks,Unforecasted Demand Spike,1140.7
20260102,39,75,43,20,23,85.91,1718.2,20.0,0.0,SNAC_NUTS_15,Snacks,Unforecasted Demand Spike,1975.93
20260102,39,91,21,15,6,240.18,3602.7,15.0,0.0,PACK_NOOD_01,Packaged Foods,Forecast Underestimation & Buffer Shortage,1441.08
20260102,39,97,25,5,20,44.34,221.7,5.0,0.0,PACK_PAST_07,Packaged Foods,Forecast Underestimation & Buffer Shortage,886.8
20260102,39,114,36,31,5,58.62,1817.22,31.0,0.0,PACK_BREA_24,Packaged Foods,Forecast Underestimation & Buffer Shortage,293.1
20260102,39,122,87,35,52,111.96,3918.6,35.0,0.0,FRUI_EXOT_02,Fruits & Vegetables,Unforecasted Demand Spike,5821.92
20260102,39,127,63,33,30,116.97,3860.01,33.0,0.0,FRUI_EXOT_07,Fruits & Vegetables,Unforecasted Demand Spike,3509.1
20260102,39,132,104,41,63,94.19,3861.79,41.0,0.0,FRUI_EXOT_12,Fruits & Vegetables,Unforecasted Demand Spike,5933.97
20260102,39,133,83,37,46,89.15,3298.55,37.0,0.0,FRUI_DAIL_13,Fruits & Vegetables,Unforecasted Demand Spike,4100.9
20260102,39,135,79,64,15,112.02,7169.28,64.0,0.0,FRUI_CUT _15,Fruits & Vegetables,Unforecasted Demand Spike,1680.3
20260102,39,142,78,24,54,64.0,1536.0,25.0,0.0,FRUI_EXOT_22,Fruits & Vegetables,Unforecasted Demand Spike,3456.0
20260102,39,154,31,23,8,215.59,4958.57,23.0,0.0,STAP_EDIB_04,Staples,Forecast Underestimation & Buffer Shortage,1724.72
20260102,39,176,17,8,9,283.47,2267.76,8.0,0.0,STAP_ATTA_26,Staples,Forecast Underestimation & Buffer Shortage,2551.23
20260102,39,189,14,12,2,124.58,1494.96,12.0,0.0,PERS_SKIN_09,Personal Care,Forecast Underestimation & Buffer Shortage,249.16
20260102,39,206,5,4,1,99.42,397.68,4.0,0.0,PERS_SOAP_26,Personal Care,Delayed / Missing Inbound Replenishment,99.42
20260102,39,209,5,4,1,108.95,435.8,4.0,0.0,PERS_SKIN_29,Personal Care,Delayed / Missing Inbound Replenishment,108.95
20260102,39,210,8,1,7,212.16,212.16,1.0,0.0,PERS_SANI_30,Personal Care,Delayed / Missing Inbound Replenishment,1485.12
20260102,39,216,13,11,2,208.26,2290.86,11.0,0.0,HOUS_DETE_06,Household,Forecast Underestimation & Buffer Shortage,416.52
20260102,39,218,6,5,1,72.52,362.6,5.0,0.0,HOUS_CLEA_08,Household,Forecast Underestimation & Buffer Shortage,72.52
20260102,39,227,5,4,1,254.28,1017.12,4.0,0.0,HOUS_DISH_17,Household,Delayed / Missing Inbound Replenishment,254.28
20260102,39,242,41,24,17,531.47,12755.28,24.0,0.0,BABY_BABY_02,Baby Care,Unforecasted Demand Spike,9034.99
20260102,39,259,17,16,1,361.83,5789.28,16.0,0.0,BABY_BABY_19,Baby Care,Forecast Underestimation & Buffer Shortage,361.83
20260102,39,275,11,0,11,359.71,0.0,,,PET _DOG _05,Pet Care,Forecast Underestimation & Buffer Shortage,3956.81
20260102,40,8,86,55,31,138.28,7605.4,55.0,0.0,DAIR_BUTT_08,Dairy,Unforecasted Demand Spike,4286.68
20260102,40,12,99,52,47,143.6,7467.2,52.0,0.0,DAIR_CURD_12,Dairy,Unforecasted Demand Spike,6749.2
20260102,40,21,81,65,16,59.48,3866.2,65.0,0.0,DAIR_MILK_21,Dairy,Unforecasted Demand Spike,951.68
20260102,40,25,85,37,48,185.79,6874.23,37.0,0.0,DAIR_PANE_25,Dairy,Unforecasted Demand Spike,8917.92
20260102,40,26,49,29,20,78.21,2268.09,29.0,0.0,DAIR_MILK_26,Dairy,Unforecasted Demand Spike,1564.2
20260102,40,48,73,46,27,54.7,2516.2,46.0,0.0,BEVE_TEA _18,Beverages,Unforecasted Demand Spike,1476.9
20260102,40,63,73,46,27,157.5,7245.0,46.0,0.0,SNAC_NAMK_03,Snacks,Unforecasted Demand Spike,4252.5
20260102,40,69,37,5,32,49.81,249.05,5.0,0.0,SNAC_CHOC_09,Snacks,Forecast Underestimation & Buffer Shortage,1593.92
20260102,40,86,46,5,41,113.54,567.7,5.0,0.0,SNAC_CHIP_26,Snacks,Unforecasted Demand Spike,4655.14
20260102,40,119,26,14,12,117.5,1645.0,14.0,0.0,PACK_BREA_29,Packaged Foods,Forecast Underestimation & Buffer Shortage,1410.0
20260102,40,171,27,11,16,329.23,3621.53,11.0,0.0,STAP_ATTA_21,Staples,Forecast Underestimation & Buffer Shortage,5267.68
20260102,40,174,40,4,36,511.67,2046.68,4.0,0.0,STAP_EDIB_24,Staples,Delayed / Missing Inbound Replenishment,18420.12
20260102,40,179,38,15,23,497.99,7469.85,17.0,0.0,STAP_EDIB_29,Staples,Forecast Underestimation & Buffer Shortage,11453.77
20260102,40,195,6,1,5,227.65,227.65,1.0,0.0,PERS_SANI_15,Personal Care,Delayed / Missing Inbound Replenishment,1138.25
20260102,40,201,12,8,4,193.23,1545.84,8.0,0.0,PERS_SOAP_21,Personal Care,Forecast Underestimation & Buffer Shortage,772.92
20260102,40,253,28,20,8,319.63,6392.6,20.0,0.0,BABY_DIAP_13,Baby Care,Forecast Underestimation & Buffer Shortage,2557.04
20260102,40,266,20,16,4,106.13,1698.08,16.0,0.0,BABY_BABY_26,Baby Care,Forecast Underestimation & Buffer Shortage,424.52
20260102,40,275,10,9,1,359.71,3237.39,9.0,0.0,PET _DOG _05,Pet Care,Forecast Underestimation & Buffer Shortage,359.71
20260102,40,277,8,5,3,232.44,1162.2,5.0,0.0,PET _PET _07,Pet Care,Forecast Underestimation & Buffer Shortage,697.32
20260102,40,287,5,4,1,342.13,1368.52,4.0,0.0,PET _DOG _17,Pet Care,Delayed / Missing Inbound Replenishment,342.13
20260102,40,297,13,10,3,129.29,1292.9,10.0,0.0,PET _PET _27,Pet Care,Forecast Underestimation & Buffer Shortage,387.87
20260103,1,16,60,33,27,137.79,4547.07,33.0,0.0,DAIR_MILK_16,Dairy,Unforecasted Demand Spike,3720.33
20260103,1,26,57,23,34,78.21,1798.83,23.0,0.0,DAIR_MILK_26,Dairy,Unforecasted Demand Spike,2659.14
20260103,1,35,114,113,1,158.37,17895.81,113.0,0.0,BEVE_WATE_05,Beverages,Unforecasted Demand Spike,158.37
20260103,1,41,107,102,5,104.58,10667.16,102.0,0.0,BEVE_JUIC_11,Beverages,Unforecasted Demand Spike,522.9
20260103,1,44,87,33,54,94.2,3108.6,33.0,0.0,BEVE_ENER_14,Beverages,Unforecasted Demand Spike,5086.8
20260103,1,50,80,0,80,119.26,0.0,0.0,0.0,BEVE_WATE_20,Beverages,Delayed / Missing Inbound Replenishment,9540.8
20260103,1,59,73,0,73,48.81,0.0,0.0,0.0,BEVE_ENER_29,Beverages,Delayed / Missing Inbound Replenishment,3563.13
20260103,1,60,71,0,71,146.5,0.0,0.0,0.0,BEVE_WATE_30,Beverages,Delayed / Missing Inbound Replenishment,10401.5
20260103,1,75,45,0,45,85.91,0.0,0.0,0.0,SNAC_NUTS_15,Snacks,Delayed / Missing Inbound Replenishment,3865.95
20260103,1,113,31,25,6,200.74,5018.5,25.0,0.0,PACK_SAUC_23,Packaged Foods,Forecast Underestimation & Buffer Shortage,1204.44
20260103,1,123,52,0,52,81.34,0.0,0.0,0.0,FRUI_DAIL_03,Fruits & Vegetables,Delayed / Missing Inbound Replenishment,4229.68
20260103,1,153,27,4,23,262.16,1048.64,4.0,0.0,STAP_DALS_03,Staples,Delayed / Missing Inbound Replenishment,6029.68
20260103,1,155,19,0,19,443.45,0.0,0.0,0.0,STAP_SPIC_05,Staples,Delayed / Missing Inbound Replenishment,8425.55
20260103,1,163,25,17,8,338.27,5750.59,17.0,0.0,STAP_DALS_13,Staples,Forecast Underestimation & Buffer Shortage,2706.16
20260103,1,164,21,0,21,366.94,0.0,0.0,0.0,STAP_EDIB_14,Staples,Delayed / Missing Inbound Replenishment,7705.74
20260103,1,169,35,32,3,312.03,9984.96,32.0,0.0,STAP_EDIB_19,Staples,Forecast Underestimation & Buffer Shortage,936.09
20260103,1,171,27,25,2,329.23,8230.75,25.0,0.0,STAP_ATTA_21,Staples,Forecast Underestimation & Buffer Shortage,658.46
20260103,1,173,28,20,8,69.06,1381.2,20.0,0.0,STAP_DALS_23,Staples,Forecast Underestimation & Buffer Shortage,552.48
20260103,1,187,11,9,2,341.21,3070.89,9.0,0.0,PERS_HAIR_07,Personal Care,Forecast Underestimation & Buffer Shortage,682.42
20260103,1,192,7,3,4,357.65,1072.95,3.0,0.0,PERS_HAIR_12,Personal Care,Delayed / Missing Inbound Replenishment,1430.6
20260103,1,195,6,0,6,227.65,0.0,0.0,0.0,PERS_SANI_15,Personal Care,Delayed / Missing Inbound Replenishment,1365.9
20260103,1,199,7,2,5,251.52,503.04,2.0,0.0,PERS_SKIN_19,Personal Care,Delayed / Missing Inbound Replenishment,1257.6
20260103,1,204,5,1,4,199.5,199.5,1.0,0.0,PERS_SKIN_24,Personal Care,Delayed / Missing Inbound Replenishment,798.0
20260103,1,207,8,0,8,160.21,0.0,0.0,0.0,PERS_HAIR_27,Personal Care,Delayed / Missing Inbound Replenishment,1281.68
20260103,1,209,7,1,6,108.95,108.95,1.0,0.0,PERS_SKIN_29,Personal Care,Delayed / Missing Inbound Replenishment,653.7
20260103,1,213,7,0,7,243.34,0.0,0.0,0.0,HOUS_CLEA_03,Household,Delayed / Missing Inbound Replenishment,1703.38
20260103,1,217,8,0,8,275.5,0.0,2.0,0.0,HOUS_DISH_07,Household,Delayed / Missing Inbound Replenishment,2204.0
20260103,1,218,4,0,4,72.52,0.0,0.0,0.0,HOUS_CLEA_08,Household,Delayed / Missing Inbound Replenishment,290.08
20260103,1,221,10,7,3,209.6,1467.2,9.0,0.0,HOUS_DETE_11,Household,Forecast Underestimation & Buffer Shortage,628.8
20260103,1,227,5,0,5,254.28,0.0,0.0,0.0,HOUS_DISH_17,Household,Delayed / Missing Inbound Replenishment,1271.4
20260103,1,231,5,0,5,259.78,0.0,0.0,0.0,HOUS_DETE_21,Household,Delayed / Missing Inbound Replenishment,1298.9
20260103,1,255,27,15,12,500.03,7500.45,15.0,0.0,BABY_BABY_15,Baby Care,Forecast Underestimation & Buffer Shortage,6000.36
20260103,1,261,24,1,23,419.38,419.38,1.0,0.0,BABY_DIAP_21,Baby Care,Delayed / Missing Inbound Replenishment,9645.74
20260103,1,271,6,0,6,561.27,0.0,0.0,0.0,PET _DOG _01,Pet Care,Delayed / Missing Inbound Replenishment,3367.62
20260103,1,272,7,3,4,569.34,1708.02,3.0,0.0,PET _CAT _02,Pet Care,Delayed / Missing Inbound Replenishment,2277.36
20260103,1,273,5,0,5,256.39,0.0,0.0,0.0,PET _PET _03,Pet Care,Delayed / Missing Inbound Replenishment,1281.95
20260103,1,281,5,0,5,208.33,0.0,0.0,0.0,PET _PET _11,Pet Care,Delayed / Missing Inbound Replenishment,1041.65
20260103,1,282,6,2,4,378.42,756.84,2.0,0.0,PET _PET _12,Pet Care,Delayed / Missing Inbound Replenishment,1513.68
20260103,1,283,8,5,3,548.52,2742.6,5.0,0.0,PET _DOG _13,Pet Care,Forecast Underestimation & Buffer Shortage,1645.56
20260103,1,287,5,0,5,342.13,0.0,0.0,0.0,PET _DOG _17,Pet Care,Delayed / Missing Inbound Replenishment,1710.65
20260103,1,294,5,0,5,77.14,0.0,0.0,0.0,PET _PET _24,Pet Care,Delayed / Missing Inbound Replenishment,385.7
20260103,2,19,111,96,15,189.48,18190.08,96.0,0.0,DAIR_CHEE_19,Dairy,Unforecasted Demand Spike,2842.2
20260103,2,31,140,57,83,94.42,5381.94,57.0,0.0,BEVE_JUIC_01,Beverages,Unforecasted Demand Spike,7836.86
20260103,2,35,110,0,110,158.37,0.0,0.0,0.0,BEVE_WATE_05,Beverages,Delayed / Missing Inbound Replenishment,17420.7
20260103,2,41,101,0,101,104.58,0.0,0.0,0.0,BEVE_JUIC_11,Beverages,Delayed / Missing Inbound Replenishment,10562.58
20260103,2,50,75,0,75,119.26,0.0,0.0,0.0,BEVE_WATE_20,Beverages,Delayed / Missing Inbound Replenishment,8944.5
20260103,2,63,101,0,101,157.5,0.0,0.0,0.0,SNAC_NAMK_03,Snacks,Delayed / Missing Inbound Replenishment,15907.5
20260103,2,74,65,64,1,67.1,4294.4,65.0,0.0,SNAC_CHOC_14,Snacks,Unforecasted Demand Spike,67.1
20260103,2,75,46,8,38,85.91,687.28,8.0,0.0,SNAC_NUTS_15,Snacks,Unforecasted Demand Spike,3264.58
20260103,2,119,32,7,25,117.5,822.5,7.0,0.0,PACK_BREA_29,Packaged Foods,Forecast Underestimation & Buffer Shortage,2937.5
20260103,2,123,57,0,57,81.34,0.0,0.0,0.0,FRUI_DAIL_03,Fruits & Vegetables,Delayed / Missing Inbound Replenishment,4636.38
20260103,2,135,95,0,95,112.02,0.0,0.0,0.0,FRUI_CUT _15,Fruits & Vegetables,Delayed / Missing Inbound Replenishment,10641.9
20260103,2,154,40,1,39,215.59,215.59,1.0,0.0,STAP_EDIB_04,Staples,Delayed / Missing Inbound Replenishment,8408.01
20260103,2,155,22,0,22,443.45,0.0,0.0,0.0,STAP_SPIC_05,Staples,Delayed / Missing Inbound Replenishment,9755.9
20260103,2,156,43,15,28,342.35,5135.25,15.0,0.0,STAP_ATTA_06,Staples,Unforecasted Demand Spike,9585.8
20260103,2,162,54,9,45,185.02,1665.18,9.0,0.0,STAP_RICE_12,Staples,Unforecasted Demand Spike,8325.9
20260103,2,164,21,18,3,366.94,6604.92,18.0,0.0,STAP_EDIB_14,Staples,Forecast Underestimation & Buffer Shortage,1100.82
20260103,2,169,31,0,31,312.03,0.0,0.0,0.0,STAP_EDIB_19,Staples,Delayed / Missing Inbound Replenishment,9672.93
20260103,2,173,24,0,24,69.06,0.0,0.0,0.0,STAP_DALS_23,Staples,Delayed / Missing Inbound Replenishment,1657.44
20260103,2,174,50,0,50,511.67,0.0,0.0,0.0,STAP_EDIB_24,Staples,Delayed / Missing Inbound Replenishment,25583.5
20260103,2,185,14,0,14,218.07,0.0,0.0,0.0,PERS_SANI_05,Personal Care,Delayed / Missing Inbound Replenishment,3052.98
20260103,2,199,8,7,1,251.52,1760.64,7.0,0.0,PERS_SKIN_19,Personal Care,Forecast Underestimation & Buffer Shortage,251.52
20260103,2,210,10,0,10,212.16,0.0,0.0,0.0,PERS_SANI_30,Personal Care,Delayed / Missing Inbound Replenishment,2121.6
20260103,2,213,7,0,7,243.34,0.0,0.0,0.0,HOUS_CLEA_03,Household,Delayed / Missing Inbound Replenishment,1703.38
20260103,2,214,17,11,6,216.37,2380.07,11.0,0.0,HOUS_DISP_04,Household,Forecast Underestimation & Buffer Shortage,1298.22
20260103,2,216,15,1,14,208.26,208.26,1.0,0.0,HOUS_DETE_06,Household,Delayed / Missing Inbound Replenishment,2915.64
20260103,2,217,7,6,1,275.5,1653.0,6.0,0.0,HOUS_DISH_07,Household,Forecast Underestimation & Buffer Shortage,275.5
20260103,2,219,18,0,18,246.3,0.0,0.0,0.0,HOUS_DISP_09,Household,Delayed / Missing Inbound Replenishment,4433.4
20260103,2,236,19,10,9,87.59,875.9,10.0,0.0,HOUS_DETE_26,Household,Forecast Underestimation & Buffer Shortage,788.31
20260103,2,238,15,0,15,172.48,0.0,0.0,0.0,HOUS_CLEA_28,Household,Delayed / Missing Inbound Replenishment,2587.2
20260103,2,252,49,3,46,599.97,1799.91,3.0,0.0,BABY_BABY_12,Baby Care,Delayed / Missing Inbound Replenishment,27598.62
20260103,2,253,31,6,25,319.63,1917.78,6.0,0.0,BABY_DIAP_13,Baby Care,Forecast Underestimation & Buffer Shortage,7990.75
20260103,2,255,27,0,27,500.03,0.0,0.0,0.0,BABY_BABY_15,Baby Care,Delayed / Missing Inbound Replenishment,13500.81
20260103,2,256,46,26,20,441.88,11488.88,26.0,0.0,BABY_BABY_16,Baby Care,Unforecasted Demand Spike,8837.6
20260103,2,261,24,0,24,419.38,0.0,0.0,0.0,BABY_DIAP_21,Baby Care,Delayed / Missing Inbound Replenishment,10065.12
20260103,2,280,17,16,1,252.36,4037.76,16.0,0.0,PET _CAT _10,Pet Care,Forecast Underestimation & Buffer Shortage,252.36
20260103,2,283,8,0,8,548.52,0.0,0.0,0.0,PET _DOG _13,Pet Care,Delayed / Missing Inbound Replenishment,4388.16
20260103,2,287,5,3,2,342.13,1026.39,3.0,0.0,PET _DOG _17,Pet Care,Delayed / Missing Inbound Replenishment,684.26
20260103,2,289,13,4,9,479.06,1916.24,4.0,0.0,PET _PET _19,Pet Care,Delayed / Missing Inbound Replenishment,4311.54
20260103,2,290,5,0,5,240.2,0.0,0.0,0.0,PET _PET _20,Pet Care,Delayed / Missing Inbound Replenishment,1201.0
20260103,2,293,16,15,1,478.5,7177.5,15.0,0.0,PET _PET _23,Pet Care,Forecast Underestimation & Buffer Shortage,478.5
20260103,2,296,16,13,3,84.64,1100.32,13.0,0.0,PET _CAT _26,Pet Care,Forecast Underestimation & Buffer Shortage,253.92
20260103,3,8,99,0,99,138.28,0.0,0.0,0.0,DAIR_BUTT_08,Dairy,Delayed / Missing Inbound Replenishment,13689.72
20260103,3,19,105,0,105,189.48,0.0,0.0,0.0,DAIR_CHEE_19,Dairy,Delayed / Missing Inbound Replenishment,19895.4
20260103,3,35,108,0,108,158.37,0.0,0.0,0.0,BEVE_WATE_05,Beverages,Delayed / Missing Inbound Replenishment,17103.96
20260103,3,44,96,10,86,94.2,942.0,10.0,0.0,BEVE_ENER_14,Beverages,Unforecasted Demand Spike,8101.2
20260103,3,50,69,0,69,119.26,0.0,0.0,0.0,BEVE_WATE_20,Beverages,Delayed / Missing Inbound Replenishment,8228.94
20260103,3,60,72,67,5,146.5,9815.5,67.0,0.0,BEVE_WATE_30,Beverages,Unforecasted Demand Spike,732.5
20260103,3,61,91,87,4,22.63,1968.81,87.0,0.0,SNAC_CHIP_01,Snacks,Unforecasted Demand Spike,90.52
20260103,3,63,87,38,49,157.5,5985.0,38.0,0.0,SNAC_NAMK_03,Snacks,Unforecasted Demand Spike,7717.5
20260103,3,105,43,35,8,171.63,6007.05,35.0,0.0,PACK_READ_15,Packaged Foods,Unforecasted Demand Spike,1373.04
20260103,3,123,48,0,48,81.34,0.0,0.0,0.0,FRUI_DAIL_03,Fruits & Vegetables,Delayed / Missing Inbound Replenishment,3904.32
20260103,3,126,80,0,80,64.66,0.0,0.0,0.0,FRUI_FRES_06,Fruits & Vegetables,Delayed / Missing Inbound Replenishment,5172.8
20260103,3,132,107,0,107,94.19,0.0,0.0,0.0,FRUI_EXOT_12,Fruits & Vegetables,Delayed / Missing Inbound Replenishment,10078.33
20260103,3,135,87,0,87,112.02,0.0,0.0,0.0,FRUI_CUT _15,Fruits & Vegetables,Delayed / Missing Inbound Replenishment,9745.74
20260103,3,153,26,14,12,262.16,3670.24,14.0,0.0,STAP_DALS_03,Staples,Forecast Underestimation & Buffer Shortage,3145.92
20260103,3,156,38,25,13,342.35,8558.75,25.0,0.0,STAP_ATTA_06,Staples,Forecast Underestimation & Buffer Shortage,4450.55
20260103,3,162,45,5,40,185.02,925.1,5.0,0.0,STAP_RICE_12,Staples,Unforecasted Demand Spike,7400.8
20260103,3,163,26,0,26,338.27,0.0,0.0,0.0,STAP_DALS_13,Staples,Delayed / Missing Inbound Replenishment,8795.02
20260103,3,164,19,2,17,366.94,733.88,2.0,0.0,STAP_EDIB_14,Staples,Delayed / Missing Inbound Replenishment,6237.98
20260103,3,166,30,0,30,248.86,0.0,0.0,0.0,STAP_ATTA_16,Staples,Delayed / Missing Inbound Replenishment,7465.8
20260103,3,168,43,0,43,166.75,0.0,0.0,0.0,STAP_DALS_18,Staples,Delayed / Missing Inbound Replenishment,7170.25
20260103,3,169,25,0,25,312.03,0.0,0.0,0.0,STAP_EDIB_19,Staples,Delayed / Missing Inbound Replenishment,7800.75
20260103,3,171,26,19,7,329.23,6255.37,19.0,0.0,STAP_ATTA_21,Staples,Forecast Underestimation & Buffer Shortage,2304.61
20260103,3,195,5,0,5,227.65,0.0,0.0,0.0,PERS_SANI_15,Personal Care,Delayed / Missing Inbound Replenishment,1138.25
20260103,3,197,11,0,11,102.01,0.0,0.0,0.0,PERS_HAIR_17,Personal Care,Delayed / Missing Inbound Replenishment,1122.11
20260103,3,208,14,1,13,249.0,249.0,1.0,0.0,PERS_ORAL_28,Personal Care,Delayed / Missing Inbound Replenishment,3237.0
20260103,3,221,7,0,7,209.6,0.0,0.0,0.0,HOUS_DETE_11,Household,Delayed / Missing Inbound Replenishment,1467.2
20260103,3,252,42,18,24,599.97,10799.46,18.0,0.0,BABY_BABY_12,Baby Care,Unforecasted Demand Spike,14399.28
20260103,3,255,25,14,11,500.03,7000.42,14.0,0.0,BABY_BABY_15,Baby Care,Forecast Underestimation & Buffer Shortage,5500.33
20260103,3,272,6,0,6,569.34,0.0,,,PET _CAT _02,Pet Care,Forecast Underestimation & Buffer Shortage,3416.04
20260103,3,289,9,3,6,479.06,1437.18,3.0,0.0,PET _PET _19,Pet Care,Delayed / Missing Inbound Replenishment,2874.36
20260103,3,293,16,13,3,478.5,6220.5,13.0,0.0,PET _PET _23,Pet Care,Forecast Underestimation & Buffer Shortage,1435.5
20260103,3,294,6,0,6,77.14,0.0,,,PET _PET _24,Pet Care,Forecast Underestimation & Buffer Shortage,462.84
20260103,3,299,14,4,10,108.9,435.6,4.0,0.0,PET _DOG _29,Pet Care,Delayed / Missing Inbound Replenishment,1089.0
20260103,4,8,94,0,94,138.28,0.0,0.0,0.0,DAIR_BUTT_08,Dairy,Delayed / Missing Inbound Replenishment,12998.32
20260103,4,17,84,0,84,108.57,0.0,0.0,0.0,DAIR_CURD_17,Dairy,Delayed / Missing Inbound Replenishment,9119.88
20260103,4,26,54,48,6,78.21,3754.08,48.0,0.0,DAIR_MILK_26,Dairy,Unforecasted Demand Spike,469.26
20260103,4,27,74,23,51,103.33,2376.59,23.0,0.0,DAIR_CURD_27,Dairy,Unforecasted Demand Spike,5269.83
20260103,4,31,116,69,47,94.42,6514.98,69.0,0.0,BEVE_JUIC_01,Beverages,Unforecasted Demand Spike,4437.74
20260103,4,40,123,0,123,137.08,0.0,0.0,0.0,BEVE_WATE_10,Beverages,Delayed / Missing Inbound Replenishment,16860.84
20260103,4,41,100,32,68,104.58,3346.56,32.0,0.0,BEVE_JUIC_11,Beverages,Unforecasted Demand Spike,7111.44
20260103,4,50,69,50,19,119.26,5963.0,50.0,0.0,BEVE_WATE_20,Beverages,Unforecasted Demand Spike,2265.94
20260103,4,63,80,2,78,157.5,315.0,2.0,0.0,SNAC_NAMK_03,Snacks,Delayed / Missing Inbound Replenishment,12285.0
20260103,4,73,105,2,103,92.13,184.26,2.0,0.0,SNAC_NAMK_13,Snacks,Delayed / Missing Inbound Replenishment,9489.39
20260103,4,88,73,0,73,137.62,0.0,0.0,0.0,SNAC_NAMK_28,Snacks,Delayed / Missing Inbound Replenishment,10046.26
20260103,4,100,53,44,9,109.11,4800.84,44.0,0.0,PACK_READ_10,Packaged Foods,Unforecasted Demand Spike,981.99
20260103,4,119,28,0,28,117.5,0.0,0.0,0.0,PACK_BREA_29,Packaged Foods,Delayed / Missing Inbound Replenishment,3290.0
20260103,4,154,33,3,30,215.59,646.77,3.0,0.0,STAP_EDIB_04,Staples,Delayed / Missing Inbound Replenishment,6467.7
20260103,4,155,22,21,1,443.45,9312.45,21.0,0.0,STAP_SPIC_05,Staples,Forecast Underestimation & Buffer Shortage,443.45
20260103,4,158,40,15,25,65.45,981.75,15.0,0.0,STAP_DALS_08,Staples,Forecast Underestimation & Buffer Shortage,1636.25
20260103,4,163,23,18,5,338.27,6088.86,18.0,0.0,STAP_DALS_13,Staples,Forecast Underestimation & Buffer Shortage,1691.35
20260103,4,169,31,0,31,312.03,0.0,0.0,0.0,STAP_EDIB_19,Staples,Delayed / Missing Inbound Replenishment,9672.93
20260103,4,197,13,8,5,102.01,816.08,8.0,0.0,PERS_HAIR_17,Personal Care,Forecast Underestimation & Buffer Shortage,510.05
20260103,4,201,13,0,13,193.23,0.0,0.0,0.0,PERS_SOAP_21,Personal Care,Delayed / Missing Inbound Replenishment,2511.99
20260103,4,207,6,2,4,160.21,320.42,2.0,0.0,PERS_HAIR_27,Personal Care,Delayed / Missing Inbound Replenishment,640.84
20260103,4,210,10,5,5,212.16,1060.8,5.0,0.0,PERS_SANI_30,Personal Care,Forecast Underestimation & Buffer Shortage,1060.8
20260103,4,216,13,0,13,208.26,0.0,0.0,0.0,HOUS_DETE_06,Household,Delayed / Missing Inbound Replenishment,2707.38
20260103,4,217,5,2,3,275.5,551.0,2.0,0.0,HOUS_DISH_07,Household,Delayed / Missing Inbound Replenishment,826.5
20260103,4,219,17,15,2,246.3,3694.5,15.0,0.0,HOUS_DISP_09,Household,Forecast Underestimation & Buffer Shortage,492.6
20260103,4,222,10,0,10,214.26,0.0,0.0,0.0,HOUS_DISH_12,Household,Delayed / Missing Inbound Replenishment,2142.6
20260103,4,224,15,2,13,131.14,262.28,3.0,0.0,HOUS_DISP_14,Household,Delayed / Missing Inbound Replenishment,1704.82
20260103,4,233,15,0,15,161.93,0.0,0.0,0.0,HOUS_CLEA_23,Household,Delayed / Missing Inbound Replenishment,2428.95
20260103,4,236,15,14,1,87.59,1226.26,14.0,0.0,HOUS_DETE_26,Household,Forecast Underestimation & Buffer Shortage,87.59
20260103,4,253,33,0,33,319.63,0.0,0.0,0.0,BABY_DIAP_13,Baby Care,Delayed / Missing Inbound Replenishment,10547.79
20260103,4,256,40,0,40,441.88,0.0,0.0,0.0,BABY_BABY_16,Baby Care,Delayed / Missing Inbound Replenishment,17675.2
20260103,4,261,23,0,23,419.38,0.0,0.0,0.0,BABY_DIAP_21,Baby Care,Delayed / Missing Inbound Replenishment,9645.74
20260103,4,273,5,3,2,256.39,769.17,3.0,0.0,PET _PET _03,Pet Care,Delayed / Missing Inbound Replenishment,512.78
20260103,4,280,13,9,4,252.36,2271.24,9.0,0.0,PET _CAT _10,Pet Care,Forecast Underestimation & Buffer Shortage,1009.44
20260103,4,282,4,3,1,378.42,1135.26,3.0,0.0,PET _PET _12,Pet Care,Delayed / Missing Inbound Replenishment,378.42
20260103,4,283,8,0,8,548.52,0.0,0.0,0.0,PET _DOG _13,Pet Care,Delayed / Missing Inbound Replenishment,4388.16
20260103,4,289,8,0,8,479.06,0.0,0.0,0.0,PET _PET _19,Pet Care,Delayed / Missing Inbound Replenishment,3832.48
20260103,4,296,15,6,9,84.64,507.84,7.0,0.0,PET _CAT _26,Pet Care,Forecast Underestimation & Buffer Shortage,761.76
20260103,4,299,15,11,4,108.9,1197.9,11.0,0.0,PET _DOG _29,Pet Care,Forecast Underestimation & Buffer Shortage,435.6
20260103,5,31,126,29,97,94.42,2738.18,29.0,0.0,BEVE_JUIC_01,Beverages,Unforecasted Demand Spike,9158.74
20260103,5,35,93,21,72,158.37,3325.77,21.0,0.0,BEVE_WATE_05,Beverages,Unforecasted Demand Spike,11402.64
20260103,5,40,114,0,114,137.08,0.0,0.0,0.0,BEVE_WATE_10,Beverages,Delayed / Missing Inbound Replenishment,15627.12
20260103,5,44,83,0,83,94.2,0.0,0.0,0.0,BEVE_ENER_14,Beverages,Delayed / Missing Inbound Replenishment,7818.6
20260103,5,45,126,115,11,107.96,12415.4,115.0,0.0,BEVE_WATE_15,Beverages,Unforecasted Demand Spike,1187.56
20260103,5,61,83,0,83,22.63,0.0,0.0,0.0,SNAC_CHIP_01,Snacks,Delayed / Missing Inbound Replenishment,1878.29
20260103,5,75,48,11,37,85.91,945.01,11.0,0.0,SNAC_NUTS_15,Snacks,Unforecasted Demand Spike,3178.67
20260103,5,101,41,37,4,130.93,4844.41,37.0,0.0,PACK_NOOD_11,Packaged Foods,Unforecasted Demand Spike,523.72
20260103,5,123,45,0,45,81.34,0.0,0.0,0.0,FRUI_DAIL_03,Fruits & Vegetables,Delayed / Missing Inbound Replenishment,3660.3
20260103,5,156,36,0,36,342.35,0.0,0.0,0.0,STAP_ATTA_06,Staples,Delayed / Missing Inbound Replenishment,12324.6
20260103,5,164,19,0,19,366.94,0.0,0.0,0.0,STAP_EDIB_14,Staples,Delayed / Missing Inbound Replenishment,6971.86
20260103,5,168,36,15,21,166.75,2501.25,15.0,0.0,STAP_DALS_18,Staples,Forecast Underestimation & Buffer Shortage,3501.75
20260103,5,169,23,17,6,312.03,5304.51,17.0,0.0,STAP_EDIB_19,Staples,Forecast Underestimation & Buffer Shortage,1872.18
20260103,5,171,22,0,22,329.23,0.0,0.0,0.0,STAP_ATTA_21,Staples,Delayed / Missing Inbound Replenishment,7243.06
20260103,5,208,9,1,8,249.0,249.0,1.0,0.0,PERS_ORAL_28,Personal Care,Delayed / Missing Inbound Replenishment,1992.0
20260103,5,227,4,1,3,254.28,254.28,1.0,0.0,HOUS_DISH_17,Household,Delayed / Missing Inbound Replenishment,762.84
20260103,5,228,8,0,8,213.73,0.0,0.0,0.0,HOUS_CLEA_18,Household,Delayed / Missing Inbound Replenishment,1709.84
20260103,5,230,15,12,3,79.04,948.48,12.0,0.0,HOUS_REPE_20,Household,Forecast Underestimation & Buffer Shortage,237.12
20260103,5,233,14,0,14,161.93,0.0,0.0,0.0,HOUS_CLEA_23,Household,Delayed / Missing Inbound Replenishment,2267.02
20260103,5,234,8,6,2,54.85,329.1,6.0,0.0,HOUS_DISP_24,Household,Forecast Underestimation & Buffer Shortage,109.7
20260103,5,250,29,21,8,204.07,4285.47,21.0,0.0,BABY_BABY_10,Baby Care,Forecast Underestimation & Buffer Shortage,1632.56
20260103,5,256,34,1,33,441.88,441.88,1.0,0.0,BABY_BABY_16,Baby Care,Delayed / Missing Inbound Replenishment,14582.04
20260103,5,272,6,3,3,569.34,1708.02,3.0,0.0,PET _CAT _02,Pet Care,Delayed / Missing Inbound Replenishment,1708.02
20260103,5,273,5,1,4,256.39,256.39,1.0,0.0,PET _PET _03,Pet Care,Delayed / Missing Inbound Replenishment,1025.56
20260103,5,282,4,0,4,378.42,0.0,0.0,0.0,PET _PET _12,Pet Care,Delayed / Missing Inbound Replenishment,1513.68
20260103,5,286,10,0,10,456.83,0.0,0.0,0.0,PET _PET _16,Pet Care,Delayed / Missing Inbound Replenishment,4568.3
20260103,5,291,13,0,13,384.98,0.0,0.0,0.0,PET _DOG _21,Pet Care,Delayed / Missing Inbound Replenishment,5004.74
20260103,6,11,57,16,41,214.92,3438.72,16.0,0.0,DAIR_MILK_11,Dairy,Unforecasted Demand Spike,8811.72
20260103,6,17,67,15,52,108.57,1628.55,15.0,0.0,DAIR_CURD_17,Dairy,Unforecasted Demand Spike,5645.64
20260103,6,19,87,51,36,189.48,9663.48,51.0,0.0,DAIR_CHEE_19,Dairy,Unforecasted Demand Spike,6821.28
20260103,6,26,48,35,13,78.21,2737.35,35.0,0.0,DAIR_MILK_26,Dairy,Unforecasted Demand Spike,1016.73
20260103,6,31,114,100,14,94.42,9442.0,100.0,0.0,BEVE_JUIC_01,Beverages,Unforecasted Demand Spike,1321.88
20260103,6,35,82,0,82,158.37,0.0,0.0,0.0,BEVE_WATE_05,Beverages,Delayed / Missing Inbound Replenishment,12986.34
20260103,6,44,71,12,59,94.2,1130.4,13.0,0.0,BEVE_ENER_14,Beverages,Unforecasted Demand Spike,5557.8
20260103,6,50,59,47,12,119.26,5605.22,47.0,0.0,BEVE_WATE_20,Beverages,Unforecasted Demand Spike,1431.12
20260103,6,75,37,7,30,85.91,601.37,7.0,0.0,SNAC_NUTS_15,Snacks,Forecast Underestimation & Buffer Shortage,2577.3
20260103,6,90,73,42,31,177.61,7459.62,42.0,0.0,SNAC_NUTS_30,Snacks,Unforecasted Demand Spike,5505.91
20260103,6,121,67,63,4,26.81,1689.03,63.0,0.0,FRUI_FRES_01,Fruits & Vegetables,Unforecasted Demand Spike,107.24
20260103,6,154,30,11,19,215.59,2371.49,11.0,0.0,STAP_EDIB_04,Staples,Forecast Underestimation & Buffer Shortage,4096.21
20260103,6,164,15,13,2,366.94,4770.22,13.0,0.0,STAP_EDIB_14,Staples,Forecast Underestimation & Buffer Shortage,733.88
20260103,6,169,23,0,23,312.03,0.0,0.0,0.0,STAP_EDIB_19,Staples,Delayed / Missing Inbound Replenishment,7176.69
20260103,6,174,40,13,27,511.67,6651.71,15.0,0.0,STAP_EDIB_24,Staples,Forecast Underestimation & Buffer Shortage,13815.09
20260103,6,185,10,2,8,218.07,436.14,3.0,0.0,PERS_SANI_05,Personal Care,Delayed / Missing Inbound Replenishment,1744.56
20260103,6,197,10,7,3,102.01,714.07,7.0,0.0,PERS_HAIR_17,Personal Care,Forecast Underestimation & Buffer Shortage,306.03
20260103,6,207,5,1,4,160.21,160.21,1.0,0.0,PERS_HAIR_27,Personal Care,Delayed / Missing Inbound Replenishment,640.84
20260103,6,221,8,0,8,209.6,0.0,0.0,0.0,HOUS_DETE_11,Household,Delayed / Missing Inbound Replenishment,1676.8
20260103,6,222,9,8,1,214.26,1714.08,8.0,0.0,HOUS_DISH_12,Household,Forecast Underestimation & Buffer Shortage,214.26
20260103,6,229,9,0,9,147.62,0.0,,,HOUS_DISP_19,Household,Forecast Underestimation & Buffer Shortage,1328.58
20260103,6,252,38,34,4,599.97,20398.98,34.0,0.0,BABY_BABY_12,Baby Care,Forecast Underestimation & Buffer Shortage,2399.88
20260103,6,268,18,0,18,129.29,0.0,0.0,0.0,BABY_BABY_28,Baby Care,Delayed / Missing Inbound Replenishment,2327.22
20260103,6,281,5,4,1,208.33,833.32,4.0,0.0,PET _PET _11,Pet Care,Delayed / Missing Inbound Replenishment,208.33
20260103,6,293,12,10,2,478.5,4785.0,10.0,0.0,PET _PET _23,Pet Care,Forecast Underestimation & Buffer Shortage,957.0
20260103,7,11,77,43,34,214.92,9241.56,43.0,0.0,DAIR_MILK_11,Dairy,Unforecasted Demand Spike,7307.28
20260103,7,26,63,0,63,78.21,0.0,0.0,0.0,DAIR_MILK_26,Dairy,Delayed / Missing Inbound Replenishment,4927.23
20260103,7,35,114,0,114,158.37,0.0,0.0,0.0,BEVE_WATE_05,Beverages,Delayed / Missing Inbound Replenishment,18054.18
20260103,7,41,109,0,109,104.58,0.0,0.0,0.0,BEVE_JUIC_11,Beverages,Delayed / Missing Inbound Replenishment,11399.22
20260103,7,45,145,0,145,107.96,0.0,0.0,0.0,BEVE_WATE_15,Beverages,Delayed / Missing Inbound Replenishment,15654.2
20260103,7,49,137,113,24,42.3,4779.9,113.0,0.0,BEVE_ENER_19,Beverages,Unforecasted Demand Spike,1015.2
20260103,7,59,86,11,75,48.81,536.91,11.0,0.0,BEVE_ENER_29,Beverages,Unforecasted Demand Spike,3660.75
20260103,7,60,76,15,61,146.5,2197.5,15.0,0.0,BEVE_WATE_30,Beverages,Unforecasted Demand Spike,8936.5
20260103,7,88,87,27,60,137.62,3715.74,27.0,0.0,SNAC_NAMK_28,Snacks,Unforecasted Demand Spike,8257.2
20260103,7,100,54,0,54,109.11,0.0,0.0,0.0,PACK_READ_10,Packaged Foods,Delayed / Missing Inbound Replenishment,5891.94
20260103,7,112,24,3,21,51.88,155.64,3.0,0.0,PACK_PAST_22,Packaged Foods,Delayed / Missing Inbound Replenishment,1089.48
20260103,7,126,84,0,84,64.66,0.0,0.0,0.0,FRUI_FRES_06,Fruits & Vegetables,Delayed / Missing Inbound Replenishment,5431.44
20260103,7,139,101,66,35,82.55,5448.3,66.0,0.0,FRUI_SEAS_19,Fruits & Vegetables,Unforecasted Demand Spike,2889.25
20260103,7,158,46,0,46,65.45,0.0,0.0,0.0,STAP_DALS_08,Staples,Delayed / Missing Inbound Replenishment,3010.7
20260103,7,164,21,0,21,366.94,0.0,0.0,0.0,STAP_EDIB_14,Staples,Delayed / Missing Inbound Replenishment,7705.74
20260103,7,166,32,0,32,248.86,0.0,0.0,0.0,STAP_ATTA_16,Staples,Delayed / Missing Inbound Replenishment,7963.52
20260103,7,171,27,23,4,329.23,7572.29,23.0,0.0,STAP_ATTA_21,Staples,Forecast Underestimation & Buffer Shortage,1316.92
20260103,7,187,8,3,5,341.21,1023.63,3.0,0.0,PERS_HAIR_07,Personal Care,Delayed / Missing Inbound Replenishment,1706.05
20260103,7,194,15,0,15,365.21,0.0,0.0,0.0,PERS_SKIN_14,Personal Care,Delayed / Missing Inbound Replenishment,5478.15
20260103,7,197,11,10,1,102.01,1020.1,10.0,0.0,PERS_HAIR_17,Personal Care,Forecast Underestimation & Buffer Shortage,102.01
20260103,7,208,12,0,12,249.0,0.0,0.0,0.0,PERS_ORAL_28,Personal Care,Delayed / Missing Inbound Replenishment,2988.0
20260103,7,209,6,0,6,108.95,0.0,0.0,0.0,PERS_SKIN_29,Personal Care,Delayed / Missing Inbound Replenishment,653.7
20260103,7,213,7,2,5,243.34,486.68,2.0,0.0,HOUS_CLEA_03,Household,Delayed / Missing Inbound Replenishment,1216.7
20260103,7,218,4,0,4,72.52,0.0,0.0,0.0,HOUS_CLEA_08,Household,Delayed / Missing Inbound Replenishment,290.08
20260103,7,222,14,0,14,214.26,0.0,0.0,0.0,HOUS_DISH_12,Household,Delayed / Missing Inbound Replenishment,2999.64
20260103,7,224,15,12,3,131.14,1573.68,12.0,0.0,HOUS_DISP_14,Household,Forecast Underestimation & Buffer Shortage,393.42
20260103,7,231,7,0,7,259.78,0.0,0.0,0.0,HOUS_DETE_21,Household,Delayed / Missing Inbound Replenishment,1818.46
20260103,7,238,16,0,16,172.48,0.0,0.0,0.0,HOUS_CLEA_28,Household,Delayed / Missing Inbound Replenishment,2759.68
20260103,7,252,51,0,51,599.97,0.0,0.0,0.0,BABY_BABY_12,Baby Care,Delayed / Missing Inbound Replenishment,30598.47
20260103,7,273,5,2,3,256.39,512.78,2.0,0.0,PET _PET _03,Pet Care,Delayed / Missing Inbound Replenishment,769.17
20260103,7,278,12,4,8,408.17,1632.68,4.0,0.0,PET _PET _08,Pet Care,Delayed / Missing Inbound Replenishment,3265.36
20260103,7,280,16,0,16,252.36,0.0,0.0,0.0,PET _CAT _10,Pet Care,Delayed / Missing Inbound Replenishment,4037.76
20260103,7,282,6,3,3,378.42,1135.26,3.0,0.0,PET _PET _12,Pet Care,Delayed / Missing Inbound Replenishment,1135.26
20260103,7,286,9,7,2,456.83,3197.81,7.0,0.0,PET _PET _16,Pet Care,Forecast Underestimation & Buffer Shortage,913.66
20260103,7,294,6,2,4,77.14,154.28,2.0,0.0,PET _PET _24,Pet Care,Delayed / Missing Inbound Replenishment,308.56
20260103,7,296,18,17,1,84.64,1438.88,17.0,0.0,PET _CAT _26,Pet Care,Forecast Underestimation & Buffer Shortage,84.64
20260103,7,299,14,0,14,108.9,0.0,0.0,0.0,PET _DOG _29,Pet Care,Delayed / Missing Inbound Replenishment,1524.6
20260103,8,19,96,0,96,189.48,0.0,0.0,0.0,DAIR_CHEE_19,Dairy,Delayed / Missing Inbound Replenishment,18190.08
20260103,8,24,92,47,45,103.72,4874.84,47.0,0.0,DAIR_CHEE_24,Dairy,Unforecasted Demand Spike,4667.4
20260103,8,31,126,13,113,94.42,1227.46,13.0,0.0,BEVE_JUIC_01,Beverages,Unforecasted Demand Spike,10669.46
20260103,8,45,128,76,52,107.96,8204.96,76.0,0.0,BEVE_WATE_15,Beverages,Unforecasted Demand Spike,5613.92
20260103,8,50,73,0,73,119.26,0.0,0.0,0.0,BEVE_WATE_20,Beverages,Delayed / Missing Inbound Replenishment,8705.98
20260103,8,57,94,0,94,123.8,0.0,0.0,0.0,BEVE_COLD_27,Beverages,Delayed / Missing Inbound Replenishment,11637.2
20260103,8,60,68,0,68,146.5,0.0,0.0,0.0,BEVE_WATE_30,Beverages,Delayed / Missing Inbound Replenishment,9962.0
20260103,8,110,42,6,36,43.46,260.76,6.0,0.0,PACK_READ_20,Packaged Foods,Unforecasted Demand Spike,1564.56
20260103,8,126,77,69,8,64.66,4461.54,70.0,0.0,FRUI_FRES_06,Fruits & Vegetables,Unforecasted Demand Spike,517.28
20260103,8,164,16,0,16,366.94,0.0,0.0,0.0,STAP_EDIB_14,Staples,Delayed / Missing Inbound Replenishment,5871.04
20260103,8,166,30,6,24,248.86,1493.16,6.0,0.0,STAP_ATTA_16,Staples,Forecast Underestimation & Buffer Shortage,5972.64
20260103,8,185,13,5,8,218.07,1090.35,5.0,0.0,PERS_SANI_05,Personal Care,Forecast Underestimation & Buffer Shortage,1744.56
20260103,8,199,5,0,5,251.52,0.0,0.0,0.0,PERS_SKIN_19,Personal Care,Delayed / Missing Inbound Replenishment,1257.6
20260103,8,214,12,3,9,216.37,649.11,3.0,0.0,HOUS_DISP_04,Household,Delayed / Missing Inbound Replenishment,1947.33
20260103,8,217,6,1,5,275.5,275.5,1.0,0.0,HOUS_DISH_07,Household,Delayed / Missing Inbound Replenishment,1377.5
20260103,8,221,7,0,7,209.6,0.0,0.0,0.0,HOUS_DETE_11,Household,Delayed / Missing Inbound Replenishment,1467.2
20260103,8,222,11,0,11,214.26,0.0,0.0,0.0,HOUS_DISH_12,Household,Delayed / Missing Inbound Replenishment,2356.86
20260103,8,224,13,0,13,131.14,0.0,0.0,0.0,HOUS_DISP_14,Household,Delayed / Missing Inbound Replenishment,1704.82
20260103,8,227,4,3,1,254.28,762.84,3.0,0.0,HOUS_DISH_17,Household,Delayed / Missing Inbound Replenishment,254.28
20260103,8,234,12,3,9,54.85,164.55,3.0,0.0,HOUS_DISP_24,Household,Delayed / Missing Inbound Replenishment,493.65
20260103,8,250,26,0,26,204.07,0.0,0.0,0.0,BABY_BABY_10,Baby Care,Delayed / Missing Inbound Replenishment,5305.82
20260103,8,253,28,21,7,319.63,6712.23,21.0,0.0,BABY_DIAP_13,Baby Care,Forecast Underestimation & Buffer Shortage,2237.41
20260103,8,262,37,0,37,373.45,0.0,0.0,0.0,BABY_BABY_22,Baby Care,Delayed / Missing Inbound Replenishment,13817.65
20260103,8,272,9,8,1,569.34,4554.72,8.0,0.0,PET _CAT _02,Pet Care,Forecast Underestimation & Buffer Shortage,569.34
20260103,8,276,9,5,4,419.68,2098.4,5.0,0.0,PET _CAT _06,Pet Care,Forecast Underestimation & Buffer Shortage,1678.72
20260103,8,283,8,2,6,548.52,1097.04,2.0,0.0,PET _DOG _13,Pet Care,Delayed / Missing Inbound Replenishment,3291.12
20260103,8,290,5,0,5,240.2,0.0,0.0,0.0,PET _PET _20,Pet Care,Delayed / Missing Inbound Replenishment,1201.0
20260103,8,294,5,0,5,77.14,0.0,0.0,0.0,PET _PET _24,Pet Care,Delayed / Missing Inbound Replenishment,385.7
20260103,8,299,13,4,9,108.9,435.6,4.0,0.0,PET _DOG _29,Pet Care,Delayed / Missing Inbound Replenishment,980.1
20260103,9,16,64,0,64,137.79,0.0,0.0,0.0,DAIR_MILK_16,Dairy,Delayed / Missing Inbound Replenishment,8818.56
20260103,9,17,87,55,32,108.57,5971.35,55.0,0.0,DAIR_CURD_17,Dairy,Unforecasted Demand Spike,3474.24
20260103,9,19,104,0,104,189.48,0.0,0.0,0.0,DAIR_CHEE_19,Dairy,Delayed / Missing Inbound Replenishment,19705.92
20260103,9,24,116,0,116,103.72,0.0,0.0,0.0,DAIR_CHEE_24,Dairy,Delayed / Missing Inbound Replenishment,12031.52
20260103,9,27,76,0,76,103.33,0.0,0.0,0.0,DAIR_CURD_27,Dairy,Delayed / Missing Inbound Replenishment,7853.08
20260103,9,59,73,9,64,48.81,439.29,9.0,0.0,BEVE_ENER_29,Beverages,Unforecasted Demand Spike,3123.84
20260103,9,63,86,0,86,157.5,0.0,0.0,0.0,SNAC_NAMK_03,Snacks,Delayed / Missing Inbound Replenishment,13545.0
20260103,9,105,46,36,10,171.63,6178.68,36.0,0.0,PACK_READ_15,Packaged Foods,Unforecasted Demand Spike,1716.3
20260103,9,126,78,9,69,64.66,581.94,9.0,0.0,FRUI_FRES_06,Fruits & Vegetables,Unforecasted Demand Spike,4461.54
20260103,9,139,102,0,102,82.55,0.0,0.0,0.0,FRUI_SEAS_19,Fruits & Vegetables,Delayed / Missing Inbound Replenishment,8420.1
20260103,9,158,41,33,8,65.45,2159.85,33.0,0.0,STAP_DALS_08,Staples,Unforecasted Demand Spike,523.6
20260103,9,168,44,0,44,166.75,0.0,0.0,0.0,STAP_DALS_18,Staples,Delayed / Missing Inbound Replenishment,7337.0
20260103,9,171,27,0,27,329.23,0.0,0.0,0.0,STAP_ATTA_21,Staples,Delayed / Missing Inbound Replenishment,8889.21
20260103,9,185,16,0,16,218.07,0.0,,,PERS_SANI_05,Personal Care,Forecast Underestimation & Buffer Shortage,3489.12
20260103,9,195,6,5,1,227.65,1138.25,5.0,0.0,PERS_SANI_15,Personal Care,Forecast Underestimation & Buffer Shortage,227.65
20260103,9,197,15,0,15,102.01,0.0,0.0,0.0,PERS_HAIR_17,Personal Care,Delayed / Missing Inbound Replenishment,1530.15
20260103,9,208,13,6,7,249.0,1494.0,6.0,0.0,PERS_ORAL_28,Personal Care,Forecast Underestimation & Buffer Shortage,1743.0
20260103,9,217,6,4,2,275.5,1102.0,4.0,0.0,HOUS_DISH_07,Household,Delayed / Missing Inbound Replenishment,551.0
20260103,9,231,6,1,5,259.78,259.78,1.0,0.0,HOUS_DETE_21,Household,Delayed / Missing Inbound Replenishment,1298.9
20260103,9,238,18,3,15,172.48,517.44,3.0,0.0,HOUS_CLEA_28,Household,Delayed / Missing Inbound Replenishment,2587.2
20260103,9,283,9,0,9,548.52,0.0,,,PET _DOG _13,Pet Care,Forecast Underestimation & Buffer Shortage,4936.68
20260103,9,289,11,9,2,479.06,4311.54,9.0,0.0,PET _PET _19,Pet Care,Forecast Underestimation & Buffer Shortage,958.12
20260103,9,296,12,2,10,84.64,169.28,2.0,0.0,PET _CAT _26,Pet Care,Delayed / Missing Inbound Replenishment,846.4
20260103,10,8,109,52,57,138.28,7190.56,52.0,0.0,DAIR_BUTT_08,Dairy,Unforecasted Demand Spike,7881.96
20260103,10,12,120,76,44,143.6,10913.6,76.0,0.0,DAIR_CURD_12,Dairy,Unforecasted Demand Spike,6318.4
20260103,10,16,68,36,32,137.79,4960.44,36.0,0.0,DAIR_MILK_16,Dairy,Unforecasted Demand Spike,4409.28
20260103,10,19,114,0,114,189.48,0.0,0.0,0.0,DAIR_CHEE_19,Dairy,Delayed / Missing Inbound Replenishment,21600.72
20260103,10,31,152,0,152,94.42,0.0,0.0,0.0,BEVE_JUIC_01,Beverages,Delayed / Missing Inbound Replenishment,14351.84
20260103,10,35,118,14,104,158.37,2217.18,14.0,0.0,BEVE_WATE_05,Beverages,Unforecasted Demand Spike,16470.48
20260103,10,41,109,0,109,104.58,0.0,0.0,0.0,BEVE_JUIC_11,Beverages,Delayed / Missing Inbound Replenishment,11399.22
20260103,10,45,155,93,62,107.96,10040.28,93.0,0.0,BEVE_WATE_15,Beverages,Unforecasted Demand Spike,6693.52
20260103,10,50,78,0,78,119.26,0.0,0.0,0.0,BEVE_WATE_20,Beverages,Delayed / Missing Inbound Replenishment,9302.28
20260103,10,63,98,0,98,157.5,0.0,0.0,0.0,SNAC_NAMK_03,Snacks,Delayed / Missing Inbound Replenishment,15435.0
20260103,10,105,46,0,46,171.63,0.0,0.0,0.0,PACK_READ_15,Packaged Foods,Delayed / Missing Inbound Replenishment,7894.98
20260103,10,107,34,31,3,60.31,1869.61,31.0,0.0,PACK_PAST_17,Packaged Foods,Forecast Underestimation & Buffer Shortage,180.93
20260103,10,110,56,6,50,43.46,260.76,6.0,0.0,PACK_READ_20,Packaged Foods,Unforecasted Demand Spike,2173.0
20260103,10,123,57,0,57,81.34,0.0,0.0,0.0,FRUI_DAIL_03,Fruits & Vegetables,Delayed / Missing Inbound Replenishment,4636.38
20260103,10,154,35,31,4,215.59,6683.29,31.0,0.0,STAP_EDIB_04,Staples,Forecast Underestimation & Buffer Shortage,862.36
20260103,10,164,23,0,23,366.94,0.0,0.0,0.0,STAP_EDIB_14,Staples,Delayed / Missing Inbound Replenishment,8439.62
20260103,10,166,33,0,33,248.86,0.0,0.0,0.0,STAP_ATTA_16,Staples,Delayed / Missing Inbound Replenishment,8212.38
20260103,10,170,51,0,51,338.45,0.0,0.0,0.0,STAP_SPIC_20,Staples,Delayed / Missing Inbound Replenishment,17260.95
20260103,10,173,27,0,27,69.06,0.0,0.0,0.0,STAP_DALS_23,Staples,Delayed / Missing Inbound Replenishment,1864.62
20260103,10,174,47,31,16,511.67,15861.77,31.0,0.0,STAP_EDIB_24,Staples,Unforecasted Demand Spike,8186.72
20260103,10,187,10,0,10,341.21,0.0,0.0,0.0,PERS_HAIR_07,Personal Care,Delayed / Missing Inbound Replenishment,3412.1
20260103,10,203,13,3,10,316.94,950.82,3.0,0.0,PERS_ORAL_23,Personal Care,Delayed / Missing Inbound Replenishment,3169.4
20260103,10,208,14,0,14,249.0,0.0,0.0,0.0,PERS_ORAL_28,Personal Care,Delayed / Missing Inbound Replenishment,3486.0
20260103,10,216,14,0,14,208.26,0.0,0.0,0.0,HOUS_DETE_06,Household,Delayed / Missing Inbound Replenishment,2915.64
20260103,10,217,6,4,2,275.5,1102.0,4.0,0.0,HOUS_DISH_07,Household,Delayed / Missing Inbound Replenishment,551.0
20260103,10,219,17,0,17,246.3,0.0,0.0,0.0,HOUS_DISP_09,Household,Delayed / Missing Inbound Replenishment,4187.1
20260103,10,222,9,0,9,214.26,0.0,0.0,0.0,HOUS_DISH_12,Household,Delayed / Missing Inbound Replenishment,1928.34
20260103,10,238,15,0,15,172.48,0.0,0.0,0.0,HOUS_CLEA_28,Household,Delayed / Missing Inbound Replenishment,2587.2
20260103,10,253,33,0,33,319.63,0.0,0.0,0.0,BABY_DIAP_13,Baby Care,Delayed / Missing Inbound Replenishment,10547.79
20260103,10,255,72,56,16,500.03,28001.68,56.0,0.0,BABY_BABY_15,Baby Care,Unforecasted Demand Spike,8000.48
20260103,10,273,5,0,5,256.39,0.0,0.0,0.0,PET _PET _03,Pet Care,Delayed / Missing Inbound Replenishment,1281.95
20260103,10,282,8,6,2,378.42,2270.52,6.0,0.0,PET _PET _12,Pet Care,Forecast Underestimation & Buffer Shortage,756.84
20260103,10,283,7,0,7,548.52,0.0,0.0,0.0,PET _DOG _13,Pet Care,Delayed / Missing Inbound Replenishment,3839.64
20260103,10,286,10,8,2,456.83,3654.64,8.0,0.0,PET _PET _16,Pet Care,Forecast Underestimation & Buffer Shortage,913.66
20260103,10,287,5,0,5,342.13,0.0,0.0,0.0,PET _DOG _17,Pet Care,Delayed / Missing Inbound Replenishment,1710.65
20260103,10,289,11,2,9,479.06,958.12,2.0,0.0,PET _PET _19,Pet Care,Delayed / Missing Inbound Replenishment,4311.54
20260103,10,293,15,13,2,478.5,6220.5,13.0,0.0,PET _PET _23,Pet Care,Forecast Underestimation & Buffer Shortage,957.0
20260103,10,300,14,0,14,282.52,0.0,0.0,0.0,PET _CAT _30,Pet Care,Delayed / Missing Inbound Replenishment,3955.28
20260103,11,8,88,11,77,138.28,1521.08,11.0,0.0,DAIR_BUTT_08,Dairy,Unforecasted Demand Spike,10647.56
20260103,11,26,51,20,31,78.21,1564.2,20.0,0.0,DAIR_MILK_26,Dairy,Unforecasted Demand Spike,2424.51
20260103,11,39,66,5,61,95.49,477.45,5.0,0.0,BEVE_ENER_09,Beverages,Unforecasted Demand Spike,5824.89
20260103,11,50,68,30,38,119.26,3577.8,30.0,0.0,BEVE_WATE_20,Beverages,Unforecasted Demand Spike,4531.88
20260103,11,59,58,21,37,48.81,1025.01,21.0,0.0,BEVE_ENER_29,Beverages,Unforecasted Demand Spike,1805.97
20260103,11,60,65,35,30,146.5,5127.5,35.0,0.0,BEVE_WATE_30,Beverages,Unforecasted Demand Spike,4395.0
20260103,11,71,52,0,52,68.22,0.0,0.0,0.0,SNAC_CHIP_11,Snacks,Delayed / Missing Inbound Replenishment,3547.44
20260103,11,100,40,22,18,109.11,2400.42,22.0,0.0,PACK_READ_10,Packaged Foods,Forecast Underestimation & Buffer Shortage,1963.98
20260103,11,126,66,55,11,64.66,3556.3,55.0,0.0,FRUI_FRES_06,Fruits & Vegetables,Unforecasted Demand Spike,711.26
20260103,11,154,31,10,21,215.59,2155.9,10.0,0.0,STAP_EDIB_04,Staples,Forecast Underestimation & Buffer Shortage,4527.39
20260103,11,155,17,16,1,443.45,7095.2,16.0,0.0,STAP_SPIC_05,Staples,Forecast Underestimation & Buffer Shortage,443.45
20260103,11,158,33,0,33,65.45,0.0,0.0,0.0,STAP_DALS_08,Staples,Delayed / Missing Inbound Replenishment,2159.85
20260103,11,163,19,10,9,338.27,3382.7,10.0,0.0,STAP_DALS_13,Staples,Forecast Underestimation & Buffer Shortage,3044.43
20260103,11,168,36,27,9,166.75,4502.25,27.0,0.0,STAP_DALS_18,Staples,Forecast Underestimation & Buffer Shortage,1500.75
20260103,11,169,23,0,23,312.03,0.0,0.0,0.0,STAP_EDIB_19,Staples,Delayed / Missing Inbound Replenishment,7176.69
20260103,11,185,9,0,9,218.07,0.0,0.0,0.0,PERS_SANI_05,Personal Care,Delayed / Missing Inbound Replenishment,1962.63
20260103,11,192,6,0,6,357.65,0.0,0.0,0.0,PERS_HAIR_12,Personal Care,Delayed / Missing Inbound Replenishment,2145.9
20260103,11,199,5,1,4,251.52,251.52,1.0,0.0,PERS_SKIN_19,Personal Care,Delayed / Missing Inbound Replenishment,1006.08
20260103,11,207,5,0,5,160.21,0.0,0.0,0.0,PERS_HAIR_27,Personal Care,Delayed / Missing Inbound Replenishment,801.05
20260103,11,208,12,0,12,249.0,0.0,0.0,0.0,PERS_ORAL_28,Personal Care,Delayed / Missing Inbound Replenishment,2988.0
20260103,11,209,4,0,4,108.95,0.0,0.0,0.0,PERS_SKIN_29,Personal Care,Delayed / Missing Inbound Replenishment,435.8
20260103,11,210,8,0,8,212.16,0.0,0.0,0.0,PERS_SANI_30,Personal Care,Delayed / Missing Inbound Replenishment,1697.28
20260103,11,218,5,0,5,72.52,0.0,0.0,0.0,HOUS_CLEA_08,Household,Delayed / Missing Inbound Replenishment,362.6
20260103,11,234,10,2,8,54.85,109.7,2.0,0.0,HOUS_DISP_24,Household,Delayed / Missing Inbound Replenishment,438.8
20260103,11,236,11,6,5,87.59,525.54,6.0,0.0,HOUS_DETE_26,Household,Forecast Underestimation & Buffer Shortage,437.95
20260103,11,255,19,0,19,500.03,0.0,0.0,0.0,BABY_BABY_15,Baby Care,Delayed / Missing Inbound Replenishment,9500.57
20260103,11,261,19,2,17,419.38,838.76,2.0,0.0,BABY_DIAP_21,Baby Care,Delayed / Missing Inbound Replenishment,7129.46
20260103,11,280,11,4,7,252.36,1009.44,4.0,0.0,PET _CAT _10,Pet Care,Delayed / Missing Inbound Replenishment,1766.52
20260103,11,282,4,0,4,378.42,0.0,0.0,0.0,PET _PET _12,Pet Care,Delayed / Missing Inbound Replenishment,1513.68
20260103,11,289,7,2,5,479.06,958.12,2.0,0.0,PET _PET _19,Pet Care,Delayed / Missing Inbound Replenishment,2395.3
20260103,12,8,105,0,105,138.28,0.0,0.0,0.0,DAIR_BUTT_08,Dairy,Delayed / Missing Inbound Replenishment,14519.4
20260103,12,16,64,0,64,137.79,0.0,0.0,0.0,DAIR_MILK_16,Dairy,Delayed / Missing Inbound Replenishment,8818.56
20260103,12,19,113,0,113,189.48,0.0,0.0,0.0,DAIR_CHEE_19,Dairy,Delayed / Missing Inbound Replenishment,21411.24
20260103,12,35,104,63,41,158.37,9977.31,63.0,0.0,BEVE_WATE_05,Beverages,Unforecasted Demand Spike,6493.17
20260103,12,41,116,41,75,104.58,4287.78,41.0,0.0,BEVE_JUIC_11,Beverages,Unforecasted Demand Spike,7843.5
20260103,12,44,90,0,90,94.2,0.0,0.0,0.0,BEVE_ENER_14,Beverages,Delayed / Missing Inbound Replenishment,8478.0
20260103,12,50,84,50,34,119.26,5963.0,50.0,0.0,BEVE_WATE_20,Beverages,Unforecasted Demand Spike,4054.84
20260103,12,61,101,94,7,22.63,2127.22,94.0,0.0,SNAC_CHIP_01,Snacks,Unforecasted Demand Spike,158.41
20260103,12,90,91,59,32,177.61,10478.99,59.0,0.0,SNAC_NUTS_30,Snacks,Unforecasted Demand Spike,5683.52
20260103,12,110,52,0,52,43.46,0.0,0.0,0.0,PACK_READ_20,Packaged Foods,Delayed / Missing Inbound Replenishment,2259.92
20260103,12,119,34,0,34,117.5,0.0,0.0,0.0,PACK_BREA_29,Packaged Foods,Delayed / Missing Inbound Replenishment,3995.0
20260103,12,135,100,0,100,112.02,0.0,0.0,0.0,FRUI_CUT _15,Fruits & Vegetables,Delayed / Missing Inbound Replenishment,11202.0
20260103,12,139,101,0,101,82.55,0.0,0.0,0.0,FRUI_SEAS_19,Fruits & Vegetables,Delayed / Missing Inbound Replenishment,8337.55
20260103,12,143,120,0,120,48.33,0.0,0.0,0.0,FRUI_DAIL_23,Fruits & Vegetables,Delayed / Missing Inbound Replenishment,5799.6
20260103,12,153,25,0,25,262.16,0.0,0.0,0.0,STAP_DALS_03,Staples,Delayed / Missing Inbound Replenishment,6554.0
20260103,12,154,39,0,39,215.59,0.0,0.0,0.0,STAP_EDIB_04,Staples,Delayed / Missing Inbound Replenishment,8408.01
20260103,12,163,33,0,33,338.27,0.0,0.0,0.0,STAP_DALS_13,Staples,Delayed / Missing Inbound Replenishment,11162.91
20260103,12,164,23,18,5,366.94,6604.92,18.0,0.0,STAP_EDIB_14,Staples,Forecast Underestimation & Buffer Shortage,1834.7
20260103,12,192,8,0,8,357.65,0.0,0.0,0.0,PERS_HAIR_12,Personal Care,Delayed / Missing Inbound Replenishment,2861.2
20260103,12,195,6,0,6,227.65,0.0,0.0,0.0,PERS_SANI_15,Personal Care,Delayed / Missing Inbound Replenishment,1365.9
20260103,12,203,11,0,11,316.94,0.0,0.0,0.0,PERS_ORAL_23,Personal Care,Delayed / Missing Inbound Replenishment,3486.34
20260103,12,218,5,2,3,72.52,145.04,2.0,0.0,HOUS_CLEA_08,Household,Delayed / Missing Inbound Replenishment,217.56
20260103,12,227,4,0,4,254.28,0.0,0.0,0.0,HOUS_DISH_17,Household,Delayed / Missing Inbound Replenishment,1017.12
20260103,12,231,7,0,7,259.78,0.0,0.0,0.0,HOUS_DETE_21,Household,Delayed / Missing Inbound Replenishment,1818.46
20260103,12,234,12,2,10,54.85,109.7,2.0,0.0,HOUS_DISP_24,Household,Delayed / Missing Inbound Replenishment,548.5
20260103,12,255,26,19,7,500.03,9500.57,19.0,0.0,BABY_BABY_15,Baby Care,Forecast Underestimation & Buffer Shortage,3500.21
20260103,12,272,8,0,8,569.34,0.0,0.0,0.0,PET _CAT _02,Pet Care,Delayed / Missing Inbound Replenishment,4554.72
20260103,12,275,15,14,1,359.71,5035.94,14.0,0.0,PET _DOG _05,Pet Care,Forecast Underestimation & Buffer Shortage,359.71
20260103,12,280,15,0,15,252.36,0.0,0.0,0.0,PET _CAT _10,Pet Care,Delayed / Missing Inbound Replenishment,3785.4
20260103,12,294,4,0,4,77.14,0.0,0.0,0.0,PET _PET _24,Pet Care,Delayed / Missing Inbound Replenishment,308.56
20260103,13,31,104,0,104,94.42,0.0,0.0,0.0,BEVE_JUIC_01,Beverages,Delayed / Missing Inbound Replenishment,9819.68
20260103,13,41,77,66,11,104.58,6902.28,66.0,0.0,BEVE_JUIC_11,Beverages,Unforecasted Demand Spike,1150.38
20260103,13,44,70,9,61,94.2,847.8,9.0,0.0,BEVE_ENER_14,Beverages,Unforecasted Demand Spike,5746.2
20260103,13,45,120,0,120,107.96,0.0,0.0,0.0,BEVE_WATE_15,Beverages,Delayed / Missing Inbound Replenishment,12955.2
20260103,13,60,57,0,57,146.5,0.0,0.0,0.0,BEVE_WATE_30,Beverages,Delayed / Missing Inbound Replenishment,8350.5
20260103,13,61,74,73,1,22.63,1651.99,73.0,0.0,SNAC_CHIP_01,Snacks,Unforecasted Demand Spike,22.63
20260103,13,105,32,0,32,171.63,0.0,0.0,0.0,PACK_READ_15,Packaged Foods,Delayed / Missing Inbound Replenishment,5492.16
20260103,13,135,68,56,12,112.02,6273.12,56.0,0.0,FRUI_CUT _15,Fruits & Vegetables,Unforecasted Demand Spike,1344.24
20260103,13,163,20,0,20,338.27,0.0,0.0,0.0,STAP_DALS_13,Staples,Delayed / Missing Inbound Replenishment,6765.4
20260103,13,201,14,0,14,193.23,0.0,0.0,0.0,PERS_SOAP_21,Personal Care,Delayed / Missing Inbound Replenishment,2705.22
20260103,13,214,10,0,10,216.37,0.0,0.0,0.0,HOUS_DISP_04,Household,Delayed / Missing Inbound Replenishment,2163.7
20260103,13,218,6,5,1,72.52,362.6,5.0,0.0,HOUS_CLEA_08,Household,Forecast Underestimation & Buffer Shortage,72.52
20260103,13,224,11,0,11,131.14,0.0,0.0,0.0,HOUS_DISP_14,Household,Delayed / Missing Inbound Replenishment,1442.54
20260103,13,238,11,0,11,172.48,0.0,0.0,0.0,HOUS_CLEA_28,Household,Delayed / Missing Inbound Replenishment,1897.28
20260103,13,272,5,4,1,569.34,2277.36,4.0,0.0,PET _CAT _02,Pet Care,Delayed / Missing Inbound Replenishment,569.34
20260103,13,273,4,1,3,256.39,256.39,1.0,0.0,PET _PET _03,Pet Care,Delayed / Missing Inbound Replenishment,769.17
20260103,13,274,8,3,5,218.13,654.39,3.0,0.0,PET _PET _04,Pet Care,Delayed / Missing Inbound Replenishment,1090.65
20260103,13,277,8,0,8,232.44,0.0,0.0,0.0,PET _PET _07,Pet Care,Delayed / Missing Inbound Replenishment,1859.52
20260103,13,286,6,0,6,456.83,0.0,0.0,0.0,PET _PET _16,Pet Care,Delayed / Missing Inbound Replenishment,2740.98
20260103,13,291,12,9,3,384.98,3464.82,9.0,0.0,PET _DOG _21,Pet Care,Forecast Underestimation & Buffer Shortage,1154.94
20260103,13,299,12,6,6,108.9,653.4,6.0,0.0,PET _DOG _29,Pet Care,Forecast Underestimation & Buffer Shortage,653.4
20260103,14,16,70,50,20,137.79,6889.5,50.0,0.0,DAIR_MILK_16,Dairy,Unforecasted Demand Spike,2755.8
20260103,14,35,119,105,14,158.37,16628.85,107.0,0.0,BEVE_WATE_05,Beverages,Unforecasted Demand Spike,2217.18
20260103,14,39,95,92,3,95.49,8785.08,92.0,0.0,BEVE_ENER_09,Beverages,Unforecasted Demand Spike,286.47
20260103,14,40,132,0,132,137.08,0.0,0.0,0.0,BEVE_WATE_10,Beverages,Delayed / Missing Inbound Replenishment,18094.56
20260103,14,41,112,0,112,104.58,0.0,0.0,0.0,BEVE_JUIC_11,Beverages,Delayed / Missing Inbound Replenishment,11712.96
20260103,14,45,154,0,154,107.96,0.0,0.0,0.0,BEVE_WATE_15,Beverages,Delayed / Missing Inbound Replenishment,16625.84
20260103,14,50,84,15,69,119.26,1788.9,15.0,0.0,BEVE_WATE_20,Beverages,Unforecasted Demand Spike,8228.94
20260103,14,59,79,0,79,48.81,0.0,0.0,0.0,BEVE_ENER_29,Beverages,Delayed / Missing Inbound Replenishment,3855.99
20260103,14,60,79,51,28,146.5,7471.5,51.0,0.0,BEVE_WATE_30,Beverages,Unforecasted Demand Spike,4102.0
20260103,14,75,56,0,56,85.91,0.0,0.0,0.0,SNAC_NUTS_15,Snacks,Delayed / Missing Inbound Replenishment,4810.96
20260103,14,100,53,9,44,109.11,981.99,9.0,0.0,PACK_READ_10,Packaged Foods,Unforecasted Demand Spike,4800.84
20260103,14,119,36,0,36,117.5,0.0,0.0,0.0,PACK_BREA_29,Packaged Foods,Delayed / Missing Inbound Replenishment,4230.0
20260103,14,132,131,127,4,94.19,11962.13,127.0,0.0,FRUI_EXOT_12,Fruits & Vegetables,Unforecasted Demand Spike,376.76
20260103,14,135,87,0,87,112.02,0.0,0.0,0.0,FRUI_CUT _15,Fruits & Vegetables,Delayed / Missing Inbound Replenishment,9745.74
20260103,14,143,118,0,118,48.33,0.0,0.0,0.0,FRUI_DAIL_23,Fruits & Vegetables,Delayed / Missing Inbound Replenishment,5702.94
20260103,14,163,26,4,22,338.27,1353.08,4.0,0.0,STAP_DALS_13,Staples,Delayed / Missing Inbound Replenishment,7441.94
20260103,14,170,54,8,46,338.45,2707.6,8.0,0.0,STAP_SPIC_20,Staples,Unforecasted Demand Spike,15568.7
20260103,14,174,56,3,53,511.67,1535.01,3.0,0.0,STAP_EDIB_24,Staples,Delayed / Missing Inbound Replenishment,27118.51
20260103,14,195,8,3,5,227.65,682.95,3.0,0.0,PERS_SANI_15,Personal Care,Delayed / Missing Inbound Replenishment,1138.25
20260103,14,204,8,4,4,199.5,798.0,4.0,0.0,PERS_SKIN_24,Personal Care,Delayed / Missing Inbound Replenishment,798.0
20260103,14,211,18,12,6,194.68,2336.16,12.0,0.0,HOUS_DETE_01,Household,Forecast Underestimation & Buffer Shortage,1168.08
20260103,14,216,15,8,7,208.26,1666.08,8.0,0.0,HOUS_DETE_06,Household,Forecast Underestimation & Buffer Shortage,1457.82
20260103,14,219,18,17,1,246.3,4187.1,17.0,0.0,HOUS_DISP_09,Household,Forecast Underestimation & Buffer Shortage,246.3
20260103,14,236,14,0,14,87.59,0.0,0.0,0.0,HOUS_DETE_26,Household,Delayed / Missing Inbound Replenishment,1226.26
20260103,14,256,49,0,49,441.88,0.0,0.0,0.0,BABY_BABY_16,Baby Care,Delayed / Missing Inbound Replenishment,21652.12
20260103,14,274,13,0,13,218.13,0.0,0.0,0.0,PET _PET _04,Pet Care,Delayed / Missing Inbound Replenishment,2835.69
20260103,14,282,8,0,8,378.42,0.0,0.0,0.0,PET _PET _12,Pet Care,Delayed / Missing Inbound Replenishment,3027.36
20260103,14,287,7,0,7,342.13,0.0,0.0,0.0,PET _DOG _17,Pet Care,Delayed / Missing Inbound Replenishment,2394.91
20260103,14,289,11,0,11,479.06,0.0,0.0,0.0,PET _PET _19,Pet Care,Delayed / Missing Inbound Replenishment,5269.66
20260103,14,291,16,0,16,384.98,0.0,0.0,0.0,PET _DOG _21,Pet Care,Delayed / Missing Inbound Replenishment,6159.68
20260103,14,299,18,0,18,108.9,0.0,0.0,0.0,PET _DOG _29,Pet Care,Delayed / Missing Inbound Replenishment,1960.2
20260103,15,8,76,0,76,138.28,0.0,0.0,0.0,DAIR_BUTT_08,Dairy,Delayed / Missing Inbound Replenishment,10509.28
20260103,15,16,45,44,1,137.79,6062.76,44.0,0.0,DAIR_MILK_16,Dairy,Unforecasted Demand Spike,137.79
20260103,15,24,77,60,17,103.72,6223.2,60.0,0.0,DAIR_CHEE_24,Dairy,Unforecasted Demand Spike,1763.24
20260103,15,35,75,0,75,158.37,0.0,0.0,0.0,BEVE_WATE_05,Beverages,Delayed / Missing Inbound Replenishment,11877.75
20260103,15,36,59,15,44,97.34,1460.1,15.0,0.0,BEVE_JUIC_06,Beverages,Unforecasted Demand Spike,4282.96
20260103,15,60,51,47,4,146.5,6885.5,47.0,0.0,BEVE_WATE_30,Beverages,Unforecasted Demand Spike,586.0
20260103,15,105,36,0,36,171.63,0.0,0.0,0.0,PACK_READ_15,Packaged Foods,Delayed / Missing Inbound Replenishment,6178.68
20260103,15,127,47,3,44,116.97,350.91,3.0,0.0,FRUI_EXOT_07,Fruits & Vegetables,Delayed / Missing Inbound Replenishment,5146.68
20260103,15,154,29,0,29,215.59,0.0,0.0,0.0,STAP_EDIB_04,Staples,Delayed / Missing Inbound Replenishment,6252.11
20260103,15,166,22,9,13,248.86,2239.74,9.0,0.0,STAP_ATTA_16,Staples,Forecast Underestimation & Buffer Shortage,3235.18
20260103,15,169,20,15,5,312.03,4680.45,15.0,0.0,STAP_EDIB_19,Staples,Forecast Underestimation & Buffer Shortage,1560.15
20260103,15,174,37,30,7,511.67,15350.1,30.0,0.0,STAP_EDIB_24,Staples,Forecast Underestimation & Buffer Shortage,3581.69
20260103,15,203,8,0,8,316.94,0.0,0.0,0.0,PERS_ORAL_23,Personal Care,Delayed / Missing Inbound Replenishment,2535.52
20260103,15,210,7,6,1,212.16,1272.96,6.0,0.0,PERS_SANI_30,Personal Care,Forecast Underestimation & Buffer Shortage,212.16
20260103,15,214,9,7,2,216.37,1514.59,7.0,0.0,HOUS_DISP_04,Household,Forecast Underestimation & Buffer Shortage,432.74
20260103,15,218,4,0,4,72.52,0.0,0.0,0.0,HOUS_CLEA_08,Household,Delayed / Missing Inbound Replenishment,290.08
20260103,15,219,12,0,12,246.3,0.0,0.0,0.0,HOUS_DISP_09,Household,Delayed / Missing Inbound Replenishment,2955.6
20260103,15,222,9,6,3,214.26,1285.56,6.0,0.0,HOUS_DISH_12,Household,Forecast Underestimation & Buffer Shortage,642.78
20260103,15,227,4,3,1,254.28,762.84,3.0,0.0,HOUS_DISH_17,Household,Delayed / Missing Inbound Replenishment,254.28
20260103,15,238,11,10,1,172.48,1724.8,10.0,0.0,HOUS_CLEA_28,Household,Forecast Underestimation & Buffer Shortage,172.48
20260103,15,250,24,0,24,204.07,0.0,0.0,0.0,BABY_BABY_10,Baby Care,Delayed / Missing Inbound Replenishment,4897.68
20260103,15,274,9,0,9,218.13,0.0,0.0,0.0,PET _PET _04,Pet Care,Delayed / Missing Inbound Replenishment,1963.17
20260103,15,294,4,0,4,77.14,0.0,0.0,0.0,PET _PET _24,Pet Care,Delayed / Missing Inbound Replenishment,308.56
20260103,16,8,111,18,93,138.28,2489.04,18.0,0.0,DAIR_BUTT_08,Dairy,Unforecasted Demand Spike,12860.04
20260103,16,14,119,0,119,190.76,0.0,0.0,0.0,DAIR_CHEE_14,Dairy,Delayed / Missing Inbound Replenishment,22700.44
20260103,16,16,70,46,24,137.79,6338.34,46.0,0.0,DAIR_MILK_16,Dairy,Unforecasted Demand Spike,3306.96
20260103,16,35,128,104,24,158.37,16470.48,104.0,0.0,BEVE_WATE_05,Beverages,Unforecasted Demand Spike,3800.88
20260103,16,40,145,65,80,137.08,8910.2,65.0,0.0,BEVE_WATE_10,Beverages,Unforecasted Demand Spike,10966.4
20260103,16,41,123,0,123,104.58,0.0,0.0,0.0,BEVE_JUIC_11,Beverages,Delayed / Missing Inbound Replenishment,12863.34
20260103,16,44,106,96,10,94.2,9043.2,96.0,0.0,BEVE_ENER_14,Beverages,Unforecasted Demand Spike,942.0
20260103,16,45,168,60,108,107.96,6477.6,60.0,0.0,BEVE_WATE_15,Beverages,Unforecasted Demand Spike,11659.68
20260103,16,50,78,11,67,119.26,1311.86,11.0,0.0,BEVE_WATE_20,Beverages,Unforecasted Demand Spike,7990.42
20260103,16,59,85,0,85,48.81,0.0,0.0,0.0,BEVE_ENER_29,Beverages,Delayed / Missing Inbound Replenishment,4148.85
20260103,16,63,102,63,39,157.5,9922.5,63.0,0.0,SNAC_NAMK_03,Snacks,Unforecasted Demand Spike,6142.5
20260103,16,73,119,8,111,92.13,737.04,8.0,0.0,SNAC_NAMK_13,Snacks,Unforecasted Demand Spike,10226.43
20260103,16,139,116,2,114,82.55,165.1,2.0,0.0,FRUI_SEAS_19,Fruits & Vegetables,Delayed / Missing Inbound Replenishment,9410.7
20260103,16,143,125,0,125,48.33,0.0,,,FRUI_DAIL_23,Fruits & Vegetables,Unforecasted Demand Spike,6041.25
20260103,16,153,28,0,28,262.16,0.0,0.0,0.0,STAP_DALS_03,Staples,Delayed / Missing Inbound Replenishment,7340.48
20260103,16,154,38,0,38,215.59,0.0,0.0,0.0,STAP_EDIB_04,Staples,Delayed / Missing Inbound Replenishment,8192.42
20260103,16,158,41,0,41,65.45,0.0,0.0,0.0,STAP_DALS_08,Staples,Delayed / Missing Inbound Replenishment,2683.45
20260103,16,164,23,0,23,366.94,0.0,0.0,0.0,STAP_EDIB_14,Staples,Delayed / Missing Inbound Replenishment,8439.62
20260103,16,168,50,43,7,166.75,7170.25,43.0,0.0,STAP_DALS_18,Staples,Unforecasted Demand Spike,1167.25
20260103,16,170,57,35,22,338.45,11845.75,35.0,0.0,STAP_SPIC_20,Staples,Unforecasted Demand Spike,7445.9
20260103,16,171,31,0,31,329.23,0.0,0.0,0.0,STAP_ATTA_21,Staples,Delayed / Missing Inbound Replenishment,10206.13
20260103,16,173,32,0,32,69.06,0.0,0.0,0.0,STAP_DALS_23,Staples,Delayed / Missing Inbound Replenishment,2209.92
20260103,16,174,53,30,23,511.67,15350.1,30.0,0.0,STAP_EDIB_24,Staples,Unforecasted Demand Spike,11768.41
20260103,16,187,12,8,4,341.21,2729.68,8.0,0.0,PERS_HAIR_07,Personal Care,Forecast Underestimation & Buffer Shortage,1364.84
20260103,16,192,9,5,4,357.65,1788.25,5.0,0.0,PERS_HAIR_12,Personal Care,Forecast Underestimation & Buffer Shortage,1430.6
20260103,16,204,7,6,1,199.5,1197.0,6.0,0.0,PERS_SKIN_24,Personal Care,Forecast Underestimation & Buffer Shortage,199.5
20260103,16,207,6,0,6,160.21,0.0,0.0,0.0,PERS_HAIR_27,Personal Care,Delayed / Missing Inbound Replenishment,961.26
20260103,16,209,6,1,5,108.95,108.95,1.0,0.0,PERS_SKIN_29,Personal Care,Delayed / Missing Inbound Replenishment,544.75
20260103,16,210,12,8,4,212.16,1697.28,8.0,0.0,PERS_SANI_30,Personal Care,Forecast Underestimation & Buffer Shortage,848.64
20260103,16,216,19,1,18,208.26,208.26,1.0,0.0,HOUS_DETE_06,Household,Delayed / Missing Inbound Replenishment,3748.68
20260103,16,220,11,0,11,256.13,0.0,0.0,0.0,HOUS_REPE_10,Household,Delayed / Missing Inbound Replenishment,2817.43
20260103,16,233,18,17,1,161.93,2752.81,17.0,0.0,HOUS_CLEA_23,Household,Forecast Underestimation & Buffer Shortage,161.93
20260103,16,234,13,1,12,54.85,54.85,1.0,0.0,HOUS_DISP_24,Household,Delayed / Missing Inbound Replenishment,658.2
20260103,16,238,13,0,13,172.48,0.0,0.0,0.0,HOUS_CLEA_28,Household,Delayed / Missing Inbound Replenishment,2242.24
20260103,16,241,46,9,37,535.8,4822.2,9.0,0.0,BABY_DIAP_01,Baby Care,Unforecasted Demand Spike,19824.6
20260103,16,250,36,0,36,204.07,0.0,0.0,0.0,BABY_BABY_10,Baby Care,Delayed / Missing Inbound Replenishment,7346.52
20260103,16,273,6,0,6,256.39,0.0,0.0,0.0,PET _PET _03,Pet Care,Delayed / Missing Inbound Replenishment,1538.34
20260103,16,275,15,0,15,359.71,0.0,0.0,0.0,PET _DOG _05,Pet Care,Delayed / Missing Inbound Replenishment,5395.65
20260103,16,276,10,0,10,419.68,0.0,,,PET _CAT _06,Pet Care,Forecast Underestimation & Buffer Shortage,4196.8
20260103,16,289,10,0,10,479.06,0.0,0.0,0.0,PET _PET _19,Pet Care,Delayed / Missing Inbound Replenishment,4790.6
20260103,16,293,18,13,5,478.5,6220.5,13.0,0.0,PET _PET _23,Pet Care,Forecast Underestimation & Buffer Shortage,2392.5
20260103,16,296,17,1,16,84.64,84.64,1.0,0.0,PET _CAT _26,Pet Care,Delayed / Missing Inbound Replenishment,1354.24
20260103,17,16,64,0,64,137.79,0.0,0.0,0.0,DAIR_MILK_16,Dairy,Delayed / Missing Inbound Replenishment,8818.56
20260103,17,17,96,44,52,108.57,4777.08,44.0,0.0,DAIR_CURD_17,Dairy,Unforecasted Demand Spike,5645.64
20260103,17,27,88,15,73,103.33,1549.95,15.0,0.0,DAIR_CURD_27,Dairy,Unforecasted Demand Spike,7543.09
20260103,17,35,109,48,61,158.37,7601.76,48.0,0.0,BEVE_WATE_05,Beverages,Unforecasted Demand Spike,9660.57
20260103,17,40,127,0,127,137.08,0.0,0.0,0.0,BEVE_WATE_10,Beverages,Delayed / Missing Inbound Replenishment,17409.16
20260103,17,44,99,81,18,94.2,7630.2,81.0,0.0,BEVE_ENER_14,Beverages,Unforecasted Demand Spike,1695.6
20260103,17,45,147,103,44,107.96,11119.88,103.0,0.0,BEVE_WATE_15,Beverages,Unforecasted Demand Spike,4750.24
20260103,17,51,88,0,88,82.5,0.0,0.0,0.0,BEVE_JUIC_21,Beverages,Delayed / Missing Inbound Replenishment,7260.0
20260103,17,59,81,0,81,48.81,0.0,0.0,0.0,BEVE_ENER_29,Beverages,Delayed / Missing Inbound Replenishment,3953.61
20260103,17,60,69,15,54,146.5,2197.5,15.0,0.0,BEVE_WATE_30,Beverages,Unforecasted Demand Spike,7911.0
20260103,17,63,92,64,28,157.5,10080.0,64.0,0.0,SNAC_NAMK_03,Snacks,Unforecasted Demand Spike,4410.0
20260103,17,72,79,50,29,171.81,8590.5,50.0,0.0,SNAC_BISC_12,Snacks,Unforecasted Demand Spike,4982.49
20260103,17,110,48,23,25,43.46,999.58,23.0,0.0,PACK_READ_20,Packaged Foods,Unforecasted Demand Spike,1086.5
20260103,17,123,50,43,7,81.34,3497.62,43.0,0.0,FRUI_DAIL_03,Fruits & Vegetables,Unforecasted Demand Spike,569.38
20260103,17,153,25,12,13,262.16,3145.92,12.0,0.0,STAP_DALS_03,Staples,Forecast Underestimation & Buffer Shortage,3408.08
20260103,17,155,22,6,16,443.45,2660.7,6.0,0.0,STAP_SPIC_05,Staples,Forecast Underestimation & Buffer Shortage,7095.2
20260103,17,156,39,25,14,342.35,8558.75,25.0,0.0,STAP_ATTA_06,Staples,Forecast Underestimation & Buffer Shortage,4792.9
20260103,17,158,36,25,11,65.45,1636.25,25.0,0.0,STAP_DALS_08,Staples,Forecast Underestimation & Buffer Shortage,719.95
20260103,17,162,42,9,33,185.02,1665.18,9.0,0.0,STAP_RICE_12,Staples,Unforecasted Demand Spike,6105.66
20260103,17,164,19,10,9,366.94,3669.4,10.0,0.0,STAP_EDIB_14,Staples,Forecast Underestimation & Buffer Shortage,3302.46
20260103,17,166,29,0,29,248.86,0.0,0.0,0.0,STAP_ATTA_16,Staples,Delayed / Missing Inbound Replenishment,7216.94
20260103,17,169,27,0,27,312.03,0.0,0.0,0.0,STAP_EDIB_19,Staples,Delayed / Missing Inbound Replenishment,8424.81
20260103,17,173,30,24,6,69.06,1657.44,24.0,0.0,STAP_DALS_23,Staples,Forecast Underestimation & Buffer Shortage,414.36
20260103,17,197,14,0,14,102.01,0.0,0.0,0.0,PERS_HAIR_17,Personal Care,Delayed / Missing Inbound Replenishment,1428.14
20260103,17,201,14,5,9,193.23,966.15,5.0,0.0,PERS_SOAP_21,Personal Care,Forecast Underestimation & Buffer Shortage,1739.07
20260103,17,204,6,2,4,199.5,399.0,2.0,0.0,PERS_SKIN_24,Personal Care,Delayed / Missing Inbound Replenishment,798.0
20260103,17,213,7,0,7,243.34,0.0,0.0,0.0,HOUS_CLEA_03,Household,Delayed / Missing Inbound Replenishment,1703.38
20260103,17,216,12,10,2,208.26,2082.6,10.0,0.0,HOUS_DETE_06,Household,Forecast Underestimation & Buffer Shortage,416.52
20260103,17,231,6,0,6,259.78,0.0,0.0,0.0,HOUS_DETE_21,Household,Delayed / Missing Inbound Replenishment,1558.68
20260103,17,233,14,0,14,161.93,0.0,0.0,0.0,HOUS_CLEA_23,Household,Delayed / Missing Inbound Replenishment,2267.02
20260103,17,236,15,6,9,87.59,525.54,6.0,0.0,HOUS_DETE_26,Household,Forecast Underestimation & Buffer Shortage,788.31
20260103,17,238,16,2,14,172.48,344.96,2.0,0.0,HOUS_CLEA_28,Household,Delayed / Missing Inbound Replenishment,2414.72
20260103,17,256,46,36,10,441.88,15907.68,36.0,0.0,BABY_BABY_16,Baby Care,Unforecasted Demand Spike,4418.8
20260103,17,261,26,0,26,419.38,0.0,0.0,0.0,BABY_DIAP_21,Baby Care,Delayed / Missing Inbound Replenishment,10903.88
20260103,17,276,11,4,7,419.68,1678.72,4.0,0.0,PET _CAT _06,Pet Care,Delayed / Missing Inbound Replenishment,2937.76
20260103,17,281,6,1,5,208.33,208.33,1.0,0.0,PET _PET _11,Pet Care,Delayed / Missing Inbound Replenishment,1041.65
20260103,18,11,65,27,38,214.92,5802.84,27.0,0.0,DAIR_MILK_11,Dairy,Unforecasted Demand Spike,8166.96
20260103,18,19,98,0,98,189.48,0.0,0.0,0.0,DAIR_CHEE_19,Dairy,Delayed / Missing Inbound Replenishment,18569.04
20260103,18,26,52,0,52,78.21,0.0,0.0,0.0,DAIR_MILK_26,Dairy,Delayed / Missing Inbound Replenishment,4066.92
20260103,18,31,119,80,39,94.42,7553.6,80.0,0.0,BEVE_JUIC_01,Beverages,Unforecasted Demand Spike,3682.38
20260103,18,39,79,12,67,95.49,1145.88,12.0,0.0,BEVE_ENER_09,Beverages,Unforecasted Demand Spike,6397.83
20260103,18,45,133,96,37,107.96,10364.16,96.0,0.0,BEVE_WATE_15,Beverages,Unforecasted Demand Spike,3994.52
20260103,18,50,70,32,38,119.26,3816.32,32.0,0.0,BEVE_WATE_20,Beverages,Unforecasted Demand Spike,4531.88
20260103,18,60,60,33,27,146.5,4834.5,33.0,0.0,BEVE_WATE_30,Beverages,Unforecasted Demand Spike,3955.5
20260103,18,63,79,11,68,157.5,1732.5,11.0,0.0,SNAC_NAMK_03,Snacks,Unforecasted Demand Spike,10710.0
20260103,18,75,49,22,27,85.91,1890.02,22.0,0.0,SNAC_NUTS_15,Snacks,Unforecasted Demand Spike,2319.57
20260103,18,100,144,128,16,109.11,13966.08,128.0,0.0,PACK_READ_10,Packaged Foods,Unforecasted Demand Spike,1745.76
20260103,18,105,42,17,25,171.63,2917.71,17.0,0.0,PACK_READ_15,Packaged Foods,Unforecasted Demand Spike,4290.75
20260103,18,107,30,0,30,60.31,0.0,0.0,0.0,PACK_PAST_17,Packaged Foods,Delayed / Missing Inbound Replenishment,1809.3
20260103,18,110,46,0,46,43.46,0.0,0.0,0.0,PACK_READ_20,Packaged Foods,Delayed / Missing Inbound Replenishment,1999.16
20260103,18,112,23,16,7,51.88,830.08,16.0,0.0,PACK_PAST_22,Packaged Foods,Forecast Underestimation & Buffer Shortage,363.16
20260103,18,123,48,0,48,81.34,0.0,0.0,0.0,FRUI_DAIL_03,Fruits & Vegetables,Delayed / Missing Inbound Replenishment,3904.32
20260103,18,163,24,3,21,338.27,1014.81,3.0,0.0,STAP_DALS_13,Staples,Delayed / Missing Inbound Replenishment,7103.67
20260103,18,166,26,0,26,248.86,0.0,0.0,0.0,STAP_ATTA_16,Staples,Delayed / Missing Inbound Replenishment,6470.36
20260103,18,185,12,10,2,218.07,2180.7,10.0,0.0,PERS_SANI_05,Personal Care,Forecast Underestimation & Buffer Shortage,436.14
20260103,18,208,14,12,2,249.0,2988.0,12.0,0.0,PERS_ORAL_28,Personal Care,Forecast Underestimation & Buffer Shortage,498.0
20260103,18,209,6,4,2,108.95,435.8,4.0,0.0,PERS_SKIN_29,Personal Care,Delayed / Missing Inbound Replenishment,217.9
20260103,18,217,3,0,3,275.5,0.0,0.0,0.0,HOUS_DISH_07,Household,Delayed / Missing Inbound Replenishment,826.5
20260103,18,221,7,0,7,209.6,0.0,0.0,0.0,HOUS_DETE_11,Household,Delayed / Missing Inbound Replenishment,1467.2
20260103,18,224,15,0,15,131.14,0.0,0.0,0.0,HOUS_DISP_14,Household,Delayed / Missing Inbound Replenishment,1967.1
20260103,18,233,14,10,4,161.93,1619.3,10.0,0.0,HOUS_CLEA_23,Household,Forecast Underestimation & Buffer Shortage,647.72
20260103,18,234,11,5,6,54.85,274.25,5.0,0.0,HOUS_DISP_24,Household,Forecast Underestimation & Buffer Shortage,329.1
20260103,18,250,29,13,16,204.07,2652.91,13.0,0.0,BABY_BABY_10,Baby Care,Forecast Underestimation & Buffer Shortage,3265.12
20260103,18,271,5,1,4,561.27,561.27,1.0,0.0,PET _DOG _01,Pet Care,Delayed / Missing Inbound Replenishment,2245.08
20260103,18,273,6,0,6,256.39,0.0,0.0,0.0,PET _PET _03,Pet Care,Delayed / Missing Inbound Replenishment,1538.34
20260103,18,277,10,7,3,232.44,1627.08,7.0,0.0,PET _PET _07,Pet Care,Forecast Underestimation & Buffer Shortage,697.32
20260103,18,287,4,0,4,342.13,0.0,0.0,0.0,PET _DOG _17,Pet Care,Delayed / Missing Inbound Replenishment,1368.52
20260103,19,8,107,0,107,138.28,0.0,0.0,0.0,DAIR_BUTT_08,Dairy,Delayed / Missing Inbound Replenishment,14795.96
20260103,19,11,77,52,25,214.92,11175.84,52.0,0.0,DAIR_MILK_11,Dairy,Unforecasted Demand Spike,5373.0
20260103,19,17,87,0,87,108.57,0.0,0.0,0.0,DAIR_CURD_17,Dairy,Delayed / Missing Inbound Replenishment,9445.59
20260103,19,19,111,0,111,189.48,0.0,0.0,0.0,DAIR_CHEE_19,Dairy,Delayed / Missing Inbound Replenishment,21032.28
20260103,19,24,118,0,118,103.72,0.0,0.0,0.0,DAIR_CHEE_24,Dairy,Delayed / Missing Inbound Replenishment,12238.96
20260103,19,31,137,73,64,94.42,6892.66,73.0,0.0,BEVE_JUIC_01,Beverages,Unforecasted Demand Spike,6042.88
20260103,19,40,133,0,133,137.08,0.0,0.0,0.0,BEVE_WATE_10,Beverages,Delayed / Missing Inbound Replenishment,18231.64
20260103,19,41,105,0,105,104.58,0.0,0.0,0.0,BEVE_JUIC_11,Beverages,Delayed / Missing Inbound Replenishment,10980.9
20260103,19,50,84,67,17,119.26,7990.42,67.0,0.0,BEVE_WATE_20,Beverages,Unforecasted Demand Spike,2027.42
20260103,19,59,276,0,276,48.81,0.0,0.0,0.0,BEVE_ENER_29,Beverages,Delayed / Missing Inbound Replenishment,13471.56
20260103,19,60,71,0,71,146.5,0.0,0.0,0.0,BEVE_WATE_30,Beverages,Delayed / Missing Inbound Replenishment,10401.5
20260103,19,63,89,0,89,157.5,0.0,0.0,0.0,SNAC_NAMK_03,Snacks,Delayed / Missing Inbound Replenishment,14017.5
20260103,19,70,84,0,84,129.42,0.0,0.0,0.0,SNAC_NUTS_10,Snacks,Delayed / Missing Inbound Replenishment,10871.28
20260103,19,72,81,0,81,171.81,0.0,0.0,0.0,SNAC_BISC_12,Snacks,Delayed / Missing Inbound Replenishment,13916.61
20260103,19,88,87,6,81,137.62,825.72,6.0,0.0,SNAC_NAMK_28,Snacks,Unforecasted Demand Spike,11147.22
20260103,19,100,53,0,53,109.11,0.0,0.0,0.0,PACK_READ_10,Packaged Foods,Delayed / Missing Inbound Replenishment,5782.83
20260103,19,107,37,11,26,60.31,663.41,11.0,0.0,PACK_PAST_17,Packaged Foods,Forecast Underestimation & Buffer Shortage,1568.06
20260103,19,119,36,2,34,117.5,235.0,2.0,0.0,PACK_BREA_29,Packaged Foods,Delayed / Missing Inbound Replenishment,3995.0
20260103,19,154,37,12,25,215.59,2587.08,12.0,0.0,STAP_EDIB_04,Staples,Forecast Underestimation & Buffer Shortage,5389.75
20260103,19,158,44,36,8,65.45,2356.2,36.0,0.0,STAP_DALS_08,Staples,Unforecasted Demand Spike,523.6
20260103,19,163,27,0,27,338.27,0.0,0.0,0.0,STAP_DALS_13,Staples,Delayed / Missing Inbound Replenishment,9133.29
20260103,19,164,20,0,20,366.94,0.0,0.0,0.0,STAP_EDIB_14,Staples,Delayed / Missing Inbound Replenishment,7338.8
20260103,19,166,29,22,7,248.86,5474.92,22.0,0.0,STAP_ATTA_16,Staples,Forecast Underestimation & Buffer Shortage,1742.02
20260103,19,168,46,0,46,166.75,0.0,0.0,0.0,STAP_DALS_18,Staples,Delayed / Missing Inbound Replenishment,7670.5
20260103,19,169,27,7,20,312.03,2184.21,7.0,0.0,STAP_EDIB_19,Staples,Forecast Underestimation & Buffer Shortage,6240.6
20260103,19,171,27,0,27,329.23,0.0,0.0,0.0,STAP_ATTA_21,Staples,Delayed / Missing Inbound Replenishment,8889.21
20260103,19,207,6,0,6,160.21,0.0,0.0,0.0,PERS_HAIR_27,Personal Care,Delayed / Missing Inbound Replenishment,961.26
20260103,19,213,7,6,1,243.34,1460.04,6.0,0.0,HOUS_CLEA_03,Household,Forecast Underestimation & Buffer Shortage,243.34
20260103,19,216,12,4,8,208.26,833.04,4.0,0.0,HOUS_DETE_06,Household,Delayed / Missing Inbound Replenishment,1666.08
20260103,19,220,7,0,7,256.13,0.0,0.0,0.0,HOUS_REPE_10,Household,Delayed / Missing Inbound Replenishment,1792.91
20260103,19,222,12,7,5,214.26,1499.82,7.0,0.0,HOUS_DISH_12,Household,Forecast Underestimation & Buffer Shortage,1071.3
20260103,19,229,11,0,11,147.62,0.0,0.0,0.0,HOUS_DISP_19,Household,Delayed / Missing Inbound Replenishment,1623.82
20260103,19,231,9,8,1,259.78,2078.24,8.0,0.0,HOUS_DETE_21,Household,Forecast Underestimation & Buffer Shortage,259.78
20260103,19,234,12,0,12,54.85,0.0,0.0,0.0,HOUS_DISP_24,Household,Delayed / Missing Inbound Replenishment,658.2
20260103,19,250,35,1,34,204.07,204.07,1.0,0.0,BABY_BABY_10,Baby Care,Delayed / Missing Inbound Replenishment,6938.38
20260103,19,255,29,19,10,500.03,9500.57,19.0,0.0,BABY_BABY_15,Baby Care,Forecast Underestimation & Buffer Shortage,5000.3
20260103,19,256,47,18,29,441.88,7953.84,18.0,0.0,BABY_BABY_16,Baby Care,Unforecasted Demand Spike,12814.52
20260103,19,277,10,0,10,232.44,0.0,0.0,0.0,PET _PET _07,Pet Care,Delayed / Missing Inbound Replenishment,2324.4
20260103,19,283,9,0,9,548.52,0.0,0.0,0.0,PET _DOG _13,Pet Care,Delayed / Missing Inbound Replenishment,4936.68
20260103,19,286,13,0,13,456.83,0.0,0.0,0.0,PET _PET _16,Pet Care,Delayed / Missing Inbound Replenishment,5938.79
20260103,19,287,5,0,5,342.13,0.0,0.0,0.0,PET _DOG _17,Pet Care,Delayed / Missing Inbound Replenishment,1710.65
20260103,19,296,17,9,8,84.64,761.76,9.0,0.0,PET _CAT _26,Pet Care,Forecast Underestimation & Buffer Shortage,677.12
20260103,20,16,48,45,3,137.79,6200.55,45.0,0.0,DAIR_MILK_16,Dairy,Unforecasted Demand Spike,413.37
20260103,20,19,88,15,73,189.48,2842.2,15.0,0.0,DAIR_CHEE_19,Dairy,Unforecasted Demand Spike,13832.04
20260103,20,22,52,0,52,53.74,0.0,0.0,0.0,DAIR_CURD_22,Dairy,Delayed / Missing Inbound Replenishment,2794.48
20260103,20,31,103,76,27,94.42,7175.92,76.0,0.0,BEVE_JUIC_01,Beverages,Unforecasted Demand Spike,2549.34
20260103,20,35,87,0,87,158.37,0.0,0.0,0.0,BEVE_WATE_05,Beverages,Delayed / Missing Inbound Replenishment,13778.19
20260103,20,59,62,25,37,48.81,1220.25,25.0,0.0,BEVE_ENER_29,Beverages,Unforecasted Demand Spike,1805.97
20260103,20,60,64,0,64,146.5,0.0,0.0,0.0,BEVE_WATE_30,Beverages,Delayed / Missing Inbound Replenishment,9376.0
20260103,20,61,78,4,74,22.63,90.52,4.0,0.0,SNAC_CHIP_01,Snacks,Delayed / Missing Inbound Replenishment,1674.62
20260103,20,126,66,36,30,64.66,2327.76,36.0,0.0,FRUI_FRES_06,Fruits & Vegetables,Unforecasted Demand Spike,1939.8
20260103,20,153,16,0,16,262.16,0.0,0.0,0.0,STAP_DALS_03,Staples,Delayed / Missing Inbound Replenishment,4194.56
20260103,20,155,20,0,20,443.45,0.0,0.0,0.0,STAP_SPIC_05,Staples,Delayed / Missing Inbound Replenishment,8869.0
20260103,20,162,40,0,40,185.02,0.0,0.0,0.0,STAP_RICE_12,Staples,Delayed / Missing Inbound Replenishment,7400.8
20260103,20,169,25,9,16,312.03,2808.27,9.0,0.0,STAP_EDIB_19,Staples,Forecast Underestimation & Buffer Shortage,4992.48
20260103,20,170,42,34,8,338.45,11507.3,34.0,0.0,STAP_SPIC_20,Staples,Unforecasted Demand Spike,2707.6
20260103,20,173,21,6,15,69.06,414.36,6.0,0.0,STAP_DALS_23,Staples,Forecast Underestimation & Buffer Shortage,1035.9
20260103,20,174,40,22,18,511.67,11256.74,22.0,0.0,STAP_EDIB_24,Staples,Forecast Underestimation & Buffer Shortage,9210.06
20260103,20,195,5,0,5,227.65,0.0,0.0,0.0,PERS_SANI_15,Personal Care,Delayed / Missing Inbound Replenishment,1138.25
20260103,20,197,8,3,5,102.01,306.03,3.0,0.0,PERS_HAIR_17,Personal Care,Delayed / Missing Inbound Replenishment,510.05
20260103,20,203,22,4,18,316.94,1267.76,4.0,0.0,PERS_ORAL_23,Personal Care,Delayed / Missing Inbound Replenishment,5704.92
20260103,20,205,12,11,1,130.63,1436.93,11.0,0.0,PERS_SANI_25,Personal Care,Forecast Underestimation & Buffer Shortage,130.63
20260103,20,210,10,4,6,212.16,848.64,4.0,0.0,PERS_SANI_30,Personal Care,Delayed / Missing Inbound Replenishment,1272.96
20260103,20,222,8,0,8,214.26,0.0,0.0,0.0,HOUS_DISH_12,Household,Delayed / Missing Inbound Replenishment,1714.08
20260103,20,261,23,0,23,419.38,0.0,0.0,0.0,BABY_DIAP_21,Baby Care,Delayed / Missing Inbound Replenishment,9645.74
20260103,20,272,5,0,5,569.34,0.0,0.0,0.0,PET _CAT _02,Pet Care,Delayed / Missing Inbound Replenishment,2846.7
20260103,20,287,4,0,4,342.13,0.0,0.0,0.0,PET _DOG _17,Pet Care,Delayed / Missing Inbound Replenishment,1368.52
20260103,20,291,12,0,12,384.98,0.0,0.0,0.0,PET _DOG _21,Pet Care,Delayed / Missing Inbound Replenishment,4619.76
20260103,21,16,69,0,69,137.79,0.0,0.0,0.0,DAIR_MILK_16,Dairy,Delayed / Missing Inbound Replenishment,9507.51
20260103,21,17,96,0,96,108.57,0.0,0.0,0.0,DAIR_CURD_17,Dairy,Delayed / Missing Inbound Replenishment,10422.72
20260103,21,27,79,0,79,103.33,0.0,0.0,0.0,DAIR_CURD_27,Dairy,Delayed / Missing Inbound Replenishment,8163.07
20260103,21,31,142,89,53,94.42,8403.38,89.0,0.0,BEVE_JUIC_01,Beverages,Unforecasted Demand Spike,5004.26
20260103,21,40,137,110,27,137.08,15078.8,110.0,0.0,BEVE_WATE_10,Beverages,Unforecasted Demand Spike,3701.16
20260103,21,41,107,92,15,104.58,9621.36,92.0,0.0,BEVE_JUIC_11,Beverages,Unforecasted Demand Spike,1568.7
20260103,21,46,162,89,73,32.07,2854.23,89.0,0.0,BEVE_JUIC_16,Beverages,Unforecasted Demand Spike,2341.11
20260103,21,63,94,1,93,157.5,157.5,1.0,0.0,SNAC_NAMK_03,Snacks,Delayed / Missing Inbound Replenishment,14647.5
20260103,21,73,117,0,117,92.13,0.0,0.0,0.0,SNAC_NAMK_13,Snacks,Delayed / Missing Inbound Replenishment,10779.21
20260103,21,85,50,0,50,172.15,0.0,0.0,0.0,SNAC_NUTS_25,Snacks,Delayed / Missing Inbound Replenishment,8607.5
20260103,21,88,81,50,31,137.62,6881.0,50.0,0.0,SNAC_NAMK_28,Snacks,Unforecasted Demand Spike,4266.22
20260103,21,100,51,1,50,109.11,109.11,1.0,0.0,PACK_READ_10,Packaged Foods,Delayed / Missing Inbound Replenishment,5455.5
20260103,21,121,88,0,88,26.81,0.0,0.0,0.0,FRUI_FRES_01,Fruits & Vegetables,Delayed / Missing Inbound Replenishment,2359.28
20260103,21,126,89,80,9,64.66,5172.8,80.0,0.0,FRUI_FRES_06,Fruits & Vegetables,Unforecasted Demand Spike,581.94
20260103,21,135,97,95,2,112.02,10641.9,95.0,0.0,FRUI_CUT _15,Fruits & Vegetables,Unforecasted Demand Spike,224.04
20260103,21,139,111,21,90,82.55,1733.55,21.0,0.0,FRUI_SEAS_19,Fruits & Vegetables,Unforecasted Demand Spike,7429.5
20260103,21,143,121,0,121,48.33,0.0,0.0,0.0,FRUI_DAIL_23,Fruits & Vegetables,Delayed / Missing Inbound Replenishment,5847.93
20260103,21,154,42,30,12,215.59,6467.7,30.0,0.0,STAP_EDIB_04,Staples,Unforecasted Demand Spike,2587.08
20260103,21,156,39,0,39,342.35,0.0,0.0,0.0,STAP_ATTA_06,Staples,Delayed / Missing Inbound Replenishment,13351.65
20260103,21,158,38,0,38,65.45,0.0,0.0,0.0,STAP_DALS_08,Staples,Delayed / Missing Inbound Replenishment,2487.1
20260103,21,185,15,2,13,218.07,436.14,2.0,0.0,PERS_SANI_05,Personal Care,Delayed / Missing Inbound Replenishment,2834.91
20260103,21,192,6,0,6,357.65,0.0,,,PERS_HAIR_12,Personal Care,Forecast Underestimation & Buffer Shortage,2145.9
20260103,21,195,8,0,8,227.65,0.0,0.0,0.0,PERS_SANI_15,Personal Care,Delayed / Missing Inbound Replenishment,1821.2
20260103,21,204,9,1,8,199.5,199.5,1.0,0.0,PERS_SKIN_24,Personal Care,Delayed / Missing Inbound Replenishment,1596.0
20260103,21,208,13,12,1,249.0,2988.0,12.0,0.0,PERS_ORAL_28,Personal Care,Forecast Underestimation & Buffer Shortage,249.0
20260103,21,209,7,0,7,108.95,0.0,0.0,0.0,PERS_SKIN_29,Personal Care,Delayed / Missing Inbound Replenishment,762.65
20260103,21,216,16,0,16,208.26,0.0,0.0,0.0,HOUS_DETE_06,Household,Delayed / Missing Inbound Replenishment,3332.16
20260103,21,219,15,7,8,246.3,1724.1,7.0,0.0,HOUS_DISP_09,Household,Forecast Underestimation & Buffer Shortage,1970.4
20260103,21,222,10,3,7,214.26,642.78,3.0,0.0,HOUS_DISH_12,Household,Delayed / Missing Inbound Replenishment,1499.82
20260103,21,224,17,3,14,131.14,393.42,3.0,0.0,HOUS_DISP_14,Household,Delayed / Missing Inbound Replenishment,1835.96
20260103,21,234,16,6,10,54.85,329.1,6.0,0.0,HOUS_DISP_24,Household,Forecast Underestimation & Buffer Shortage,548.5
20260103,21,236,14,0,14,87.59,0.0,0.0,0.0,HOUS_DETE_26,Household,Delayed / Missing Inbound Replenishment,1226.26
20260103,21,252,50,13,37,599.97,7799.61,13.0,0.0,BABY_BABY_12,Baby Care,Unforecasted Demand Spike,22198.89
20260103,21,272,6,0,6,569.34,0.0,0.0,0.0,PET _CAT _02,Pet Care,Delayed / Missing Inbound Replenishment,3416.04
20260103,21,274,13,0,13,218.13,0.0,0.0,0.0,PET _PET _04,Pet Care,Delayed / Missing Inbound Replenishment,2835.69
20260103,21,275,14,0,14,359.71,0.0,0.0,0.0,PET _DOG _05,Pet Care,Delayed / Missing Inbound Replenishment,5035.94
20260103,21,277,9,3,6,232.44,697.32,3.0,0.0,PET _PET _07,Pet Care,Delayed / Missing Inbound Replenishment,1394.64
20260103,21,280,17,0,17,252.36,0.0,0.0,0.0,PET _CAT _10,Pet Care,Delayed / Missing Inbound Replenishment,4290.12
20260103,21,282,8,4,4,378.42,1513.68,4.0,0.0,PET _PET _12,Pet Care,Delayed / Missing Inbound Replenishment,1513.68
20260103,21,287,21,12,9,342.13,4105.56,12.0,0.0,PET _DOG _17,Pet Care,Forecast Underestimation & Buffer Shortage,3079.17
20260103,21,299,13,11,2,108.9,1197.9,11.0,0.0,PET _DOG _29,Pet Care,Forecast Underestimation & Buffer Shortage,217.8
20260103,22,11,84,0,84,214.92,0.0,0.0,0.0,DAIR_MILK_11,Dairy,Delayed / Missing Inbound Replenishment,18053.28
20260103,22,24,140,0,140,103.72,0.0,0.0,0.0,DAIR_CHEE_24,Dairy,Delayed / Missing Inbound Replenishment,14520.8
20260103,22,26,75,0,75,78.21,0.0,0.0,0.0,DAIR_MILK_26,Dairy,Delayed / Missing Inbound Replenishment,5865.75
20260103,22,30,118,30,88,165.95,4978.5,30.0,0.0,DAIR_PANE_30,Dairy,Unforecasted Demand Spike,14603.6
20260103,22,31,165,93,72,94.42,8781.06,93.0,0.0,BEVE_JUIC_01,Beverages,Unforecasted Demand Spike,6798.24
20260103,22,44,112,69,43,94.2,6499.8,69.0,0.0,BEVE_ENER_14,Beverages,Unforecasted Demand Spike,4050.6
20260103,22,45,174,0,174,107.96,0.0,0.0,0.0,BEVE_WATE_15,Beverages,Delayed / Missing Inbound Replenishment,18785.04
20260103,22,49,157,117,40,42.3,4949.1,117.0,0.0,BEVE_ENER_19,Beverages,Unforecasted Demand Spike,1692.0
20260103,22,59,95,79,16,48.81,3855.99,79.0,0.0,BEVE_ENER_29,Beverages,Unforecasted Demand Spike,780.96
20260103,22,60,91,56,35,146.5,8204.0,56.0,0.0,BEVE_WATE_30,Beverages,Unforecasted Demand Spike,5127.5
20260103,22,61,111,103,8,22.63,2330.89,103.0,0.0,SNAC_CHIP_01,Snacks,Unforecasted Demand Spike,181.04
20260103,22,75,57,36,21,85.91,3092.76,36.0,0.0,SNAC_NUTS_15,Snacks,Unforecasted Demand Spike,1804.11
20260103,22,88,98,0,98,137.62,0.0,0.0,0.0,SNAC_NAMK_28,Snacks,Delayed / Missing Inbound Replenishment,13486.76
20260103,22,90,96,14,82,177.61,2486.54,14.0,0.0,SNAC_NUTS_30,Snacks,Unforecasted Demand Spike,14564.02
20260103,22,105,57,0,57,171.63,0.0,0.0,0.0,PACK_READ_15,Packaged Foods,Delayed / Missing Inbound Replenishment,9782.91
20260103,22,110,55,11,44,43.46,478.06,11.0,0.0,PACK_READ_20,Packaged Foods,Unforecasted Demand Spike,1912.24
20260103,22,126,89,0,89,64.66,0.0,0.0,0.0,FRUI_FRES_06,Fruits & Vegetables,Delayed / Missing Inbound Replenishment,5754.74
20260103,22,154,49,16,33,215.59,3449.44,16.0,0.0,STAP_EDIB_04,Staples,Unforecasted Demand Spike,7114.47
20260103,22,164,25,9,16,366.94,3302.46,9.0,0.0,STAP_EDIB_14,Staples,Forecast Underestimation & Buffer Shortage,5871.04
20260103,22,187,11,3,8,341.21,1023.63,3.0,0.0,PERS_HAIR_07,Personal Care,Delayed / Missing Inbound Replenishment,2729.68
20260103,22,199,10,7,3,251.52,1760.64,9.0,0.0,PERS_SKIN_19,Personal Care,Forecast Underestimation & Buffer Shortage,754.56
20260103,22,208,14,0,14,249.0,0.0,0.0,0.0,PERS_ORAL_28,Personal Care,Delayed / Missing Inbound Replenishment,3486.0
20260103,22,213,9,1,8,243.34,243.34,1.0,0.0,HOUS_CLEA_03,Household,Delayed / Missing Inbound Replenishment,1946.72
20260103,22,219,19,3,16,246.3,738.9,3.0,0.0,HOUS_DISP_09,Household,Delayed / Missing Inbound Replenishment,3940.8
20260103,22,220,13,4,9,256.13,1024.52,4.0,0.0,HOUS_REPE_10,Household,Delayed / Missing Inbound Replenishment,2305.17
20260103,22,224,19,4,15,131.14,524.56,4.0,0.0,HOUS_DISP_14,Household,Delayed / Missing Inbound Replenishment,1967.1
20260103,22,227,7,3,4,254.28,762.84,3.0,0.0,HOUS_DISH_17,Household,Delayed / Missing Inbound Replenishment,1017.12
20260103,22,231,6,4,2,259.78,1039.12,4.0,0.0,HOUS_DETE_21,Household,Delayed / Missing Inbound Replenishment,519.56
20260103,22,234,16,0,16,54.85,0.0,0.0,0.0,HOUS_DISP_24,Household,Delayed / Missing Inbound Replenishment,877.6
20260103,22,236,20,0,20,87.59,0.0,0.0,0.0,HOUS_DETE_26,Household,Delayed / Missing Inbound Replenishment,1751.8
20260103,22,250,41,16,25,204.07,3265.12,16.0,0.0,BABY_BABY_10,Baby Care,Unforecasted Demand Spike,5101.75
20260103,22,252,55,8,47,599.97,4799.76,8.0,0.0,BABY_BABY_12,Baby Care,Unforecasted Demand Spike,28198.59
20260103,22,255,33,0,33,500.03,0.0,0.0,0.0,BABY_BABY_15,Baby Care,Delayed / Missing Inbound Replenishment,16500.99
20260103,22,256,58,48,10,441.88,21210.24,48.0,0.0,BABY_BABY_16,Baby Care,Unforecasted Demand Spike,4418.8
20260103,22,275,18,17,1,359.71,6115.07,17.0,0.0,PET _DOG _05,Pet Care,Forecast Underestimation & Buffer Shortage,359.71
20260103,22,286,13,6,7,456.83,2740.98,6.0,0.0,PET _PET _16,Pet Care,Forecast Underestimation & Buffer Shortage,3197.81
20260103,22,287,7,0,7,342.13,0.0,,,PET _DOG _17,Pet Care,Forecast Underestimation & Buffer Shortage,2394.91
20260103,22,291,17,0,17,384.98,0.0,0.0,0.0,PET _DOG _21,Pet Care,Delayed / Missing Inbound Replenishment,6544.66
20260103,22,296,19,13,6,84.64,1100.32,13.0,0.0,PET _CAT _26,Pet Care,Forecast Underestimation & Buffer Shortage,507.84
20260103,22,299,17,0,17,108.9,0.0,0.0,0.0,PET _DOG _29,Pet Care,Delayed / Missing Inbound Replenishment,1851.3
20260103,23,8,119,33,86,138.28,4563.24,33.0,0.0,DAIR_BUTT_08,Dairy,Unforecasted Demand Spike,11892.08
20260103,23,12,128,75,53,143.6,10770.0,75.0,0.0,DAIR_CURD_12,Dairy,Unforecasted Demand Spike,7610.8
20260103,23,16,65,0,65,137.79,0.0,0.0,0.0,DAIR_MILK_16,Dairy,Delayed / Missing Inbound Replenishment,8956.35
20260103,23,19,121,59,62,189.48,11179.32,59.0,0.0,DAIR_CHEE_19,Dairy,Unforecasted Demand Spike,11747.76
20260103,23,40,140,78,62,137.08,10692.24,78.0,0.0,BEVE_WATE_10,Beverages,Unforecasted Demand Spike,8498.96
20260103,23,41,116,0,116,104.58,0.0,0.0,0.0,BEVE_JUIC_11,Beverages,Delayed / Missing Inbound Replenishment,12131.28
20260103,23,44,109,26,83,94.2,2449.2,26.0,0.0,BEVE_ENER_14,Beverages,Unforecasted Demand Spike,7818.6
20260103,23,50,90,18,72,119.26,2146.68,18.0,0.0,BEVE_WATE_20,Beverages,Unforecasted Demand Spike,8586.72
20260103,23,60,75,49,26,146.5,7178.5,49.0,0.0,BEVE_WATE_30,Beverages,Unforecasted Demand Spike,3809.0
20260103,23,61,101,88,13,22.63,1991.44,88.0,0.0,SNAC_CHIP_01,Snacks,Unforecasted Demand Spike,294.19
20260103,23,63,101,0,101,157.5,0.0,0.0,0.0,SNAC_NAMK_03,Snacks,Delayed / Missing Inbound Replenishment,15907.5
20260103,23,79,97,0,97,110.76,0.0,0.0,0.0,SNAC_CHOC_19,Snacks,Delayed / Missing Inbound Replenishment,10743.72
20260103,23,107,40,2,38,60.31,120.62,2.0,0.0,PACK_PAST_17,Packaged Foods,Delayed / Missing Inbound Replenishment,2291.78
20260103,23,110,56,0,56,43.46,0.0,0.0,0.0,PACK_READ_20,Packaged Foods,Delayed / Missing Inbound Replenishment,2433.76
20260103,23,135,107,0,107,112.02,0.0,0.0,0.0,FRUI_CUT _15,Fruits & Vegetables,Delayed / Missing Inbound Replenishment,11986.14
20260103,23,143,128,0,128,48.33,0.0,0.0,0.0,FRUI_DAIL_23,Fruits & Vegetables,Delayed / Missing Inbound Replenishment,6186.24
20260103,23,156,47,0,47,342.35,0.0,0.0,0.0,STAP_ATTA_06,Staples,Delayed / Missing Inbound Replenishment,16090.45
20260103,23,171,28,27,1,329.23,8889.21,27.0,0.0,STAP_ATTA_21,Staples,Forecast Underestimation & Buffer Shortage,329.23
20260103,23,173,32,1,31,69.06,69.06,1.0,0.0,STAP_DALS_23,Staples,Delayed / Missing Inbound Replenishment,2140.86
20260103,23,192,8,6,2,357.65,2145.9,6.0,0.0,PERS_HAIR_12,Personal Care,Forecast Underestimation & Buffer Shortage,715.3
20260103,23,213,8,4,4,243.34,973.36,4.0,0.0,HOUS_CLEA_03,Household,Delayed / Missing Inbound Replenishment,973.36
20260103,23,214,15,0,15,216.37,0.0,0.0,0.0,HOUS_DISP_04,Household,Delayed / Missing Inbound Replenishment,3245.55
20260103,23,216,13,0,13,208.26,0.0,0.0,0.0,HOUS_DETE_06,Household,Delayed / Missing Inbound Replenishment,2707.38
20260103,23,218,6,2,4,72.52,145.04,2.0,0.0,HOUS_CLEA_08,Household,Delayed / Missing Inbound Replenishment,290.08
20260103,23,219,18,0,18,246.3,0.0,0.0,0.0,HOUS_DISP_09,Household,Delayed / Missing Inbound Replenishment,4433.4
20260103,23,224,18,0,18,131.14,0.0,0.0,0.0,HOUS_DISP_14,Household,Delayed / Missing Inbound Replenishment,2360.52
20260103,23,227,6,0,6,254.28,0.0,0.0,0.0,HOUS_DISH_17,Household,Delayed / Missing Inbound Replenishment,1525.68
20260103,23,233,17,9,8,161.93,1457.37,9.0,0.0,HOUS_CLEA_23,Household,Forecast Underestimation & Buffer Shortage,1295.44
20260103,23,236,16,0,16,87.59,0.0,0.0,0.0,HOUS_DETE_26,Household,Delayed / Missing Inbound Replenishment,1401.44
20260103,23,252,55,10,45,599.97,5999.7,10.0,0.0,BABY_BABY_12,Baby Care,Unforecasted Demand Spike,26998.65
20260103,23,255,28,0,28,500.03,0.0,0.0,0.0,BABY_BABY_15,Baby Care,Delayed / Missing Inbound Replenishment,14000.84
20260103,23,256,52,36,16,441.88,15907.68,36.0,0.0,BABY_BABY_16,Baby Care,Unforecasted Demand Spike,7070.08
20260103,23,261,28,4,24,419.38,1677.52,4.0,0.0,BABY_DIAP_21,Baby Care,Delayed / Missing Inbound Replenishment,10065.12
20260103,23,274,13,11,2,218.13,2399.43,11.0,0.0,PET _PET _04,Pet Care,Forecast Underestimation & Buffer Shortage,436.26
20260103,23,275,12,0,12,359.71,0.0,2.0,0.0,PET _DOG _05,Pet Care,Delayed / Missing Inbound Replenishment,4316.52
20260103,23,277,9,0,9,232.44,0.0,0.0,0.0,PET _PET _07,Pet Care,Delayed / Missing Inbound Replenishment,2091.96
20260103,23,280,19,0,19,252.36,0.0,0.0,0.0,PET _CAT _10,Pet Care,Delayed / Missing Inbound Replenishment,4794.84
20260103,23,281,6,0,6,208.33,0.0,0.0,0.0,PET _PET _11,Pet Care,Delayed / Missing Inbound Replenishment,1249.98
20260103,23,293,16,0,16,478.5,0.0,0.0,0.0,PET _PET _23,Pet Care,Delayed / Missing Inbound Replenishment,7656.0
20260103,23,294,6,0,6,77.14,0.0,0.0,0.0,PET _PET _24,Pet Care,Delayed / Missing Inbound Replenishment,462.84
20260103,23,296,16,0,16,84.64,0.0,0.0,0.0,PET _CAT _26,Pet Care,Delayed / Missing Inbound Replenishment,1354.24
20260103,24,26,50,28,22,78.21,2189.88,28.0,0.0,DAIR_MILK_26,Dairy,Unforecasted Demand Spike,1720.62
20260103,24,31,107,59,48,94.42,5570.78,59.0,0.0,BEVE_JUIC_01,Beverages,Unforecasted Demand Spike,4532.16
20260103,24,40,104,59,45,137.08,8087.72,59.0,0.0,BEVE_WATE_10,Beverages,Unforecasted Demand Spike,6168.6
20260103,24,62,65,46,19,153.75,7072.5,46.0,0.0,SNAC_BISC_02,Snacks,Unforecasted Demand Spike,2921.25
20260103,24,78,77,60,17,133.29,7997.4,60.0,0.0,SNAC_NAMK_18,Snacks,Unforecasted Demand Spike,2265.93
20260103,24,88,59,0,59,137.62,0.0,0.0,0.0,SNAC_NAMK_28,Snacks,Delayed / Missing Inbound Replenishment,8119.58
20260103,24,90,75,0,75,177.61,0.0,0.0,0.0,SNAC_NUTS_30,Snacks,Delayed / Missing Inbound Replenishment,13320.75
20260103,24,119,22,0,22,117.5,0.0,0.0,0.0,PACK_BREA_29,Packaged Foods,Delayed / Missing Inbound Replenishment,2585.0
20260103,24,135,74,35,39,112.02,3920.7,35.0,0.0,FRUI_CUT _15,Fruits & Vegetables,Unforecasted Demand Spike,4368.78
20260103,24,143,90,0,90,48.33,0.0,0.0,0.0,FRUI_DAIL_23,Fruits & Vegetables,Delayed / Missing Inbound Replenishment,4349.7
20260103,24,155,20,5,15,443.45,2217.25,5.0,0.0,STAP_SPIC_05,Staples,Forecast Underestimation & Buffer Shortage,6651.75
20260103,24,158,30,19,11,65.45,1243.55,19.0,0.0,STAP_DALS_08,Staples,Forecast Underestimation & Buffer Shortage,719.95
20260103,24,162,38,0,38,185.02,0.0,0.0,0.0,STAP_RICE_12,Staples,Delayed / Missing Inbound Replenishment,7030.76
20260103,24,164,16,0,16,366.94,0.0,0.0,0.0,STAP_EDIB_14,Staples,Delayed / Missing Inbound Replenishment,5871.04
20260103,24,199,6,0,6,251.52,0.0,0.0,0.0,PERS_SKIN_19,Personal Care,Delayed / Missing Inbound Replenishment,1509.12
20260103,24,204,5,1,4,199.5,199.5,1.0,0.0,PERS_SKIN_24,Personal Care,Delayed / Missing Inbound Replenishment,798.0
20260103,24,210,8,4,4,212.16,848.64,4.0,0.0,PERS_SANI_30,Personal Care,Delayed / Missing Inbound Replenishment,848.64
20260103,24,222,9,0,9,214.26,0.0,0.0,0.0,HOUS_DISH_12,Household,Delayed / Missing Inbound Replenishment,1928.34
20260103,24,233,13,3,10,161.93,485.79,3.0,0.0,HOUS_CLEA_23,Household,Delayed / Missing Inbound Replenishment,1619.3
20260103,24,276,9,0,9,419.68,0.0,0.0,0.0,PET _CAT _06,Pet Care,Delayed / Missing Inbound Replenishment,3777.12
20260103,24,277,7,1,6,232.44,232.44,1.0,0.0,PET _PET _07,Pet Care,Delayed / Missing Inbound Replenishment,1394.64
20260103,24,289,9,6,3,479.06,2874.36,6.0,0.0,PET _PET _19,Pet Care,Forecast Underestimation & Buffer Shortage,1437.18
20260103,25,8,111,0,111,138.28,0.0,0.0,0.0,DAIR_BUTT_08,Dairy,Delayed / Missing Inbound Replenishment,15349.08
20260103,25,11,72,53,19,214.92,11390.76,53.0,0.0,DAIR_MILK_11,Dairy,Unforecasted Demand Spike,4083.48
20260103,25,16,63,0,63,137.79,0.0,0.0,0.0,DAIR_MILK_16,Dairy,Delayed / Missing Inbound Replenishment,8680.77
20260103,25,19,114,95,19,189.48,18000.6,95.0,0.0,DAIR_CHEE_19,Dairy,Unforecasted Demand Spike,3600.12
20260103,25,24,112,0,112,103.72,0.0,0.0,0.0,DAIR_CHEE_24,Dairy,Delayed / Missing Inbound Replenishment,11616.64
20260103,25,26,63,0,63,78.21,0.0,0.0,0.0,DAIR_MILK_26,Dairy,Delayed / Missing Inbound Replenishment,4927.23
20260103,25,27,88,0,88,103.33,0.0,0.0,0.0,DAIR_CURD_27,Dairy,Delayed / Missing Inbound Replenishment,9093.04
20260103,25,31,137,0,137,94.42,0.0,0.0,0.0,BEVE_JUIC_01,Beverages,Delayed / Missing Inbound Replenishment,12935.54
20260103,25,45,152,149,3,107.96,16086.04,149.0,0.0,BEVE_WATE_15,Beverages,Unforecasted Demand Spike,323.88
20260103,25,60,80,0,80,146.5,0.0,0.0,0.0,BEVE_WATE_30,Beverages,Delayed / Missing Inbound Replenishment,11720.0
20260103,25,73,107,0,107,92.13,0.0,0.0,0.0,SNAC_NAMK_13,Snacks,Delayed / Missing Inbound Replenishment,9857.91
20260103,25,88,81,0,81,137.62,0.0,0.0,0.0,SNAC_NAMK_28,Snacks,Delayed / Missing Inbound Replenishment,11147.22
20260103,25,90,81,22,59,177.61,3907.42,22.0,0.0,SNAC_NUTS_30,Snacks,Unforecasted Demand Spike,10478.99
20260103,25,107,34,0,34,60.31,0.0,0.0,0.0,PACK_PAST_17,Packaged Foods,Delayed / Missing Inbound Replenishment,2050.54
20260103,25,139,103,0,103,82.55,0.0,0.0,0.0,FRUI_SEAS_19,Fruits & Vegetables,Delayed / Missing Inbound Replenishment,8502.65
20260103,25,158,47,0,47,65.45,0.0,0.0,0.0,STAP_DALS_08,Staples,Delayed / Missing Inbound Replenishment,3076.15
20260103,25,166,32,0,32,248.86,0.0,0.0,0.0,STAP_ATTA_16,Staples,Delayed / Missing Inbound Replenishment,7963.52
20260103,25,171,28,21,7,329.23,6913.83,21.0,0.0,STAP_ATTA_21,Staples,Forecast Underestimation & Buffer Shortage,2304.61
20260103,25,185,15,0,15,218.07,0.0,0.0,0.0,PERS_SANI_05,Personal Care,Delayed / Missing Inbound Replenishment,3271.05
20260103,25,192,9,0,9,357.65,0.0,0.0,0.0,PERS_HAIR_12,Personal Care,Delayed / Missing Inbound Replenishment,3218.85
20260103,25,203,12,11,1,316.94,3486.34,11.0,0.0,PERS_ORAL_23,Personal Care,Forecast Underestimation & Buffer Shortage,316.94
20260103,25,210,13,3,10,212.16,636.48,4.0,0.0,PERS_SANI_30,Personal Care,Delayed / Missing Inbound Replenishment,2121.6
20260103,25,213,6,0,6,243.34,0.0,0.0,0.0,HOUS_CLEA_03,Household,Delayed / Missing Inbound Replenishment,1460.04
20260103,25,217,7,1,6,275.5,275.5,1.0,0.0,HOUS_DISH_07,Household,Delayed / Missing Inbound Replenishment,1653.0
20260103,25,220,9,0,9,256.13,0.0,0.0,0.0,HOUS_REPE_10,Household,Delayed / Missing Inbound Replenishment,2305.17
20260103,25,221,8,0,8,209.6,0.0,0.0,0.0,HOUS_DETE_11,Household,Delayed / Missing Inbound Replenishment,1676.8
20260103,25,222,10,5,5,214.26,1071.3,5.0,0.0,HOUS_DISH_12,Household,Forecast Underestimation & Buffer Shortage,1071.3
20260103,25,234,12,1,11,54.85,54.85,1.0,0.0,HOUS_DISP_24,Household,Delayed / Missing Inbound Replenishment,603.35
20260103,25,238,15,12,3,172.48,2069.76,12.0,0.0,HOUS_CLEA_28,Household,Forecast Underestimation & Buffer Shortage,517.44
20260103,25,252,52,45,7,599.97,26998.65,45.0,0.0,BABY_BABY_12,Baby Care,Unforecasted Demand Spike,4199.79
20260103,25,271,5,2,3,561.27,1122.54,2.0,0.0,PET _DOG _01,Pet Care,Delayed / Missing Inbound Replenishment,1683.81
20260103,25,287,6,3,3,342.13,1026.39,3.0,0.0,PET _DOG _17,Pet Care,Delayed / Missing Inbound Replenishment,1026.39
20260103,25,289,9,0,9,479.06,0.0,0.0,0.0,PET _PET _19,Pet Care,Delayed / Missing Inbound Replenishment,4311.54
20260103,25,294,7,0,7,77.14,0.0,0.0,0.0,PET _PET _24,Pet Care,Delayed / Missing Inbound Replenishment,539.98
20260103,26,24,126,5,121,103.72,518.6,5.0,0.0,DAIR_CHEE_24,Dairy,Unforecasted Demand Spike,12550.12
20260103,26,26,68,18,50,78.21,1407.78,18.0,0.0,DAIR_MILK_26,Dairy,Unforecasted Demand Spike,3910.5
20260103,26,31,144,0,144,94.42,0.0,0.0,0.0,BEVE_JUIC_01,Beverages,Delayed / Missing Inbound Replenishment,13596.48
20260103,26,35,119,33,86,158.37,5226.21,33.0,0.0,BEVE_WATE_05,Beverages,Unforecasted Demand Spike,13619.82
20260103,26,40,140,17,123,137.08,2330.36,17.0,0.0,BEVE_WATE_10,Beverages,Unforecasted Demand Spike,16860.84
20260103,26,49,148,0,148,42.3,0.0,0.0,0.0,BEVE_ENER_19,Beverages,Delayed / Missing Inbound Replenishment,6260.4
20260103,26,50,78,0,78,119.26,0.0,0.0,0.0,BEVE_WATE_20,Beverages,Delayed / Missing Inbound Replenishment,9302.28
20260103,26,63,96,0,96,157.5,0.0,0.0,0.0,SNAC_NAMK_03,Snacks,Delayed / Missing Inbound Replenishment,15120.0
20260103,26,73,259,0,259,92.13,0.0,0.0,0.0,SNAC_NAMK_13,Snacks,Delayed / Missing Inbound Replenishment,23861.67
20260103,26,75,54,0,54,85.91,0.0,0.0,0.0,SNAC_NUTS_15,Snacks,Delayed / Missing Inbound Replenishment,4639.14
20260103,26,95,79,73,6,133.43,9740.39,73.0,0.0,PACK_READ_05,Packaged Foods,Unforecasted Demand Spike,800.58
20260103,26,123,121,0,121,81.34,0.0,0.0,0.0,FRUI_DAIL_03,Fruits & Vegetables,Delayed / Missing Inbound Replenishment,9842.14
20260103,26,126,77,0,77,64.66,0.0,0.0,0.0,FRUI_FRES_06,Fruits & Vegetables,Delayed / Missing Inbound Replenishment,4978.82
20260103,26,135,99,0,99,112.02,0.0,0.0,0.0,FRUI_CUT _15,Fruits & Vegetables,Delayed / Missing Inbound Replenishment,11089.98
20260103,26,143,378,118,260,48.33,5702.94,118.0,0.0,FRUI_DAIL_23,Fruits & Vegetables,Unforecasted Demand Spike,12565.8
20260103,26,147,78,0,78,20.9,0.0,0.0,0.0,FRUI_EXOT_27,Fruits & Vegetables,Delayed / Missing Inbound Replenishment,1630.2
20260103,26,151,190,168,22,401.39,67433.52,168.0,0.0,STAP_ATTA_01,Staples,Unforecasted Demand Spike,8830.58
20260103,26,154,41,0,41,215.59,0.0,0.0,0.0,STAP_EDIB_04,Staples,Delayed / Missing Inbound Replenishment,8839.19
20260103,26,155,22,4,18,443.45,1773.8,6.0,0.0,STAP_SPIC_05,Staples,Forecast Underestimation & Buffer Shortage,7982.1
20260103,26,185,15,0,15,218.07,0.0,0.0,0.0,PERS_SANI_05,Personal Care,Delayed / Missing Inbound Replenishment,3271.05
20260103,26,195,6,3,3,227.65,682.95,3.0,0.0,PERS_SANI_15,Personal Care,Delayed / Missing Inbound Replenishment,682.95
20260103,26,197,13,10,3,102.01,1020.1,10.0,0.0,PERS_HAIR_17,Personal Care,Forecast Underestimation & Buffer Shortage,306.03
20260103,26,199,9,0,9,251.52,0.0,0.0,0.0,PERS_SKIN_19,Personal Care,Delayed / Missing Inbound Replenishment,2263.68
20260103,26,201,17,0,17,193.23,0.0,0.0,0.0,PERS_SOAP_21,Personal Care,Delayed / Missing Inbound Replenishment,3284.91
20260103,26,207,7,2,5,160.21,320.42,2.0,0.0,PERS_HAIR_27,Personal Care,Delayed / Missing Inbound Replenishment,801.05
20260103,26,214,16,3,13,216.37,649.11,3.0,0.0,HOUS_DISP_04,Household,Delayed / Missing Inbound Replenishment,2812.81
20260103,26,216,18,0,18,208.26,0.0,,,HOUS_DETE_06,Household,Forecast Underestimation & Buffer Shortage,3748.68
20260103,26,221,9,4,5,209.6,838.4,4.0,0.0,HOUS_DETE_11,Household,Delayed / Missing Inbound Replenishment,1048.0
20260103,26,227,8,0,8,254.28,0.0,0.0,0.0,HOUS_DISH_17,Household,Delayed / Missing Inbound Replenishment,2034.24
20260103,26,233,16,12,4,161.93,1943.16,12.0,0.0,HOUS_CLEA_23,Household,Forecast Underestimation & Buffer Shortage,647.72
20260103,26,234,13,7,6,54.85,383.95,7.0,0.0,HOUS_DISP_24,Household,Forecast Underestimation & Buffer Shortage,329.1
20260103,26,252,51,27,24,599.97,16199.19,27.0,0.0,BABY_BABY_12,Baby Care,Unforecasted Demand Spike,14399.28
20260103,26,261,26,21,5,419.38,8806.98,21.0,0.0,BABY_DIAP_21,Baby Care,Forecast Underestimation & Buffer Shortage,2096.9
20260103,26,271,6,0,6,561.27,0.0,0.0,0.0,PET _DOG _01,Pet Care,Delayed / Missing Inbound Replenishment,3367.62
20260103,26,272,7,0,7,569.34,0.0,0.0,0.0,PET _CAT _02,Pet Care,Delayed / Missing Inbound Replenishment,3985.38
20260103,26,273,5,0,5,256.39,0.0,0.0,0.0,PET _PET _03,Pet Care,Delayed / Missing Inbound Replenishment,1281.95
20260103,26,277,9,3,6,232.44,697.32,3.0,0.0,PET _PET _07,Pet Care,Delayed / Missing Inbound Replenishment,1394.64
20260103,26,282,10,5,5,378.42,1892.1,5.0,0.0,PET _PET _12,Pet Care,Forecast Underestimation & Buffer Shortage,1892.1
20260103,26,293,17,5,12,478.5,2392.5,5.0,0.0,PET _PET _23,Pet Care,Forecast Underestimation & Buffer Shortage,5742.0
20260103,26,297,15,9,6,129.29,1163.61,9.0,0.0,PET _PET _27,Pet Care,Forecast Underestimation & Buffer Shortage,775.74
20260103,27,11,57,21,36,214.92,4513.32,21.0,0.0,DAIR_MILK_11,Dairy,Unforecasted Demand Spike,7737.12
20260103,27,40,100,87,13,137.08,11925.96,87.0,0.0,BEVE_WATE_10,Beverages,Unforecasted Demand Spike,1782.04
20260103,27,45,115,0,115,107.96,0.0,0.0,0.0,BEVE_WATE_15,Beverages,Delayed / Missing Inbound Replenishment,12415.4
20260103,27,63,71,24,47,157.5,3780.0,24.0,0.0,SNAC_NAMK_03,Snacks,Unforecasted Demand Spike,7402.5
20260103,27,85,43,0,43,172.15,0.0,0.0,0.0,SNAC_NUTS_25,Snacks,Delayed / Missing Inbound Replenishment,7402.45
20260103,27,112,22,0,22,51.88,0.0,0.0,0.0,PACK_PAST_22,Packaged Foods,Delayed / Missing Inbound Replenishment,1141.36
20260103,27,126,72,59,13,64.66,3814.94,59.0,0.0,FRUI_FRES_06,Fruits & Vegetables,Unforecasted Demand Spike,840.58
20260103,27,154,31,0,31,215.59,0.0,0.0,0.0,STAP_EDIB_04,Staples,Delayed / Missing Inbound Replenishment,6683.29
20260103,27,169,21,1,20,312.03,312.03,1.0,0.0,STAP_EDIB_19,Staples,Delayed / Missing Inbound Replenishment,6240.6
20260103,27,170,40,0,40,338.45,0.0,0.0,0.0,STAP_SPIC_20,Staples,Delayed / Missing Inbound Replenishment,13538.0
20260103,27,174,40,0,40,511.67,0.0,0.0,0.0,STAP_EDIB_24,Staples,Delayed / Missing Inbound Replenishment,20466.8
20260103,27,195,3,1,2,227.65,227.65,1.0,0.0,PERS_SANI_15,Personal Care,Delayed / Missing Inbound Replenishment,455.3
20260103,27,197,10,4,6,102.01,408.04,4.0,0.0,PERS_HAIR_17,Personal Care,Delayed / Missing Inbound Replenishment,612.06
20260103,27,204,5,0,5,199.5,0.0,0.0,0.0,PERS_SKIN_24,Personal Care,Delayed / Missing Inbound Replenishment,997.5
20260103,27,277,5,0,5,232.44,0.0,0.0,0.0,PET _PET _07,Pet Care,Delayed / Missing Inbound Replenishment,1162.2
20260103,27,283,6,1,5,548.52,548.52,1.0,0.0,PET _DOG _13,Pet Care,Delayed / Missing Inbound Replenishment,2742.6
20260103,28,12,106,103,3,143.6,14790.8,103.0,0.0,DAIR_CURD_12,Dairy,Unforecasted Demand Spike,430.8
20260103,28,24,95,62,33,103.72,6430.64,62.0,0.0,DAIR_CHEE_24,Dairy,Unforecasted Demand Spike,3422.76
20260103,28,35,95,32,63,158.37,5067.84,32.0,0.0,BEVE_WATE_05,Beverages,Unforecasted Demand Spike,9977.31
20260103,28,40,124,81,43,137.08,11103.48,81.0,0.0,BEVE_WATE_10,Beverages,Unforecasted Demand Spike,5894.44
20260103,28,41,97,31,66,104.58,3241.98,33.0,0.0,BEVE_JUIC_11,Beverages,Unforecasted Demand Spike,6902.28
20260103,28,44,81,58,23,94.2,5463.6,58.0,0.0,BEVE_ENER_14,Beverages,Unforecasted Demand Spike,2166.6
20260103,28,50,73,0,73,119.26,0.0,0.0,0.0,BEVE_WATE_20,Beverages,Delayed / Missing Inbound Replenishment,8705.98
20260103,28,59,68,15,53,48.81,732.15,15.0,0.0,BEVE_ENER_29,Beverages,Unforecasted Demand Spike,2586.93
20260103,28,60,70,50,20,146.5,7325.0,50.0,0.0,BEVE_WATE_30,Beverages,Unforecasted Demand Spike,2930.0
20260103,28,63,77,61,16,157.5,9607.5,61.0,0.0,SNAC_NAMK_03,Snacks,Unforecasted Demand Spike,2520.0
20260103,28,75,46,0,46,85.91,0.0,0.0,0.0,SNAC_NUTS_15,Snacks,Delayed / Missing Inbound Replenishment,3951.86
20260103,28,100,40,27,13,109.11,2945.97,27.0,0.0,PACK_READ_10,Packaged Foods,Forecast Underestimation & Buffer Shortage,1418.43
20260103,28,126,79,14,65,64.66,905.24,14.0,0.0,FRUI_FRES_06,Fruits & Vegetables,Unforecasted Demand Spike,4202.9
20260103,28,132,106,74,32,94.19,6970.06,74.0,0.0,FRUI_EXOT_12,Fruits & Vegetables,Unforecasted Demand Spike,3014.08
20260103,28,156,39,19,20,342.35,6504.65,19.0,0.0,STAP_ATTA_06,Staples,Forecast Underestimation & Buffer Shortage,6847.0
20260103,28,158,42,36,6,65.45,2356.2,36.0,0.0,STAP_DALS_08,Staples,Unforecasted Demand Spike,392.7
20260103,28,162,45,0,45,185.02,0.0,0.0,0.0,STAP_RICE_12,Staples,Delayed / Missing Inbound Replenishment,8325.9
20260103,28,168,39,27,12,166.75,4502.25,27.0,0.0,STAP_DALS_18,Staples,Forecast Underestimation & Buffer Shortage,2001.0
20260103,28,185,16,5,11,218.07,1090.35,5.0,0.0,PERS_SANI_05,Personal Care,Forecast Underestimation & Buffer Shortage,2398.77
20260103,28,199,8,0,8,251.52,0.0,0.0,0.0,PERS_SKIN_19,Personal Care,Delayed / Missing Inbound Replenishment,2012.16
20260103,28,203,9,6,3,316.94,1901.64,6.0,0.0,PERS_ORAL_23,Personal Care,Forecast Underestimation & Buffer Shortage,950.82
20260103,28,213,7,0,7,243.34,0.0,0.0,0.0,HOUS_CLEA_03,Household,Delayed / Missing Inbound Replenishment,1703.38
20260103,28,221,6,0,6,209.6,0.0,0.0,0.0,HOUS_DETE_11,Household,Delayed / Missing Inbound Replenishment,1257.6
20260103,28,231,7,3,4,259.78,779.34,3.0,0.0,HOUS_DETE_21,Household,Delayed / Missing Inbound Replenishment,1039.12
20260103,28,233,14,0,14,161.93,0.0,0.0,0.0,HOUS_CLEA_23,Household,Delayed / Missing Inbound Replenishment,2267.02
20260103,28,238,15,2,13,172.48,344.96,2.0,0.0,HOUS_CLEA_28,Household,Delayed / Missing Inbound Replenishment,2242.24
20260103,28,250,29,0,29,204.07,0.0,0.0,0.0,BABY_BABY_10,Baby Care,Delayed / Missing Inbound Replenishment,5918.03
20260103,28,261,21,8,13,419.38,3355.04,8.0,0.0,BABY_DIAP_21,Baby Care,Forecast Underestimation & Buffer Shortage,5451.94
20260103,28,273,4,3,1,256.39,769.17,3.0,0.0,PET _PET _03,Pet Care,Delayed / Missing Inbound Replenishment,256.39
20260103,28,283,7,0,7,548.52,0.0,0.0,0.0,PET _DOG _13,Pet Care,Delayed / Missing Inbound Replenishment,3839.64
20260103,29,19,129,99,30,189.48,18758.52,99.0,0.0,DAIR_CHEE_19,Dairy,Unforecasted Demand Spike,5684.4
20260103,29,31,160,0,160,94.42,0.0,0.0,0.0,BEVE_JUIC_01,Beverages,Delayed / Missing Inbound Replenishment,15107.2
20260103,29,40,153,0,153,137.08,0.0,0.0,0.0,BEVE_WATE_10,Beverages,Delayed / Missing Inbound Replenishment,20973.24
20260103,29,44,108,48,60,94.2,4521.6,48.0,0.0,BEVE_ENER_14,Beverages,Unforecasted Demand Spike,5652.0
20260103,29,57,448,328,120,123.8,40606.4,328.0,0.0,BEVE_COLD_27,Beverages,Unforecasted Demand Spike,14856.0
20260103,29,60,89,79,10,146.5,11573.5,79.0,0.0,BEVE_WATE_30,Beverages,Unforecasted Demand Spike,1465.0
20260103,29,75,63,27,36,85.91,2319.57,27.0,0.0,SNAC_NUTS_15,Snacks,Unforecasted Demand Spike,3092.76
20260103,29,88,93,0,93,137.62,0.0,0.0,0.0,SNAC_NAMK_28,Snacks,Delayed / Missing Inbound Replenishment,12798.66
20260103,29,95,89,72,17,133.43,9606.96,72.0,0.0,PACK_READ_05,Packaged Foods,Unforecasted Demand Spike,2268.31
20260103,29,100,62,0,62,109.11,0.0,0.0,0.0,PACK_READ_10,Packaged Foods,Delayed / Missing Inbound Replenishment,6764.82
20260103,29,106,49,22,27,210.34,4627.48,22.0,0.0,PACK_NOOD_16,Packaged Foods,Unforecasted Demand Spike,5679.18
20260103,29,132,132,0,132,94.19,0.0,0.0,0.0,FRUI_EXOT_12,Fruits & Vegetables,Delayed / Missing Inbound Replenishment,12433.08
20260103,29,139,127,0,127,82.55,0.0,0.0,0.0,FRUI_SEAS_19,Fruits & Vegetables,Delayed / Missing Inbound Replenishment,10483.85
20260103,29,143,130,98,32,48.33,4736.34,98.0,0.0,FRUI_DAIL_23,Fruits & Vegetables,Unforecasted Demand Spike,1546.56
20260103,29,156,45,0,45,342.35,0.0,0.0,0.0,STAP_ATTA_06,Staples,Delayed / Missing Inbound Replenishment,15405.75
20260103,29,162,61,17,44,185.02,3145.34,17.0,0.0,STAP_RICE_12,Staples,Unforecasted Demand Spike,8140.88
20260103,29,164,22,6,16,366.94,2201.64,6.0,0.0,STAP_EDIB_14,Staples,Forecast Underestimation & Buffer Shortage,5871.04
20260103,29,166,35,34,1,248.86,8461.24,34.0,0.0,STAP_ATTA_16,Staples,Forecast Underestimation & Buffer Shortage,248.86
20260103,29,187,12,0,12,341.21,0.0,0.0,0.0,PERS_HAIR_07,Personal Care,Delayed / Missing Inbound Replenishment,4094.52
20260103,29,192,10,0,10,357.65,0.0,,,PERS_HAIR_12,Personal Care,Forecast Underestimation & Buffer Shortage,3576.5
20260103,29,195,7,0,7,227.65,0.0,0.0,0.0,PERS_SANI_15,Personal Care,Delayed / Missing Inbound Replenishment,1593.55
20260103,29,203,12,4,8,316.94,1267.76,4.0,0.0,PERS_ORAL_23,Personal Care,Delayed / Missing Inbound Replenishment,2535.52
20260103,29,207,11,1,10,160.21,160.21,1.0,0.0,PERS_HAIR_27,Personal Care,Delayed / Missing Inbound Replenishment,1602.1
20260103,29,209,8,3,5,108.95,326.85,3.0,0.0,PERS_SKIN_29,Personal Care,Delayed / Missing Inbound Replenishment,544.75
20260103,29,210,12,0,12,212.16,0.0,0.0,0.0,PERS_SANI_30,Personal Care,Delayed / Missing Inbound Replenishment,2545.92
20260103,29,214,14,0,14,216.37,0.0,0.0,0.0,HOUS_DISP_04,Household,Delayed / Missing Inbound Replenishment,3029.18
20260103,29,219,19,0,19,246.3,0.0,0.0,0.0,HOUS_DISP_09,Household,Delayed / Missing Inbound Replenishment,4679.7
20260103,29,227,7,1,6,254.28,254.28,1.0,0.0,HOUS_DISH_17,Household,Delayed / Missing Inbound Replenishment,1525.68
20260103,29,233,20,0,20,161.93,0.0,0.0,0.0,HOUS_CLEA_23,Household,Delayed / Missing Inbound Replenishment,3238.6
20260103,29,255,34,25,9,500.03,12500.75,25.0,0.0,BABY_BABY_15,Baby Care,Forecast Underestimation & Buffer Shortage,4500.27
20260103,29,256,103,3,100,441.88,1325.64,3.0,0.0,BABY_BABY_16,Baby Care,Delayed / Missing Inbound Replenishment,44188.0
20260103,29,261,29,10,19,419.38,4193.8,10.0,0.0,BABY_DIAP_21,Baby Care,Forecast Underestimation & Buffer Shortage,7968.22
20260103,29,262,54,16,38,373.45,5975.2,16.0,0.0,BABY_BABY_22,Baby Care,Unforecasted Demand Spike,14191.1
20260103,29,271,7,0,7,561.27,0.0,0.0,0.0,PET _DOG _01,Pet Care,Delayed / Missing Inbound Replenishment,3928.89
20260103,29,272,8,6,2,569.34,3416.04,6.0,0.0,PET _CAT _02,Pet Care,Forecast Underestimation & Buffer Shortage,1138.68
20260103,29,274,15,0,15,218.13,0.0,0.0,0.0,PET _PET _04,Pet Care,Delayed / Missing Inbound Replenishment,3271.95
20260103,29,275,13,0,13,359.71,0.0,0.0,0.0,PET _DOG _05,Pet Care,Delayed / Missing Inbound Replenishment,4676.23
20260103,29,281,4,0,4,208.33,0.0,0.0,0.0,PET _PET _11,Pet Care,Delayed / Missing Inbound Replenishment,833.32
20260103,29,286,12,0,12,456.83,0.0,0.0,0.0,PET _PET _16,Pet Care,Delayed / Missing Inbound Replenishment,5481.96
20260103,29,289,13,0,13,479.06,0.0,0.0,0.0,PET _PET _19,Pet Care,Delayed / Missing Inbound Replenishment,6227.78
20260103,29,293,21,0,21,478.5,0.0,0.0,0.0,PET _PET _23,Pet Care,Delayed / Missing Inbound Replenishment,10048.5
20260103,29,294,8,0,8,77.14,0.0,0.0,0.0,PET _PET _24,Pet Care,Delayed / Missing Inbound Replenishment,617.12
20260103,29,299,19,0,19,108.9,0.0,0.0,0.0,PET _DOG _29,Pet Care,Delayed / Missing Inbound Replenishment,2069.1
20260103,30,8,74,0,74,138.28,0.0,0.0,0.0,DAIR_BUTT_08,Dairy,Delayed / Missing Inbound Replenishment,10232.72
20260103,30,12,90,41,49,143.6,5887.6,41.0,0.0,DAIR_CURD_12,Dairy,Unforecasted Demand Spike,7036.4
20260103,30,16,41,0,41,137.79,0.0,0.0,0.0,DAIR_MILK_16,Dairy,Delayed / Missing Inbound Replenishment,5649.39
20260103,30,17,73,58,15,108.57,6297.06,58.0,0.0,DAIR_CURD_17,Dairy,Unforecasted Demand Spike,1628.55
20260103,30,31,102,62,40,94.42,5854.04,62.0,0.0,BEVE_JUIC_01,Beverages,Unforecasted Demand Spike,3776.8
20260103,30,41,79,0,79,104.58,0.0,0.0,0.0,BEVE_JUIC_11,Beverages,Delayed / Missing Inbound Replenishment,8261.82
20260103,30,60,57,7,50,146.5,1025.5,7.0,0.0,BEVE_WATE_30,Beverages,Unforecasted Demand Spike,7325.0
20260103,30,107,27,0,27,60.31,0.0,0.0,0.0,PACK_PAST_17,Packaged Foods,Delayed / Missing Inbound Replenishment,1628.37
20260103,30,139,85,62,23,82.55,5118.1,62.0,0.0,FRUI_SEAS_19,Fruits & Vegetables,Unforecasted Demand Spike,1898.65
20260103,30,143,93,44,49,48.33,2126.52,44.0,0.0,FRUI_DAIL_23,Fruits & Vegetables,Unforecasted Demand Spike,2368.17
20260103,30,153,17,7,10,262.16,1835.12,7.0,0.0,STAP_DALS_03,Staples,Forecast Underestimation & Buffer Shortage,2621.6
20260103,30,173,22,0,22,69.06,0.0,0.0,0.0,STAP_DALS_23,Staples,Delayed / Missing Inbound Replenishment,1519.32
20260103,30,187,9,0,9,341.21,0.0,0.0,0.0,PERS_HAIR_07,Personal Care,Delayed / Missing Inbound Replenishment,3070.89
20260103,30,201,13,6,7,193.23,1159.38,6.0,0.0,PERS_SOAP_21,Personal Care,Forecast Underestimation & Buffer Shortage,1352.61
20260103,30,210,19,8,11,212.16,1697.28,8.0,0.0,PERS_SANI_30,Personal Care,Forecast Underestimation & Buffer Shortage,2333.76
20260103,30,233,12,4,8,161.93,647.72,4.0,0.0,HOUS_CLEA_23,Household,Delayed / Missing Inbound Replenishment,1295.44
20260103,30,238,10,0,10,172.48,0.0,0.0,0.0,HOUS_CLEA_28,Household,Delayed / Missing Inbound Replenishment,1724.8
20260103,30,250,22,11,11,204.07,2244.77,13.0,0.0,BABY_BABY_10,Baby Care,Forecast Underestimation & Buffer Shortage,2244.77
20260103,30,259,15,0,15,361.83,0.0,0.0,0.0,BABY_BABY_19,Baby Care,Delayed / Missing Inbound Replenishment,5427.45
20260103,30,274,10,0,10,218.13,0.0,0.0,0.0,PET _PET _04,Pet Care,Delayed / Missing Inbound Replenishment,2181.3
20260103,30,276,7,2,5,419.68,839.36,2.0,0.0,PET _CAT _06,Pet Care,Delayed / Missing Inbound Replenishment,2098.4
20260103,30,277,7,0,7,232.44,0.0,0.0,0.0,PET _PET _07,Pet Care,Delayed / Missing Inbound Replenishment,1627.08
20260103,30,289,9,0,9,479.06,0.0,0.0,0.0,PET _PET _19,Pet Care,Delayed / Missing Inbound Replenishment,4311.54
20260103,30,293,10,9,1,478.5,4306.5,9.0,0.0,PET _PET _23,Pet Care,Forecast Underestimation & Buffer Shortage,478.5
20260103,31,31,112,105,7,94.42,9914.1,105.0,0.0,BEVE_JUIC_01,Beverages,Unforecasted Demand Spike,660.94
20260103,31,40,109,0,109,137.08,0.0,0.0,0.0,BEVE_WATE_10,Beverages,Delayed / Missing Inbound Replenishment,14941.72
20260103,31,41,83,0,83,104.58,0.0,0.0,0.0,BEVE_JUIC_11,Beverages,Delayed / Missing Inbound Replenishment,8680.14
20260103,31,45,120,87,33,107.96,9392.52,89.0,0.0,BEVE_WATE_15,Beverages,Unforecasted Demand Spike,3562.68
20260103,31,59,63,0,63,48.81,0.0,0.0,0.0,BEVE_ENER_29,Beverages,Delayed / Missing Inbound Replenishment,3075.03
20260103,31,107,27,20,7,60.31,1206.2,20.0,0.0,PACK_PAST_17,Packaged Foods,Forecast Underestimation & Buffer Shortage,422.17
20260103,31,135,70,0,70,112.02,0.0,0.0,0.0,FRUI_CUT _15,Fruits & Vegetables,Delayed / Missing Inbound Replenishment,7841.4
20260103,31,158,36,3,33,65.45,196.35,3.0,0.0,STAP_DALS_08,Staples,Delayed / Missing Inbound Replenishment,2159.85
20260103,31,168,38,10,28,166.75,1667.5,10.0,0.0,STAP_DALS_18,Staples,Forecast Underestimation & Buffer Shortage,4669.0
20260103,31,169,26,12,14,312.03,3744.36,12.0,0.0,STAP_EDIB_19,Staples,Forecast Underestimation & Buffer Shortage,4368.42
20260103,31,171,24,15,9,329.23,4938.45,15.0,0.0,STAP_ATTA_21,Staples,Forecast Underestimation & Buffer Shortage,2963.07
20260103,31,173,23,0,23,69.06,0.0,0.0,0.0,STAP_DALS_23,Staples,Delayed / Missing Inbound Replenishment,1588.38
20260103,31,174,42,23,19,511.67,11768.41,23.0,0.0,STAP_EDIB_24,Staples,Unforecasted Demand Spike,9721.73
20260103,31,192,6,5,1,357.65,1788.25,5.0,0.0,PERS_HAIR_12,Personal Care,Forecast Underestimation & Buffer Shortage,357.65
20260103,31,201,10,5,5,193.23,966.15,5.0,0.0,PERS_SOAP_21,Personal Care,Forecast Underestimation & Buffer Shortage,966.15
20260103,31,209,6,5,1,108.95,544.75,5.0,0.0,PERS_SKIN_29,Personal Care,Forecast Underestimation & Buffer Shortage,108.95
20260103,31,213,6,4,2,243.34,973.36,4.0,0.0,HOUS_CLEA_03,Household,Delayed / Missing Inbound Replenishment,486.68
20260103,31,214,9,0,9,216.37,0.0,0.0,0.0,HOUS_DISP_04,Household,Delayed / Missing Inbound Replenishment,1947.33
20260103,31,220,8,4,4,256.13,1024.52,4.0,0.0,HOUS_REPE_10,Household,Delayed / Missing Inbound Replenishment,1024.52
20260103,31,231,5,0,5,259.78,0.0,0.0,0.0,HOUS_DETE_21,Household,Delayed / Missing Inbound Replenishment,1298.9
20260103,31,243,22,0,22,536.66,0.0,0.0,0.0,BABY_BABY_03,Baby Care,Delayed / Missing Inbound Replenishment,11806.52
20260103,31,256,32,31,1,441.88,13698.28,31.0,0.0,BABY_BABY_16,Baby Care,Forecast Underestimation & Buffer Shortage,441.88
20260103,31,271,2,0,2,561.27,0.0,0.0,0.0,PET _DOG _01,Pet Care,Delayed / Missing Inbound Replenishment,1122.54
20260103,31,276,6,0,6,419.68,0.0,0.0,0.0,PET _CAT _06,Pet Care,Delayed / Missing Inbound Replenishment,2518.08
20260103,31,286,9,0,9,456.83,0.0,0.0,0.0,PET _PET _16,Pet Care,Delayed / Missing Inbound Replenishment,4111.47
20260103,31,294,5,0,5,77.14,0.0,0.0,0.0,PET _PET _24,Pet Care,Delayed / Missing Inbound Replenishment,385.7
20260103,31,297,15,0,15,129.29,0.0,0.0,0.0,PET _PET _27,Pet Care,Delayed / Missing Inbound Replenishment,1939.35
20260103,32,11,63,59,4,214.92,12680.28,59.0,0.0,DAIR_MILK_11,Dairy,Unforecasted Demand Spike,859.68
20260103,32,40,110,87,23,137.08,11925.96,87.0,0.0,BEVE_WATE_10,Beverages,Unforecasted Demand Spike,3152.84
20260103,32,41,88,0,88,104.58,0.0,0.0,0.0,BEVE_JUIC_11,Beverages,Delayed / Missing Inbound Replenishment,9203.04
20260103,32,44,75,6,69,94.2,565.2,6.0,0.0,BEVE_ENER_14,Beverages,Unforecasted Demand Spike,6499.8
20260103,32,50,65,0,65,119.26,0.0,0.0,0.0,BEVE_WATE_20,Beverages,Delayed / Missing Inbound Replenishment,7751.9
20260103,32,60,63,0,63,146.5,0.0,0.0,0.0,BEVE_WATE_30,Beverages,Delayed / Missing Inbound Replenishment,9229.5
20260103,32,90,66,0,66,177.61,0.0,0.0,0.0,SNAC_NUTS_30,Snacks,Delayed / Missing Inbound Replenishment,11722.26
20260103,32,121,75,0,75,26.81,0.0,0.0,0.0,FRUI_FRES_01,Fruits & Vegetables,Delayed / Missing Inbound Replenishment,2010.75
20260103,32,132,96,85,11,94.19,8006.15,85.0,0.0,FRUI_EXOT_12,Fruits & Vegetables,Unforecasted Demand Spike,1036.09
20260103,32,156,37,11,26,342.35,3765.85,11.0,0.0,STAP_ATTA_06,Staples,Forecast Underestimation & Buffer Shortage,8901.1
20260103,32,158,31,20,11,65.45,1309.0,20.0,0.0,STAP_DALS_08,Staples,Forecast Underestimation & Buffer Shortage,719.95
20260103,32,162,40,0,40,185.02,0.0,0.0,0.0,STAP_RICE_12,Staples,Delayed / Missing Inbound Replenishment,7400.8
20260103,32,164,13,5,8,366.94,1834.7,5.0,0.0,STAP_EDIB_14,Staples,Forecast Underestimation & Buffer Shortage,2935.52
20260103,32,173,21,0,21,69.06,0.0,0.0,0.0,STAP_DALS_23,Staples,Delayed / Missing Inbound Replenishment,1450.26
20260103,32,174,41,5,36,511.67,2558.35,5.0,0.0,STAP_EDIB_24,Staples,Unforecasted Demand Spike,18420.12
20260103,32,195,6,0,6,227.65,0.0,0.0,0.0,PERS_SANI_15,Personal Care,Delayed / Missing Inbound Replenishment,1365.9
20260103,32,197,11,0,11,102.01,0.0,0.0,0.0,PERS_HAIR_17,Personal Care,Delayed / Missing Inbound Replenishment,1122.11
20260103,32,204,4,2,2,199.5,399.0,2.0,0.0,PERS_SKIN_24,Personal Care,Delayed / Missing Inbound Replenishment,399.0
20260103,32,210,9,0,9,212.16,0.0,0.0,0.0,PERS_SANI_30,Personal Care,Delayed / Missing Inbound Replenishment,1909.44
20260103,32,220,9,1,8,256.13,256.13,1.0,0.0,HOUS_REPE_10,Household,Delayed / Missing Inbound Replenishment,2049.04
20260103,32,238,11,8,3,172.48,1379.84,8.0,0.0,HOUS_CLEA_28,Household,Forecast Underestimation & Buffer Shortage,517.44
20260103,32,250,30,10,20,204.07,2040.7,10.0,0.0,BABY_BABY_10,Baby Care,Forecast Underestimation & Buffer Shortage,4081.4
20260103,32,252,40,3,37,599.97,1799.91,3.0,0.0,BABY_BABY_12,Baby Care,Delayed / Missing Inbound Replenishment,22198.89
20260103,32,255,21,12,9,500.03,6000.36,12.0,0.0,BABY_BABY_15,Baby Care,Forecast Underestimation & Buffer Shortage,4500.27
20260103,32,256,32,0,32,441.88,0.0,0.0,0.0,BABY_BABY_16,Baby Care,Delayed / Missing Inbound Replenishment,14140.16
20260103,32,271,5,3,2,561.27,1683.81,3.0,0.0,PET _DOG _01,Pet Care,Delayed / Missing Inbound Replenishment,1122.54
20260103,32,275,9,0,9,359.71,0.0,0.0,0.0,PET _DOG _05,Pet Care,Delayed / Missing Inbound Replenishment,3237.39
20260103,32,277,7,3,4,232.44,697.32,3.0,0.0,PET _PET _07,Pet Care,Delayed / Missing Inbound Replenishment,929.76
20260103,32,280,14,0,14,252.36,0.0,0.0,0.0,PET _CAT _10,Pet Care,Delayed / Missing Inbound Replenishment,3533.04
20260103,32,282,6,0,6,378.42,0.0,0.0,0.0,PET _PET _12,Pet Care,Delayed / Missing Inbound Replenishment,2270.52
20260103,32,283,8,6,2,548.52,3291.12,6.0,0.0,PET _DOG _13,Pet Care,Forecast Underestimation & Buffer Shortage,1097.04
20260103,33,17,49,0,49,108.57,0.0,0.0,0.0,DAIR_CURD_17,Dairy,Delayed / Missing Inbound Replenishment,5319.93
20260103,33,44,60,0,60,94.2,0.0,0.0,0.0,BEVE_ENER_14,Beverages,Delayed / Missing Inbound Replenishment,5652.0
20260103,33,89,35,22,13,50.88,1119.36,22.0,0.0,SNAC_CHOC_29,Snacks,Forecast Underestimation & Buffer Shortage,661.44
20260103,33,135,56,18,38,112.02,2016.36,18.0,0.0,FRUI_CUT _15,Fruits & Vegetables,Unforecasted Demand Spike,4256.76
20260103,33,154,25,0,25,215.59,0.0,0.0,0.0,STAP_EDIB_04,Staples,Delayed / Missing Inbound Replenishment,5389.75
20260103,33,162,34,0,34,185.02,0.0,0.0,0.0,STAP_RICE_12,Staples,Delayed / Missing Inbound Replenishment,6290.68
20260103,33,170,33,17,16,338.45,5753.65,17.0,0.0,STAP_SPIC_20,Staples,Forecast Underestimation & Buffer Shortage,5415.2
20260103,33,195,5,4,1,227.65,910.6,4.0,0.0,PERS_SANI_15,Personal Care,Delayed / Missing Inbound Replenishment,227.65
20260103,33,197,7,0,7,102.01,0.0,0.0,0.0,PERS_HAIR_17,Personal Care,Delayed / Missing Inbound Replenishment,714.07
20260103,33,199,4,0,4,251.52,0.0,0.0,0.0,PERS_SKIN_19,Personal Care,Delayed / Missing Inbound Replenishment,1006.08
20260103,33,201,10,1,9,193.23,193.23,1.0,0.0,PERS_SOAP_21,Personal Care,Delayed / Missing Inbound Replenishment,1739.07
20260103,33,208,9,0,9,249.0,0.0,0.0,0.0,PERS_ORAL_28,Personal Care,Delayed / Missing Inbound Replenishment,2241.0
20260103,33,214,10,2,8,216.37,432.74,2.0,0.0,HOUS_DISP_04,Household,Delayed / Missing Inbound Replenishment,1730.96
20260103,33,217,5,0,5,275.5,0.0,0.0,0.0,HOUS_DISH_07,Household,Delayed / Missing Inbound Replenishment,1377.5
20260103,33,218,4,1,3,72.52,72.52,1.0,0.0,HOUS_CLEA_08,Household,Delayed / Missing Inbound Replenishment,217.56
20260103,33,236,11,0,11,87.59,0.0,0.0,0.0,HOUS_DETE_26,Household,Delayed / Missing Inbound Replenishment,963.49
20260103,33,250,23,0,23,204.07,0.0,0.0,0.0,BABY_BABY_10,Baby Care,Delayed / Missing Inbound Replenishment,4693.61
20260103,33,255,14,9,5,500.03,4500.27,9.0,0.0,BABY_BABY_15,Baby Care,Forecast Underestimation & Buffer Shortage,2500.15
20260103,33,256,28,13,15,441.88,5744.44,14.0,0.0,BABY_BABY_16,Baby Care,Forecast Underestimation & Buffer Shortage,6628.2
20260103,33,261,16,13,3,419.38,5451.94,13.0,0.0,BABY_DIAP_21,Baby Care,Forecast Underestimation & Buffer Shortage,1258.14
20260103,33,271,3,0,3,561.27,0.0,0.0,0.0,PET _DOG _01,Pet Care,Delayed / Missing Inbound Replenishment,1683.81
20260103,33,282,6,3,3,378.42,1135.26,3.0,0.0,PET _PET _12,Pet Care,Delayed / Missing Inbound Replenishment,1135.26
20260103,33,289,6,0,6,479.06,0.0,0.0,0.0,PET _PET _19,Pet Care,Delayed / Missing Inbound Replenishment,2874.36
20260103,33,293,12,0,12,478.5,0.0,0.0,0.0,PET _PET _23,Pet Care,Delayed / Missing Inbound Replenishment,5742.0
20260103,34,11,61,3,58,214.92,644.76,3.0,0.0,DAIR_MILK_11,Dairy,Delayed / Missing Inbound Replenishment,12465.36
20260103,34,19,89,10,79,189.48,1894.8,10.0,0.0,DAIR_CHEE_19,Dairy,Unforecasted Demand Spike,14968.92
20260103,34,24,93,0,93,103.72,0.0,0.0,0.0,DAIR_CHEE_24,Dairy,Delayed / Missing Inbound Replenishment,9645.96
20260103,34,31,121,0,121,94.42,0.0,0.0,0.0,BEVE_JUIC_01,Beverages,Delayed / Missing Inbound Replenishment,11424.82
20260103,34,45,121,81,40,107.96,8744.76,81.0,0.0,BEVE_WATE_15,Beverages,Unforecasted Demand Spike,4318.4
20260103,34,60,60,53,7,146.5,7764.5,53.0,0.0,BEVE_WATE_30,Beverages,Unforecasted Demand Spike,1025.5
20260103,34,63,72,32,40,157.5,5040.0,32.0,0.0,SNAC_NAMK_03,Snacks,Unforecasted Demand Spike,6300.0
20260103,34,90,201,123,78,177.61,21846.03,123.0,0.0,SNAC_NUTS_30,Snacks,Unforecasted Demand Spike,13853.58
20260103,34,126,75,10,65,64.66,646.6,10.0,0.0,FRUI_FRES_06,Fruits & Vegetables,Unforecasted Demand Spike,4202.9
20260103,34,156,35,19,16,342.35,6504.65,19.0,0.0,STAP_ATTA_06,Staples,Forecast Underestimation & Buffer Shortage,5477.6
20260103,34,164,14,0,14,366.94,0.0,0.0,0.0,STAP_EDIB_14,Staples,Delayed / Missing Inbound Replenishment,5137.16
20260103,34,170,48,0,48,338.45,0.0,0.0,0.0,STAP_SPIC_20,Staples,Delayed / Missing Inbound Replenishment,16245.6
20260103,34,192,6,0,6,357.65,0.0,0.0,0.0,PERS_HAIR_12,Personal Care,Delayed / Missing Inbound Replenishment,2145.9
20260103,34,197,9,0,9,102.01,0.0,0.0,0.0,PERS_HAIR_17,Personal Care,Delayed / Missing Inbound Replenishment,918.09
20260103,34,199,4,1,3,251.52,251.52,1.0,0.0,PERS_SKIN_19,Personal Care,Delayed / Missing Inbound Replenishment,754.56
20260103,34,221,8,0,8,209.6,0.0,0.0,0.0,HOUS_DETE_11,Household,Delayed / Missing Inbound Replenishment,1676.8
20260103,34,224,14,2,12,131.14,262.28,2.0,0.0,HOUS_DISP_14,Household,Delayed / Missing Inbound Replenishment,1573.68
20260103,34,225,8,4,4,127.69,510.76,4.0,0.0,HOUS_REPE_15,Household,Delayed / Missing Inbound Replenishment,510.76
20260103,34,227,3,0,3,254.28,0.0,0.0,0.0,HOUS_DISH_17,Household,Delayed / Missing Inbound Replenishment,762.84
20260103,34,229,10,5,5,147.62,738.1,5.0,0.0,HOUS_DISP_19,Household,Forecast Underestimation & Buffer Shortage,738.1
20260103,34,236,12,8,4,87.59,700.72,8.0,0.0,HOUS_DETE_26,Household,Forecast Underestimation & Buffer Shortage,350.36
20260103,34,253,28,0,28,319.63,0.0,0.0,0.0,BABY_DIAP_13,Baby Care,Delayed / Missing Inbound Replenishment,8949.64
20260103,34,261,18,5,13,419.38,2096.9,5.0,0.0,BABY_DIAP_21,Baby Care,Forecast Underestimation & Buffer Shortage,5451.94
20260103,34,274,12,6,6,218.13,1308.78,6.0,0.0,PET _PET _04,Pet Care,Forecast Underestimation & Buffer Shortage,1308.78
20260103,34,275,11,9,2,359.71,3237.39,9.0,0.0,PET _DOG _05,Pet Care,Forecast Underestimation & Buffer Shortage,719.42
20260103,34,277,7,0,7,232.44,0.0,0.0,0.0,PET _PET _07,Pet Care,Delayed / Missing Inbound Replenishment,1627.08
20260103,34,283,7,5,2,548.52,2742.6,5.0,0.0,PET _DOG _13,Pet Care,Forecast Underestimation & Buffer Shortage,1097.04
20260103,34,286,9,1,8,456.83,456.83,1.0,0.0,PET _PET _16,Pet Care,Delayed / Missing Inbound Replenishment,3654.64
20260103,34,290,5,4,1,240.2,960.8,4.0,0.0,PET _PET _20,Pet Care,Delayed / Missing Inbound Replenishment,240.2
20260103,35,8,97,58,39,138.28,8020.24,58.0,0.0,DAIR_BUTT_08,Dairy,Unforecasted Demand Spike,5392.92
20260103,35,11,68,0,68,214.92,0.0,0.0,0.0,DAIR_MILK_11,Dairy,Delayed / Missing Inbound Replenishment,14614.56
20260103,35,19,97,0,97,189.48,0.0,0.0,0.0,DAIR_CHEE_19,Dairy,Delayed / Missing Inbound Replenishment,18379.56
20260103,35,41,101,42,59,104.58,4392.36,42.0,0.0,BEVE_JUIC_11,Beverages,Unforecasted Demand Spike,6170.22
20260103,35,44,82,55,27,94.2,5181.0,56.0,0.0,BEVE_ENER_14,Beverages,Unforecasted Demand Spike,2543.4
20260103,35,45,142,56,86,107.96,6045.76,56.0,0.0,BEVE_WATE_15,Beverages,Unforecasted Demand Spike,9284.56
20260103,35,59,75,58,17,48.81,2830.98,58.0,0.0,BEVE_ENER_29,Beverages,Unforecasted Demand Spike,829.77
20260103,35,63,85,0,85,157.5,0.0,0.0,0.0,SNAC_NAMK_03,Snacks,Delayed / Missing Inbound Replenishment,13387.5
20260103,35,75,45,22,23,85.91,1890.02,22.0,0.0,SNAC_NUTS_15,Snacks,Unforecasted Demand Spike,1975.93
20260103,35,85,40,23,17,172.15,3959.45,23.0,0.0,SNAC_NUTS_25,Snacks,Forecast Underestimation & Buffer Shortage,2926.55
20260103,35,90,78,2,76,177.61,355.22,2.0,0.0,SNAC_NUTS_30,Snacks,Delayed / Missing Inbound Replenishment,13498.36
20260103,35,110,48,4,44,43.46,173.84,4.0,0.0,PACK_READ_20,Packaged Foods,Delayed / Missing Inbound Replenishment,1912.24
20260103,35,123,56,34,22,81.34,2765.56,34.0,0.0,FRUI_DAIL_03,Fruits & Vegetables,Unforecasted Demand Spike,1789.48
20260103,35,126,80,0,80,64.66,0.0,0.0,0.0,FRUI_FRES_06,Fruits & Vegetables,Delayed / Missing Inbound Replenishment,5172.8
20260103,35,135,83,34,49,112.02,3808.68,34.0,0.0,FRUI_CUT _15,Fruits & Vegetables,Unforecasted Demand Spike,5488.98
20260103,35,143,105,0,105,48.33,0.0,0.0,0.0,FRUI_DAIL_23,Fruits & Vegetables,Delayed / Missing Inbound Replenishment,5074.65
20260103,35,163,22,14,8,338.27,4735.78,14.0,0.0,STAP_DALS_13,Staples,Forecast Underestimation & Buffer Shortage,2706.16
20260103,35,166,29,17,12,248.86,4230.62,17.0,0.0,STAP_ATTA_16,Staples,Forecast Underestimation & Buffer Shortage,2986.32
20260103,35,171,28,20,8,329.23,6584.6,20.0,0.0,STAP_ATTA_21,Staples,Forecast Underestimation & Buffer Shortage,2633.84
20260103,35,173,24,0,24,69.06,0.0,0.0,0.0,STAP_DALS_23,Staples,Delayed / Missing Inbound Replenishment,1657.44
20260103,35,174,47,43,4,511.67,22001.81,43.0,0.0,STAP_EDIB_24,Staples,Unforecasted Demand Spike,2046.68
20260103,35,197,12,0,12,102.01,0.0,0.0,0.0,PERS_HAIR_17,Personal Care,Delayed / Missing Inbound Replenishment,1224.12
20260103,35,205,4,2,2,130.63,261.26,2.0,0.0,PERS_SANI_25,Personal Care,Delayed / Missing Inbound Replenishment,261.26
20260103,35,213,7,3,4,243.34,730.02,3.0,0.0,HOUS_CLEA_03,Household,Delayed / Missing Inbound Replenishment,973.36
20260103,35,218,6,0,6,72.52,0.0,0.0,0.0,HOUS_CLEA_08,Household,Delayed / Missing Inbound Replenishment,435.12
20260103,35,219,15,0,15,246.3,0.0,0.0,0.0,HOUS_DISP_09,Household,Delayed / Missing Inbound Replenishment,3694.5
20260103,35,221,8,3,5,209.6,628.8,3.0,0.0,HOUS_DETE_11,Household,Delayed / Missing Inbound Replenishment,1048.0
20260103,35,222,10,2,8,214.26,428.52,2.0,0.0,HOUS_DISH_12,Household,Delayed / Missing Inbound Replenishment,1714.08
20260103,35,224,18,12,6,131.14,1573.68,12.0,0.0,HOUS_DISP_14,Household,Forecast Underestimation & Buffer Shortage,786.84
20260103,35,227,13,0,13,254.28,0.0,0.0,0.0,HOUS_DISH_17,Household,Delayed / Missing Inbound Replenishment,3305.64
20260103,35,231,6,0,6,259.78,0.0,0.0,0.0,HOUS_DETE_21,Household,Delayed / Missing Inbound Replenishment,1558.68
20260103,35,233,13,12,1,161.93,1943.16,12.0,0.0,HOUS_CLEA_23,Household,Forecast Underestimation & Buffer Shortage,161.93
20260103,35,276,10,0,10,419.68,0.0,0.0,0.0,PET _CAT _06,Pet Care,Delayed / Missing Inbound Replenishment,4196.8
20260103,35,282,6,0,6,378.42,0.0,0.0,0.0,PET _PET _12,Pet Care,Delayed / Missing Inbound Replenishment,2270.52
20260103,35,287,3,0,3,342.13,0.0,0.0,0.0,PET _DOG _17,Pet Care,Delayed / Missing Inbound Replenishment,1026.39
20260103,36,8,69,32,37,138.28,4424.96,32.0,0.0,DAIR_BUTT_08,Dairy,Unforecasted Demand Spike,5116.36
20260103,36,17,52,9,43,108.57,977.13,9.0,0.0,DAIR_CURD_17,Dairy,Unforecasted Demand Spike,4668.51
20260103,36,35,71,22,49,158.37,3484.14,22.0,0.0,BEVE_WATE_05,Beverages,Unforecasted Demand Spike,7760.13
20260103,36,45,97,95,2,107.96,10256.2,95.0,0.0,BEVE_WATE_15,Beverages,Unforecasted Demand Spike,215.92
20260103,36,154,26,17,9,215.59,3665.03,17.0,0.0,STAP_EDIB_04,Staples,Forecast Underestimation & Buffer Shortage,1940.31
20260103,36,168,34,0,34,166.75,0.0,0.0,0.0,STAP_DALS_18,Staples,Delayed / Missing Inbound Replenishment,5669.5
20260103,36,170,27,12,15,338.45,4061.4,12.0,0.0,STAP_SPIC_20,Staples,Forecast Underestimation & Buffer Shortage,5076.75
20260103,36,203,7,5,2,316.94,1584.7,5.0,0.0,PERS_ORAL_23,Personal Care,Forecast Underestimation & Buffer Shortage,633.88
20260103,36,219,12,0,12,246.3,0.0,0.0,0.0,HOUS_DISP_09,Household,Delayed / Missing Inbound Replenishment,2955.6
20260103,36,224,13,12,1,131.14,1573.68,12.0,0.0,HOUS_DISP_14,Household,Forecast Underestimation & Buffer Shortage,131.14
20260103,36,243,16,0,16,536.66,0.0,0.0,0.0,BABY_BABY_03,Baby Care,Delayed / Missing Inbound Replenishment,8586.56
20260103,36,271,4,0,4,561.27,0.0,0.0,0.0,PET _DOG _01,Pet Care,Delayed / Missing Inbound Replenishment,2245.08
20260103,36,289,6,0,6,479.06,0.0,0.0,0.0,PET _PET _19,Pet Care,Delayed / Missing Inbound Replenishment,2874.36
20260103,37,4,78,0,78,63.86,0.0,0.0,0.0,DAIR_CHEE_04,Dairy,Delayed / Missing Inbound Replenishment,4981.08
20260103,37,16,47,0,47,137.79,0.0,0.0,0.0,DAIR_MILK_16,Dairy,Delayed / Missing Inbound Replenishment,6476.13
20260103,37,45,109,57,52,107.96,6153.72,57.0,0.0,BEVE_WATE_15,Beverages,Unforecasted Demand Spike,5613.92
20260103,37,90,62,0,62,177.61,0.0,0.0,0.0,SNAC_NUTS_30,Snacks,Delayed / Missing Inbound Replenishment,11011.82
20260103,37,100,37,10,27,109.11,1091.1,10.0,0.0,PACK_READ_10,Packaged Foods,Forecast Underestimation & Buffer Shortage,2945.97
20260103,37,126,59,55,4,64.66,3556.3,55.0,0.0,FRUI_FRES_06,Fruits & Vegetables,Unforecasted Demand Spike,258.64
20260103,37,162,40,34,6,185.02,6290.68,34.0,0.0,STAP_RICE_12,Staples,Forecast Underestimation & Buffer Shortage,1110.12
20260103,37,166,26,9,17,248.86,2239.74,9.0,0.0,STAP_ATTA_16,Staples,Forecast Underestimation & Buffer Shortage,4230.62
20260103,37,187,8,3,5,341.21,1023.63,3.0,0.0,PERS_HAIR_07,Personal Care,Delayed / Missing Inbound Replenishment,1706.05
20260103,37,219,12,5,7,246.3,1231.5,6.0,0.0,HOUS_DISP_09,Household,Forecast Underestimation & Buffer Shortage,1724.1
20260103,37,227,4,0,4,254.28,0.0,0.0,0.0,HOUS_DISH_17,Household,Delayed / Missing Inbound Replenishment,1017.12
20260103,37,272,6,3,3,569.34,1708.02,3.0,0.0,PET _CAT _02,Pet Care,Delayed / Missing Inbound Replenishment,1708.02
20260103,37,274,29,15,14,218.13,3271.95,15.0,0.0,PET _PET _04,Pet Care,Forecast Underestimation & Buffer Shortage,3053.82
20260103,37,277,6,1,5,232.44,232.44,1.0,0.0,PET _PET _07,Pet Care,Delayed / Missing Inbound Replenishment,1162.2
20260103,37,299,11,5,6,108.9,544.5,5.0,0.0,PET _DOG _29,Pet Care,Forecast Underestimation & Buffer Shortage,653.4
20260103,38,17,60,46,14,108.57,4994.22,46.0,0.0,DAIR_CURD_17,Dairy,Unforecasted Demand Spike,1519.98
20260103,38,24,81,8,73,103.72,829.76,8.0,0.0,DAIR_CHEE_24,Dairy,Unforecasted Demand Spike,7571.56
20260103,38,31,103,71,32,94.42,6703.82,71.0,0.0,BEVE_JUIC_01,Beverages,Unforecasted Demand Spike,3021.44
20260103,38,40,95,22,73,137.08,3015.76,22.0,0.0,BEVE_WATE_10,Beverages,Unforecasted Demand Spike,10006.84
20260103,38,44,68,0,68,94.2,0.0,0.0,0.0,BEVE_ENER_14,Beverages,Delayed / Missing Inbound Replenishment,6405.6
20260103,38,45,105,11,94,107.96,1187.56,11.0,0.0,BEVE_WATE_15,Beverages,Unforecasted Demand Spike,10148.24
20260103,38,59,56,13,43,48.81,634.53,13.0,0.0,BEVE_ENER_29,Beverages,Unforecasted Demand Spike,2098.83
20260103,38,60,52,46,6,146.5,6739.0,46.0,0.0,BEVE_WATE_30,Beverages,Unforecasted Demand Spike,879.0
20260103,38,100,35,6,29,109.11,654.66,6.0,0.0,PACK_READ_10,Packaged Foods,Forecast Underestimation & Buffer Shortage,3164.19
20260103,38,105,34,15,19,171.63,2574.45,15.0,0.0,PACK_READ_15,Packaged Foods,Forecast Underestimation & Buffer Shortage,3260.97
20260103,38,110,35,15,20,43.46,651.9,15.0,0.0,PACK_READ_20,Packaged Foods,Forecast Underestimation & Buffer Shortage,869.2
20260103,38,123,37,3,34,81.34,244.02,3.0,0.0,FRUI_DAIL_03,Fruits & Vegetables,Delayed / Missing Inbound Replenishment,2765.56
20260103,38,133,69,0,69,89.15,0.0,0.0,0.0,FRUI_DAIL_13,Fruits & Vegetables,Delayed / Missing Inbound Replenishment,6151.35
20260103,38,154,28,27,1,215.59,5820.93,27.0,0.0,STAP_EDIB_04,Staples,Forecast Underestimation & Buffer Shortage,215.59
20260103,38,156,25,0,25,342.35,0.0,0.0,0.0,STAP_ATTA_06,Staples,Delayed / Missing Inbound Replenishment,8558.75
20260103,38,166,23,11,12,248.86,2737.46,11.0,0.0,STAP_ATTA_16,Staples,Forecast Underestimation & Buffer Shortage,2986.32
20260103,38,169,21,0,21,312.03,0.0,0.0,0.0,STAP_EDIB_19,Staples,Delayed / Missing Inbound Replenishment,6552.63
20260103,38,170,39,35,4,338.45,11845.75,35.0,0.0,STAP_SPIC_20,Staples,Forecast Underestimation & Buffer Shortage,1353.8
20260103,38,174,36,35,1,511.67,17908.45,35.0,0.0,STAP_EDIB_24,Staples,Forecast Underestimation & Buffer Shortage,511.67
20260103,38,209,4,0,4,108.95,0.0,0.0,0.0,PERS_SKIN_29,Personal Care,Delayed / Missing Inbound Replenishment,435.8
20260103,38,214,10,7,3,216.37,1514.59,7.0,0.0,HOUS_DISP_04,Household,Forecast Underestimation & Buffer Shortage,649.11
20260103,38,218,5,0,5,72.52,0.0,,,HOUS_CLEA_08,Household,Forecast Underestimation & Buffer Shortage,362.6
20260103,38,236,10,0,10,87.59,0.0,0.0,0.0,HOUS_DETE_26,Household,Delayed / Missing Inbound Replenishment,875.9
20260103,38,253,28,0,28,319.63,0.0,0.0,0.0,BABY_DIAP_13,Baby Care,Delayed / Missing Inbound Replenishment,8949.64
20260103,38,256,30,25,5,441.88,11047.0,25.0,0.0,BABY_BABY_16,Baby Care,Forecast Underestimation & Buffer Shortage,2209.4
20260103,38,271,3,2,1,561.27,1122.54,2.0,0.0,PET _DOG _01,Pet Care,Delayed / Missing Inbound Replenishment,561.27
20260103,38,273,3,2,1,256.39,512.78,2.0,0.0,PET _PET _03,Pet Care,Delayed / Missing Inbound Replenishment,256.39
20260103,38,275,9,0,9,359.71,0.0,0.0,0.0,PET _DOG _05,Pet Care,Delayed / Missing Inbound Replenishment,3237.39
20260103,38,276,7,0,7,419.68,0.0,,,PET _CAT _06,Pet Care,Forecast Underestimation & Buffer Shortage,2937.76
20260103,38,289,8,5,3,479.06,2395.3,5.0,0.0,PET _PET _19,Pet Care,Forecast Underestimation & Buffer Shortage,1437.18
20260103,39,11,82,0,82,214.92,0.0,0.0,0.0,DAIR_MILK_11,Dairy,Delayed / Missing Inbound Replenishment,17623.44
20260103,39,12,111,0,111,143.6,0.0,0.0,0.0,DAIR_CURD_12,Dairy,Delayed / Missing Inbound Replenishment,15939.6
20260103,39,24,109,0,109,103.72,0.0,0.0,0.0,DAIR_CHEE_24,Dairy,Delayed / Missing Inbound Replenishment,11305.48
20260103,39,31,138,0,138,94.42,0.0,0.0,0.0,BEVE_JUIC_01,Beverages,Delayed / Missing Inbound Replenishment,13029.96
20260103,39,41,111,49,62,104.58,5124.42,49.0,0.0,BEVE_JUIC_11,Beverages,Unforecasted Demand Spike,6483.96
20260103,39,44,100,0,100,94.2,0.0,0.0,0.0,BEVE_ENER_14,Beverages,Delayed / Missing Inbound Replenishment,9420.0
20260103,39,45,153,32,121,107.96,3454.72,32.0,0.0,BEVE_WATE_15,Beverages,Unforecasted Demand Spike,13063.16
20260103,39,60,79,0,79,146.5,0.0,0.0,0.0,BEVE_WATE_30,Beverages,Delayed / Missing Inbound Replenishment,11573.5
20260103,39,73,109,0,109,92.13,0.0,0.0,0.0,SNAC_NAMK_13,Snacks,Delayed / Missing Inbound Replenishment,10042.17
20260103,39,75,45,0,45,85.91,0.0,0.0,0.0,SNAC_NUTS_15,Snacks,Delayed / Missing Inbound Replenishment,3865.95
20260103,39,110,53,45,8,43.46,1955.7,45.0,0.0,PACK_READ_20,Packaged Foods,Unforecasted Demand Spike,347.68
20260103,39,119,32,16,16,117.5,1880.0,16.0,0.0,PACK_BREA_29,Packaged Foods,Forecast Underestimation & Buffer Shortage,1880.0
20260103,39,132,119,0,119,94.19,0.0,0.0,0.0,FRUI_EXOT_12,Fruits & Vegetables,Delayed / Missing Inbound Replenishment,11208.61
20260103,39,135,92,0,92,112.02,0.0,0.0,0.0,FRUI_CUT _15,Fruits & Vegetables,Delayed / Missing Inbound Replenishment,10305.84
20260103,39,154,39,0,39,215.59,0.0,0.0,0.0,STAP_EDIB_04,Staples,Delayed / Missing Inbound Replenishment,8408.01
20260103,39,164,20,4,16,366.94,1467.76,4.0,0.0,STAP_EDIB_14,Staples,Delayed / Missing Inbound Replenishment,5871.04
20260103,39,192,8,5,3,357.65,1788.25,5.0,0.0,PERS_HAIR_12,Personal Care,Forecast Underestimation & Buffer Shortage,1072.95
20260103,39,203,11,8,3,316.94,2535.52,8.0,0.0,PERS_ORAL_23,Personal Care,Forecast Underestimation & Buffer Shortage,950.82
20260103,39,209,5,0,5,108.95,0.0,0.0,0.0,PERS_SKIN_29,Personal Care,Delayed / Missing Inbound Replenishment,544.75
20260103,39,210,11,0,11,212.16,0.0,0.0,0.0,PERS_SANI_30,Personal Care,Delayed / Missing Inbound Replenishment,2333.76
20260103,39,213,8,1,7,243.34,243.34,1.0,0.0,HOUS_CLEA_03,Household,Delayed / Missing Inbound Replenishment,1703.38
20260103,39,216,16,0,16,208.26,0.0,0.0,0.0,HOUS_DETE_06,Household,Delayed / Missing Inbound Replenishment,3332.16
20260103,39,218,7,0,7,72.52,0.0,0.0,0.0,HOUS_CLEA_08,Household,Delayed / Missing Inbound Replenishment,507.64
20260103,39,219,15,13,2,246.3,3201.9,13.0,0.0,HOUS_DISP_09,Household,Forecast Underestimation & Buffer Shortage,492.6
20260103,39,220,9,5,4,256.13,1280.65,5.0,0.0,HOUS_REPE_10,Household,Forecast Underestimation & Buffer Shortage,1024.52
20260103,39,227,5,0,5,254.28,0.0,0.0,0.0,HOUS_DISH_17,Household,Delayed / Missing Inbound Replenishment,1271.4
20260103,39,233,18,5,13,161.93,809.65,5.0,0.0,HOUS_CLEA_23,Household,Forecast Underestimation & Buffer Shortage,2105.09
20260103,39,234,13,2,11,54.85,109.7,2.0,0.0,HOUS_DISP_24,Household,Delayed / Missing Inbound Replenishment,603.35
20260103,39,255,27,8,19,500.03,4000.24,8.0,0.0,BABY_BABY_15,Baby Care,Forecast Underestimation & Buffer Shortage,9500.57
20260103,39,275,14,0,14,359.71,0.0,0.0,0.0,PET _DOG _05,Pet Care,Delayed / Missing Inbound Replenishment,5035.94
20260103,39,276,9,4,5,419.68,1678.72,4.0,0.0,PET _CAT _06,Pet Care,Delayed / Missing Inbound Replenishment,2098.4
20260103,39,287,4,2,2,342.13,684.26,2.0,0.0,PET _DOG _17,Pet Care,Delayed / Missing Inbound Replenishment,684.26
20260103,39,291,18,10,8,384.98,3849.8,10.0,0.0,PET _DOG _21,Pet Care,Forecast Underestimation & Buffer Shortage,3079.84
20260103,39,293,15,3,12,478.5,1435.5,3.0,0.0,PET _PET _23,Pet Care,Delayed / Missing Inbound Replenishment,5742.0
20260103,39,294,5,3,2,77.14,231.42,3.0,0.0,PET _PET _24,Pet Care,Delayed / Missing Inbound Replenishment,154.28
20260103,40,8,101,0,101,138.28,0.0,0.0,0.0,DAIR_BUTT_08,Dairy,Delayed / Missing Inbound Replenishment,13966.28
20260103,40,12,108,0,108,143.6,0.0,0.0,0.0,DAIR_CURD_12,Dairy,Delayed / Missing Inbound Replenishment,15508.8
20260103,40,26,63,0,63,78.21,0.0,0.0,0.0,DAIR_MILK_26,Dairy,Delayed / Missing Inbound Replenishment,4927.23
20260103,40,44,97,22,75,94.2,2072.4,22.0,0.0,BEVE_ENER_14,Beverages,Unforecasted Demand Spike,7065.0
20260103,40,45,136,122,14,107.96,13171.12,122.0,0.0,BEVE_WATE_15,Beverages,Unforecasted Demand Spike,1511.44
20260103,40,59,77,26,51,48.81,1269.06,26.0,0.0,BEVE_ENER_29,Beverages,Unforecasted Demand Spike,2489.31
20260103,40,63,85,0,85,157.5,0.0,0.0,0.0,SNAC_NAMK_03,Snacks,Delayed / Missing Inbound Replenishment,13387.5
20260103,40,75,48,24,24,85.91,2061.84,24.0,0.0,SNAC_NUTS_15,Snacks,Unforecasted Demand Spike,2061.84
20260103,40,90,87,26,61,177.61,4617.86,26.0,0.0,SNAC_NUTS_30,Snacks,Unforecasted Demand Spike,10834.21
20260103,40,100,53,50,3,109.11,5455.5,50.0,0.0,PACK_READ_10,Packaged Foods,Unforecasted Demand Spike,327.33
20260103,40,119,37,0,37,117.5,0.0,0.0,0.0,PACK_BREA_29,Packaged Foods,Delayed / Missing Inbound Replenishment,4347.5
20260103,40,126,84,68,16,64.66,4396.88,68.0,0.0,FRUI_FRES_06,Fruits & Vegetables,Unforecasted Demand Spike,1034.56
20260103,40,132,110,58,52,94.19,5463.02,58.0,0.0,FRUI_EXOT_12,Fruits & Vegetables,Unforecasted Demand Spike,4897.88
20260103,40,135,94,75,19,112.02,8401.5,75.0,0.0,FRUI_CUT _15,Fruits & Vegetables,Unforecasted Demand Spike,2128.38
20260103,40,155,21,16,5,443.45,7095.2,16.0,0.0,STAP_SPIC_05,Staples,Forecast Underestimation & Buffer Shortage,2217.25
20260103,40,169,29,1,28,312.03,312.03,1.0,0.0,STAP_EDIB_19,Staples,Delayed / Missing Inbound Replenishment,8736.84
20260103,40,170,47,27,20,338.45,9138.15,27.0,0.0,STAP_SPIC_20,Staples,Unforecasted Demand Spike,6769.0
20260103,40,171,30,0,30,329.23,0.0,0.0,0.0,STAP_ATTA_21,Staples,Delayed / Missing Inbound Replenishment,9876.9
20260103,40,174,47,0,47,511.67,0.0,0.0,0.0,STAP_EDIB_24,Staples,Delayed / Missing Inbound Replenishment,24048.49
20260103,40,192,8,0,8,357.65,0.0,0.0,0.0,PERS_HAIR_12,Personal Care,Delayed / Missing Inbound Replenishment,2861.2
20260103,40,195,6,0,6,227.65,0.0,0.0,0.0,PERS_SANI_15,Personal Care,Delayed / Missing Inbound Replenishment,1365.9
20260103,40,201,14,0,14,193.23,0.0,0.0,0.0,PERS_SOAP_21,Personal Care,Delayed / Missing Inbound Replenishment,2705.22
20260103,40,214,18,12,6,216.37,2596.44,12.0,0.0,HOUS_DISP_04,Household,Forecast Underestimation & Buffer Shortage,1298.22
20260103,40,233,17,1,16,161.93,161.93,1.0,0.0,HOUS_CLEA_23,Household,Delayed / Missing Inbound Replenishment,2590.88
20260103,40,253,33,0,33,319.63,0.0,0.0,0.0,BABY_DIAP_13,Baby Care,Delayed / Missing Inbound Replenishment,10547.79
20260103,40,272,7,4,3,569.34,2277.36,4.0,0.0,PET _CAT _02,Pet Care,Delayed / Missing Inbound Replenishment,1708.02
20260103,40,275,13,0,13,359.71,0.0,0.0,0.0,PET _DOG _05,Pet Care,Delayed / Missing Inbound Replenishment,4676.23
20260103,40,276,9,6,3,419.68,2518.08,6.0,0.0,PET _CAT _06,Pet Care,Forecast Underestimation & Buffer Shortage,1259.04
20260103,40,277,10,0,10,232.44,0.0,0.0,0.0,PET _PET _07,Pet Care,Delayed / Missing Inbound Replenishment,2324.4
20260103,40,282,7,2,5,378.42,756.84,2.0,0.0,PET _PET _12,Pet Care,Delayed / Missing Inbound Replenishment,1892.1
20260103,40,286,12,8,4,456.83,3654.64,8.0,0.0,PET _PET _16,Pet Care,Forecast Underestimation & Buffer Shortage,1827.32
20260103,40,287,6,0,6,342.13,0.0,0.0,0.0,PET _DOG _17,Pet Care,Delayed / Missing Inbound Replenishment,2052.78
20260104,1,153,24,0,24,262.16,0.0,0.0,0.0,STAP_DALS_03,Staples,Delayed / Missing Inbound Replenishment,6291.84
20260104,1,155,21,0,21,443.45,0.0,0.0,0.0,STAP_SPIC_05,Staples,Delayed / Missing Inbound Replenishment,9312.45
20260104,1,163,27,0,27,338.27,0.0,0.0,0.0,STAP_DALS_13,Staples,Delayed / Missing Inbound Replenishment,9133.29
20260104,1,166,30,2,28,248.86,497.72,2.0,0.0,STAP_ATTA_16,Staples,Delayed / Missing Inbound Replenishment,6968.08
20260104,1,171,35,0,35,329.23,0.0,0.0,0.0,STAP_ATTA_21,Staples,Delayed / Missing Inbound Replenishment,11523.05
20260104,1,173,25,0,25,69.06,0.0,0.0,0.0,STAP_DALS_23,Staples,Delayed / Missing Inbound Replenishment,1726.5
20260104,1,195,7,0,7,227.65,0.0,0.0,0.0,PERS_SANI_15,Personal Care,Delayed / Missing Inbound Replenishment,1593.55
20260104,1,199,8,0,8,251.52,0.0,0.0,0.0,PERS_SKIN_19,Personal Care,Delayed / Missing Inbound Replenishment,2012.16
20260104,1,203,11,1,10,316.94,316.94,3.0,0.0,PERS_ORAL_23,Personal Care,Delayed / Missing Inbound Replenishment,3169.4
20260104,1,204,7,0,7,199.5,0.0,0.0,0.0,PERS_SKIN_24,Personal Care,Delayed / Missing Inbound Replenishment,1396.5
20260104,1,209,6,0,6,108.95,0.0,0.0,0.0,PERS_SKIN_29,Personal Care,Delayed / Missing Inbound Replenishment,653.7
20260104,1,217,7,0,7,275.5,0.0,0.0,0.0,HOUS_DISH_07,Household,Delayed / Missing Inbound Replenishment,1928.5
20260104,1,218,6,0,6,72.52,0.0,0.0,0.0,HOUS_CLEA_08,Household,Delayed / Missing Inbound Replenishment,435.12
20260104,1,250,34,17,17,204.07,3469.19,17.0,0.0,BABY_BABY_10,Baby Care,Forecast Underestimation & Buffer Shortage,3469.19
20260104,1,253,34,31,3,319.63,9908.53,31.0,0.0,BABY_DIAP_13,Baby Care,Forecast Underestimation & Buffer Shortage,958.89
20260104,1,261,22,0,22,419.38,0.0,0.0,0.0,BABY_DIAP_21,Baby Care,Delayed / Missing Inbound Replenishment,9226.36
20260104,1,271,6,0,6,561.27,0.0,0.0,0.0,PET _DOG _01,Pet Care,Delayed / Missing Inbound Replenishment,3367.62
20260104,1,273,5,0,5,256.39,0.0,0.0,0.0,PET _PET _03,Pet Care,Delayed / Missing Inbound Replenishment,1281.95
20260104,1,276,8,6,2,419.68,2518.08,6.0,0.0,PET _CAT _06,Pet Care,Forecast Underestimation & Buffer Shortage,839.36
20260104,1,277,11,1,10,232.44,232.44,1.0,0.0,PET _PET _07,Pet Care,Delayed / Missing Inbound Replenishment,2324.4
20260104,1,281,5,0,5,208.33,0.0,0.0,0.0,PET _PET _11,Pet Care,Delayed / Missing Inbound Replenishment,1041.65
20260104,1,283,9,0,9,548.52,0.0,0.0,0.0,PET _DOG _13,Pet Care,Delayed / Missing Inbound Replenishment,4936.68
20260104,1,289,11,10,1,479.06,4790.6,10.0,0.0,PET _PET _19,Pet Care,Forecast Underestimation & Buffer Shortage,479.06
20260104,2,31,115,0,115,94.42,0.0,0.0,0.0,BEVE_JUIC_01,Beverages,Delayed / Missing Inbound Replenishment,10858.3
20260104,2,45,122,73,49,107.96,7881.08,73.0,0.0,BEVE_WATE_15,Beverages,Unforecasted Demand Spike,5290.04
20260104,2,60,58,49,9,146.5,7178.5,49.0,0.0,BEVE_WATE_30,Beverages,Unforecasted Demand Spike,1318.5
20260104,2,155,28,0,28,443.45,0.0,0.0,0.0,STAP_SPIC_05,Staples,Delayed / Missing Inbound Replenishment,12416.6
20260104,2,156,39,0,39,342.35,0.0,0.0,0.0,STAP_ATTA_06,Staples,Delayed / Missing Inbound Replenishment,13351.65
20260104,2,162,50,0,50,185.02,0.0,0.0,0.0,STAP_RICE_12,Staples,Delayed / Missing Inbound Replenishment,9251.0
20260104,2,171,25,14,11,329.23,4609.22,14.0,0.0,STAP_ATTA_21,Staples,Forecast Underestimation & Buffer Shortage,3621.53
20260104,2,173,29,0,29,69.06,0.0,0.0,0.0,STAP_DALS_23,Staples,Delayed / Missing Inbound Replenishment,2002.74
20260104,2,185,15,0,15,218.07,0.0,0.0,0.0,PERS_SANI_05,Personal Care,Delayed / Missing Inbound Replenishment,3271.05
20260104,2,197,14,11,3,102.01,1122.11,11.0,0.0,PERS_HAIR_17,Personal Care,Forecast Underestimation & Buffer Shortage,306.03
20260104,2,199,7,0,7,251.52,0.0,0.0,0.0,PERS_SKIN_19,Personal Care,Delayed / Missing Inbound Replenishment,1760.64
20260104,2,214,16,0,16,216.37,0.0,0.0,0.0,HOUS_DISP_04,Household,Delayed / Missing Inbound Replenishment,3461.92
20260104,2,216,17,0,17,208.26,0.0,0.0,0.0,HOUS_DETE_06,Household,Delayed / Missing Inbound Replenishment,3540.42
20260104,2,217,7,0,7,275.5,0.0,0.0,0.0,HOUS_DISH_07,Household,Delayed / Missing Inbound Replenishment,1928.5
20260104,2,233,16,11,5,161.93,1781.23,11.0,0.0,HOUS_CLEA_23,Household,Forecast Underestimation & Buffer Shortage,809.65
20260104,2,250,37,15,22,204.07,3061.05,15.0,0.0,BABY_BABY_10,Baby Care,Forecast Underestimation & Buffer Shortage,4489.54
20260104,2,252,50,0,50,599.97,0.0,0.0,0.0,BABY_BABY_12,Baby Care,Delayed / Missing Inbound Replenishment,29998.5
20260104,2,253,36,0,36,319.63,0.0,0.0,0.0,BABY_DIAP_13,Baby Care,Delayed / Missing Inbound Replenishment,11506.68
20260104,2,261,24,0,24,419.38,0.0,0.0,0.0,BABY_DIAP_21,Baby Care,Delayed / Missing Inbound Replenishment,10065.12
20260104,2,265,133,89,44,163.3,14533.7,89.0,0.0,BABY_DIAP_25,Baby Care,Unforecasted Demand Spike,7185.2
20260104,2,271,5,2,3,561.27,1122.54,2.0,0.0,PET _DOG _01,Pet Care,Delayed / Missing Inbound Replenishment,1683.81
20260104,2,273,5,4,1,256.39,1025.56,4.0,0.0,PET _PET _03,Pet Care,Delayed / Missing Inbound Replenishment,256.39
20260104,2,280,17,0,17,252.36,0.0,0.0,0.0,PET _CAT _10,Pet Care,Delayed / Missing Inbound Replenishment,4290.12
20260104,2,283,7,0,7,548.52,0.0,0.0,0.0,PET _DOG _13,Pet Care,Delayed / Missing Inbound Replenishment,3839.64
20260104,2,289,11,0,11,479.06,0.0,0.0,0.0,PET _PET _19,Pet Care,Delayed / Missing Inbound Replenishment,5269.66
20260104,2,296,17,0,17,84.64,0.0,0.0,0.0,PET _CAT _26,Pet Care,Delayed / Missing Inbound Replenishment,1438.88
20260104,3,8,102,0,102,138.28,0.0,0.0,0.0,DAIR_BUTT_08,Dairy,Delayed / Missing Inbound Replenishment,14104.56
20260104,3,59,58,42,16,48.81,2050.02,42.0,0.0,BEVE_ENER_29,Beverages,Unforecasted Demand Spike,780.96
20260104,3,105,43,0,43,171.63,0.0,0.0,0.0,PACK_READ_15,Packaged Foods,Delayed / Missing Inbound Replenishment,7380.09
20260104,3,153,20,0,20,262.16,0.0,0.0,0.0,STAP_DALS_03,Staples,Delayed / Missing Inbound Replenishment,5243.2
20260104,3,156,42,0,42,342.35,0.0,0.0,0.0,STAP_ATTA_06,Staples,Delayed / Missing Inbound Replenishment,14378.7
20260104,3,162,47,0,47,185.02,0.0,0.0,0.0,STAP_RICE_12,Staples,Delayed / Missing Inbound Replenishment,8695.94
20260104,3,163,27,0,27,338.27,0.0,0.0,0.0,STAP_DALS_13,Staples,Delayed / Missing Inbound Replenishment,9133.29
20260104,3,166,35,0,35,248.86,0.0,0.0,0.0,STAP_ATTA_16,Staples,Delayed / Missing Inbound Replenishment,8710.1
20260104,3,168,48,0,48,166.75,0.0,0.0,0.0,STAP_DALS_18,Staples,Delayed / Missing Inbound Replenishment,8004.0
20260104,3,171,27,0,27,329.23,0.0,0.0,0.0,STAP_ATTA_21,Staples,Delayed / Missing Inbound Replenishment,8889.21
20260104,3,195,6,0,6,227.65,0.0,0.0,0.0,PERS_SANI_15,Personal Care,Delayed / Missing Inbound Replenishment,1365.9
20260104,3,197,11,0,11,102.01,0.0,0.0,0.0,PERS_HAIR_17,Personal Care,Delayed / Missing Inbound Replenishment,1122.11
20260104,3,233,13,11,2,161.93,1781.23,11.0,0.0,HOUS_CLEA_23,Household,Forecast Underestimation & Buffer Shortage,323.86
20260104,3,252,51,0,51,599.97,0.0,0.0,0.0,BABY_BABY_12,Baby Care,Delayed / Missing Inbound Replenishment,30598.47
20260104,3,274,10,4,6,218.13,872.52,4.0,0.0,PET _PET _04,Pet Care,Delayed / Missing Inbound Replenishment,1308.78
20260104,3,277,8,4,4,232.44,929.76,4.0,0.0,PET _PET _07,Pet Care,Delayed / Missing Inbound Replenishment,929.76
20260104,3,281,5,4,1,208.33,833.32,4.0,0.0,PET _PET _11,Pet Care,Delayed / Missing Inbound Replenishment,208.33
20260104,3,286,12,8,4,456.83,3654.64,8.0,0.0,PET _PET _16,Pet Care,Forecast Underestimation & Buffer Shortage,1827.32
20260104,3,289,10,0,10,479.06,0.0,0.0,0.0,PET _PET _19,Pet Care,Delayed / Missing Inbound Replenishment,4790.6
20260104,3,299,12,0,12,108.9,0.0,0.0,0.0,PET _DOG _29,Pet Care,Delayed / Missing Inbound Replenishment,1306.8
20260104,4,60,49,48,1,146.5,7032.0,48.0,0.0,BEVE_WATE_30,Beverages,Unforecasted Demand Spike,146.5
20260104,4,153,23,3,20,262.16,786.48,3.0,0.0,STAP_DALS_03,Staples,Delayed / Missing Inbound Replenishment,5243.2
20260104,4,155,23,0,23,443.45,0.0,0.0,0.0,STAP_SPIC_05,Staples,Delayed / Missing Inbound Replenishment,10199.35
20260104,4,158,37,0,37,65.45,0.0,0.0,0.0,STAP_DALS_08,Staples,Delayed / Missing Inbound Replenishment,2421.65
20260104,4,163,23,0,23,338.27,0.0,0.0,0.0,STAP_DALS_13,Staples,Delayed / Missing Inbound Replenishment,7780.21
20260104,4,173,23,17,6,69.06,1174.02,17.0,0.0,STAP_DALS_23,Staples,Forecast Underestimation & Buffer Shortage,414.36
20260104,4,197,11,0,11,102.01,0.0,0.0,0.0,PERS_HAIR_17,Personal Care,Delayed / Missing Inbound Replenishment,1122.11
20260104,4,201,13,0,13,193.23,0.0,0.0,0.0,PERS_SOAP_21,Personal Care,Delayed / Missing Inbound Replenishment,2511.99
20260104,4,216,15,0,15,208.26,0.0,0.0,0.0,HOUS_DETE_06,Household,Delayed / Missing Inbound Replenishment,3123.9
20260104,4,217,6,0,6,275.5,0.0,0.0,0.0,HOUS_DISH_07,Household,Delayed / Missing Inbound Replenishment,1653.0
20260104,4,233,16,0,16,161.93,0.0,0.0,0.0,HOUS_CLEA_23,Household,Delayed / Missing Inbound Replenishment,2590.88
20260104,4,253,30,0,30,319.63,0.0,0.0,0.0,BABY_DIAP_13,Baby Care,Delayed / Missing Inbound Replenishment,9588.9
20260104,4,261,22,0,22,419.38,0.0,0.0,0.0,BABY_DIAP_21,Baby Care,Delayed / Missing Inbound Replenishment,9226.36
20260104,4,271,5,1,4,561.27,561.27,1.0,0.0,PET _DOG _01,Pet Care,Delayed / Missing Inbound Replenishment,2245.08
20260104,4,273,5,0,5,256.39,0.0,0.0,0.0,PET _PET _03,Pet Care,Delayed / Missing Inbound Replenishment,1281.95
20260104,4,280,15,0,15,252.36,0.0,0.0,0.0,PET _CAT _10,Pet Care,Delayed / Missing Inbound Replenishment,3785.4
20260104,4,283,7,0,7,548.52,0.0,0.0,0.0,PET _DOG _13,Pet Care,Delayed / Missing Inbound Replenishment,3839.64
20260104,4,289,8,0,8,479.06,0.0,0.0,0.0,PET _PET _19,Pet Care,Delayed / Missing Inbound Replenishment,3832.48
20260104,4,296,14,0,14,84.64,0.0,0.0,0.0,PET _CAT _26,Pet Care,Delayed / Missing Inbound Replenishment,1184.96
20260104,4,299,11,0,11,108.9,0.0,0.0,0.0,PET _DOG _29,Pet Care,Delayed / Missing Inbound Replenishment,1197.9
20260104,5,88,71,49,22,137.62,6743.38,49.0,0.0,SNAC_NAMK_28,Snacks,Unforecasted Demand Spike,3027.64
20260104,5,153,17,7,10,262.16,1835.12,7.0,0.0,STAP_DALS_03,Staples,Forecast Underestimation & Buffer Shortage,2621.6
20260104,5,156,39,0,39,342.35,0.0,0.0,0.0,STAP_ATTA_06,Staples,Delayed / Missing Inbound Replenishment,13351.65
20260104,5,168,41,0,41,166.75,0.0,0.0,0.0,STAP_DALS_18,Staples,Delayed / Missing Inbound Replenishment,6836.75
20260104,5,171,24,0,24,329.23,0.0,0.0,0.0,STAP_ATTA_21,Staples,Delayed / Missing Inbound Replenishment,7901.52
20260104,5,173,23,22,1,69.06,1519.32,22.0,0.0,STAP_DALS_23,Staples,Forecast Underestimation & Buffer Shortage,69.06
20260104,5,233,15,0,15,161.93,0.0,0.0,0.0,HOUS_CLEA_23,Household,Delayed / Missing Inbound Replenishment,2428.95
20260104,5,250,29,0,29,204.07,0.0,0.0,0.0,BABY_BABY_10,Baby Care,Delayed / Missing Inbound Replenishment,5918.03
20260104,5,273,5,0,5,256.39,0.0,0.0,0.0,PET _PET _03,Pet Care,Delayed / Missing Inbound Replenishment,1281.95
20260104,5,286,9,0,9,456.83,0.0,0.0,0.0,PET _PET _16,Pet Care,Delayed / Missing Inbound Replenishment,4111.47
20260104,5,299,12,8,4,108.9,871.2,8.0,0.0,PET _DOG _29,Pet Care,Forecast Underestimation & Buffer Shortage,435.6
20260104,6,75,38,0,38,85.91,0.0,,,SNAC_NUTS_15,Snacks,Forecast Underestimation & Buffer Shortage,3264.58
20260104,6,153,18,6,12,262.16,1572.96,6.0,0.0,STAP_DALS_03,Staples,Forecast Underestimation & Buffer Shortage,3145.92
20260104,6,168,36,7,29,166.75,1167.25,7.0,0.0,STAP_DALS_18,Staples,Forecast Underestimation & Buffer Shortage,4835.75
20260104,6,171,24,14,10,329.23,4609.22,14.0,0.0,STAP_ATTA_21,Staples,Forecast Underestimation & Buffer Shortage,3292.3
20260104,6,185,11,0,11,218.07,0.0,0.0,0.0,PERS_SANI_05,Personal Care,Delayed / Missing Inbound Replenishment,2398.77
20260104,6,197,12,0,12,102.01,0.0,0.0,0.0,PERS_HAIR_17,Personal Care,Delayed / Missing Inbound Replenishment,1224.12
20260104,6,203,10,7,3,316.94,2218.58,7.0,0.0,PERS_ORAL_23,Personal Care,Forecast Underestimation & Buffer Shortage,950.82
20260104,6,252,39,0,39,599.97,0.0,0.0,0.0,BABY_BABY_12,Baby Care,Delayed / Missing Inbound Replenishment,23398.83
20260104,6,281,3,0,3,208.33,0.0,0.0,0.0,PET _PET _11,Pet Care,Delayed / Missing Inbound Replenishment,624.99
20260104,6,283,5,0,5,548.52,0.0,0.0,0.0,PET _DOG _13,Pet Care,Delayed / Missing Inbound Replenishment,2742.6
20260104,6,296,11,7,4,84.64,592.48,7.0,0.0,PET _CAT _26,Pet Care,Forecast Underestimation & Buffer Shortage,338.56
20260104,7,26,59,0,59,78.21,0.0,0.0,0.0,DAIR_MILK_26,Dairy,Delayed / Missing Inbound Replenishment,4614.39
20260104,7,41,83,0,83,104.58,0.0,0.0,0.0,BEVE_JUIC_11,Beverages,Delayed / Missing Inbound Replenishment,8680.14
20260104,7,162,56,35,21,185.02,6475.7,35.0,0.0,STAP_RICE_12,Staples,Unforecasted Demand Spike,3885.42
20260104,7,166,33,0,33,248.86,0.0,0.0,0.0,STAP_ATTA_16,Staples,Delayed / Missing Inbound Replenishment,8212.38
20260104,7,171,29,0,29,329.23,0.0,0.0,0.0,STAP_ATTA_21,Staples,Delayed / Missing Inbound Replenishment,9547.67
20260104,7,195,6,5,1,227.65,1138.25,5.0,0.0,PERS_SANI_15,Personal Care,Forecast Underestimation & Buffer Shortage,227.65
20260104,7,197,12,0,12,102.01,0.0,0.0,0.0,PERS_HAIR_17,Personal Care,Delayed / Missing Inbound Replenishment,1224.12
20260104,7,209,7,0,7,108.95,0.0,0.0,0.0,PERS_SKIN_29,Personal Care,Delayed / Missing Inbound Replenishment,762.65
20260104,7,210,12,6,6,212.16,1272.96,6.0,0.0,PERS_SANI_30,Personal Care,Forecast Underestimation & Buffer Shortage,1272.96
20260104,7,217,7,1,6,275.5,275.5,1.0,0.0,HOUS_DISH_07,Household,Delayed / Missing Inbound Replenishment,1653.0
20260104,7,218,6,0,6,72.52,0.0,0.0,0.0,HOUS_CLEA_08,Household,Delayed / Missing Inbound Replenishment,435.12
20260104,7,233,14,4,10,161.93,647.72,4.0,0.0,HOUS_CLEA_23,Household,Delayed / Missing Inbound Replenishment,1619.3
20260104,7,250,35,3,32,204.07,612.21,3.0,0.0,BABY_BABY_10,Baby Care,Delayed / Missing Inbound Replenishment,6530.24
20260104,7,252,57,0,57,599.97,0.0,0.0,0.0,BABY_BABY_12,Baby Care,Delayed / Missing Inbound Replenishment,34198.29
20260104,7,253,37,25,12,319.63,7990.75,25.0,0.0,BABY_DIAP_13,Baby Care,Forecast Underestimation & Buffer Shortage,3835.56
20260104,7,273,7,0,7,256.39,0.0,0.0,0.0,PET _PET _03,Pet Care,Delayed / Missing Inbound Replenishment,1794.73
20260104,7,280,18,0,18,252.36,0.0,0.0,0.0,PET _CAT _10,Pet Care,Delayed / Missing Inbound Replenishment,4542.48
20260104,7,281,7,2,5,208.33,416.66,2.0,0.0,PET _PET _11,Pet Care,Delayed / Missing Inbound Replenishment,1041.65
20260104,7,286,11,0,11,456.83,0.0,0.0,0.0,PET _PET _16,Pet Care,Delayed / Missing Inbound Replenishment,5025.13
20260104,7,296,16,0,16,84.64,0.0,0.0,0.0,PET _CAT _26,Pet Care,Delayed / Missing Inbound Replenishment,1354.24
20260104,7,299,13,0,13,108.9,0.0,0.0,0.0,PET _DOG _29,Pet Care,Delayed / Missing Inbound Replenishment,1415.7
20260104,8,153,18,15,3,262.16,3932.4,15.0,0.0,STAP_DALS_03,Staples,Forecast Underestimation & Buffer Shortage,786.48
20260104,8,166,25,0,25,248.86,0.0,0.0,0.0,STAP_ATTA_16,Staples,Delayed / Missing Inbound Replenishment,6221.5
20260104,8,185,16,0,16,218.07,0.0,0.0,0.0,PERS_SANI_05,Personal Care,Delayed / Missing Inbound Replenishment,3489.12
20260104,8,195,5,0,5,227.65,0.0,0.0,0.0,PERS_SANI_15,Personal Care,Delayed / Missing Inbound Replenishment,1138.25
20260104,8,199,7,0,7,251.52,0.0,0.0,0.0,PERS_SKIN_19,Personal Care,Delayed / Missing Inbound Replenishment,1760.64
20260104,8,216,10,2,8,208.26,416.52,2.0,0.0,HOUS_DETE_06,Household,Delayed / Missing Inbound Replenishment,1666.08
20260104,8,217,3,0,3,275.5,0.0,0.0,0.0,HOUS_DISH_07,Household,Delayed / Missing Inbound Replenishment,826.5
20260104,8,250,28,0,28,204.07,0.0,0.0,0.0,BABY_BABY_10,Baby Care,Delayed / Missing Inbound Replenishment,5713.96
20260104,8,253,36,0,36,319.63,0.0,0.0,0.0,BABY_DIAP_13,Baby Care,Delayed / Missing Inbound Replenishment,11506.68
20260104,8,266,75,59,16,106.13,6261.67,59.0,0.0,BABY_BABY_26,Baby Care,Unforecasted Demand Spike,1698.08
20260104,8,273,6,2,4,256.39,512.78,2.0,0.0,PET _PET _03,Pet Care,Delayed / Missing Inbound Replenishment,1025.56
20260104,8,274,10,1,9,218.13,218.13,1.0,0.0,PET _PET _04,Pet Care,Delayed / Missing Inbound Replenishment,1963.17
20260104,8,276,8,0,8,419.68,0.0,0.0,0.0,PET _CAT _06,Pet Care,Delayed / Missing Inbound Replenishment,3357.44
20260104,8,283,7,0,7,548.52,0.0,0.0,0.0,PET _DOG _13,Pet Care,Delayed / Missing Inbound Replenishment,3839.64
20260104,8,299,12,0,12,108.9,0.0,0.0,0.0,PET _DOG _29,Pet Care,Delayed / Missing Inbound Replenishment,1306.8
20260104,9,50,56,52,4,119.26,6201.52,52.0,0.0,BEVE_WATE_20,Beverages,Unforecasted Demand Spike,477.04
20260104,9,57,76,75,1,123.8,9285.0,76.0,0.0,BEVE_COLD_27,Beverages,Unforecasted Demand Spike,123.8
20260104,9,155,23,0,23,443.45,0.0,0.0,0.0,STAP_SPIC_05,Staples,Delayed / Missing Inbound Replenishment,10199.35
20260104,9,166,31,20,11,248.86,4977.2,20.0,0.0,STAP_ATTA_16,Staples,Forecast Underestimation & Buffer Shortage,2737.46
20260104,9,168,40,0,40,166.75,0.0,0.0,0.0,STAP_DALS_18,Staples,Delayed / Missing Inbound Replenishment,6670.0
20260104,9,171,29,0,29,329.23,0.0,0.0,0.0,STAP_ATTA_21,Staples,Delayed / Missing Inbound Replenishment,9547.67
20260104,9,185,15,0,15,218.07,0.0,0.0,0.0,PERS_SANI_05,Personal Care,Delayed / Missing Inbound Replenishment,3271.05
20260104,9,195,6,0,6,227.65,0.0,0.0,0.0,PERS_SANI_15,Personal Care,Delayed / Missing Inbound Replenishment,1365.9
20260104,9,197,15,0,15,102.01,0.0,0.0,0.0,PERS_HAIR_17,Personal Care,Delayed / Missing Inbound Replenishment,1530.15
20260104,9,201,12,7,5,193.23,1352.61,7.0,0.0,PERS_SOAP_21,Personal Care,Forecast Underestimation & Buffer Shortage,966.15
20260104,9,203,10,9,1,316.94,2852.46,9.0,0.0,PERS_ORAL_23,Personal Care,Forecast Underestimation & Buffer Shortage,316.94
20260104,9,210,10,3,7,212.16,636.48,3.0,0.0,PERS_SANI_30,Personal Care,Delayed / Missing Inbound Replenishment,1485.12
20260104,9,217,7,0,7,275.5,0.0,0.0,0.0,HOUS_DISH_07,Household,Delayed / Missing Inbound Replenishment,1928.5
20260104,9,252,48,14,34,599.97,8399.58,14.0,0.0,BABY_BABY_12,Baby Care,Unforecasted Demand Spike,20398.98
20260104,9,274,13,10,3,218.13,2181.3,10.0,0.0,PET _PET _04,Pet Care,Forecast Underestimation & Buffer Shortage,654.39
20260104,9,280,16,7,9,252.36,1766.52,7.0,0.0,PET _CAT _10,Pet Care,Forecast Underestimation & Buffer Shortage,2271.24
20260104,9,283,9,0,9,548.52,0.0,0.0,0.0,PET _DOG _13,Pet Care,Delayed / Missing Inbound Replenishment,4936.68
20260104,9,289,10,0,10,479.06,0.0,0.0,0.0,PET _PET _19,Pet Care,Delayed / Missing Inbound Replenishment,4790.6
20260104,9,296,12,0,12,84.64,0.0,0.0,0.0,PET _CAT _26,Pet Care,Delayed / Missing Inbound Replenishment,1015.68
20260104,9,299,13,5,8,108.9,544.5,5.0,0.0,PET _DOG _29,Pet Care,Forecast Underestimation & Buffer Shortage,871.2
20260104,10,45,109,0,109,107.96,0.0,,,BEVE_WATE_15,Beverages,Unforecasted Demand Spike,11767.64
20260104,10,163,29,0,29,338.27,0.0,0.0,0.0,STAP_DALS_13,Staples,Delayed / Missing Inbound Replenishment,9809.83
20260104,10,166,33,0,33,248.86,0.0,0.0,0.0,STAP_ATTA_16,Staples,Delayed / Missing Inbound Replenishment,8212.38
20260104,10,173,28,0,28,69.06,0.0,0.0,0.0,STAP_DALS_23,Staples,Delayed / Missing Inbound Replenishment,1933.68
20260104,10,201,13,6,7,193.23,1159.38,6.0,0.0,PERS_SOAP_21,Personal Care,Forecast Underestimation & Buffer Shortage,1352.61
20260104,10,203,10,0,10,316.94,0.0,0.0,0.0,PERS_ORAL_23,Personal Care,Delayed / Missing Inbound Replenishment,3169.4
20260104,10,209,20,18,2,108.95,1961.1,18.0,0.0,PERS_SKIN_29,Personal Care,Forecast Underestimation & Buffer Shortage,217.9
20260104,10,216,15,0,15,208.26,0.0,0.0,0.0,HOUS_DETE_06,Household,Delayed / Missing Inbound Replenishment,3123.9
20260104,10,217,6,0,6,275.5,0.0,0.0,0.0,HOUS_DISH_07,Household,Delayed / Missing Inbound Replenishment,1653.0
20260104,10,253,35,0,35,319.63,0.0,0.0,0.0,BABY_DIAP_13,Baby Care,Delayed / Missing Inbound Replenishment,11187.05
20260104,10,255,24,0,24,500.03,0.0,0.0,0.0,BABY_BABY_15,Baby Care,Delayed / Missing Inbound Replenishment,12000.72
20260104,10,273,7,0,7,256.39,0.0,0.0,0.0,PET _PET _03,Pet Care,Delayed / Missing Inbound Replenishment,1794.73
20260104,10,282,6,0,6,378.42,0.0,0.0,0.0,PET _PET _12,Pet Care,Delayed / Missing Inbound Replenishment,2270.52
20260104,10,283,7,0,7,548.52,0.0,0.0,0.0,PET _DOG _13,Pet Care,Delayed / Missing Inbound Replenishment,3839.64
20260104,10,286,9,0,9,456.83,0.0,0.0,0.0,PET _PET _16,Pet Care,Delayed / Missing Inbound Replenishment,4111.47
20260104,10,289,11,0,11,479.06,0.0,0.0,0.0,PET _PET _19,Pet Care,Delayed / Missing Inbound Replenishment,5269.66
20260104,10,296,15,11,4,84.64,931.04,11.0,0.0,PET _CAT _26,Pet Care,Forecast Underestimation & Buffer Shortage,338.56
20260104,11,41,62,26,36,104.58,2719.08,26.0,0.0,BEVE_JUIC_11,Beverages,Unforecasted Demand Spike,3764.88
20260104,11,153,17,15,2,262.16,3932.4,15.0,0.0,STAP_DALS_03,Staples,Forecast Underestimation & Buffer Shortage,524.32
20260104,11,155,17,0,17,443.45,0.0,0.0,0.0,STAP_SPIC_05,Staples,Delayed / Missing Inbound Replenishment,7538.65
20260104,11,156,29,25,4,342.35,8558.75,25.0,0.0,STAP_ATTA_06,Staples,Forecast Underestimation & Buffer Shortage,1369.4
20260104,11,163,23,0,23,338.27,0.0,0.0,0.0,STAP_DALS_13,Staples,Delayed / Missing Inbound Replenishment,7780.21
20260104,11,168,35,0,35,166.75,0.0,0.0,0.0,STAP_DALS_18,Staples,Delayed / Missing Inbound Replenishment,5836.25
20260104,11,185,14,0,14,218.07,0.0,0.0,0.0,PERS_SANI_05,Personal Care,Delayed / Missing Inbound Replenishment,3052.98
20260104,11,199,6,0,6,251.52,0.0,0.0,0.0,PERS_SKIN_19,Personal Care,Delayed / Missing Inbound Replenishment,1509.12
20260104,11,207,4,0,4,160.21,0.0,0.0,0.0,PERS_HAIR_27,Personal Care,Delayed / Missing Inbound Replenishment,640.84
20260104,11,209,5,0,5,108.95,0.0,0.0,0.0,PERS_SKIN_29,Personal Care,Delayed / Missing Inbound Replenishment,544.75
20260104,11,217,5,4,1,275.5,1102.0,4.0,0.0,HOUS_DISH_07,Household,Delayed / Missing Inbound Replenishment,275.5
20260104,11,218,4,0,4,72.52,0.0,0.0,0.0,HOUS_CLEA_08,Household,Delayed / Missing Inbound Replenishment,290.08
20260104,11,220,9,6,3,256.13,1536.78,6.0,0.0,HOUS_REPE_10,Household,Forecast Underestimation & Buffer Shortage,768.39
20260104,11,234,8,0,8,54.85,0.0,0.0,0.0,HOUS_DISP_24,Household,Delayed / Missing Inbound Replenishment,438.8
20260104,11,253,27,13,14,319.63,4155.19,13.0,0.0,BABY_DIAP_13,Baby Care,Forecast Underestimation & Buffer Shortage,4474.82
20260104,11,261,22,0,22,419.38,0.0,0.0,0.0,BABY_DIAP_21,Baby Care,Delayed / Missing Inbound Replenishment,9226.36
20260104,11,280,12,0,12,252.36,0.0,0.0,0.0,PET _CAT _10,Pet Care,Delayed / Missing Inbound Replenishment,3028.32
20260104,11,283,5,0,5,548.52,0.0,0.0,0.0,PET _DOG _13,Pet Care,Delayed / Missing Inbound Replenishment,2742.6
20260104,11,289,10,0,10,479.06,0.0,0.0,0.0,PET _PET _19,Pet Care,Delayed / Missing Inbound Replenishment,4790.6
20260104,12,8,110,0,110,138.28,0.0,0.0,0.0,DAIR_BUTT_08,Dairy,Delayed / Missing Inbound Replenishment,15210.8
20260104,12,29,66,59,7,229.45,13537.55,59.0,0.0,DAIR_CHEE_29,Dairy,Unforecasted Demand Spike,1606.15
20260104,12,44,71,0,71,94.2,0.0,0.0,0.0,BEVE_ENER_14,Beverages,Delayed / Missing Inbound Replenishment,6688.2
20260104,12,59,59,56,3,48.81,2733.36,56.0,0.0,BEVE_ENER_29,Beverages,Unforecasted Demand Spike,146.43
20260104,12,90,87,0,87,177.61,0.0,0.0,0.0,SNAC_NUTS_30,Snacks,Delayed / Missing Inbound Replenishment,15452.07
20260104,12,135,90,0,90,112.02,0.0,0.0,0.0,FRUI_CUT _15,Fruits & Vegetables,Delayed / Missing Inbound Replenishment,10081.8
20260104,12,153,26,0,26,262.16,0.0,0.0,0.0,STAP_DALS_03,Staples,Delayed / Missing Inbound Replenishment,6816.16
20260104,12,163,27,0,27,338.27,0.0,0.0,0.0,STAP_DALS_13,Staples,Delayed / Missing Inbound Replenishment,9133.29
20260104,12,168,52,0,52,166.75,0.0,0.0,0.0,STAP_DALS_18,Staples,Delayed / Missing Inbound Replenishment,8671.0
20260104,12,171,30,12,18,329.23,3950.76,12.0,0.0,STAP_ATTA_21,Staples,Forecast Underestimation & Buffer Shortage,5926.14
20260104,12,195,8,0,8,227.65,0.0,0.0,0.0,PERS_SANI_15,Personal Care,Delayed / Missing Inbound Replenishment,1821.2
20260104,12,199,7,1,6,251.52,251.52,1.0,0.0,PERS_SKIN_19,Personal Care,Delayed / Missing Inbound Replenishment,1509.12
20260104,12,201,12,7,5,193.23,1352.61,7.0,0.0,PERS_SOAP_21,Personal Care,Forecast Underestimation & Buffer Shortage,966.15
20260104,12,203,11,0,11,316.94,0.0,0.0,0.0,PERS_ORAL_23,Personal Care,Delayed / Missing Inbound Replenishment,3486.34
20260104,12,218,8,0,8,72.52,0.0,0.0,0.0,HOUS_CLEA_08,Household,Delayed / Missing Inbound Replenishment,580.16
20260104,12,233,17,12,5,161.93,1943.16,12.0,0.0,HOUS_CLEA_23,Household,Forecast Underestimation & Buffer Shortage,809.65
20260104,12,253,35,10,25,319.63,3196.3,10.0,0.0,BABY_DIAP_13,Baby Care,Forecast Underestimation & Buffer Shortage,7990.75
20260104,12,272,8,0,8,569.34,0.0,0.0,0.0,PET _CAT _02,Pet Care,Delayed / Missing Inbound Replenishment,4554.72
20260104,12,273,7,1,6,256.39,256.39,1.0,0.0,PET _PET _03,Pet Care,Delayed / Missing Inbound Replenishment,1538.34
20260104,12,274,11,4,7,218.13,872.52,4.0,0.0,PET _PET _04,Pet Care,Delayed / Missing Inbound Replenishment,1526.91
20260104,12,276,9,0,9,419.68,0.0,0.0,0.0,PET _CAT _06,Pet Care,Delayed / Missing Inbound Replenishment,3777.12
20260104,12,280,14,0,14,252.36,0.0,0.0,0.0,PET _CAT _10,Pet Care,Delayed / Missing Inbound Replenishment,3533.04
20260104,12,283,8,4,4,548.52,2194.08,4.0,0.0,PET _DOG _13,Pet Care,Delayed / Missing Inbound Replenishment,2194.08
20260104,13,45,84,0,84,107.96,0.0,0.0,0.0,BEVE_WATE_15,Beverages,Delayed / Missing Inbound Replenishment,9068.64
20260104,13,105,39,0,39,171.63,0.0,0.0,0.0,PACK_READ_15,Packaged Foods,Delayed / Missing Inbound Replenishment,6693.57
20260104,13,156,35,29,6,342.35,9928.15,29.0,0.0,STAP_ATTA_06,Staples,Forecast Underestimation & Buffer Shortage,2054.1
20260104,13,162,41,38,3,185.02,7030.76,38.0,0.0,STAP_RICE_12,Staples,Unforecasted Demand Spike,555.06
20260104,13,163,19,0,19,338.27,0.0,0.0,0.0,STAP_DALS_13,Staples,Delayed / Missing Inbound Replenishment,6427.13
20260104,13,201,13,0,13,193.23,0.0,0.0,0.0,PERS_SOAP_21,Personal Care,Delayed / Missing Inbound Replenishment,2511.99
20260104,13,203,8,5,3,316.94,1584.7,5.0,0.0,PERS_ORAL_23,Personal Care,Forecast Underestimation & Buffer Shortage,950.82
20260104,13,204,4,0,4,199.5,0.0,0.0,0.0,PERS_SKIN_24,Personal Care,Delayed / Missing Inbound Replenishment,798.0
20260104,13,218,6,0,6,72.52,0.0,0.0,0.0,HOUS_CLEA_08,Household,Delayed / Missing Inbound Replenishment,435.12
20260104,13,250,28,9,19,204.07,1836.63,9.0,0.0,BABY_BABY_10,Baby Care,Forecast Underestimation & Buffer Shortage,3877.33
20260104,13,252,33,15,18,599.97,8999.55,15.0,0.0,BABY_BABY_12,Baby Care,Forecast Underestimation & Buffer Shortage,10799.46
20260104,13,253,32,30,2,319.63,9588.9,30.0,0.0,BABY_DIAP_13,Baby Care,Forecast Underestimation & Buffer Shortage,639.26
20260104,13,271,5,3,2,561.27,1683.81,3.0,0.0,PET _DOG _01,Pet Care,Delayed / Missing Inbound Replenishment,1122.54
20260104,13,273,5,0,5,256.39,0.0,0.0,0.0,PET _PET _03,Pet Care,Delayed / Missing Inbound Replenishment,1281.95
20260104,13,274,10,0,10,218.13,0.0,0.0,0.0,PET _PET _04,Pet Care,Delayed / Missing Inbound Replenishment,2181.3
20260104,13,277,5,0,5,232.44,0.0,0.0,0.0,PET _PET _07,Pet Care,Delayed / Missing Inbound Replenishment,1162.2
20260104,13,286,9,0,9,456.83,0.0,0.0,0.0,PET _PET _16,Pet Care,Delayed / Missing Inbound Replenishment,4111.47
20260104,13,299,12,0,12,108.9,0.0,0.0,0.0,PET _DOG _29,Pet Care,Delayed / Missing Inbound Replenishment,1306.8
20260104,14,44,77,49,28,94.2,4615.8,49.0,0.0,BEVE_ENER_14,Beverages,Unforecasted Demand Spike,2637.6
20260104,14,141,251,163,88,19.49,3176.87,163.0,0.0,FRUI_FRES_21,Fruits & Vegetables,Unforecasted Demand Spike,1715.12
20260104,14,163,28,0,28,338.27,0.0,0.0,0.0,STAP_DALS_13,Staples,Delayed / Missing Inbound Replenishment,9471.56
20260104,14,171,30,4,26,329.23,1316.92,4.0,0.0,STAP_ATTA_21,Staples,Delayed / Missing Inbound Replenishment,8559.98
20260104,14,173,27,15,12,69.06,1035.9,15.0,0.0,STAP_DALS_23,Staples,Forecast Underestimation & Buffer Shortage,828.72
20260104,14,180,49,26,23,325.93,8474.18,26.0,0.0,STAP_SPIC_30,Staples,Unforecasted Demand Spike,7496.39
20260104,14,195,6,0,6,227.65,0.0,0.0,0.0,PERS_SANI_15,Personal Care,Delayed / Missing Inbound Replenishment,1365.9
20260104,14,201,17,2,15,193.23,386.46,2.0,0.0,PERS_SOAP_21,Personal Care,Delayed / Missing Inbound Replenishment,2898.45
20260104,14,204,8,0,8,199.5,0.0,0.0,0.0,PERS_SKIN_24,Personal Care,Delayed / Missing Inbound Replenishment,1596.0
20260104,14,216,12,0,12,208.26,0.0,0.0,0.0,HOUS_DETE_06,Household,Delayed / Missing Inbound Replenishment,2499.12
20260104,14,231,5,0,5,259.78,0.0,0.0,0.0,HOUS_DETE_21,Household,Delayed / Missing Inbound Replenishment,1298.9
20260104,14,233,18,5,13,161.93,809.65,5.0,0.0,HOUS_CLEA_23,Household,Forecast Underestimation & Buffer Shortage,2105.09
20260104,14,250,34,11,23,204.07,2244.77,11.0,0.0,BABY_BABY_10,Baby Care,Forecast Underestimation & Buffer Shortage,4693.61
20260104,14,253,34,23,11,319.63,7351.49,23.0,0.0,BABY_DIAP_13,Baby Care,Forecast Underestimation & Buffer Shortage,3515.93
20260104,14,261,27,17,10,419.38,7129.46,17.0,0.0,BABY_DIAP_21,Baby Care,Forecast Underestimation & Buffer Shortage,4193.8
20260104,14,274,13,0,13,218.13,0.0,0.0,0.0,PET _PET _04,Pet Care,Delayed / Missing Inbound Replenishment,2835.69
20260104,14,289,14,0,14,479.06,0.0,0.0,0.0,PET _PET _19,Pet Care,Delayed / Missing Inbound Replenishment,6706.84
20260104,14,299,14,0,14,108.9,0.0,0.0,0.0,PET _DOG _29,Pet Care,Delayed / Missing Inbound Replenishment,1524.6
20260104,15,63,71,46,25,157.5,7245.0,46.0,0.0,SNAC_NAMK_03,Snacks,Unforecasted Demand Spike,3937.5
20260104,15,166,25,0,25,248.86,0.0,0.0,0.0,STAP_ATTA_16,Staples,Delayed / Missing Inbound Replenishment,6221.5
20260104,15,171,22,16,6,329.23,5267.68,16.0,0.0,STAP_ATTA_21,Staples,Forecast Underestimation & Buffer Shortage,1975.38
20260104,15,174,39,0,39,511.67,0.0,0.0,0.0,STAP_EDIB_24,Staples,Delayed / Missing Inbound Replenishment,19955.13
20260104,15,195,7,4,3,227.65,910.6,4.0,0.0,PERS_SANI_15,Personal Care,Delayed / Missing Inbound Replenishment,682.95
20260104,15,197,10,1,9,102.01,102.01,1.0,0.0,PERS_HAIR_17,Personal Care,Delayed / Missing Inbound Replenishment,918.09
20260104,15,199,4,1,3,251.52,251.52,1.0,0.0,PERS_SKIN_19,Personal Care,Delayed / Missing Inbound Replenishment,754.56
20260104,15,203,8,0,8,316.94,0.0,0.0,0.0,PERS_ORAL_23,Personal Care,Delayed / Missing Inbound Replenishment,2535.52
20260104,15,204,5,0,5,199.5,0.0,0.0,0.0,PERS_SKIN_24,Personal Care,Delayed / Missing Inbound Replenishment,997.5
20260104,15,218,4,0,4,72.52,0.0,0.0,0.0,HOUS_CLEA_08,Household,Delayed / Missing Inbound Replenishment,290.08
20260104,15,219,13,0,13,246.3,0.0,0.0,0.0,HOUS_DISP_09,Household,Delayed / Missing Inbound Replenishment,3201.9
20260104,15,250,25,0,25,204.07,0.0,0.0,0.0,BABY_BABY_10,Baby Care,Delayed / Missing Inbound Replenishment,5101.75
20260104,15,274,8,0,8,218.13,0.0,0.0,0.0,PET _PET _04,Pet Care,Delayed / Missing Inbound Replenishment,1745.04
20260104,15,286,8,5,3,456.83,2284.15,5.0,0.0,PET _PET _16,Pet Care,Forecast Underestimation & Buffer Shortage,1370.49
20260104,15,289,10,6,4,479.06,2874.36,6.0,0.0,PET _PET _19,Pet Care,Forecast Underestimation & Buffer Shortage,1916.24
20260104,16,17,100,44,56,108.57,4777.08,44.0,0.0,DAIR_CURD_17,Dairy,Unforecasted Demand Spike,6079.92
20260104,16,44,84,0,84,94.2,0.0,0.0,0.0,BEVE_ENER_14,Beverages,Delayed / Missing Inbound Replenishment,7912.8
20260104,16,60,63,58,5,146.5,8497.0,58.0,0.0,BEVE_WATE_30,Beverages,Unforecasted Demand Spike,732.5
20260104,16,153,27,0,27,262.16,0.0,0.0,0.0,STAP_DALS_03,Staples,Delayed / Missing Inbound Replenishment,7078.32
20260104,16,155,24,10,14,443.45,4434.5,10.0,0.0,STAP_SPIC_05,Staples,Forecast Underestimation & Buffer Shortage,6208.3
20260104,16,163,35,15,20,338.27,5074.05,15.0,0.0,STAP_DALS_13,Staples,Forecast Underestimation & Buffer Shortage,6765.4
20260104,16,166,35,14,21,248.86,3484.04,14.0,0.0,STAP_ATTA_16,Staples,Forecast Underestimation & Buffer Shortage,5226.06
20260104,16,168,56,0,56,166.75,0.0,0.0,0.0,STAP_DALS_18,Staples,Delayed / Missing Inbound Replenishment,9338.0
20260104,16,171,34,0,34,329.23,0.0,0.0,0.0,STAP_ATTA_21,Staples,Delayed / Missing Inbound Replenishment,11193.82
20260104,16,173,32,0,32,69.06,0.0,0.0,0.0,STAP_DALS_23,Staples,Delayed / Missing Inbound Replenishment,2209.92
20260104,16,174,60,0,60,511.67,0.0,0.0,0.0,STAP_EDIB_24,Staples,Delayed / Missing Inbound Replenishment,30700.2
20260104,16,195,8,4,4,227.65,910.6,4.0,0.0,PERS_SANI_15,Personal Care,Delayed / Missing Inbound Replenishment,910.6
20260104,16,197,14,9,5,102.01,918.09,9.0,0.0,PERS_HAIR_17,Personal Care,Forecast Underestimation & Buffer Shortage,510.05
20260104,16,203,11,0,11,316.94,0.0,,,PERS_ORAL_23,Personal Care,Forecast Underestimation & Buffer Shortage,3486.34
20260104,16,204,8,0,8,199.5,0.0,0.0,0.0,PERS_SKIN_24,Personal Care,Delayed / Missing Inbound Replenishment,1596.0
20260104,16,209,7,0,7,108.95,0.0,0.0,0.0,PERS_SKIN_29,Personal Care,Delayed / Missing Inbound Replenishment,762.65
20260104,16,216,14,0,14,208.26,0.0,0.0,0.0,HOUS_DETE_06,Household,Delayed / Missing Inbound Replenishment,2915.64
20260104,16,217,6,0,6,275.5,0.0,0.0,0.0,HOUS_DISH_07,Household,Delayed / Missing Inbound Replenishment,1653.0
20260104,16,233,20,0,20,161.93,0.0,0.0,0.0,HOUS_CLEA_23,Household,Delayed / Missing Inbound Replenishment,3238.6
20260104,16,240,10,9,1,223.75,2013.75,9.0,0.0,HOUS_REPE_30,Household,Forecast Underestimation & Buffer Shortage,223.75
20260104,16,250,36,0,36,204.07,0.0,0.0,0.0,BABY_BABY_10,Baby Care,Delayed / Missing Inbound Replenishment,7346.52
20260104,16,253,37,2,35,319.63,639.26,2.0,0.0,BABY_DIAP_13,Baby Care,Delayed / Missing Inbound Replenishment,11187.05
20260104,16,261,32,19,13,419.38,7968.22,19.0,0.0,BABY_DIAP_21,Baby Care,Forecast Underestimation & Buffer Shortage,5451.94
20260104,16,273,7,0,7,256.39,0.0,,,PET _PET _03,Pet Care,Forecast Underestimation & Buffer Shortage,1794.73
20260104,16,274,12,3,9,218.13,654.39,3.0,0.0,PET _PET _04,Pet Care,Delayed / Missing Inbound Replenishment,1963.17
20260104,16,276,9,0,9,419.68,0.0,0.0,0.0,PET _CAT _06,Pet Care,Delayed / Missing Inbound Replenishment,3777.12
20260104,16,277,9,4,5,232.44,929.76,4.0,0.0,PET _PET _07,Pet Care,Delayed / Missing Inbound Replenishment,1162.2
20260104,16,281,6,0,6,208.33,0.0,1.0,0.0,PET _PET _11,Pet Care,Delayed / Missing Inbound Replenishment,1249.98
20260104,16,289,11,0,11,479.06,0.0,0.0,0.0,PET _PET _19,Pet Care,Delayed / Missing Inbound Replenishment,5269.66
20260104,16,296,17,0,17,84.64,0.0,0.0,0.0,PET _CAT _26,Pet Care,Delayed / Missing Inbound Replenishment,1438.88
20260104,17,27,87,0,87,103.33,0.0,0.0,0.0,DAIR_CURD_27,Dairy,Delayed / Missing Inbound Replenishment,8989.71
20260104,17,31,104,90,14,94.42,8497.8,90.0,0.0,BEVE_JUIC_01,Beverages,Unforecasted Demand Spike,1321.88
20260104,17,35,89,0,89,158.37,0.0,0.0,0.0,BEVE_WATE_05,Beverages,Delayed / Missing Inbound Replenishment,14094.93
20260104,17,58,91,77,14,99.9,7692.3,77.0,0.0,BEVE_TEA _28,Beverages,Unforecasted Demand Spike,1398.6
20260104,17,96,46,35,11,180.67,6323.45,35.0,0.0,PACK_NOOD_06,Packaged Foods,Unforecasted Demand Spike,1987.37
20260104,17,153,29,0,29,262.16,0.0,0.0,0.0,STAP_DALS_03,Staples,Delayed / Missing Inbound Replenishment,7602.64
20260104,17,155,21,0,21,443.45,0.0,0.0,0.0,STAP_SPIC_05,Staples,Delayed / Missing Inbound Replenishment,9312.45
20260104,17,156,43,0,43,342.35,0.0,0.0,0.0,STAP_ATTA_06,Staples,Delayed / Missing Inbound Replenishment,14721.05
20260104,17,162,51,0,51,185.02,0.0,0.0,0.0,STAP_RICE_12,Staples,Delayed / Missing Inbound Replenishment,9436.02
20260104,17,166,30,0,30,248.86,0.0,0.0,0.0,STAP_ATTA_16,Staples,Delayed / Missing Inbound Replenishment,7465.8
20260104,17,168,51,4,47,166.75,667.0,4.0,0.0,STAP_DALS_18,Staples,Delayed / Missing Inbound Replenishment,7837.25
20260104,17,173,28,0,28,69.06,0.0,0.0,0.0,STAP_DALS_23,Staples,Delayed / Missing Inbound Replenishment,1933.68
20260104,17,185,13,0,13,218.07,0.0,0.0,0.0,PERS_SANI_05,Personal Care,Delayed / Missing Inbound Replenishment,2834.91
20260104,17,197,11,0,11,102.01,0.0,0.0,0.0,PERS_HAIR_17,Personal Care,Delayed / Missing Inbound Replenishment,1122.11
20260104,17,199,7,2,5,251.52,503.04,2.0,0.0,PERS_SKIN_19,Personal Care,Delayed / Missing Inbound Replenishment,1257.6
20260104,17,201,16,0,16,193.23,0.0,0.0,0.0,PERS_SOAP_21,Personal Care,Delayed / Missing Inbound Replenishment,3091.68
20260104,17,204,5,0,5,199.5,0.0,0.0,0.0,PERS_SKIN_24,Personal Care,Delayed / Missing Inbound Replenishment,997.5
20260104,17,216,14,0,14,208.26,0.0,0.0,0.0,HOUS_DETE_06,Household,Delayed / Missing Inbound Replenishment,2915.64
20260104,17,217,7,5,2,275.5,1377.5,5.0,0.0,HOUS_DISH_07,Household,Forecast Underestimation & Buffer Shortage,551.0
20260104,17,218,5,4,1,72.52,290.08,4.0,0.0,HOUS_CLEA_08,Household,Delayed / Missing Inbound Replenishment,72.52
20260104,17,233,18,0,18,161.93,0.0,0.0,0.0,HOUS_CLEA_23,Household,Delayed / Missing Inbound Replenishment,2914.74
20260104,17,252,46,25,21,599.97,14999.25,25.0,0.0,BABY_BABY_12,Baby Care,Unforecasted Demand Spike,12599.37
20260104,17,261,26,0,26,419.38,0.0,0.0,0.0,BABY_DIAP_21,Baby Care,Delayed / Missing Inbound Replenishment,10903.88
20260104,17,271,6,0,6,561.27,0.0,0.0,0.0,PET _DOG _01,Pet Care,Delayed / Missing Inbound Replenishment,3367.62
20260104,17,276,10,0,10,419.68,0.0,0.0,0.0,PET _CAT _06,Pet Care,Delayed / Missing Inbound Replenishment,4196.8
20260104,17,281,7,0,7,208.33,0.0,0.0,0.0,PET _PET _11,Pet Care,Delayed / Missing Inbound Replenishment,1458.31
20260104,17,283,8,5,3,548.52,2742.6,5.0,0.0,PET _DOG _13,Pet Care,Forecast Underestimation & Buffer Shortage,1645.56
20260104,17,286,10,7,3,456.83,3197.81,7.0,0.0,PET _PET _16,Pet Care,Forecast Underestimation & Buffer Shortage,1370.49
20260104,17,294,6,2,4,77.14,154.28,2.0,0.0,PET _PET _24,Pet Care,Delayed / Missing Inbound Replenishment,308.56
20260104,18,100,43,0,43,109.11,0.0,0.0,0.0,PACK_READ_10,Packaged Foods,Delayed / Missing Inbound Replenishment,4691.73
20260104,18,153,23,1,22,262.16,262.16,1.0,0.0,STAP_DALS_03,Staples,Delayed / Missing Inbound Replenishment,5767.52
20260104,18,163,25,0,25,338.27,0.0,0.0,0.0,STAP_DALS_13,Staples,Delayed / Missing Inbound Replenishment,8456.75
20260104,18,166,30,0,30,248.86,0.0,0.0,0.0,STAP_ATTA_16,Staples,Delayed / Missing Inbound Replenishment,7465.8
20260104,18,185,13,0,13,218.07,0.0,0.0,0.0,PERS_SANI_05,Personal Care,Delayed / Missing Inbound Replenishment,2834.91
20260104,18,199,7,1,6,251.52,251.52,1.0,0.0,PERS_SKIN_19,Personal Care,Delayed / Missing Inbound Replenishment,1509.12
20260104,18,204,6,1,5,199.5,199.5,1.0,0.0,PERS_SKIN_24,Personal Care,Delayed / Missing Inbound Replenishment,997.5
20260104,18,209,6,0,6,108.95,0.0,0.0,0.0,PERS_SKIN_29,Personal Care,Delayed / Missing Inbound Replenishment,653.7
20260104,18,216,12,9,3,208.26,1874.34,9.0,0.0,HOUS_DETE_06,Household,Forecast Underestimation & Buffer Shortage,624.78
20260104,18,217,5,0,5,275.5,0.0,0.0,0.0,HOUS_DISH_07,Household,Delayed / Missing Inbound Replenishment,1377.5
20260104,18,233,17,0,17,161.93,0.0,0.0,0.0,HOUS_CLEA_23,Household,Delayed / Missing Inbound Replenishment,2752.81
20260104,18,250,30,0,30,204.07,0.0,0.0,0.0,BABY_BABY_10,Baby Care,Delayed / Missing Inbound Replenishment,6122.1
20260104,18,271,6,0,6,561.27,0.0,0.0,0.0,PET _DOG _01,Pet Care,Delayed / Missing Inbound Replenishment,3367.62
20260104,18,273,5,0,5,256.39,0.0,0.0,0.0,PET _PET _03,Pet Care,Delayed / Missing Inbound Replenishment,1281.95
20260104,18,277,6,0,6,232.44,0.0,0.0,0.0,PET _PET _07,Pet Care,Delayed / Missing Inbound Replenishment,1394.64
20260104,18,281,4,0,4,208.33,0.0,0.0,0.0,PET _PET _11,Pet Care,Delayed / Missing Inbound Replenishment,833.32
20260104,18,282,19,16,3,378.42,6054.72,16.0,0.0,PET _PET _12,Pet Care,Forecast Underestimation & Buffer Shortage,1135.26
20260104,18,289,11,10,1,479.06,4790.6,10.0,0.0,PET _PET _19,Pet Care,Forecast Underestimation & Buffer Shortage,479.06
20260104,19,19,117,0,117,189.48,0.0,0.0,0.0,DAIR_CHEE_19,Dairy,Delayed / Missing Inbound Replenishment,22169.16
20260104,19,49,111,29,82,42.3,1226.7,29.0,0.0,BEVE_ENER_19,Beverages,Unforecasted Demand Spike,3468.6
20260104,19,153,25,3,22,262.16,786.48,3.0,0.0,STAP_DALS_03,Staples,Delayed / Missing Inbound Replenishment,5767.52
20260104,19,162,51,13,38,185.02,2405.26,13.0,0.0,STAP_RICE_12,Staples,Unforecasted Demand Spike,7030.76
20260104,19,163,28,0,28,338.27,0.0,0.0,0.0,STAP_DALS_13,Staples,Delayed / Missing Inbound Replenishment,9471.56
20260104,19,166,35,0,35,248.86,0.0,0.0,0.0,STAP_ATTA_16,Staples,Delayed / Missing Inbound Replenishment,8710.1
20260104,19,168,50,0,50,166.75,0.0,0.0,0.0,STAP_DALS_18,Staples,Delayed / Missing Inbound Replenishment,8337.5
20260104,19,171,28,0,28,329.23,0.0,0.0,0.0,STAP_ATTA_21,Staples,Delayed / Missing Inbound Replenishment,9218.44
20260104,19,201,15,14,1,193.23,2705.22,14.0,0.0,PERS_SOAP_21,Personal Care,Forecast Underestimation & Buffer Shortage,193.23
20260104,19,209,7,2,5,108.95,217.9,2.0,0.0,PERS_SKIN_29,Personal Care,Delayed / Missing Inbound Replenishment,544.75
20260104,19,216,15,0,15,208.26,0.0,0.0,0.0,HOUS_DETE_06,Household,Delayed / Missing Inbound Replenishment,3123.9
20260104,19,217,8,3,5,275.5,826.5,3.0,0.0,HOUS_DISH_07,Household,Delayed / Missing Inbound Replenishment,1377.5
20260104,19,220,9,0,9,256.13,0.0,0.0,0.0,HOUS_REPE_10,Household,Delayed / Missing Inbound Replenishment,2305.17
20260104,19,233,16,6,10,161.93,971.58,6.0,0.0,HOUS_CLEA_23,Household,Forecast Underestimation & Buffer Shortage,1619.3
20260104,19,250,37,0,37,204.07,0.0,0.0,0.0,BABY_BABY_10,Baby Care,Delayed / Missing Inbound Replenishment,7550.59
20260104,19,252,44,24,20,599.97,14399.28,24.0,0.0,BABY_BABY_12,Baby Care,Unforecasted Demand Spike,11999.4
20260104,19,261,21,12,9,419.38,5032.56,12.0,0.0,BABY_DIAP_21,Baby Care,Forecast Underestimation & Buffer Shortage,3774.42
20260104,19,273,6,2,4,256.39,512.78,2.0,0.0,PET _PET _03,Pet Care,Delayed / Missing Inbound Replenishment,1025.56
20260104,19,277,10,0,10,232.44,0.0,0.0,0.0,PET _PET _07,Pet Care,Delayed / Missing Inbound Replenishment,2324.4
20260104,19,280,16,3,13,252.36,757.08,3.0,0.0,PET _CAT _10,Pet Care,Delayed / Missing Inbound Replenishment,3280.68
20260104,19,283,7,0,7,548.52,0.0,0.0,0.0,PET _DOG _13,Pet Care,Delayed / Missing Inbound Replenishment,3839.64
20260104,19,286,11,0,11,456.83,0.0,0.0,0.0,PET _PET _16,Pet Care,Delayed / Missing Inbound Replenishment,5025.13
20260104,19,296,15,0,15,84.64,0.0,0.0,0.0,PET _CAT _26,Pet Care,Delayed / Missing Inbound Replenishment,1269.6
20260104,20,31,87,0,87,94.42,0.0,0.0,0.0,BEVE_JUIC_01,Beverages,Delayed / Missing Inbound Replenishment,8214.54
20260104,20,153,19,0,19,262.16,0.0,0.0,0.0,STAP_DALS_03,Staples,Delayed / Missing Inbound Replenishment,4981.04
20260104,20,155,18,0,18,443.45,0.0,0.0,0.0,STAP_SPIC_05,Staples,Delayed / Missing Inbound Replenishment,7982.1
20260104,20,157,62,56,6,143.25,8022.0,56.0,0.0,STAP_RICE_07,Staples,Unforecasted Demand Spike,859.5
20260104,20,162,38,0,38,185.02,0.0,0.0,0.0,STAP_RICE_12,Staples,Delayed / Missing Inbound Replenishment,7030.76
20260104,20,166,23,21,2,248.86,5226.06,21.0,0.0,STAP_ATTA_16,Staples,Forecast Underestimation & Buffer Shortage,497.72
20260104,20,173,18,0,18,69.06,0.0,0.0,0.0,STAP_DALS_23,Staples,Delayed / Missing Inbound Replenishment,1243.08
20260104,20,195,6,0,6,227.65,0.0,0.0,0.0,PERS_SANI_15,Personal Care,Delayed / Missing Inbound Replenishment,1365.9
20260104,20,197,10,0,10,102.01,0.0,0.0,0.0,PERS_HAIR_17,Personal Care,Delayed / Missing Inbound Replenishment,1020.1
20260104,20,203,7,0,7,316.94,0.0,0.0,0.0,PERS_ORAL_23,Personal Care,Delayed / Missing Inbound Replenishment,2218.58
20260104,20,205,4,0,4,130.63,0.0,0.0,0.0,PERS_SANI_25,Personal Care,Delayed / Missing Inbound Replenishment,522.52
20260104,20,209,6,3,3,108.95,326.85,3.0,0.0,PERS_SKIN_29,Personal Care,Delayed / Missing Inbound Replenishment,326.85
20260104,20,233,15,8,7,161.93,1295.44,8.0,0.0,HOUS_CLEA_23,Household,Forecast Underestimation & Buffer Shortage,1133.51
20260104,20,234,10,3,7,54.85,164.55,3.0,0.0,HOUS_DISP_24,Household,Delayed / Missing Inbound Replenishment,383.95
20260104,20,261,22,0,22,419.38,0.0,0.0,0.0,BABY_DIAP_21,Baby Care,Delayed / Missing Inbound Replenishment,9226.36
20260104,20,276,8,1,7,419.68,419.68,1.0,0.0,PET _CAT _06,Pet Care,Delayed / Missing Inbound Replenishment,2937.76
20260104,20,286,7,5,2,456.83,2284.15,5.0,0.0,PET _PET _16,Pet Care,Forecast Underestimation & Buffer Shortage,913.66
20260104,20,291,15,0,15,384.98,0.0,0.0,0.0,PET _DOG _21,Pet Care,Delayed / Missing Inbound Replenishment,5774.7
20260104,20,297,46,34,12,129.29,4395.86,34.0,0.0,PET _PET _27,Pet Care,Unforecasted Demand Spike,1551.48
20260104,21,35,91,19,72,158.37,3009.03,19.0,0.0,BEVE_WATE_05,Beverages,Unforecasted Demand Spike,11402.64
20260104,21,153,26,3,23,262.16,786.48,3.0,0.0,STAP_DALS_03,Staples,Delayed / Missing Inbound Replenishment,6029.68
20260104,21,155,22,13,9,443.45,5764.85,13.0,0.0,STAP_SPIC_05,Staples,Forecast Underestimation & Buffer Shortage,3991.05
20260104,21,156,45,0,45,342.35,0.0,0.0,0.0,STAP_ATTA_06,Staples,Delayed / Missing Inbound Replenishment,15405.75
20260104,21,162,151,64,87,185.02,11841.28,64.0,0.0,STAP_RICE_12,Staples,Unforecasted Demand Spike,16096.74
20260104,21,163,29,0,29,338.27,0.0,0.0,0.0,STAP_DALS_13,Staples,Delayed / Missing Inbound Replenishment,9809.83
20260104,21,168,53,40,13,166.75,6670.0,40.0,0.0,STAP_DALS_18,Staples,Unforecasted Demand Spike,2167.75
20260104,21,173,26,8,18,69.06,552.48,8.0,0.0,STAP_DALS_23,Staples,Forecast Underestimation & Buffer Shortage,1243.08
20260104,21,185,13,0,13,218.07,0.0,0.0,0.0,PERS_SANI_05,Personal Care,Delayed / Missing Inbound Replenishment,2834.91
20260104,21,195,6,0,6,227.65,0.0,0.0,0.0,PERS_SANI_15,Personal Care,Delayed / Missing Inbound Replenishment,1365.9
20260104,21,199,8,5,3,251.52,1257.6,5.0,0.0,PERS_SKIN_19,Personal Care,Forecast Underestimation & Buffer Shortage,754.56
20260104,21,201,18,13,5,193.23,2511.99,13.0,0.0,PERS_SOAP_21,Personal Care,Forecast Underestimation & Buffer Shortage,966.15
20260104,21,202,17,15,2,60.61,909.15,15.0,0.0,PERS_HAIR_22,Personal Care,Forecast Underestimation & Buffer Shortage,121.22
20260104,21,203,14,11,3,316.94,3486.34,11.0,0.0,PERS_ORAL_23,Personal Care,Forecast Underestimation & Buffer Shortage,950.82
20260104,21,204,8,0,8,199.5,0.0,0.0,0.0,PERS_SKIN_24,Personal Care,Delayed / Missing Inbound Replenishment,1596.0
20260104,21,209,6,0,6,108.95,0.0,0.0,0.0,PERS_SKIN_29,Personal Care,Delayed / Missing Inbound Replenishment,653.7
20260104,21,216,17,0,17,208.26,0.0,0.0,0.0,HOUS_DETE_06,Household,Delayed / Missing Inbound Replenishment,3540.42
20260104,21,225,9,8,1,127.69,1021.52,8.0,0.0,HOUS_REPE_15,Household,Forecast Underestimation & Buffer Shortage,127.69
20260104,21,250,34,13,21,204.07,2652.91,13.0,0.0,BABY_BABY_10,Baby Care,Forecast Underestimation & Buffer Shortage,4285.47
20260104,21,252,57,0,57,599.97,0.0,0.0,0.0,BABY_BABY_12,Baby Care,Delayed / Missing Inbound Replenishment,34198.29
20260104,21,253,28,23,5,319.63,7351.49,23.0,0.0,BABY_DIAP_13,Baby Care,Forecast Underestimation & Buffer Shortage,1598.15
20260104,21,274,11,0,11,218.13,0.0,0.0,0.0,PET _PET _04,Pet Care,Delayed / Missing Inbound Replenishment,2399.43
20260104,21,276,33,19,14,419.68,7973.92,19.0,0.0,PET _CAT _06,Pet Care,Forecast Underestimation & Buffer Shortage,5875.52
20260104,21,277,11,0,11,232.44,0.0,0.0,0.0,PET _PET _07,Pet Care,Delayed / Missing Inbound Replenishment,2556.84
20260104,21,280,16,0,16,252.36,0.0,0.0,0.0,PET _CAT _10,Pet Care,Delayed / Missing Inbound Replenishment,4037.76
20260104,21,283,8,3,5,548.52,1645.56,3.0,0.0,PET _DOG _13,Pet Care,Delayed / Missing Inbound Replenishment,2742.6
20260104,21,289,10,1,9,479.06,479.06,1.0,0.0,PET _PET _19,Pet Care,Delayed / Missing Inbound Replenishment,4311.54
20260104,21,299,13,0,13,108.9,0.0,0.0,0.0,PET _DOG _29,Pet Care,Delayed / Missing Inbound Replenishment,1415.7
20260104,22,16,253,229,24,137.79,31553.91,37.0,192.0,DAIR_MILK_16,Dairy,Unforecasted Demand Spike,3306.96
20260104,22,35,103,72,31,158.37,11402.64,72.0,0.0,BEVE_WATE_05,Beverages,Unforecasted Demand Spike,4909.47
20260104,22,40,116,76,40,137.08,10418.08,76.0,0.0,BEVE_WATE_10,Beverages,Unforecasted Demand Spike,5483.2
20260104,22,42,336,219,117,54.5,11935.5,219.0,0.0,BEVE_COLD_12,Beverages,Unforecasted Demand Spike,6376.5
20260104,22,47,266,161,105,107.14,17249.54,161.0,0.0,BEVE_COLD_17,Beverages,Unforecasted Demand Spike,11249.7
20260104,22,48,79,73,6,54.7,3993.1,73.0,0.0,BEVE_TEA _18,Beverages,Unforecasted Demand Spike,328.2
20260104,22,50,69,28,41,119.26,3339.28,28.0,0.0,BEVE_WATE_20,Beverages,Unforecasted Demand Spike,4889.66
20260104,22,53,133,125,8,36.4,4550.0,125.0,0.0,BEVE_TEA _23,Beverages,Unforecasted Demand Spike,291.2
20260104,22,135,111,102,9,112.02,11426.04,102.0,0.0,FRUI_CUT _15,Fruits & Vegetables,Unforecasted Demand Spike,1008.18
20260104,22,153,27,16,11,262.16,4194.56,16.0,0.0,STAP_DALS_03,Staples,Forecast Underestimation & Buffer Shortage,2883.76
20260104,22,154,45,0,45,215.59,0.0,0.0,0.0,STAP_EDIB_04,Staples,Delayed / Missing Inbound Replenishment,9701.55
20260104,22,171,35,3,32,329.23,987.69,3.0,0.0,STAP_ATTA_21,Staples,Delayed / Missing Inbound Replenishment,10535.36
20260104,22,192,10,5,5,357.65,1788.25,6.0,0.0,PERS_HAIR_12,Personal Care,Forecast Underestimation & Buffer Shortage,1788.25
20260104,22,197,17,6,11,102.01,612.06,6.0,0.0,PERS_HAIR_17,Personal Care,Forecast Underestimation & Buffer Shortage,1122.11
20260104,22,199,9,0,9,251.52,0.0,0.0,0.0,PERS_SKIN_19,Personal Care,Delayed / Missing Inbound Replenishment,2263.68
20260104,22,200,12,7,5,118.26,827.82,7.0,0.0,PERS_SANI_20,Personal Care,Forecast Underestimation & Buffer Shortage,591.3
20260104,22,203,15,9,6,316.94,2852.46,9.0,0.0,PERS_ORAL_23,Personal Care,Forecast Underestimation & Buffer Shortage,1901.64
20260104,22,216,17,4,13,208.26,833.04,4.0,0.0,HOUS_DETE_06,Household,Delayed / Missing Inbound Replenishment,2707.38
20260104,22,218,8,6,2,72.52,435.12,6.0,0.0,HOUS_CLEA_08,Household,Forecast Underestimation & Buffer Shortage,145.04
20260104,22,250,44,0,44,204.07,0.0,0.0,0.0,BABY_BABY_10,Baby Care,Delayed / Missing Inbound Replenishment,8979.08
20260104,22,252,59,0,59,599.97,0.0,0.0,0.0,BABY_BABY_12,Baby Care,Delayed / Missing Inbound Replenishment,35398.23
20260104,22,261,28,12,16,419.38,5032.56,12.0,0.0,BABY_DIAP_21,Baby Care,Forecast Underestimation & Buffer Shortage,6710.08
20260104,22,271,8,5,3,561.27,2806.35,5.0,0.0,PET _DOG _01,Pet Care,Forecast Underestimation & Buffer Shortage,1683.81
20260104,22,274,14,12,2,218.13,2617.56,12.0,0.0,PET _PET _04,Pet Care,Forecast Underestimation & Buffer Shortage,436.26
20260104,22,277,11,0,11,232.44,0.0,0.0,0.0,PET _PET _07,Pet Care,Delayed / Missing Inbound Replenishment,2556.84
20260104,22,282,9,8,1,378.42,3027.36,8.0,0.0,PET _PET _12,Pet Care,Forecast Underestimation & Buffer Shortage,378.42
20260104,22,286,13,0,13,456.83,0.0,0.0,0.0,PET _PET _16,Pet Care,Delayed / Missing Inbound Replenishment,5938.79
20260104,22,296,19,0,19,84.64,0.0,0.0,0.0,PET _CAT _26,Pet Care,Delayed / Missing Inbound Replenishment,1608.16
20260104,22,299,16,0,16,108.9,0.0,0.0,0.0,PET _DOG _29,Pet Care,Delayed / Missing Inbound Replenishment,1742.4
20260104,23,31,111,106,5,94.42,10008.52,106.0,0.0,BEVE_JUIC_01,Beverages,Unforecasted Demand Spike,472.1
20260104,23,38,98,92,6,48.32,4445.44,92.0,0.0,BEVE_TEA _08,Beverages,Unforecasted Demand Spike,289.92
20260104,23,45,127,69,58,107.96,7449.24,69.0,0.0,BEVE_WATE_15,Beverages,Unforecasted Demand Spike,6261.68
20260104,23,90,98,65,33,177.61,11544.65,67.0,0.0,SNAC_NUTS_30,Snacks,Unforecasted Demand Spike,5861.13
20260104,23,155,26,13,13,443.45,5764.85,13.0,0.0,STAP_SPIC_05,Staples,Forecast Underestimation & Buffer Shortage,5764.85
20260104,23,156,47,0,47,342.35,0.0,0.0,0.0,STAP_ATTA_06,Staples,Delayed / Missing Inbound Replenishment,16090.45
20260104,23,168,52,34,18,166.75,5669.5,34.0,0.0,STAP_DALS_18,Staples,Unforecasted Demand Spike,3001.5
20260104,23,171,27,0,27,329.23,0.0,0.0,0.0,STAP_ATTA_21,Staples,Delayed / Missing Inbound Replenishment,8889.21
20260104,23,173,32,0,32,69.06,0.0,0.0,0.0,STAP_DALS_23,Staples,Delayed / Missing Inbound Replenishment,2209.92
20260104,23,187,10,3,7,341.21,1023.63,3.0,0.0,PERS_HAIR_07,Personal Care,Delayed / Missing Inbound Replenishment,2388.47
20260104,23,195,9,8,1,227.65,1821.2,8.0,0.0,PERS_SANI_15,Personal Care,Forecast Underestimation & Buffer Shortage,227.65
20260104,23,199,9,6,3,251.52,1509.12,6.0,0.0,PERS_SKIN_19,Personal Care,Forecast Underestimation & Buffer Shortage,754.56
20260104,23,201,18,7,11,193.23,1352.61,7.0,0.0,PERS_SOAP_21,Personal Care,Forecast Underestimation & Buffer Shortage,2125.53
20260104,23,204,9,5,4,199.5,997.5,5.0,0.0,PERS_SKIN_24,Personal Care,Forecast Underestimation & Buffer Shortage,798.0
20260104,23,209,6,5,1,108.95,544.75,5.0,0.0,PERS_SKIN_29,Personal Care,Forecast Underestimation & Buffer Shortage,108.95
20260104,23,216,13,0,13,208.26,0.0,0.0,0.0,HOUS_DETE_06,Household,Delayed / Missing Inbound Replenishment,2707.38
20260104,23,218,6,0,6,72.52,0.0,0.0,0.0,HOUS_CLEA_08,Household,Delayed / Missing Inbound Replenishment,435.12
20260104,23,233,18,0,18,161.93,0.0,0.0,0.0,HOUS_CLEA_23,Household,Delayed / Missing Inbound Replenishment,2914.74
20260104,23,252,53,0,53,599.97,0.0,0.0,0.0,BABY_BABY_12,Baby Care,Delayed / Missing Inbound Replenishment,31798.41
20260104,23,261,26,0,26,419.38,0.0,0.0,0.0,BABY_DIAP_21,Baby Care,Delayed / Missing Inbound Replenishment,10903.88
20260104,23,273,6,1,5,256.39,256.39,1.0,0.0,PET _PET _03,Pet Care,Delayed / Missing Inbound Replenishment,1281.95
20260104,23,274,13,0,13,218.13,0.0,0.0,0.0,PET _PET _04,Pet Care,Delayed / Missing Inbound Replenishment,2835.69
20260104,23,276,10,8,2,419.68,3357.44,8.0,0.0,PET _CAT _06,Pet Care,Forecast Underestimation & Buffer Shortage,839.36
20260104,23,277,9,0,9,232.44,0.0,0.0,0.0,PET _PET _07,Pet Care,Delayed / Missing Inbound Replenishment,2091.96
20260104,23,280,14,0,14,252.36,0.0,0.0,0.0,PET _CAT _10,Pet Care,Delayed / Missing Inbound Replenishment,3533.04
20260104,23,281,7,0,7,208.33,0.0,0.0,0.0,PET _PET _11,Pet Care,Delayed / Missing Inbound Replenishment,1458.31
20260104,23,283,10,4,6,548.52,2194.08,4.0,0.0,PET _DOG _13,Pet Care,Delayed / Missing Inbound Replenishment,3291.12
20260104,23,296,18,0,18,84.64,0.0,0.0,0.0,PET _CAT _26,Pet Care,Delayed / Missing Inbound Replenishment,1523.52
20260104,23,299,17,16,1,108.9,1742.4,16.0,0.0,PET _DOG _29,Pet Care,Forecast Underestimation & Buffer Shortage,108.9
20260104,24,78,75,0,75,133.29,0.0,0.0,0.0,SNAC_NAMK_18,Snacks,Delayed / Missing Inbound Replenishment,9996.75
20260104,24,88,64,0,64,137.62,0.0,0.0,0.0,SNAC_NAMK_28,Snacks,Delayed / Missing Inbound Replenishment,8807.68
20260104,24,153,19,8,11,262.16,2097.28,8.0,0.0,STAP_DALS_03,Staples,Forecast Underestimation & Buffer Shortage,2883.76
20260104,24,155,17,0,17,443.45,0.0,,,STAP_SPIC_05,Staples,Forecast Underestimation & Buffer Shortage,7538.65
20260104,24,162,40,0,40,185.02,0.0,0.0,0.0,STAP_RICE_12,Staples,Delayed / Missing Inbound Replenishment,7400.8
20260104,24,163,22,5,17,338.27,1691.35,5.0,0.0,STAP_DALS_13,Staples,Forecast Underestimation & Buffer Shortage,5750.59
20260104,24,173,23,12,11,69.06,828.72,12.0,0.0,STAP_DALS_23,Staples,Forecast Underestimation & Buffer Shortage,759.66
20260104,24,199,6,0,6,251.52,0.0,0.0,0.0,PERS_SKIN_19,Personal Care,Delayed / Missing Inbound Replenishment,1509.12
20260104,24,201,12,11,1,193.23,2125.53,11.0,0.0,PERS_SOAP_21,Personal Care,Forecast Underestimation & Buffer Shortage,193.23
20260104,24,204,5,0,5,199.5,0.0,0.0,0.0,PERS_SKIN_24,Personal Care,Delayed / Missing Inbound Replenishment,997.5
20260104,24,217,5,4,1,275.5,1102.0,4.0,0.0,HOUS_DISH_07,Household,Delayed / Missing Inbound Replenishment,275.5
20260104,24,233,13,0,13,161.93,0.0,0.0,0.0,HOUS_CLEA_23,Household,Delayed / Missing Inbound Replenishment,2105.09
20260104,24,276,9,0,9,419.68,0.0,0.0,0.0,PET _CAT _06,Pet Care,Delayed / Missing Inbound Replenishment,3777.12
20260104,24,277,8,0,8,232.44,0.0,0.0,0.0,PET _PET _07,Pet Care,Delayed / Missing Inbound Replenishment,1859.52
20260104,24,280,13,8,5,252.36,2018.88,8.0,0.0,PET _CAT _10,Pet Care,Forecast Underestimation & Buffer Shortage,1261.8
20260104,24,281,5,2,3,208.33,416.66,2.0,0.0,PET _PET _11,Pet Care,Delayed / Missing Inbound Replenishment,624.99
20260104,24,289,8,0,8,479.06,0.0,0.0,0.0,PET _PET _19,Pet Care,Delayed / Missing Inbound Replenishment,3832.48
20260104,25,35,88,59,29,158.37,9343.83,59.0,0.0,BEVE_WATE_05,Beverages,Unforecasted Demand Spike,4592.73
20260104,25,50,65,36,29,119.26,4293.36,38.0,0.0,BEVE_WATE_20,Beverages,Unforecasted Demand Spike,3458.54
20260104,25,156,42,12,30,342.35,4108.2,12.0,0.0,STAP_ATTA_06,Staples,Unforecasted Demand Spike,10270.5
20260104,25,166,31,0,31,248.86,0.0,0.0,0.0,STAP_ATTA_16,Staples,Delayed / Missing Inbound Replenishment,7714.66
20260104,25,171,31,0,31,329.23,0.0,0.0,0.0,STAP_ATTA_21,Staples,Delayed / Missing Inbound Replenishment,10206.13
20260104,25,185,16,0,16,218.07,0.0,0.0,0.0,PERS_SANI_05,Personal Care,Delayed / Missing Inbound Replenishment,3489.12
20260104,25,197,15,8,7,102.01,816.08,8.0,0.0,PERS_HAIR_17,Personal Care,Forecast Underestimation & Buffer Shortage,714.07
20260104,25,203,11,0,11,316.94,0.0,0.0,0.0,PERS_ORAL_23,Personal Care,Delayed / Missing Inbound Replenishment,3486.34
20260104,25,204,8,7,1,199.5,1396.5,7.0,0.0,PERS_SKIN_24,Personal Care,Forecast Underestimation & Buffer Shortage,199.5
20260104,25,217,5,0,5,275.5,0.0,0.0,0.0,HOUS_DISH_07,Household,Delayed / Missing Inbound Replenishment,1377.5
20260104,25,250,33,32,1,204.07,6530.24,32.0,0.0,BABY_BABY_10,Baby Care,Forecast Underestimation & Buffer Shortage,204.07
20260104,25,252,51,0,51,599.97,0.0,0.0,0.0,BABY_BABY_12,Baby Care,Delayed / Missing Inbound Replenishment,30598.47
20260104,25,253,29,20,9,319.63,6392.6,20.0,0.0,BABY_DIAP_13,Baby Care,Forecast Underestimation & Buffer Shortage,2876.67
20260104,25,261,24,23,1,419.38,9645.74,23.0,0.0,BABY_DIAP_21,Baby Care,Forecast Underestimation & Buffer Shortage,419.38
20260104,25,271,5,0,5,561.27,0.0,0.0,0.0,PET _DOG _01,Pet Care,Delayed / Missing Inbound Replenishment,2806.35
20260104,25,273,6,0,6,256.39,0.0,0.0,0.0,PET _PET _03,Pet Care,Delayed / Missing Inbound Replenishment,1538.34
20260104,25,274,14,9,5,218.13,1963.17,9.0,0.0,PET _PET _04,Pet Care,Forecast Underestimation & Buffer Shortage,1090.65
20260104,25,276,9,8,1,419.68,3357.44,8.0,0.0,PET _CAT _06,Pet Care,Forecast Underestimation & Buffer Shortage,419.68
20260104,25,277,8,4,4,232.44,929.76,4.0,0.0,PET _PET _07,Pet Care,Delayed / Missing Inbound Replenishment,929.76
20260104,25,281,6,3,3,208.33,624.99,3.0,0.0,PET _PET _11,Pet Care,Delayed / Missing Inbound Replenishment,624.99
20260104,25,289,11,0,11,479.06,0.0,0.0,0.0,PET _PET _19,Pet Care,Delayed / Missing Inbound Replenishment,5269.66
20260104,26,19,124,20,104,189.48,3789.6,20.0,0.0,DAIR_CHEE_19,Dairy,Unforecasted Demand Spike,19705.92
20260104,26,23,125,84,41,57.13,4798.92,84.0,0.0,DAIR_BUTT_23,Dairy,Unforecasted Demand Spike,2342.33
20260104,26,94,97,88,9,81.81,7199.28,88.0,0.0,PACK_BREA_04,Packaged Foods,Unforecasted Demand Spike,736.29
20260104,26,140,180,178,2,54.59,9717.02,178.0,0.0,FRUI_CUT _20,Fruits & Vegetables,Unforecasted Demand Spike,109.18
20260104,26,153,27,26,1,262.16,6816.16,26.0,0.0,STAP_DALS_03,Staples,Forecast Underestimation & Buffer Shortage,262.16
20260104,26,155,23,0,23,443.45,0.0,0.0,0.0,STAP_SPIC_05,Staples,Delayed / Missing Inbound Replenishment,10199.35
20260104,26,166,36,16,20,248.86,3981.76,16.0,0.0,STAP_ATTA_16,Staples,Forecast Underestimation & Buffer Shortage,4977.2
20260104,26,168,57,6,51,166.75,1000.5,6.0,0.0,STAP_DALS_18,Staples,Unforecasted Demand Spike,8504.25
20260104,26,185,17,0,17,218.07,0.0,0.0,0.0,PERS_SANI_05,Personal Care,Delayed / Missing Inbound Replenishment,3707.19
20260104,26,195,7,0,7,227.65,0.0,0.0,0.0,PERS_SANI_15,Personal Care,Delayed / Missing Inbound Replenishment,1593.55
20260104,26,197,12,0,12,102.01,0.0,0.0,0.0,PERS_HAIR_17,Personal Care,Delayed / Missing Inbound Replenishment,1224.12
20260104,26,199,7,0,7,251.52,0.0,0.0,0.0,PERS_SKIN_19,Personal Care,Delayed / Missing Inbound Replenishment,1760.64
20260104,26,201,13,0,13,193.23,0.0,0.0,0.0,PERS_SOAP_21,Personal Care,Delayed / Missing Inbound Replenishment,2511.99
20260104,26,209,6,2,4,108.95,217.9,2.0,0.0,PERS_SKIN_29,Personal Care,Delayed / Missing Inbound Replenishment,435.8
20260104,26,216,14,0,14,208.26,0.0,0.0,0.0,HOUS_DETE_06,Household,Delayed / Missing Inbound Replenishment,2915.64
20260104,26,233,19,0,19,161.93,0.0,0.0,0.0,HOUS_CLEA_23,Household,Delayed / Missing Inbound Replenishment,3076.67
20260104,26,252,54,0,54,599.97,0.0,0.0,0.0,BABY_BABY_12,Baby Care,Delayed / Missing Inbound Replenishment,32398.38
20260104,26,261,24,0,24,419.38,0.0,0.0,0.0,BABY_DIAP_21,Baby Care,Delayed / Missing Inbound Replenishment,10065.12
20260104,26,271,5,0,5,561.27,0.0,0.0,0.0,PET _DOG _01,Pet Care,Delayed / Missing Inbound Replenishment,2806.35
20260104,26,273,7,0,7,256.39,0.0,0.0,0.0,PET _PET _03,Pet Care,Delayed / Missing Inbound Replenishment,1794.73
20260104,26,276,10,5,5,419.68,2098.4,5.0,0.0,PET _CAT _06,Pet Care,Forecast Underestimation & Buffer Shortage,2098.4
20260104,26,277,10,0,10,232.44,0.0,0.0,0.0,PET _PET _07,Pet Care,Delayed / Missing Inbound Replenishment,2324.4
20260104,26,283,9,5,4,548.52,2742.6,5.0,0.0,PET _DOG _13,Pet Care,Forecast Underestimation & Buffer Shortage,2194.08
20260104,26,299,17,5,12,108.9,544.5,5.0,0.0,PET _DOG _29,Pet Care,Forecast Underestimation & Buffer Shortage,1306.8
20260104,27,162,42,15,27,185.02,2775.3,15.0,0.0,STAP_RICE_12,Staples,Unforecasted Demand Spike,4995.54
20260104,27,195,6,0,6,227.65,0.0,0.0,0.0,PERS_SANI_15,Personal Care,Delayed / Missing Inbound Replenishment,1365.9
20260104,27,197,8,0,8,102.01,0.0,0.0,0.0,PERS_HAIR_17,Personal Care,Delayed / Missing Inbound Replenishment,816.08
20260104,27,199,6,2,4,251.52,503.04,2.0,0.0,PERS_SKIN_19,Personal Care,Delayed / Missing Inbound Replenishment,1006.08
20260104,27,203,10,5,5,316.94,1584.7,5.0,0.0,PERS_ORAL_23,Personal Care,Forecast Underestimation & Buffer Shortage,1584.7
20260104,27,204,4,0,4,199.5,0.0,0.0,0.0,PERS_SKIN_24,Personal Care,Delayed / Missing Inbound Replenishment,798.0
20260104,27,216,11,1,10,208.26,208.26,1.0,0.0,HOUS_DETE_06,Household,Delayed / Missing Inbound Replenishment,2082.6
20260104,27,273,4,0,4,256.39,0.0,0.0,0.0,PET _PET _03,Pet Care,Delayed / Missing Inbound Replenishment,1025.56
20260104,27,277,8,0,8,232.44,0.0,0.0,0.0,PET _PET _07,Pet Care,Delayed / Missing Inbound Replenishment,1859.52
20260104,27,281,5,0,5,208.33,0.0,0.0,0.0,PET _PET _11,Pet Care,Delayed / Missing Inbound Replenishment,1041.65
20260104,27,283,7,0,7,548.52,0.0,0.0,0.0,PET _DOG _13,Pet Care,Delayed / Missing Inbound Replenishment,3839.64
20260104,28,27,79,71,8,103.33,7336.43,71.0,0.0,DAIR_CURD_27,Dairy,Unforecasted Demand Spike,826.64
20260104,28,44,57,0,57,94.2,0.0,0.0,0.0,BEVE_ENER_14,Beverages,Delayed / Missing Inbound Replenishment,5369.4
20260104,28,50,52,0,52,119.26,0.0,0.0,0.0,BEVE_WATE_20,Beverages,Delayed / Missing Inbound Replenishment,6201.52
20260104,28,156,41,0,41,342.35,0.0,0.0,0.0,STAP_ATTA_06,Staples,Delayed / Missing Inbound Replenishment,14036.35
20260104,28,162,45,0,45,185.02,0.0,0.0,0.0,STAP_RICE_12,Staples,Delayed / Missing Inbound Replenishment,8325.9
20260104,28,168,44,0,44,166.75,0.0,0.0,0.0,STAP_DALS_18,Staples,Delayed / Missing Inbound Replenishment,7337.0
20260104,28,185,14,0,14,218.07,0.0,0.0,0.0,PERS_SANI_05,Personal Care,Delayed / Missing Inbound Replenishment,3052.98
20260104,28,199,8,0,8,251.52,0.0,0.0,0.0,PERS_SKIN_19,Personal Care,Delayed / Missing Inbound Replenishment,2012.16
20260104,28,203,9,0,9,316.94,0.0,0.0,0.0,PERS_ORAL_23,Personal Care,Delayed / Missing Inbound Replenishment,2852.46
20260104,28,209,5,4,1,108.95,435.8,4.0,0.0,PERS_SKIN_29,Personal Care,Delayed / Missing Inbound Replenishment,108.95
20260104,28,233,16,0,16,161.93,0.0,0.0,0.0,HOUS_CLEA_23,Household,Delayed / Missing Inbound Replenishment,2590.88
20260104,28,250,25,0,25,204.07,0.0,0.0,0.0,BABY_BABY_10,Baby Care,Delayed / Missing Inbound Replenishment,5101.75
20260104,28,261,22,0,22,419.38,0.0,0.0,0.0,BABY_DIAP_21,Baby Care,Delayed / Missing Inbound Replenishment,9226.36
20260104,28,271,6,4,2,561.27,2245.08,4.0,0.0,PET _DOG _01,Pet Care,Delayed / Missing Inbound Replenishment,1122.54
20260104,28,273,5,0,5,256.39,0.0,0.0,0.0,PET _PET _03,Pet Care,Delayed / Missing Inbound Replenishment,1281.95
20260104,28,280,14,12,2,252.36,3028.32,12.0,0.0,PET _CAT _10,Pet Care,Forecast Underestimation & Buffer Shortage,504.72
20260104,28,283,8,0,8,548.52,0.0,0.0,0.0,PET _DOG _13,Pet Care,Delayed / Missing Inbound Replenishment,4388.16
20260104,28,286,10,5,5,456.83,2284.15,5.0,0.0,PET _PET _16,Pet Care,Forecast Underestimation & Buffer Shortage,2284.15
20260104,29,11,237,124,113,214.92,26650.08,124.0,0.0,DAIR_MILK_11,Dairy,Unforecasted Demand Spike,24285.96
20260104,29,31,123,0,123,94.42,0.0,0.0,0.0,BEVE_JUIC_01,Beverages,Delayed / Missing Inbound Replenishment,11613.66
20260104,29,41,103,92,11,104.58,9621.36,92.0,0.0,BEVE_JUIC_11,Beverages,Unforecasted Demand Spike,1150.38
20260104,29,57,103,0,103,123.8,0.0,0.0,0.0,BEVE_COLD_27,Beverages,Delayed / Missing Inbound Replenishment,12751.4
20260104,29,59,70,27,43,48.81,1317.87,27.0,0.0,BEVE_ENER_29,Beverages,Unforecasted Demand Spike,2098.83
20260104,29,156,47,0,47,342.35,0.0,0.0,0.0,STAP_ATTA_06,Staples,Delayed / Missing Inbound Replenishment,16090.45
20260104,29,162,59,0,59,185.02,0.0,0.0,0.0,STAP_RICE_12,Staples,Delayed / Missing Inbound Replenishment,10916.18
20260104,29,166,41,0,41,248.86,0.0,0.0,0.0,STAP_ATTA_16,Staples,Delayed / Missing Inbound Replenishment,10203.26
20260104,29,168,56,26,30,166.75,4335.5,26.0,0.0,STAP_DALS_18,Staples,Unforecasted Demand Spike,5002.5
20260104,29,186,52,44,8,217.4,9565.6,44.0,0.0,PERS_SOAP_06,Personal Care,Unforecasted Demand Spike,1739.2
20260104,29,195,9,0,9,227.65,0.0,0.0,0.0,PERS_SANI_15,Personal Care,Delayed / Missing Inbound Replenishment,2048.85
20260104,29,199,9,3,6,251.52,754.56,3.0,0.0,PERS_SKIN_19,Personal Care,Delayed / Missing Inbound Replenishment,1509.12
20260104,29,201,19,13,6,193.23,2511.99,13.0,0.0,PERS_SOAP_21,Personal Care,Forecast Underestimation & Buffer Shortage,1159.38
20260104,29,203,11,0,11,316.94,0.0,0.0,0.0,PERS_ORAL_23,Personal Care,Delayed / Missing Inbound Replenishment,3486.34
20260104,29,209,7,0,7,108.95,0.0,0.0,0.0,PERS_SKIN_29,Personal Care,Delayed / Missing Inbound Replenishment,762.65
20260104,29,214,17,0,17,216.37,0.0,0.0,0.0,HOUS_DISP_04,Household,Delayed / Missing Inbound Replenishment,3678.29
20260104,29,217,6,5,1,275.5,1377.5,5.0,0.0,HOUS_DISH_07,Household,Forecast Underestimation & Buffer Shortage,275.5
20260104,29,222,13,12,1,214.26,2571.12,12.0,0.0,HOUS_DISH_12,Household,Forecast Underestimation & Buffer Shortage,214.26
20260104,29,233,23,0,23,161.93,0.0,0.0,0.0,HOUS_CLEA_23,Household,Delayed / Missing Inbound Replenishment,3724.39
20260104,29,261,31,0,31,419.38,0.0,0.0,0.0,BABY_DIAP_21,Baby Care,Delayed / Missing Inbound Replenishment,13000.78
20260104,29,271,6,0,6,561.27,0.0,0.0,0.0,PET _DOG _01,Pet Care,Delayed / Missing Inbound Replenishment,3367.62
20260104,29,274,15,0,15,218.13,0.0,0.0,0.0,PET _PET _04,Pet Care,Delayed / Missing Inbound Replenishment,3271.95
20260104,29,281,7,0,7,208.33,0.0,0.0,0.0,PET _PET _11,Pet Care,Delayed / Missing Inbound Replenishment,1458.31
20260104,29,286,7,0,7,456.83,0.0,0.0,0.0,PET _PET _16,Pet Care,Delayed / Missing Inbound Replenishment,3197.81
20260104,29,289,14,0,14,479.06,0.0,0.0,0.0,PET _PET _19,Pet Care,Delayed / Missing Inbound Replenishment,6706.84
20260104,29,296,19,10,9,84.64,846.4,10.0,0.0,PET _CAT _26,Pet Care,Forecast Underestimation & Buffer Shortage,761.76
20260104,29,299,19,0,19,108.9,0.0,0.0,0.0,PET _DOG _29,Pet Care,Delayed / Missing Inbound Replenishment,2069.1
20260104,30,153,19,0,19,262.16,0.0,0.0,0.0,STAP_DALS_03,Staples,Delayed / Missing Inbound Replenishment,4981.04
20260104,30,156,32,2,30,342.35,684.7,2.0,0.0,STAP_ATTA_06,Staples,Delayed / Missing Inbound Replenishment,10270.5
20260104,30,173,18,0,18,69.06,0.0,0.0,0.0,STAP_DALS_23,Staples,Delayed / Missing Inbound Replenishment,1243.08
20260104,30,195,7,4,3,227.65,910.6,5.0,0.0,PERS_SANI_15,Personal Care,Forecast Underestimation & Buffer Shortage,682.95
20260104,30,197,10,4,6,102.01,408.04,4.0,0.0,PERS_HAIR_17,Personal Care,Delayed / Missing Inbound Replenishment,612.06
20260104,30,201,13,0,13,193.23,0.0,0.0,0.0,PERS_SOAP_21,Personal Care,Delayed / Missing Inbound Replenishment,2511.99
20260104,30,216,11,3,8,208.26,624.78,3.0,0.0,HOUS_DETE_06,Household,Delayed / Missing Inbound Replenishment,1666.08
20260104,30,218,5,1,4,72.52,72.52,1.0,0.0,HOUS_CLEA_08,Household,Delayed / Missing Inbound Replenishment,290.08
20260104,30,233,12,0,12,161.93,0.0,0.0,0.0,HOUS_CLEA_23,Household,Delayed / Missing Inbound Replenishment,1943.16
20260104,30,250,26,0,26,204.07,0.0,0.0,0.0,BABY_BABY_10,Baby Care,Delayed / Missing Inbound Replenishment,5305.82
20260104,30,253,25,21,4,319.63,6712.23,21.0,0.0,BABY_DIAP_13,Baby Care,Forecast Underestimation & Buffer Shortage,1278.52
20260104,30,261,16,2,14,419.38,838.76,2.0,0.0,BABY_DIAP_21,Baby Care,Delayed / Missing Inbound Replenishment,5871.32
20260104,30,274,8,0,8,218.13,0.0,0.0,0.0,PET _PET _04,Pet Care,Delayed / Missing Inbound Replenishment,1745.04
20260104,30,276,8,0,8,419.68,0.0,0.0,0.0,PET _CAT _06,Pet Care,Delayed / Missing Inbound Replenishment,3357.44
20260104,30,277,8,0,8,232.44,0.0,0.0,0.0,PET _PET _07,Pet Care,Delayed / Missing Inbound Replenishment,1859.52
20260104,30,289,8,0,8,479.06,0.0,0.0,0.0,PET _PET _19,Pet Care,Delayed / Missing Inbound Replenishment,3832.48
20260104,31,168,42,0,42,166.75,0.0,0.0,0.0,STAP_DALS_18,Staples,Delayed / Missing Inbound Replenishment,7003.5
20260104,31,171,24,0,24,329.23,0.0,0.0,0.0,STAP_ATTA_21,Staples,Delayed / Missing Inbound Replenishment,7901.52
20260104,31,173,20,0,20,69.06,0.0,0.0,0.0,STAP_DALS_23,Staples,Delayed / Missing Inbound Replenishment,1381.2
20260104,31,192,4,0,4,357.65,0.0,0.0,0.0,PERS_HAIR_12,Personal Care,Delayed / Missing Inbound Replenishment,1430.6
20260104,31,199,5,3,2,251.52,754.56,3.0,0.0,PERS_SKIN_19,Personal Care,Delayed / Missing Inbound Replenishment,503.04
20260104,31,201,13,0,13,193.23,0.0,0.0,0.0,PERS_SOAP_21,Personal Care,Delayed / Missing Inbound Replenishment,2511.99
20260104,31,209,5,0,5,108.95,0.0,0.0,0.0,PERS_SKIN_29,Personal Care,Delayed / Missing Inbound Replenishment,544.75
20260104,31,214,12,0,12,216.37,0.0,0.0,0.0,HOUS_DISP_04,Household,Delayed / Missing Inbound Replenishment,2596.44
20260104,31,252,37,30,7,599.97,17999.1,30.0,0.0,BABY_BABY_12,Baby Care,Forecast Underestimation & Buffer Shortage,4199.79
20260104,31,271,4,0,4,561.27,0.0,0.0,0.0,PET _DOG _01,Pet Care,Delayed / Missing Inbound Replenishment,2245.08
20260104,31,276,8,0,8,419.68,0.0,0.0,0.0,PET _CAT _06,Pet Care,Delayed / Missing Inbound Replenishment,3357.44
20260104,31,286,7,0,7,456.83,0.0,0.0,0.0,PET _PET _16,Pet Care,Delayed / Missing Inbound Replenishment,3197.81
20260104,31,289,11,8,3,479.06,3832.48,8.0,0.0,PET _PET _19,Pet Care,Forecast Underestimation & Buffer Shortage,1437.18
20260104,32,50,48,0,48,119.26,0.0,0.0,0.0,BEVE_WATE_20,Beverages,Delayed / Missing Inbound Replenishment,5724.48
20260104,32,119,75,57,18,117.5,6697.5,57.0,0.0,PACK_BREA_29,Packaged Foods,Unforecasted Demand Spike,2115.0
20260104,32,156,38,0,38,342.35,0.0,0.0,0.0,STAP_ATTA_06,Staples,Delayed / Missing Inbound Replenishment,13009.3
20260104,32,162,41,0,41,185.02,0.0,0.0,0.0,STAP_RICE_12,Staples,Delayed / Missing Inbound Replenishment,7585.82
20260104,32,163,19,4,15,338.27,1353.08,4.0,0.0,STAP_DALS_13,Staples,Delayed / Missing Inbound Replenishment,5074.05
20260104,32,166,28,1,27,248.86,248.86,1.0,0.0,STAP_ATTA_16,Staples,Delayed / Missing Inbound Replenishment,6719.22
20260104,32,173,22,0,22,69.06,0.0,0.0,0.0,STAP_DALS_23,Staples,Delayed / Missing Inbound Replenishment,1519.32
20260104,32,195,5,0,5,227.65,0.0,0.0,0.0,PERS_SANI_15,Personal Care,Delayed / Missing Inbound Replenishment,1138.25
20260104,32,197,12,0,12,102.01,0.0,0.0,0.0,PERS_HAIR_17,Personal Care,Delayed / Missing Inbound Replenishment,1224.12
20260104,32,204,6,0,6,199.5,0.0,0.0,0.0,PERS_SKIN_24,Personal Care,Delayed / Missing Inbound Replenishment,1197.0
20260104,32,250,29,0,29,204.07,0.0,0.0,0.0,BABY_BABY_10,Baby Care,Delayed / Missing Inbound Replenishment,5918.03
20260104,32,252,41,0,41,599.97,0.0,0.0,0.0,BABY_BABY_12,Baby Care,Delayed / Missing Inbound Replenishment,24598.77
20260104,32,271,3,0,3,561.27,0.0,0.0,0.0,PET _DOG _01,Pet Care,Delayed / Missing Inbound Replenishment,1683.81
20260104,32,277,7,0,7,232.44,0.0,0.0,0.0,PET _PET _07,Pet Care,Delayed / Missing Inbound Replenishment,1627.08
20260104,32,280,13,0,13,252.36,0.0,0.0,0.0,PET _CAT _10,Pet Care,Delayed / Missing Inbound Replenishment,3280.68
20260104,32,283,7,0,7,548.52,0.0,0.0,0.0,PET _DOG _13,Pet Care,Delayed / Missing Inbound Replenishment,3839.64
20260104,33,162,35,0,35,185.02,0.0,0.0,0.0,STAP_RICE_12,Staples,Delayed / Missing Inbound Replenishment,6475.7
20260104,33,195,4,0,4,227.65,0.0,0.0,0.0,PERS_SANI_15,Personal Care,Delayed / Missing Inbound Replenishment,910.6
20260104,33,197,8,0,8,102.01,0.0,0.0,0.0,PERS_HAIR_17,Personal Care,Delayed / Missing Inbound Replenishment,816.08
20260104,33,199,4,0,4,251.52,0.0,0.0,0.0,PERS_SKIN_19,Personal Care,Delayed / Missing Inbound Replenishment,1006.08
20260104,33,201,9,0,9,193.23,0.0,0.0,0.0,PERS_SOAP_21,Personal Care,Delayed / Missing Inbound Replenishment,1739.07
20260104,33,216,9,5,4,208.26,1041.3,5.0,0.0,HOUS_DETE_06,Household,Forecast Underestimation & Buffer Shortage,833.04
20260104,33,217,4,0,4,275.5,0.0,0.0,0.0,HOUS_DISH_07,Household,Delayed / Missing Inbound Replenishment,1102.0
20260104,33,218,3,0,3,72.52,0.0,0.0,0.0,HOUS_CLEA_08,Household,Delayed / Missing Inbound Replenishment,217.56
20260104,33,250,21,0,21,204.07,0.0,0.0,0.0,BABY_BABY_10,Baby Care,Delayed / Missing Inbound Replenishment,4285.47
20260104,33,261,14,0,14,419.38,0.0,0.0,0.0,BABY_DIAP_21,Baby Care,Delayed / Missing Inbound Replenishment,5871.32
20260104,33,271,2,0,2,561.27,0.0,0.0,0.0,PET _DOG _01,Pet Care,Delayed / Missing Inbound Replenishment,1122.54
20260104,33,274,7,2,5,218.13,436.26,2.0,0.0,PET _PET _04,Pet Care,Delayed / Missing Inbound Replenishment,1090.65
20260104,33,281,3,2,1,208.33,416.66,2.0,0.0,PET _PET _11,Pet Care,Delayed / Missing Inbound Replenishment,208.33
20260104,33,289,5,0,5,479.06,0.0,0.0,0.0,PET _PET _19,Pet Care,Delayed / Missing Inbound Replenishment,2395.3
20260104,34,105,42,14,28,171.63,2402.82,14.0,0.0,PACK_READ_15,Packaged Foods,Unforecasted Demand Spike,4805.64
20260104,34,156,34,0,34,342.35,0.0,0.0,0.0,STAP_ATTA_06,Staples,Delayed / Missing Inbound Replenishment,11639.9
20260104,34,173,23,15,8,69.06,1035.9,15.0,0.0,STAP_DALS_23,Staples,Forecast Underestimation & Buffer Shortage,552.48
20260104,34,197,10,0,10,102.01,0.0,0.0,0.0,PERS_HAIR_17,Personal Care,Delayed / Missing Inbound Replenishment,1020.1
20260104,34,199,6,0,6,251.52,0.0,0.0,0.0,PERS_SKIN_19,Personal Care,Delayed / Missing Inbound Replenishment,1509.12
20260104,34,253,28,0,28,319.63,0.0,0.0,0.0,BABY_DIAP_13,Baby Care,Delayed / Missing Inbound Replenishment,8949.64
20260104,34,261,20,0,20,419.38,0.0,0.0,0.0,BABY_DIAP_21,Baby Care,Delayed / Missing Inbound Replenishment,8387.6
20260104,34,274,13,0,13,218.13,0.0,0.0,0.0,PET _PET _04,Pet Care,Delayed / Missing Inbound Replenishment,2835.69
20260104,34,277,7,0,7,232.44,0.0,0.0,0.0,PET _PET _07,Pet Care,Delayed / Missing Inbound Replenishment,1627.08
20260104,34,283,6,0,6,548.52,0.0,0.0,0.0,PET _DOG _13,Pet Care,Delayed / Missing Inbound Replenishment,3291.12
20260104,34,286,11,0,11,456.83,0.0,0.0,0.0,PET _PET _16,Pet Care,Delayed / Missing Inbound Replenishment,5025.13
20260104,34,289,8,0,8,479.06,0.0,0.0,0.0,PET _PET _19,Pet Care,Delayed / Missing Inbound Replenishment,3832.48
20260104,35,163,30,0,30,338.27,0.0,,,STAP_DALS_13,Staples,Forecast Underestimation & Buffer Shortage,10148.1
20260104,35,166,27,0,27,248.86,0.0,0.0,0.0,STAP_ATTA_16,Staples,Delayed / Missing Inbound Replenishment,6719.22
20260104,35,168,49,36,13,166.75,6003.0,36.0,0.0,STAP_DALS_18,Staples,Unforecasted Demand Spike,2167.75
20260104,35,171,29,0,29,329.23,0.0,0.0,0.0,STAP_ATTA_21,Staples,Delayed / Missing Inbound Replenishment,9547.67
20260104,35,173,27,0,27,69.06,0.0,0.0,0.0,STAP_DALS_23,Staples,Delayed / Missing Inbound Replenishment,1864.62
20260104,35,174,48,0,48,511.67,0.0,0.0,0.0,STAP_EDIB_24,Staples,Delayed / Missing Inbound Replenishment,24560.16
20260104,35,197,11,0,11,102.01,0.0,,,PERS_HAIR_17,Personal Care,Forecast Underestimation & Buffer Shortage,1122.11
20260104,35,218,6,0,6,72.52,0.0,0.0,0.0,HOUS_CLEA_08,Household,Delayed / Missing Inbound Replenishment,435.12
20260104,35,233,16,0,16,161.93,0.0,0.0,0.0,HOUS_CLEA_23,Household,Delayed / Missing Inbound Replenishment,2590.88
20260104,35,237,31,26,5,239.52,6227.52,26.0,0.0,HOUS_DISH_27,Household,Forecast Underestimation & Buffer Shortage,1197.6
20260104,35,250,32,3,29,204.07,612.21,3.0,0.0,BABY_BABY_10,Baby Care,Delayed / Missing Inbound Replenishment,5918.03
20260104,35,271,5,1,4,561.27,561.27,1.0,0.0,PET _DOG _01,Pet Care,Delayed / Missing Inbound Replenishment,2245.08
20260104,35,276,10,0,10,419.68,0.0,0.0,0.0,PET _CAT _06,Pet Care,Delayed / Missing Inbound Replenishment,4196.8
20260104,36,154,26,0,26,215.59,0.0,0.0,0.0,STAP_EDIB_04,Staples,Delayed / Missing Inbound Replenishment,5605.34
20260104,36,168,29,0,29,166.75,0.0,0.0,0.0,STAP_DALS_18,Staples,Delayed / Missing Inbound Replenishment,4835.75
20260104,36,171,19,6,13,329.23,1975.38,6.0,0.0,STAP_ATTA_21,Staples,Forecast Underestimation & Buffer Shortage,4279.99
20260104,36,203,7,0,7,316.94,0.0,0.0,0.0,PERS_ORAL_23,Personal Care,Delayed / Missing Inbound Replenishment,2218.58
20260104,36,250,23,1,22,204.07,204.07,1.0,0.0,BABY_BABY_10,Baby Care,Delayed / Missing Inbound Replenishment,4489.54
20260104,36,252,35,29,6,599.97,17399.13,29.0,0.0,BABY_BABY_12,Baby Care,Forecast Underestimation & Buffer Shortage,3599.82
20260104,36,261,16,6,10,419.38,2516.28,6.0,0.0,BABY_DIAP_21,Baby Care,Forecast Underestimation & Buffer Shortage,4193.8
20260104,36,271,3,0,3,561.27,0.0,0.0,0.0,PET _DOG _01,Pet Care,Delayed / Missing Inbound Replenishment,1683.81
20260104,36,289,7,0,7,479.06,0.0,0.0,0.0,PET _PET _19,Pet Care,Delayed / Missing Inbound Replenishment,3353.42
20260104,37,16,48,0,48,137.79,0.0,0.0,0.0,DAIR_MILK_16,Dairy,Delayed / Missing Inbound Replenishment,6613.92
20260104,37,63,75,54,21,157.5,8505.0,54.0,0.0,SNAC_NAMK_03,Snacks,Unforecasted Demand Spike,3307.5
20260104,37,105,35,14,21,171.63,2402.82,14.0,0.0,PACK_READ_15,Packaged Foods,Forecast Underestimation & Buffer Shortage,3604.23
20260104,37,162,40,0,40,185.02,0.0,0.0,0.0,STAP_RICE_12,Staples,Delayed / Missing Inbound Replenishment,7400.8
20260104,37,166,26,0,26,248.86,0.0,0.0,0.0,STAP_ATTA_16,Staples,Delayed / Missing Inbound Replenishment,6470.36
20260104,37,197,11,7,4,102.01,714.07,7.0,0.0,PERS_HAIR_17,Personal Care,Forecast Underestimation & Buffer Shortage,408.04
20260104,37,250,22,4,18,204.07,816.28,4.0,0.0,BABY_BABY_10,Baby Care,Delayed / Missing Inbound Replenishment,3673.26
20260104,37,274,9,0,9,218.13,0.0,0.0,0.0,PET _PET _04,Pet Care,Delayed / Missing Inbound Replenishment,1963.17
20260104,37,277,7,0,7,232.44,0.0,0.0,0.0,PET _PET _07,Pet Care,Delayed / Missing Inbound Replenishment,1627.08
20260104,37,283,5,1,4,548.52,548.52,1.0,0.0,PET _DOG _13,Pet Care,Delayed / Missing Inbound Replenishment,2194.08
20260104,37,299,10,0,10,108.9,0.0,0.0,0.0,PET _DOG _29,Pet Care,Delayed / Missing Inbound Replenishment,1089.0
20260104,38,60,44,0,44,146.5,0.0,0.0,0.0,BEVE_WATE_30,Beverages,Delayed / Missing Inbound Replenishment,6446.0
20260104,38,153,19,4,15,262.16,1048.64,4.0,0.0,STAP_DALS_03,Staples,Delayed / Missing Inbound Replenishment,3932.4
20260104,38,156,35,0,35,342.35,0.0,0.0,0.0,STAP_ATTA_06,Staples,Delayed / Missing Inbound Replenishment,11982.25
20260104,38,166,21,0,21,248.86,0.0,0.0,0.0,STAP_ATTA_16,Staples,Delayed / Missing Inbound Replenishment,5226.06
20260104,38,171,23,22,1,329.23,7243.06,22.0,0.0,STAP_ATTA_21,Staples,Forecast Underestimation & Buffer Shortage,329.23
20260104,38,209,3,0,3,108.95,0.0,0.0,0.0,PERS_SKIN_29,Personal Care,Delayed / Missing Inbound Replenishment,326.85
20260104,38,216,9,5,4,208.26,1041.3,5.0,0.0,HOUS_DETE_06,Household,Forecast Underestimation & Buffer Shortage,833.04
20260104,38,218,5,0,5,72.52,0.0,0.0,0.0,HOUS_CLEA_08,Household,Delayed / Missing Inbound Replenishment,362.6
20260104,38,253,25,0,25,319.63,0.0,,,BABY_DIAP_13,Baby Care,Forecast Underestimation & Buffer Shortage,7990.75
20260104,38,271,4,0,4,561.27,0.0,0.0,0.0,PET _DOG _01,Pet Care,Delayed / Missing Inbound Replenishment,2245.08
20260104,38,273,3,0,3,256.39,0.0,0.0,0.0,PET _PET _03,Pet Care,Delayed / Missing Inbound Replenishment,769.17
20260104,38,276,7,0,7,419.68,0.0,0.0,0.0,PET _CAT _06,Pet Care,Delayed / Missing Inbound Replenishment,2937.76
20260104,38,280,12,8,4,252.36,2018.88,8.0,0.0,PET _CAT _10,Pet Care,Forecast Underestimation & Buffer Shortage,1009.44
20260104,38,286,7,3,4,456.83,1370.49,3.0,0.0,PET _PET _16,Pet Care,Delayed / Missing Inbound Replenishment,1827.32
20260104,38,289,7,0,7,479.06,0.0,0.0,0.0,PET _PET _19,Pet Care,Delayed / Missing Inbound Replenishment,3353.42
20260104,38,299,9,0,9,108.9,0.0,0.0,0.0,PET _DOG _29,Pet Care,Delayed / Missing Inbound Replenishment,980.1
20260104,39,3,357,278,79,70.68,19649.04,278.0,0.0,DAIR_BUTT_03,Dairy,Unforecasted Demand Spike,5583.72
20260104,39,143,124,65,59,48.33,3141.45,65.0,0.0,FRUI_DAIL_23,Fruits & Vegetables,Unforecasted Demand Spike,2851.47
20260104,39,156,49,24,25,342.35,8216.4,24.0,0.0,STAP_ATTA_06,Staples,Unforecasted Demand Spike,8558.75
20260104,39,163,27,15,12,338.27,5074.05,15.0,0.0,STAP_DALS_13,Staples,Forecast Underestimation & Buffer Shortage,4059.24
20260104,39,166,34,11,23,248.86,2737.46,11.0,0.0,STAP_ATTA_16,Staples,Forecast Underestimation & Buffer Shortage,5723.78
20260104,39,173,30,6,24,69.06,414.36,6.0,0.0,STAP_DALS_23,Staples,Forecast Underestimation & Buffer Shortage,1657.44
20260104,39,195,7,2,5,227.65,455.3,2.0,0.0,PERS_SANI_15,Personal Care,Delayed / Missing Inbound Replenishment,1138.25
20260104,39,197,12,4,8,102.01,408.04,4.0,0.0,PERS_HAIR_17,Personal Care,Delayed / Missing Inbound Replenishment,816.08
20260104,39,203,13,0,13,316.94,0.0,0.0,0.0,PERS_ORAL_23,Personal Care,Delayed / Missing Inbound Replenishment,4120.22
20260104,39,208,13,4,9,249.0,996.0,4.0,0.0,PERS_ORAL_28,Personal Care,Delayed / Missing Inbound Replenishment,2241.0
20260104,39,209,9,0,9,108.95,0.0,0.0,0.0,PERS_SKIN_29,Personal Care,Delayed / Missing Inbound Replenishment,980.55
20260104,39,213,7,0,7,243.34,0.0,0.0,0.0,HOUS_CLEA_03,Household,Delayed / Missing Inbound Replenishment,1703.38
20260104,39,216,13,0,13,208.26,0.0,0.0,0.0,HOUS_DETE_06,Household,Delayed / Missing Inbound Replenishment,2707.38
20260104,39,217,5,2,3,275.5,551.0,2.0,0.0,HOUS_DISH_07,Household,Delayed / Missing Inbound Replenishment,826.5
20260104,39,218,8,0,8,72.52,0.0,0.0,0.0,HOUS_CLEA_08,Household,Delayed / Missing Inbound Replenishment,580.16
20260104,39,220,10,0,10,256.13,0.0,0.0,0.0,HOUS_REPE_10,Household,Delayed / Missing Inbound Replenishment,2561.3
20260104,39,222,13,2,11,214.26,428.52,2.0,0.0,HOUS_DISH_12,Household,Delayed / Missing Inbound Replenishment,2356.86
20260104,39,233,18,0,18,161.93,0.0,0.0,0.0,HOUS_CLEA_23,Household,Delayed / Missing Inbound Replenishment,2914.74
20260104,39,257,53,10,43,338.9,3389.0,10.0,0.0,BABY_DIAP_17,Baby Care,Unforecasted Demand Spike,14572.7
20260104,39,267,100,57,43,206.82,11788.74,57.0,0.0,BABY_BABY_27,Baby Care,Unforecasted Demand Spike,8893.26
20260104,39,271,3,1,2,561.27,561.27,1.0,0.0,PET _DOG _01,Pet Care,Delayed / Missing Inbound Replenishment,1122.54
20260104,39,273,5,4,1,256.39,1025.56,4.0,0.0,PET _PET _03,Pet Care,Delayed / Missing Inbound Replenishment,256.39
20260104,39,276,9,0,9,419.68,0.0,0.0,0.0,PET _CAT _06,Pet Care,Delayed / Missing Inbound Replenishment,3777.12
20260104,39,277,8,1,7,232.44,232.44,1.0,0.0,PET _PET _07,Pet Care,Delayed / Missing Inbound Replenishment,1627.08
20260104,39,280,16,4,12,252.36,1009.44,4.0,0.0,PET _CAT _10,Pet Care,Delayed / Missing Inbound Replenishment,3028.32
20260104,39,281,7,1,6,208.33,208.33,1.0,0.0,PET _PET _11,Pet Care,Delayed / Missing Inbound Replenishment,1249.98
20260104,40,41,76,71,5,104.58,7425.18,71.0,0.0,BEVE_JUIC_11,Beverages,Unforecasted Demand Spike,522.9
20260104,40,73,112,21,91,92.13,1934.73,21.0,0.0,SNAC_NAMK_13,Snacks,Unforecasted Demand Spike,8383.83
20260104,40,89,173,160,13,50.88,8140.8,160.0,0.0,SNAC_CHOC_29,Snacks,Unforecasted Demand Spike,661.44
20260104,40,153,21,7,14,262.16,1835.12,7.0,0.0,STAP_DALS_03,Staples,Forecast Underestimation & Buffer Shortage,3670.24
20260104,40,155,22,0,22,443.45,0.0,0.0,0.0,STAP_SPIC_05,Staples,Delayed / Missing Inbound Replenishment,9755.9
20260104,40,156,41,1,40,342.35,342.35,1.0,0.0,STAP_ATTA_06,Staples,Delayed / Missing Inbound Replenishment,13694.0
20260104,40,171,31,0,31,329.23,0.0,0.0,0.0,STAP_ATTA_21,Staples,Delayed / Missing Inbound Replenishment,10206.13
20260104,40,185,14,3,11,218.07,654.21,3.0,0.0,PERS_SANI_05,Personal Care,Delayed / Missing Inbound Replenishment,2398.77
20260104,40,195,8,0,8,227.65,0.0,0.0,0.0,PERS_SANI_15,Personal Care,Delayed / Missing Inbound Replenishment,1821.2
20260104,40,197,11,6,5,102.01,612.06,6.0,0.0,PERS_HAIR_17,Personal Care,Forecast Underestimation & Buffer Shortage,510.05
20260104,40,199,6,2,4,251.52,503.04,2.0,0.0,PERS_SKIN_19,Personal Care,Delayed / Missing Inbound Replenishment,1006.08
20260104,40,201,15,0,15,193.23,0.0,0.0,0.0,PERS_SOAP_21,Personal Care,Delayed / Missing Inbound Replenishment,2898.45
20260104,40,203,11,7,4,316.94,2218.58,7.0,0.0,PERS_ORAL_23,Personal Care,Forecast Underestimation & Buffer Shortage,1267.76
20260104,40,204,6,1,5,199.5,199.5,1.0,0.0,PERS_SKIN_24,Personal Care,Delayed / Missing Inbound Replenishment,997.5
20260104,40,208,10,8,2,249.0,1992.0,8.0,0.0,PERS_ORAL_28,Personal Care,Forecast Underestimation & Buffer Shortage,498.0
20260104,40,209,6,2,4,108.95,217.9,2.0,0.0,PERS_SKIN_29,Personal Care,Delayed / Missing Inbound Replenishment,435.8
20260104,40,220,11,8,3,256.13,2049.04,8.0,0.0,HOUS_REPE_10,Household,Forecast Underestimation & Buffer Shortage,768.39
20260104,40,233,18,0,18,161.93,0.0,0.0,0.0,HOUS_CLEA_23,Household,Delayed / Missing Inbound Replenishment,2914.74
20260104,40,250,35,21,14,204.07,4285.47,21.0,0.0,BABY_BABY_10,Baby Care,Forecast Underestimation & Buffer Shortage,2856.98
20260104,40,252,51,42,9,599.97,25198.74,42.0,0.0,BABY_BABY_12,Baby Care,Unforecasted Demand Spike,5399.73
20260104,40,253,32,0,32,319.63,0.0,0.0,0.0,BABY_DIAP_13,Baby Care,Delayed / Missing Inbound Replenishment,10228.16
20260104,40,256,112,93,19,441.88,41094.84,93.0,0.0,BABY_BABY_16,Baby Care,Unforecasted Demand Spike,8395.72
20260104,40,274,10,2,8,218.13,436.26,2.0,0.0,PET _PET _04,Pet Care,Delayed / Missing Inbound Replenishment,1745.04
20260104,40,276,10,0,10,419.68,0.0,0.0,0.0,PET _CAT _06,Pet Care,Delayed / Missing Inbound Replenishment,4196.8
20260104,40,277,9,0,9,232.44,0.0,0.0,0.0,PET _PET _07,Pet Care,Delayed / Missing Inbound Replenishment,2091.96
20260104,40,281,6,4,2,208.33,833.32,4.0,0.0,PET _PET _11,Pet Care,Delayed / Missing Inbound Replenishment,416.66
20260104,40,283,8,3,5,548.52,1645.56,3.0,0.0,PET _DOG _13,Pet Care,Delayed / Missing Inbound Replenishment,2742.6
20260104,40,286,10,0,10,456.83,0.0,0.0,0.0,PET _PET _16,Pet Care,Delayed / Missing Inbound Replenishment,4568.3
20260105,1,173,19,0,19,69.06,0.0,0.0,0.0,STAP_DALS_23,Staples,Delayed / Missing Inbound Replenishment,1312.14
20260105,1,203,7,0,7,316.94,0.0,0.0,0.0,PERS_ORAL_23,Personal Care,Delayed / Missing Inbound Replenishment,2218.58
20260105,1,276,5,0,5,419.68,0.0,0.0,0.0,PET _CAT _06,Pet Care,Delayed / Missing Inbound Replenishment,2098.4
20260105,2,273,3,0,3,256.39,0.0,0.0,0.0,PET _PET _03,Pet Care,Delayed / Missing Inbound Replenishment,769.17
20260105,3,162,28,0,28,185.02,0.0,0.0,0.0,STAP_RICE_12,Staples,Delayed / Missing Inbound Replenishment,5180.56
20260105,4,153,15,0,15,262.16,0.0,0.0,0.0,STAP_DALS_03,Staples,Delayed / Missing Inbound Replenishment,3932.4
20260105,4,271,4,0,4,561.27,0.0,0.0,0.0,PET _DOG _01,Pet Care,Delayed / Missing Inbound Replenishment,2245.08
20260105,5,218,4,1,3,72.52,72.52,1.0,0.0,HOUS_CLEA_08,Household,Delayed / Missing Inbound Replenishment,217.56
20260105,5,250,19,0,19,204.07,0.0,0.0,0.0,BABY_BABY_10,Baby Care,Delayed / Missing Inbound Replenishment,3877.33
20260105,7,210,7,0,7,212.16,0.0,0.0,0.0,PERS_SANI_30,Personal Care,Delayed / Missing Inbound Replenishment,1485.12
20260105,8,253,20,0,20,319.63,0.0,0.0,0.0,BABY_DIAP_13,Baby Care,Delayed / Missing Inbound Replenishment,6392.6
20260105,8,274,17,0,17,218.13,0.0,0.0,0.0,PET _PET _04,Pet Care,Delayed / Missing Inbound Replenishment,3708.21
20260105,9,275,9,4,5,359.71,1438.84,4.0,0.0,PET _DOG _05,Pet Care,Delayed / Missing Inbound Replenishment,1798.55
20260105,9,283,5,0,5,548.52,0.0,0.0,0.0,PET _DOG _13,Pet Care,Delayed / Missing Inbound Replenishment,2742.6
20260105,10,209,4,0,4,108.95,0.0,0.0,0.0,PERS_SKIN_29,Personal Care,Delayed / Missing Inbound Replenishment,435.8
20260105,11,280,6,0,6,252.36,0.0,0.0,0.0,PET _CAT _10,Pet Care,Delayed / Missing Inbound Replenishment,1514.16
20260105,12,273,3,0,3,256.39,0.0,0.0,0.0,PET _PET _03,Pet Care,Delayed / Missing Inbound Replenishment,769.17
20260105,13,163,13,0,13,338.27,0.0,0.0,0.0,STAP_DALS_13,Staples,Delayed / Missing Inbound Replenishment,4397.51
20260105,13,201,9,0,9,193.23,0.0,0.0,0.0,PERS_SOAP_21,Personal Care,Delayed / Missing Inbound Replenishment,1739.07
20260105,14,128,41,36,5,101.33,3647.88,36.0,0.0,FRUI_DAIL_08,Fruits & Vegetables,Unforecasted Demand Spike,506.65
20260105,14,231,4,0,4,259.78,0.0,0.0,0.0,HOUS_DETE_21,Household,Delayed / Missing Inbound Replenishment,1039.12
20260105,14,283,6,4,2,548.52,2194.08,4.0,0.0,PET _DOG _13,Pet Care,Delayed / Missing Inbound Replenishment,1097.04
20260105,15,166,13,0,13,248.86,0.0,0.0,0.0,STAP_ATTA_16,Staples,Delayed / Missing Inbound Replenishment,3235.18
20260105,16,60,40,0,40,146.5,0.0,0.0,0.0,BEVE_WATE_30,Beverages,Delayed / Missing Inbound Replenishment,5860.0
20260105,16,110,35,16,19,43.46,695.36,16.0,0.0,PACK_READ_20,Packaged Foods,Forecast Underestimation & Buffer Shortage,825.74
20260105,16,193,4,2,2,124.41,248.82,2.0,0.0,PERS_ORAL_13,Personal Care,Delayed / Missing Inbound Replenishment,248.82
20260105,16,199,7,1,6,251.52,251.52,1.0,0.0,PERS_SKIN_19,Personal Care,Delayed / Missing Inbound Replenishment,1509.12
20260105,16,280,10,8,2,252.36,2018.88,8.0,0.0,PET _CAT _10,Pet Care,Forecast Underestimation & Buffer Shortage,504.72
20260105,17,31,67,0,67,94.42,0.0,0.0,0.0,BEVE_JUIC_01,Beverages,Delayed / Missing Inbound Replenishment,6326.14
20260105,17,173,18,0,18,69.06,0.0,0.0,0.0,STAP_DALS_23,Staples,Delayed / Missing Inbound Replenishment,1243.08
20260105,18,282,4,0,4,378.42,0.0,0.0,0.0,PET _PET _12,Pet Care,Delayed / Missing Inbound Replenishment,1513.68
20260105,19,220,7,0,7,256.13,0.0,0.0,0.0,HOUS_REPE_10,Household,Delayed / Missing Inbound Replenishment,1792.91
20260105,19,298,30,26,4,544.35,14153.1,26.0,0.0,PET _PET _28,Pet Care,Forecast Underestimation & Buffer Shortage,2177.4
20260105,20,27,42,11,31,103.33,1136.63,11.0,0.0,DAIR_CURD_27,Dairy,Unforecasted Demand Spike,3203.23
20260105,20,296,10,1,9,84.64,84.64,1.0,0.0,PET _CAT _26,Pet Care,Delayed / Missing Inbound Replenishment,761.76
20260105,21,35,52,0,52,158.37,0.0,0.0,0.0,BEVE_WATE_05,Beverages,Delayed / Missing Inbound Replenishment,8235.24
20260105,21,225,7,0,7,127.69,0.0,0.0,0.0,HOUS_REPE_15,Household,Delayed / Missing Inbound Replenishment,893.83
20260105,21,253,23,0,23,319.63,0.0,0.0,0.0,BABY_DIAP_13,Baby Care,Delayed / Missing Inbound Replenishment,7351.49
20260105,21,274,9,0,9,218.13,0.0,0.0,0.0,PET _PET _04,Pet Care,Delayed / Missing Inbound Replenishment,1963.17
20260105,21,276,6,0,6,419.68,0.0,0.0,0.0,PET _CAT _06,Pet Care,Delayed / Missing Inbound Replenishment,2518.08
20260105,22,41,60,31,29,104.58,3241.98,31.0,0.0,BEVE_JUIC_11,Beverages,Unforecasted Demand Spike,3032.82
20260105,22,153,18,0,18,262.16,0.0,0.0,0.0,STAP_DALS_03,Staples,Delayed / Missing Inbound Replenishment,4718.88
20260105,22,156,33,28,5,342.35,9585.8,28.0,0.0,STAP_ATTA_06,Staples,Forecast Underestimation & Buffer Shortage,1711.75
20260105,22,163,19,15,4,338.27,5074.05,15.0,0.0,STAP_DALS_13,Staples,Forecast Underestimation & Buffer Shortage,1353.08
20260105,22,169,22,8,14,312.03,2496.24,8.0,0.0,STAP_EDIB_19,Staples,Forecast Underestimation & Buffer Shortage,4368.42
20260105,22,217,7,6,1,275.5,1653.0,6.0,0.0,HOUS_DISH_07,Household,Forecast Underestimation & Buffer Shortage,275.5
20260105,22,233,11,2,9,161.93,323.86,2.0,0.0,HOUS_CLEA_23,Household,Delayed / Missing Inbound Replenishment,1457.37
20260105,22,282,5,0,5,378.42,0.0,0.0,0.0,PET _PET _12,Pet Care,Delayed / Missing Inbound Replenishment,1892.1
20260105,23,31,72,0,72,94.42,0.0,0.0,0.0,BEVE_JUIC_01,Beverages,Delayed / Missing Inbound Replenishment,6798.24
20260105,23,218,5,0,5,72.52,0.0,0.0,0.0,HOUS_CLEA_08,Household,Delayed / Missing Inbound Replenishment,362.6
20260105,23,232,6,3,3,162.1,486.3,3.0,0.0,HOUS_DISH_22,Household,Delayed / Missing Inbound Replenishment,486.3
20260105,23,277,8,0,8,232.44,0.0,0.0,0.0,PET _PET _07,Pet Care,Delayed / Missing Inbound Replenishment,1859.52
20260105,23,280,10,0,10,252.36,0.0,0.0,0.0,PET _CAT _10,Pet Care,Delayed / Missing Inbound Replenishment,2523.6
20260105,25,214,10,7,3,216.37,1514.59,7.0,0.0,HOUS_DISP_04,Household,Forecast Underestimation & Buffer Shortage,649.11
20260105,25,261,16,0,16,419.38,0.0,0.0,0.0,BABY_DIAP_21,Baby Care,Delayed / Missing Inbound Replenishment,6710.08
20260105,25,273,3,0,3,256.39,0.0,0.0,0.0,PET _PET _03,Pet Care,Delayed / Missing Inbound Replenishment,769.17
20260105,25,276,6,0,6,419.68,0.0,0.0,0.0,PET _CAT _06,Pet Care,Delayed / Missing Inbound Replenishment,2518.08
20260105,26,153,15,0,15,262.16,0.0,0.0,0.0,STAP_DALS_03,Staples,Delayed / Missing Inbound Replenishment,3932.4
20260105,26,280,12,10,2,252.36,2523.6,10.0,0.0,PET _CAT _10,Pet Care,Forecast Underestimation & Buffer Shortage,504.72
20260105,26,296,29,21,8,84.64,1777.44,21.0,0.0,PET _CAT _26,Pet Care,Forecast Underestimation & Buffer Shortage,677.12
20260105,29,11,56,0,56,214.92,0.0,0.0,0.0,DAIR_MILK_11,Dairy,Delayed / Missing Inbound Replenishment,12035.52
20260105,29,45,86,55,31,107.96,5937.8,55.0,0.0,BEVE_WATE_15,Beverages,Unforecasted Demand Spike,3346.76
20260105,29,156,31,0,31,342.35,0.0,0.0,0.0,STAP_ATTA_06,Staples,Delayed / Missing Inbound Replenishment,10612.85
20260105,29,186,12,0,12,217.4,0.0,0.0,0.0,PERS_SOAP_06,Personal Care,Delayed / Missing Inbound Replenishment,2608.8
20260105,29,218,6,4,2,72.52,290.08,4.0,0.0,HOUS_CLEA_08,Household,Delayed / Missing Inbound Replenishment,145.04
20260105,29,274,10,0,10,218.13,0.0,0.0,0.0,PET _PET _04,Pet Care,Delayed / Missing Inbound Replenishment,2181.3
20260105,29,276,7,5,2,419.68,2098.4,5.0,0.0,PET _CAT _06,Pet Care,Forecast Underestimation & Buffer Shortage,839.36
20260105,29,280,14,4,10,252.36,1009.44,4.0,0.0,PET _CAT _10,Pet Care,Delayed / Missing Inbound Replenishment,2523.6
20260105,30,250,15,0,15,204.07,0.0,0.0,0.0,BABY_BABY_10,Baby Care,Delayed / Missing Inbound Replenishment,3061.05
20260105,30,261,10,0,10,419.38,0.0,0.0,0.0,BABY_DIAP_21,Baby Care,Delayed / Missing Inbound Replenishment,4193.8
20260105,31,286,5,0,5,456.83,0.0,0.0,0.0,PET _PET _16,Pet Care,Delayed / Missing Inbound Replenishment,2284.15
20260105,33,162,16,0,16,185.02,0.0,0.0,0.0,STAP_RICE_12,Staples,Delayed / Missing Inbound Replenishment,2960.32
20260105,35,217,5,3,2,275.5,826.5,3.0,0.0,HOUS_DISH_07,Household,Delayed / Missing Inbound Replenishment,551.0
20260105,35,250,21,0,21,204.07,0.0,0.0,0.0,BABY_BABY_10,Baby Care,Delayed / Missing Inbound Replenishment,4285.47
20260105,36,216,5,0,5,208.26,0.0,0.0,0.0,HOUS_DETE_06,Household,Delayed / Missing Inbound Replenishment,1041.3
20260105,36,250,14,0,14,204.07,0.0,0.0,0.0,BABY_BABY_10,Baby Care,Delayed / Missing Inbound Replenishment,2856.98
20260105,36,289,4,0,4,479.06,0.0,0.0,0.0,PET _PET _19,Pet Care,Delayed / Missing Inbound Replenishment,1916.24
20260105,37,153,12,4,8,262.16,1048.64,4.0,0.0,STAP_DALS_03,Staples,Delayed / Missing Inbound Replenishment,2097.28
20260105,38,216,6,0,6,208.26,0.0,0.0,0.0,HOUS_DETE_06,Household,Delayed / Missing Inbound Replenishment,1249.56
20260105,38,289,5,0,5,479.06,0.0,0.0,0.0,PET _PET _19,Pet Care,Delayed / Missing Inbound Replenishment,2395.3
20260105,39,233,11,0,11,161.93,0.0,0.0,0.0,HOUS_CLEA_23,Household,Delayed / Missing Inbound Replenishment,1781.23
20260105,40,40,60,47,13,137.08,6442.76,47.0,0.0,BEVE_WATE_10,Beverages,Unforecasted Demand Spike,1782.04
20260105,40,89,37,0,37,50.88,0.0,0.0,0.0,SNAC_CHOC_29,Snacks,Delayed / Missing Inbound Replenishment,1882.56
20260105,40,208,10,0,10,249.0,0.0,0.0,0.0,PERS_ORAL_28,Personal Care,Delayed / Missing Inbound Replenishment,2490.0
20260105,40,256,30,0,30,441.88,0.0,0.0,0.0,BABY_BABY_16,Baby Care,Delayed / Missing Inbound Replenishment,13256.4
20260105,40,257,102,66,36,338.9,22367.4,67.0,0.0,BABY_DIAP_17,Baby Care,Unforecasted Demand Spike,12200.4
20260106,10,209,2,0,2,108.95,0.0,0.0,0.0,PERS_SKIN_29,Personal Care,Delayed / Missing Inbound Replenishment,217.9
20260106,12,216,22,2,20,208.26,416.52,2.0,0.0,HOUS_DETE_06,Household,Delayed / Missing Inbound Replenishment,4165.2
20260106,16,110,35,0,35,43.46,0.0,0.0,0.0,PACK_READ_20,Packaged Foods,Delayed / Missing Inbound Replenishment,1521.1
20260106,17,209,4,2,2,108.95,217.9,2.0,0.0,PERS_SKIN_29,Personal Care,Delayed / Missing Inbound Replenishment,217.9
20260106,19,180,29,20,9,325.93,6518.6,20.0,0.0,STAP_SPIC_30,Staples,Forecast Underestimation & Buffer Shortage,2933.37
20260106,19,238,11,9,2,172.48,1552.32,9.0,0.0,HOUS_CLEA_28,Household,Forecast Underestimation & Buffer Shortage,344.96
20260106,22,204,6,4,2,199.5,798.0,4.0,0.0,PERS_SKIN_24,Personal Care,Delayed / Missing Inbound Replenishment,399.0
20260106,26,281,3,2,1,208.33,416.66,2.0,0.0,PET _PET _11,Pet Care,Delayed / Missing Inbound Replenishment,208.33
20260106,29,185,11,9,2,218.07,1962.63,9.0,0.0,PERS_SANI_05,Personal Care,Forecast Underestimation & Buffer Shortage,436.14
20260106,35,217,4,0,4,275.5,0.0,0.0,0.0,HOUS_DISH_07,Household,Delayed / Missing Inbound Replenishment,1102.0
20260107,2,284,5,0,5,420.04,0.0,2.0,0.0,PET _CAT _14,Pet Care,Delayed / Missing Inbound Replenishment,2100.2
20260107,3,283,4,0,4,548.52,0.0,0.0,0.0,PET _DOG _13,Pet Care,Delayed / Missing Inbound Replenishment,2194.08
20260108,26,264,61,57,4,127.0,7239.0,57.0,0.0,BABY_BABY_24,Baby Care,Unforecasted Demand Spike,508.0
20260109,9,93,78,70,8,62.66,4386.2,70.0,0.0,PACK_SAUC_03,Packaged Foods,Unforecasted Demand Spike,501.28
20260109,12,124,213,180,33,61.37,11046.6,180.0,0.0,FRUI_SEAS_04,Fruits & Vegetables,Unforecasted Demand Spike,2025.21
20260109,16,13,243,217,26,121.24,26309.08,217.0,0.0,DAIR_BUTT_13,Dairy,Unforecasted Demand Spike,3152.24
20260109,22,178,144,118,26,532.31,62812.58,118.0,0.0,STAP_DALS_28,Staples,Unforecasted Demand Spike,13840.06
20260109,23,285,31,25,6,503.9,12597.5,25.0,0.0,PET _PET _15,Pet Care,Forecast Underestimation & Buffer Shortage,3023.4
20260109,29,206,23,21,2,99.42,2087.82,21.0,0.0,PERS_SOAP_26,Personal Care,Forecast Underestimation & Buffer Shortage,198.84
20260109,32,292,11,6,5,251.82,1510.92,6.0,0.0,PET _CAT _22,Pet Care,Forecast Underestimation & Buffer Shortage,1259.1
20260109,35,76,162,133,29,64.61,8593.13,133.0,0.0,SNAC_CHIP_16,Snacks,Unforecasted Demand Spike,1873.69
20260110,1,98,25,6,19,222.22,1333.32,6.0,0.0,PACK_SAUC_08,Packaged Foods,Forecast Underestimation & Buffer Shortage,4222.18
20260110,2,129,56,50,6,73.51,3675.5,50.0,0.0,FRUI_SEAS_09,Fruits & Vegetables,Unforecasted Demand Spike,441.06
20260110,4,146,151,144,7,35.06,5048.64,144.0,0.0,FRUI_FRES_26,Fruits & Vegetables,Unforecasted Demand Spike,245.42
20260110,6,20,232,215,17,139.53,29998.95,215.0,0.0,DAIR_PANE_20,Dairy,Unforecasted Demand Spike,2372.01
20260110,7,172,106,79,27,441.39,34869.81,79.0,0.0,STAP_RICE_22,Staples,Unforecasted Demand Spike,11917.53
20260110,7,269,26,24,2,585.55,14053.2,24.0,0.0,BABY_DIAP_29,Baby Care,Forecast Underestimation & Buffer Shortage,1171.1
20260110,10,79,293,275,18,110.76,30459.0,275.0,0.0,SNAC_CHOC_19,Snacks,Unforecasted Demand Spike,1993.68
20260110,10,145,83,78,5,66.24,5166.72,78.0,0.0,FRUI_CUT _25,Fruits & Vegetables,Unforecasted Demand Spike,331.2
20260110,10,181,49,36,13,226.19,8142.84,36.0,0.0,PERS_SOAP_01,Personal Care,Unforecasted Demand Spike,2940.47
20260110,14,288,32,25,7,322.74,8068.5,25.0,0.0,PET _CAT _18,Pet Care,Forecast Underestimation & Buffer Shortage,2259.18
20260110,17,150,50,46,4,97.84,4500.64,46.0,0.0,FRUI_CUT _30,Fruits & Vegetables,Unforecasted Demand Spike,391.36
20260110,17,223,45,23,22,209.86,4826.78,23.0,0.0,HOUS_CLEA_13,Household,Unforecasted Demand Spike,4616.92
20260110,21,69,169,140,29,49.81,6973.4,140.0,0.0,SNAC_CHOC_09,Snacks,Unforecasted Demand Spike,1444.49
20260110,21,112,26,14,12,51.88,726.32,14.0,0.0,PACK_PAST_22,Packaged Foods,Forecast Underestimation & Buffer Shortage,622.56
20260110,23,92,172,84,88,52.51,4410.84,84.0,0.0,PACK_PAST_02,Packaged Foods,Unforecasted Demand Spike,4620.88
20260110,23,159,50,36,14,560.31,20171.16,36.0,0.0,STAP_EDIB_09,Staples,Unforecasted Demand Spike,7844.34
20260110,25,258,72,71,1,552.29,39212.59,71.0,0.0,BABY_BABY_18,Baby Care,Unforecasted Demand Spike,552.29
20260110,26,113,30,22,8,200.74,4416.28,22.0,0.0,PACK_SAUC_23,Packaged Foods,Forecast Underestimation & Buffer Shortage,1605.92
20260110,28,178,150,97,53,532.31,51634.07,97.0,0.0,STAP_DALS_28,Staples,Unforecasted Demand Spike,28212.43
20260110,29,29,70,51,19,229.45,11701.95,51.0,0.0,DAIR_CHEE_29,Dairy,Unforecasted Demand Spike,4359.55
20260110,29,67,107,96,11,113.98,10942.08,96.0,0.0,SNAC_BISC_07,Snacks,Unforecasted Demand Spike,1253.78
20260110,29,78,116,108,8,133.29,14395.32,108.0,0.0,SNAC_NAMK_18,Snacks,Unforecasted Demand Spike,1066.32
20260110,29,206,9,0,9,99.42,0.0,0.0,0.0,PERS_SOAP_26,Personal Care,Delayed / Missing Inbound Replenishment,894.78
20260110,31,190,21,19,2,76.27,1449.13,19.0,0.0,PERS_SANI_10,Personal Care,Forecast Underestimation & Buffer Shortage,152.54
20260110,39,92,47,41,6,52.51,2152.91,41.0,0.0,PACK_PAST_02,Packaged Foods,Unforecasted Demand Spike,315.06
20260110,39,223,11,10,1,209.86,2098.6,10.0,0.0,HOUS_CLEA_13,Household,Forecast Underestimation & Buffer Shortage,209.86
20260111,10,79,98,0,98,110.76,0.0,0.0,0.0,SNAC_CHOC_19,Snacks,Delayed / Missing Inbound Replenishment,10854.48
20260111,10,106,45,2,43,210.34,420.68,2.0,0.0,PACK_NOOD_16,Packaged Foods,Delayed / Missing Inbound Replenishment,9044.62
20260111,21,69,54,0,54,49.81,0.0,0.0,0.0,SNAC_CHOC_09,Snacks,Delayed / Missing Inbound Replenishment,2689.74
20260111,22,43,123,64,59,43.03,2753.92,64.0,0.0,BEVE_TEA _13,Beverages,Unforecasted Demand Spike,2538.77
20260111,22,83,128,65,63,152.46,9909.9,65.0,0.0,SNAC_NAMK_23,Snacks,Unforecasted Demand Spike,9604.98
20260111,22,138,108,67,41,22.67,1518.89,67.0,0.0,FRUI_DAIL_18,Fruits & Vegetables,Unforecasted Demand Spike,929.47
20260111,22,179,63,62,1,497.99,30875.38,62.0,0.0,STAP_EDIB_29,Staples,Unforecasted Demand Spike,497.99
20260111,23,13,107,84,23,121.24,10184.16,84.0,0.0,DAIR_BUTT_13,Dairy,Unforecasted Demand Spike,2788.52
20260111,23,28,56,45,11,39.17,1762.65,45.0,0.0,DAIR_BUTT_28,Dairy,Unforecasted Demand Spike,430.87
20260111,23,118,155,134,21,241.31,32335.54,134.0,0.0,PACK_SAUC_28,Packaged Foods,Unforecasted Demand Spike,5067.51
20260111,23,189,17,11,6,124.58,1370.38,11.0,0.0,PERS_SKIN_09,Personal Care,Forecast Underestimation & Buffer Shortage,747.48
20260111,23,268,55,37,18,129.29,4783.73,37.0,0.0,BABY_BABY_28,Baby Care,Unforecasted Demand Spike,2327.22
20260111,25,28,145,111,34,39.17,4347.87,111.0,0.0,DAIR_BUTT_28,Dairy,Unforecasted Demand Spike,1331.78
20260111,25,120,43,17,26,117.17,1991.89,17.0,0.0,PACK_READ_30,Packaged Foods,Unforecasted Demand Spike,3046.42
20260111,26,47,268,245,23,107.14,26249.3,245.0,0.0,BEVE_COLD_17,Beverages,Unforecasted Demand Spike,2464.22
20260111,28,87,94,77,17,201.63,15525.51,77.0,0.0,SNAC_BISC_27,Snacks,Unforecasted Demand Spike,3427.71
20260111,35,91,21,19,2,240.18,4563.42,19.0,0.0,PACK_NOOD_01,Packaged Foods,Forecast Underestimation & Buffer Shortage,480.36
20260111,39,116,50,39,11,86.96,3391.44,39.0,0.0,PACK_NOOD_26,Packaged Foods,Unforecasted Demand Spike,956.56
20260111,39,165,107,82,25,296.84,24340.88,82.0,0.0,STAP_SPIC_15,Staples,Unforecasted Demand Spike,7421.0
20260112,1,51,42,29,13,82.5,2392.5,29.0,0.0,BEVE_JUIC_21,Beverages,Unforecasted Demand Spike,1072.5
20260112,2,262,31,20,11,373.45,7469.0,20.0,0.0,BABY_BABY_22,Baby Care,Forecast Underestimation & Buffer Shortage,4107.95
20260112,9,48,45,41,4,54.7,2242.7,41.0,0.0,BEVE_TEA _18,Beverages,Unforecasted Demand Spike,218.8
20260112,10,79,58,0,58,110.76,0.0,0.0,0.0,SNAC_CHOC_19,Snacks,Delayed / Missing Inbound Replenishment,6424.08
20260112,10,182,37,35,2,79.48,2781.8,35.0,0.0,PERS_HAIR_02,Personal Care,Forecast Underestimation & Buffer Shortage,158.96
20260112,12,54,69,68,1,85.37,5805.16,68.0,0.0,BEVE_ENER_24,Beverages,Unforecasted Demand Spike,85.37
20260112,14,104,41,35,6,98.3,3440.5,35.0,0.0,PACK_BREA_14,Packaged Foods,Unforecasted Demand Spike,589.8
20260112,14,142,205,175,30,64.0,11200.0,175.0,0.0,FRUI_EXOT_22,Fruits & Vegetables,Unforecasted Demand Spike,1920.0
20260112,20,133,45,29,16,89.15,2585.35,29.0,0.0,FRUI_DAIL_13,Fruits & Vegetables,Unforecasted Demand Spike,1426.4
20260112,23,109,17,14,3,206.34,2888.76,14.0,0.0,PACK_BREA_19,Packaged Foods,Forecast Underestimation & Buffer Shortage,619.02
20260112,23,186,12,8,4,217.4,1739.2,8.0,0.0,PERS_SOAP_06,Personal Care,Forecast Underestimation & Buffer Shortage,869.6
20260112,25,91,18,12,6,240.18,2882.16,12.0,0.0,PACK_NOOD_01,Packaged Foods,Forecast Underestimation & Buffer Shortage,1441.08
20260112,26,47,50,0,50,107.14,0.0,0.0,0.0,BEVE_COLD_17,Beverages,Delayed / Missing Inbound Replenishment,5357.0
20260112,39,177,22,19,3,113.98,2165.62,19.0,0.0,STAP_RICE_27,Staples,Forecast Underestimation & Buffer Shortage,341.94
20260113,1,56,214,181,33,37.24,6740.44,181.0,0.0,BEVE_JUIC_26,Beverages,Unforecasted Demand Spike,1228.92
20260113,14,142,57,0,57,64.0,0.0,0.0,0.0,FRUI_EXOT_22,Fruits & Vegetables,Delayed / Missing Inbound Replenishment,3648.0
20260113,22,176,16,12,4,283.47,3401.64,12.0,0.0,STAP_ATTA_26,Staples,Forecast Underestimation & Buffer Shortage,1133.88
20260114,11,142,48,47,1,64.0,3008.0,47.0,0.0,FRUI_EXOT_22,Fruits & Vegetables,Unforecasted Demand Spike,64.0
20260114,29,58,62,43,19,99.9,4295.7,43.0,0.0,BEVE_TEA _28,Beverages,Unforecasted Demand Spike,1898.1
20260115,21,266,18,17,1,106.13,1804.21,17.0,0.0,BABY_BABY_26,Baby Care,Forecast Underestimation & Buffer Shortage,106.13
20260115,23,182,40,35,5,79.48,2781.8,35.0,0.0,PERS_HAIR_02,Personal Care,Forecast Underestimation & Buffer Shortage,397.4
20260115,29,136,126,104,22,104.61,10879.44,104.0,0.0,FRUI_FRES_16,Fruits & Vegetables,Unforecasted Demand Spike,2301.42
20260115,35,226,36,29,7,300.71,8720.59,29.0,0.0,HOUS_DETE_16,Household,Forecast Underestimation & Buffer Shortage,2104.97
20260116,1,53,313,263,50,36.4,9573.2,263.0,0.0,BEVE_TEA _23,Beverages,Unforecasted Demand Spike,1820.0
20260116,7,284,28,17,11,420.04,7140.68,17.0,0.0,PET _CAT _14,Pet Care,Forecast Underestimation & Buffer Shortage,4620.44
20260116,16,6,378,259,119,50.9,13183.1,259.0,0.0,DAIR_MILK_06,Dairy,Unforecasted Demand Spike,6057.1
20260116,19,116,137,109,28,86.96,9478.64,109.0,0.0,PACK_NOOD_26,Packaged Foods,Unforecasted Demand Spike,2434.88
20260116,22,37,66,65,1,93.59,6083.35,65.0,0.0,BEVE_COLD_07,Beverages,Unforecasted Demand Spike,93.59
20260116,22,205,6,5,1,130.63,653.15,5.0,0.0,PERS_SANI_25,Personal Care,Forecast Underestimation & Buffer Shortage,130.63
20260116,23,292,13,10,3,251.82,2518.2,10.0,0.0,PET _CAT _22,Pet Care,Forecast Underestimation & Buffer Shortage,755.46
20260116,29,288,13,12,1,322.74,3872.88,12.0,0.0,PET _CAT _18,Pet Care,Forecast Underestimation & Buffer Shortage,322.74
20260116,32,5,35,33,2,94.1,3105.3,33.0,0.0,DAIR_PANE_05,Dairy,Forecast Underestimation & Buffer Shortage,188.2
20260117,1,144,97,92,5,40.24,3702.08,92.0,0.0,FRUI_SEAS_24,Fruits & Vegetables,Unforecasted Demand Spike,201.2
20260117,1,211,15,12,3,194.68,2336.16,12.0,0.0,HOUS_DETE_01,Household,Forecast Underestimation & Buffer Shortage,584.04
20260117,4,288,11,10,1,322.74,3227.4,10.0,0.0,PET _CAT _18,Pet Care,Forecast Underestimation & Buffer Shortage,322.74
20260117,7,230,17,12,5,79.04,948.48,12.0,0.0,HOUS_REPE_20,Household,Forecast Underestimation & Buffer Shortage,395.2
20260117,9,10,241,234,7,104.2,24382.8,234.0,0.0,DAIR_PANE_10,Dairy,Unforecasted Demand Spike,729.4
20260117,9,183,35,33,2,368.48,12159.84,33.0,0.0,PERS_ORAL_03,Personal Care,Forecast Underestimation & Buffer Shortage,736.96
20260117,14,284,8,7,1,420.04,2940.28,7.0,0.0,PET _CAT _14,Pet Care,Forecast Underestimation & Buffer Shortage,420.04
20260117,17,161,72,41,31,425.67,17452.47,41.0,0.0,STAP_ATTA_11,Staples,Unforecasted Demand Spike,13195.77
20260117,17,202,43,34,9,60.61,2060.74,34.0,0.0,PERS_HAIR_22,Personal Care,Unforecasted Demand Spike,545.49
20260117,21,151,48,38,10,401.39,15252.82,38.0,0.0,STAP_ATTA_01,Staples,Unforecasted Demand Spike,4013.9
20260117,22,174,203,162,41,511.67,82890.54,162.0,0.0,STAP_EDIB_24,Staples,Unforecasted Demand Spike,20978.47
20260117,25,5,209,52,157,94.1,4893.2,52.0,0.0,DAIR_PANE_05,Dairy,Unforecasted Demand Spike,14773.7
20260117,25,133,97,79,18,89.15,7042.85,79.0,0.0,FRUI_DAIL_13,Fruits & Vegetables,Unforecasted Demand Spike,1604.7
20260117,26,118,50,48,2,241.31,11582.88,48.0,0.0,PACK_SAUC_28,Packaged Foods,Unforecasted Demand Spike,482.62
20260117,27,290,6,5,1,240.2,1201.0,5.0,0.0,PET _PET _20,Pet Care,Forecast Underestimation & Buffer Shortage,240.2
20260117,29,10,97,92,5,104.2,9586.4,92.0,0.0,DAIR_PANE_10,Dairy,Unforecasted Demand Spike,521.0
20260117,29,129,67,61,6,73.51,4484.11,61.0,0.0,FRUI_SEAS_09,Fruits & Vegetables,Unforecasted Demand Spike,441.06
20260117,29,146,188,131,57,35.06,4592.86,131.0,0.0,FRUI_FRES_26,Fruits & Vegetables,Unforecasted Demand Spike,1998.42
20260117,29,183,13,9,4,368.48,3316.32,9.0,0.0,PERS_ORAL_03,Personal Care,Forecast Underestimation & Buffer Shortage,1473.92
20260117,32,83,294,217,77,152.46,33083.82,217.0,0.0,SNAC_NAMK_23,Snacks,Unforecasted Demand Spike,11739.42
20260118,4,239,6,5,1,128.19,640.95,5.0,0.0,HOUS_DISP_29,Household,Forecast Underestimation & Buffer Shortage,128.19
20260118,7,52,52,49,3,138.55,6788.95,49.0,0.0,BEVE_COLD_22,Beverages,Unforecasted Demand Spike,415.65
20260118,7,225,10,8,2,127.69,1021.52,8.0,0.0,HOUS_REPE_15,Household,Forecast Underestimation & Buffer Shortage,255.38
20260118,8,11,70,69,1,214.92,14829.48,69.0,0.0,DAIR_MILK_11,Dairy,Unforecasted Demand Spike,214.92
20260118,9,230,8,5,3,79.04,395.2,5.0,0.0,HOUS_REPE_20,Household,Forecast Underestimation & Buffer Shortage,237.12
20260118,10,81,304,232,72,104.22,24179.04,232.0,0.0,SNAC_CHIP_21,Snacks,Unforecasted Demand Spike,7503.84
20260118,11,127,181,135,46,116.97,15790.95,135.0,0.0,FRUI_EXOT_07,Fruits & Vegetables,Unforecasted Demand Spike,5380.62
20260118,12,230,8,6,2,79.04,474.24,6.0,0.0,HOUS_REPE_20,Household,Forecast Underestimation & Buffer Shortage,158.08
20260118,16,53,120,83,37,36.4,3021.2,83.0,0.0,BEVE_TEA _23,Beverages,Unforecasted Demand Spike,1346.8
20260118,16,257,53,19,34,338.9,6439.1,19.0,0.0,BABY_DIAP_17,Baby Care,Unforecasted Demand Spike,11522.6
20260118,17,42,122,118,4,54.5,6431.0,118.0,0.0,BEVE_COLD_12,Beverages,Unforecasted Demand Spike,218.0
20260118,17,202,17,0,17,60.61,0.0,0.0,0.0,PERS_HAIR_22,Personal Care,Delayed / Missing Inbound Replenishment,1030.37
20260118,22,17,115,111,4,108.57,12051.27,112.0,0.0,DAIR_CURD_17,Dairy,Unforecasted Demand Spike,434.28
20260118,22,101,63,27,36,130.93,3535.11,27.0,0.0,PACK_NOOD_11,Packaged Foods,Unforecasted Demand Spike,4713.48
20260118,22,118,137,93,44,241.31,22441.83,93.0,0.0,PACK_SAUC_28,Packaged Foods,Unforecasted Demand Spike,10617.64
20260118,22,174,68,0,68,511.67,0.0,0.0,0.0,STAP_EDIB_24,Staples,Delayed / Missing Inbound Replenishment,34793.56
20260118,22,241,203,114,89,535.8,61081.2,114.0,0.0,BABY_DIAP_01,Baby Care,Unforecasted Demand Spike,47686.2
20260118,23,75,172,120,52,85.91,10309.2,120.0,0.0,SNAC_NUTS_15,Snacks,Unforecasted Demand Spike,4467.32
20260118,23,188,8,4,4,169.27,677.08,4.0,0.0,PERS_ORAL_08,Personal Care,Delayed / Missing Inbound Replenishment,677.08
20260118,23,270,25,21,4,593.12,12455.52,21.0,0.0,BABY_BABY_30,Baby Care,Forecast Underestimation & Buffer Shortage,2372.48
20260118,26,32,140,100,40,101.75,10175.0,100.0,0.0,BEVE_COLD_02,Beverages,Unforecasted Demand Spike,4070.0
20260118,26,95,94,59,35,133.43,7872.37,59.0,0.0,PACK_READ_05,Packaged Foods,Unforecasted Demand Spike,4670.05
20260118,26,113,111,87,24,200.74,17464.38,87.0,0.0,PACK_SAUC_23,Packaged Foods,Unforecasted Demand Spike,4817.76
20260118,26,131,230,195,35,100.09,19517.55,195.0,0.0,FRUI_FRES_11,Fruits & Vegetables,Unforecasted Demand Spike,3503.15
20260118,26,225,37,22,15,127.69,2809.18,22.0,0.0,HOUS_REPE_15,Household,Forecast Underestimation & Buffer Shortage,1915.35
20260118,26,228,22,21,1,213.73,4488.33,21.0,0.0,HOUS_CLEA_18,Household,Forecast Underestimation & Buffer Shortage,213.73
20260118,29,146,86,0,86,35.06,0.0,0.0,0.0,FRUI_FRES_26,Fruits & Vegetables,Delayed / Missing Inbound Replenishment,3015.16
20260118,29,191,22,18,4,184.94,3328.92,18.0,0.0,PERS_SOAP_11,Personal Care,Forecast Underestimation & Buffer Shortage,739.76
20260118,29,241,154,86,68,535.8,46078.8,87.0,0.0,BABY_DIAP_01,Baby Care,Unforecasted Demand Spike,36434.4
20260118,32,234,10,4,6,54.85,219.4,4.0,0.0,HOUS_DISP_24,Household,Delayed / Missing Inbound Replenishment,329.1
20260119,2,220,8,5,3,256.13,1280.65,5.0,0.0,HOUS_REPE_10,Household,Forecast Underestimation & Buffer Shortage,768.39
20260119,2,256,31,25,6,441.88,11047.0,25.0,0.0,BABY_BABY_16,Baby Care,Forecast Underestimation & Buffer Shortage,2651.28
20260119,16,187,7,3,4,341.21,1023.63,3.0,0.0,PERS_HAIR_07,Personal Care,Delayed / Missing Inbound Replenishment,1364.84
20260119,19,88,56,48,8,137.62,6605.76,48.0,0.0,SNAC_NAMK_28,Snacks,Unforecasted Demand Spike,1100.96
20260119,19,228,12,11,1,213.73,2351.03,11.0,0.0,HOUS_CLEA_18,Household,Forecast Underestimation & Buffer Shortage,213.73
20260119,21,278,7,5,2,408.17,2040.85,5.0,0.0,PET _PET _08,Pet Care,Forecast Underestimation & Buffer Shortage,816.34
20260119,22,150,38,35,3,97.84,3424.4,35.0,0.0,FRUI_CUT _30,Fruits & Vegetables,Forecast Underestimation & Buffer Shortage,293.52
20260119,22,174,41,0,41,511.67,0.0,0.0,0.0,STAP_EDIB_24,Staples,Delayed / Missing Inbound Replenishment,20978.47
20260119,23,75,41,0,41,85.91,0.0,0.0,0.0,SNAC_NUTS_15,Snacks,Delayed / Missing Inbound Replenishment,3522.31
20260119,23,88,60,52,8,137.62,7156.24,52.0,0.0,SNAC_NAMK_28,Snacks,Unforecasted Demand Spike,1100.96
20260119,26,225,7,0,7,127.69,0.0,0.0,0.0,HOUS_REPE_15,Household,Delayed / Missing Inbound Replenishment,893.83
20260119,32,234,6,0,6,54.85,0.0,0.0,0.0,HOUS_DISP_24,Household,Delayed / Missing Inbound Replenishment,329.1
20260119,35,100,30,22,8,109.11,2400.42,22.0,0.0,PACK_READ_10,Packaged Foods,Forecast Underestimation & Buffer Shortage,872.88
20260120,2,256,29,0,29,441.88,0.0,0.0,0.0,BABY_BABY_16,Baby Care,Delayed / Missing Inbound Replenishment,12814.52
20260120,16,24,84,50,34,103.72,5186.0,50.0,0.0,DAIR_CHEE_24,Dairy,Unforecasted Demand Spike,3526.48
20260120,16,187,7,0,7,341.21,0.0,0.0,0.0,PERS_HAIR_07,Personal Care,Delayed / Missing Inbound Replenishment,2388.47
20260120,19,88,53,0,53,137.62,0.0,0.0,0.0,SNAC_NAMK_28,Snacks,Delayed / Missing Inbound Replenishment,7293.86
20260120,22,105,33,17,16,171.63,2917.71,17.0,0.0,PACK_READ_15,Packaged Foods,Forecast Underestimation & Buffer Shortage,2746.08
20260120,29,207,6,4,2,160.21,640.84,4.0,0.0,PERS_HAIR_27,Personal Care,Delayed / Missing Inbound Replenishment,320.42
20260120,35,100,31,0,31,109.11,0.0,0.0,0.0,PACK_READ_10,Packaged Foods,Delayed / Missing Inbound Replenishment,3382.41
20260121,2,55,57,52,5,76.58,3982.16,52.0,0.0,BEVE_WATE_25,Beverages,Unforecasted Demand Spike,382.9
20260121,2,161,57,42,15,425.67,17878.14,42.0,0.0,STAP_ATTA_11,Staples,Unforecasted Demand Spike,6385.05
20260121,12,83,252,219,33,152.46,33388.74,219.0,0.0,SNAC_NAMK_23,Snacks,Unforecasted Demand Spike,5031.18
20260121,19,88,52,0,52,137.62,0.0,0.0,0.0,SNAC_NAMK_28,Snacks,Delayed / Missing Inbound Replenishment,7156.24
20260121,23,32,86,52,34,101.75,5291.0,52.0,0.0,BEVE_COLD_02,Beverages,Unforecasted Demand Spike,3459.5
20260121,35,100,28,0,28,109.11,0.0,0.0,0.0,PACK_READ_10,Packaged Foods,Delayed / Missing Inbound Replenishment,3055.08
20260121,40,93,53,43,10,62.66,2694.38,43.0,0.0,PACK_SAUC_03,Packaged Foods,Unforecasted Demand Spike,626.6
20260122,12,10,195,188,7,104.2,19589.6,188.0,0.0,DAIR_PANE_10,Dairy,Unforecasted Demand Spike,729.4
20260122,29,255,22,18,4,500.03,9000.54,18.0,0.0,BABY_BABY_15,Baby Care,Forecast Underestimation & Buffer Shortage,2000.12
20260123,17,232,26,24,2,162.1,3890.4,24.0,0.0,HOUS_DISH_22,Household,Forecast Underestimation & Buffer Shortage,324.2
20260123,22,149,89,38,51,103.98,3951.24,38.0,0.0,FRUI_SEAS_29,Fruits & Vegetables,Unforecasted Demand Spike,5302.98
20260123,25,107,32,4,28,60.31,241.24,4.0,0.0,PACK_PAST_17,Packaged Foods,Delayed / Missing Inbound Replenishment,1688.68
20260123,26,211,13,8,5,194.68,1557.44,8.0,0.0,HOUS_DETE_01,Household,Forecast Underestimation & Buffer Shortage,973.4
20260123,29,16,72,59,13,137.79,8129.61,59.0,0.0,DAIR_MILK_16,Dairy,Unforecasted Demand Spike,1791.27
20260123,29,213,8,7,1,243.34,1703.38,7.0,0.0,HOUS_CLEA_03,Household,Forecast Underestimation & Buffer Shortage,243.34
20260123,34,9,131,115,16,167.11,19217.65,115.0,0.0,DAIR_CHEE_09,Dairy,Unforecasted Demand Spike,2673.76
20260124,3,118,108,95,13,241.31,22924.45,95.0,0.0,PACK_SAUC_28,Packaged Foods,Unforecasted Demand Spike,3137.03
20260124,4,52,141,125,16,138.55,17318.75,125.0,0.0,BEVE_COLD_22,Beverages,Unforecasted Demand Spike,2216.8
20260124,16,30,349,257,92,165.95,42649.15,257.0,0.0,DAIR_PANE_30,Dairy,Unforecasted Demand Spike,15267.4
20260124,17,182,18,15,3,79.48,1192.2,15.0,0.0,PERS_HAIR_02,Personal Care,Forecast Underestimation & Buffer Shortage,238.44
20260124,18,81,325,224,101,104.22,23345.28,224.0,0.0,SNAC_CHIP_21,Snacks,Unforecasted Demand Spike,10526.22
20260124,19,75,59,55,4,85.91,4725.05,55.0,0.0,SNAC_NUTS_15,Snacks,Unforecasted Demand Spike,343.64
20260124,22,13,120,87,33,121.24,10547.88,87.0,0.0,DAIR_BUTT_13,Dairy,Unforecasted Demand Spike,4000.92
20260124,22,99,29,22,7,156.42,3441.24,22.0,0.0,PACK_BREA_09,Packaged Foods,Forecast Underestimation & Buffer Shortage,1094.94
20260124,22,136,196,163,33,104.61,17051.43,163.0,0.0,FRUI_FRES_16,Fruits & Vegetables,Unforecasted Demand Spike,3452.13
20260124,25,144,123,117,6,40.24,4708.08,117.0,0.0,FRUI_SEAS_24,Fruits & Vegetables,Unforecasted Demand Spike,241.44
20260124,28,206,6,5,1,99.42,497.1,5.0,0.0,PERS_SOAP_26,Personal Care,Forecast Underestimation & Buffer Shortage,99.42
20260124,29,125,62,43,19,50.66,2178.38,43.0,0.0,FRUI_CUT _05,Fruits & Vegetables,Unforecasted Demand Spike,962.54
20260124,32,33,211,150,61,72.36,10854.0,150.0,0.0,BEVE_TEA _03,Beverages,Unforecasted Demand Spike,4413.96
20260124,32,149,199,163,36,103.98,16948.74,163.0,0.0,FRUI_SEAS_29,Fruits & Vegetables,Unforecasted Demand Spike,3743.28
20260124,35,67,90,88,2,113.98,10030.24,88.0,0.0,SNAC_BISC_07,Snacks,Unforecasted Demand Spike,227.96
20260124,36,251,91,83,8,167.64,13914.12,83.0,0.0,BABY_BABY_11,Baby Care,Unforecasted Demand Spike,1341.12
20260124,39,10,298,288,10,104.2,30009.6,288.0,0.0,DAIR_PANE_10,Dairy,Unforecasted Demand Spike,1042.0
20260124,40,228,16,15,1,213.73,3205.95,15.0,0.0,HOUS_CLEA_18,Household,Forecast Underestimation & Buffer Shortage,213.73
20260124,40,292,18,10,8,251.82,2518.2,10.0,0.0,PET _CAT _22,Pet Care,Forecast Underestimation & Buffer Shortage,2014.56
20260125,1,187,32,24,8,341.21,8189.04,24.0,0.0,PERS_HAIR_07,Personal Care,Forecast Underestimation & Buffer Shortage,2729.68
20260125,2,239,6,3,3,128.19,384.57,3.0,0.0,HOUS_DISP_29,Household,Delayed / Missing Inbound Replenishment,384.57
20260125,3,76,313,240,73,64.61,15506.4,240.0,0.0,SNAC_CHIP_16,Snacks,Unforecasted Demand Spike,4716.53
20260125,7,163,28,17,11,338.27,5750.59,17.0,0.0,STAP_DALS_13,Staples,Forecast Underestimation & Buffer Shortage,3720.97
20260125,7,172,143,124,19,441.39,54732.36,124.0,0.0,STAP_RICE_22,Staples,Unforecasted Demand Spike,8386.41
20260125,7,244,123,65,58,106.9,6948.5,65.0,0.0,BABY_BABY_04,Baby Care,Unforecasted Demand Spike,6200.2
20260125,7,290,7,3,4,240.2,720.6,3.0,0.0,PET _PET _20,Pet Care,Delayed / Missing Inbound Replenishment,960.8
20260125,8,4,94,77,17,63.86,4917.22,77.0,0.0,DAIR_CHEE_04,Dairy,Unforecasted Demand Spike,1085.62
20260125,8,139,99,8,91,82.55,660.4,8.0,0.0,FRUI_SEAS_19,Fruits & Vegetables,Unforecasted Demand Spike,7512.05
20260125,9,158,110,55,55,65.45,3599.75,55.0,0.0,STAP_DALS_08,Staples,Unforecasted Demand Spike,3599.75
20260125,10,12,136,105,31,143.6,15078.0,105.0,0.0,DAIR_CURD_12,Dairy,Unforecasted Demand Spike,4451.6
20260125,10,67,490,212,278,113.98,24163.76,212.0,0.0,SNAC_BISC_07,Snacks,Unforecasted Demand Spike,31686.44
20260125,10,256,48,36,12,441.88,15907.68,36.0,0.0,BABY_BABY_16,Baby Care,Unforecasted Demand Spike,5302.56
20260125,11,202,13,3,10,60.61,181.83,3.0,0.0,PERS_HAIR_22,Personal Care,Delayed / Missing Inbound Replenishment,606.1
20260125,12,284,8,6,2,420.04,2520.24,6.0,0.0,PET _CAT _14,Pet Care,Forecast Underestimation & Buffer Shortage,840.08
20260125,14,67,466,287,179,113.98,32712.26,287.0,0.0,SNAC_BISC_07,Snacks,Unforecasted Demand Spike,20402.42
20260125,14,259,25,10,15,361.83,3618.3,10.0,0.0,BABY_BABY_19,Baby Care,Forecast Underestimation & Buffer Shortage,5427.45
20260125,16,30,115,0,115,165.95,0.0,0.0,0.0,DAIR_PANE_30,Dairy,Delayed / Missing Inbound Replenishment,19084.25
20260125,16,183,31,30,1,368.48,11054.4,30.0,0.0,PERS_ORAL_03,Personal Care,Forecast Underestimation & Buffer Shortage,368.48
20260125,16,191,18,9,9,184.94,1664.46,9.0,0.0,PERS_SOAP_11,Personal Care,Forecast Underestimation & Buffer Shortage,1664.46
20260125,17,66,484,293,191,45.9,13448.7,293.0,0.0,SNAC_CHIP_06,Snacks,Unforecasted Demand Spike,8766.9
20260125,18,81,134,0,134,104.22,0.0,0.0,0.0,SNAC_CHIP_21,Snacks,Delayed / Missing Inbound Replenishment,13965.48
20260125,18,181,17,15,2,226.19,3392.85,15.0,0.0,PERS_SOAP_01,Personal Care,Forecast Underestimation & Buffer Shortage,452.38
20260125,19,110,58,40,18,43.46,1738.4,40.0,0.0,PACK_READ_20,Packaged Foods,Unforecasted Demand Spike,782.28
20260125,19,192,7,4,3,357.65,1430.6,4.0,0.0,PERS_HAIR_12,Personal Care,Delayed / Missing Inbound Replenishment,1072.95
20260125,21,11,81,78,3,214.92,16763.76,78.0,0.0,DAIR_MILK_11,Dairy,Unforecasted Demand Spike,644.76
20260125,21,94,34,24,10,81.81,1963.44,24.0,0.0,PACK_BREA_04,Packaged Foods,Forecast Underestimation & Buffer Shortage,818.1
20260125,21,165,104,54,50,296.84,16029.36,54.0,0.0,STAP_SPIC_15,Staples,Unforecasted Demand Spike,14842.0
20260125,21,192,9,8,1,357.65,2861.2,8.0,0.0,PERS_HAIR_12,Personal Care,Forecast Underestimation & Buffer Shortage,357.65
20260125,21,231,8,4,4,259.78,1039.12,4.0,0.0,HOUS_DETE_21,Household,Delayed / Missing Inbound Replenishment,1039.12
20260125,22,74,112,111,1,67.1,7448.1,111.0,0.0,SNAC_CHOC_14,Snacks,Unforecasted Demand Spike,67.1
20260125,22,128,75,18,57,101.33,1823.94,18.0,0.0,FRUI_DAIL_08,Fruits & Vegetables,Unforecasted Demand Spike,5775.81
20260125,22,145,301,169,132,66.24,11194.56,169.0,0.0,FRUI_CUT _25,Fruits & Vegetables,Unforecasted Demand Spike,8743.68
20260125,22,228,15,10,5,213.73,2137.3,10.0,0.0,HOUS_CLEA_18,Household,Forecast Underestimation & Buffer Shortage,1068.65
20260125,25,144,125,0,125,40.24,0.0,0.0,0.0,FRUI_SEAS_24,Fruits & Vegetables,Delayed / Missing Inbound Replenishment,5030.0
20260125,25,278,12,6,6,408.17,2449.02,6.0,0.0,PET _PET _08,Pet Care,Forecast Underestimation & Buffer Shortage,2449.02
20260125,26,183,12,8,4,368.48,2947.84,8.0,0.0,PERS_ORAL_03,Personal Care,Forecast Underestimation & Buffer Shortage,1473.92
20260125,26,247,41,29,12,404.16,11720.64,29.0,0.0,BABY_BABY_07,Baby Care,Unforecasted Demand Spike,4849.92
20260125,28,61,125,118,7,22.63,2670.34,118.0,0.0,SNAC_CHIP_01,Snacks,Unforecasted Demand Spike,158.41
20260125,29,167,61,27,34,387.95,10474.65,27.0,0.0,STAP_RICE_17,Staples,Unforecasted Demand Spike,13190.3
20260125,29,227,6,5,1,254.28,1271.4,5.0,0.0,HOUS_DISH_17,Household,Forecast Underestimation & Buffer Shortage,254.28
20260125,29,290,7,6,1,240.2,1441.2,6.0,0.0,PET _PET _20,Pet Care,Forecast Underestimation & Buffer Shortage,240.2
20260125,30,62,282,276,6,153.75,42435.0,276.0,0.0,SNAC_BISC_02,Snacks,Unforecasted Demand Spike,922.5
20260125,31,33,179,135,44,72.36,9768.6,135.0,0.0,BEVE_TEA _03,Beverages,Unforecasted Demand Spike,3183.84
20260125,31,114,33,30,3,58.62,1758.6,30.0,0.0,PACK_BREA_24,Packaged Foods,Forecast Underestimation & Buffer Shortage,175.86
20260125,31,262,139,87,52,373.45,32490.15,87.0,0.0,BABY_BABY_22,Baby Care,Unforecasted Demand Spike,19419.4
20260125,35,85,72,49,23,172.15,8435.35,49.0,0.0,SNAC_NUTS_25,Snacks,Unforecasted Demand Spike,3959.45
20260125,36,76,196,163,33,64.61,10531.43,163.0,0.0,SNAC_CHIP_16,Snacks,Unforecasted Demand Spike,2132.13
20260125,37,202,39,34,5,60.61,2060.74,34.0,0.0,PERS_HAIR_22,Personal Care,Forecast Underestimation & Buffer Shortage,303.05
20260125,40,88,120,108,12,137.62,14862.96,108.0,0.0,SNAC_NAMK_28,Snacks,Unforecasted Demand Spike,1651.44
20260125,40,292,7,0,7,251.82,0.0,0.0,0.0,PET _CAT _22,Pet Care,Delayed / Missing Inbound Replenishment,1762.74
20260126,1,187,7,0,7,341.21,0.0,0.0,0.0,PERS_HAIR_07,Personal Care,Delayed / Missing Inbound Replenishment,2388.47
20260126,1,298,10,9,1,544.35,4899.15,9.0,0.0,PET _PET _28,Pet Care,Forecast Underestimation & Buffer Shortage,544.35
20260126,2,66,90,82,8,45.9,3763.8,82.0,0.0,SNAC_CHIP_06,Snacks,Unforecasted Demand Spike,367.2
20260126,2,79,87,75,12,110.76,8307.0,75.0,0.0,SNAC_CHOC_19,Snacks,Unforecasted Demand Spike,1329.12
20260126,7,51,47,14,33,82.5,1155.0,14.0,0.0,BEVE_JUIC_21,Beverages,Unforecasted Demand Spike,2722.5
20260126,7,65,87,7,80,134.26,939.82,7.0,0.0,SNAC_NUTS_05,Snacks,Unforecasted Demand Spike,10740.8
20260126,7,69,44,29,15,49.81,1444.49,29.0,0.0,SNAC_CHOC_09,Snacks,Unforecasted Demand Spike,747.15
20260126,9,142,57,41,16,64.0,2624.0,41.0,0.0,FRUI_EXOT_22,Fruits & Vegetables,Unforecasted Demand Spike,1024.0
20260126,10,77,64,52,12,54.3,2823.6,52.0,0.0,SNAC_BISC_17,Snacks,Unforecasted Demand Spike,651.6
20260126,10,291,12,10,2,384.98,3849.8,10.0,0.0,PET _DOG _21,Pet Care,Forecast Underestimation & Buffer Shortage,769.96
20260126,11,235,31,28,3,297.9,8341.2,29.0,0.0,HOUS_REPE_25,Household,Forecast Underestimation & Buffer Shortage,893.7
20260126,16,75,52,41,11,85.91,3522.31,41.0,0.0,SNAC_NUTS_15,Snacks,Unforecasted Demand Spike,945.01
20260126,17,149,61,35,26,103.98,3639.3,35.0,0.0,FRUI_SEAS_29,Fruits & Vegetables,Unforecasted Demand Spike,2703.48
20260126,17,285,11,10,1,503.9,5039.0,10.0,0.0,PET _PET _15,Pet Care,Forecast Underestimation & Buffer Shortage,503.9
20260126,19,232,7,2,5,162.1,324.2,2.0,0.0,HOUS_DISH_22,Household,Delayed / Missing Inbound Replenishment,810.5
20260126,21,11,52,0,52,214.92,0.0,0.0,0.0,DAIR_MILK_11,Dairy,Delayed / Missing Inbound Replenishment,11175.84
20260126,21,12,86,18,68,143.6,2584.8,18.0,0.0,DAIR_CURD_12,Dairy,Unforecasted Demand Spike,9764.8
20260126,21,77,64,62,2,54.3,3366.6,62.0,0.0,SNAC_BISC_17,Snacks,Unforecasted Demand Spike,108.6
20260126,23,64,117,112,5,46.19,5173.28,112.0,0.0,SNAC_CHOC_04,Snacks,Unforecasted Demand Spike,230.95
20260126,23,78,107,97,10,133.29,12929.13,97.0,0.0,SNAC_NAMK_18,Snacks,Unforecasted Demand Spike,1332.9
20260126,23,160,45,37,8,181.06,6699.22,37.0,0.0,STAP_SPIC_10,Staples,Unforecasted Demand Spike,1448.48
20260126,26,62,89,87,2,153.75,13376.25,87.0,0.0,SNAC_BISC_02,Snacks,Unforecasted Demand Spike,307.5
20260126,27,73,219,87,132,92.13,8015.31,87.0,0.0,SNAC_NAMK_13,Snacks,Unforecasted Demand Spike,12161.16
20260126,27,83,79,73,6,152.46,11129.58,73.0,0.0,SNAC_NAMK_23,Snacks,Unforecasted Demand Spike,914.76
20260126,29,160,48,43,5,181.06,7785.58,43.0,0.0,STAP_SPIC_10,Staples,Unforecasted Demand Spike,905.3
20260126,29,265,40,37,3,163.3,6042.1,37.0,0.0,BABY_DIAP_25,Baby Care,Forecast Underestimation & Buffer Shortage,489.9
20260126,30,62,54,0,54,153.75,0.0,0.0,0.0,SNAC_BISC_02,Snacks,Delayed / Missing Inbound Replenishment,8302.5
20260126,31,291,32,25,7,384.98,9624.5,25.0,0.0,PET _DOG _21,Pet Care,Forecast Underestimation & Buffer Shortage,2694.86
20260126,39,210,8,7,1,212.16,1485.12,7.0,0.0,PERS_SANI_30,Personal Care,Forecast Underestimation & Buffer Shortage,212.16
20260126,40,88,76,0,76,137.62,0.0,0.0,0.0,SNAC_NAMK_28,Snacks,Delayed / Missing Inbound Replenishment,10459.12
20260126,40,248,22,3,19,475.65,1426.95,3.0,0.0,BABY_BABY_08,Baby Care,Delayed / Missing Inbound Replenishment,9037.35
20260127,14,65,90,60,30,134.26,8055.6,60.0,0.0,SNAC_NUTS_05,Snacks,Unforecasted Demand Spike,4027.8
20260127,16,68,71,52,19,178.74,9294.48,52.0,0.0,SNAC_NAMK_08,Snacks,Unforecasted Demand Spike,3396.06
20260127,21,12,78,0,78,143.6,0.0,0.0,0.0,DAIR_CURD_12,Dairy,Delayed / Missing Inbound Replenishment,11200.8
20260127,24,124,41,33,8,61.37,2025.21,33.0,0.0,FRUI_SEAS_04,Fruits & Vegetables,Unforecasted Demand Spike,490.96
20260127,25,265,32,26,6,163.3,4245.8,26.0,0.0,BABY_DIAP_25,Baby Care,Forecast Underestimation & Buffer Shortage,979.8
20260127,31,160,35,33,2,181.06,5974.98,33.0,0.0,STAP_SPIC_10,Staples,Forecast Underestimation & Buffer Shortage,362.12
20260127,40,40,184,181,3,137.08,24811.48,181.0,0.0,BEVE_WATE_10,Beverages,Unforecasted Demand Spike,411.24
20260128,10,74,127,48,79,67.1,3220.8,48.0,0.0,SNAC_CHOC_14,Snacks,Unforecasted Demand Spike,5300.9
20260128,10,75,33,32,1,85.91,2749.12,32.0,0.0,SNAC_NUTS_15,Snacks,Forecast Underestimation & Buffer Shortage,85.91
20260128,19,190,20,15,5,76.27,1144.05,15.0,0.0,PERS_SANI_10,Personal Care,Forecast Underestimation & Buffer Shortage,381.35
20260128,22,30,85,52,33,165.95,8629.4,52.0,0.0,DAIR_PANE_30,Dairy,Unforecasted Demand Spike,5476.35
20260128,22,276,26,8,18,419.68,3357.44,8.0,0.0,PET _CAT _06,Pet Care,Forecast Underestimation & Buffer Shortage,7554.24
20260128,25,38,185,133,52,48.32,6426.56,133.0,0.0,BEVE_TEA _08,Beverages,Unforecasted Demand Spike,2512.64
20260128,29,64,72,54,18,46.19,2494.26,54.0,0.0,SNAC_CHOC_04,Snacks,Unforecasted Demand Spike,831.42
20260128,29,77,175,138,37,54.3,7493.4,138.0,0.0,SNAC_BISC_17,Snacks,Unforecasted Demand Spike,2009.1
20260128,40,40,62,0,62,137.08,0.0,0.0,0.0,BEVE_WATE_10,Beverages,Delayed / Missing Inbound Replenishment,8498.96
20260129,2,122,66,18,48,111.96,2015.28,18.0,0.0,FRUI_EXOT_02,Fruits & Vegetables,Unforecasted Demand Spike,5374.08
20260129,14,296,12,10,2,84.64,846.4,10.0,0.0,PET _CAT _26,Pet Care,Forecast Underestimation & Buffer Shortage,169.28
20260129,16,194,34,28,6,365.21,10225.88,28.0,0.0,PERS_SKIN_14,Personal Care,Forecast Underestimation & Buffer Shortage,2191.26
20260129,22,10,232,180,52,104.2,18756.0,180.0,0.0,DAIR_PANE_10,Dairy,Unforecasted Demand Spike,5418.4
20260129,22,30,86,0,86,165.95,0.0,0.0,0.0,DAIR_PANE_30,Dairy,Delayed / Missing Inbound Replenishment,14271.7
20260129,26,204,16,15,1,199.5,2992.5,15.0,0.0,PERS_SKIN_24,Personal Care,Forecast Underestimation & Buffer Shortage,199.5
20260129,40,249,103,52,51,500.22,26011.44,52.0,0.0,BABY_DIAP_09,Baby Care,Unforecasted Demand Spike,25511.22
20260130,2,128,51,46,5,101.33,4661.18,46.0,0.0,FRUI_DAIL_08,Fruits & Vegetables,Unforecasted Demand Spike,506.65
20260130,3,77,200,151,49,54.3,8199.3,151.0,0.0,SNAC_BISC_17,Snacks,Unforecasted Demand Spike,2660.7
20260130,5,249,30,19,11,500.22,9504.18,19.0,0.0,BABY_DIAP_09,Baby Care,Forecast Underestimation & Buffer Shortage,5502.42
20260130,5,295,37,35,2,153.09,5358.15,35.0,0.0,PET _DOG _25,Pet Care,Forecast Underestimation & Buffer Shortage,306.18
20260130,7,125,163,117,46,50.66,5927.22,117.0,0.0,FRUI_CUT _05,Fruits & Vegetables,Unforecasted Demand Spike,2330.36
20260130,9,137,320,283,37,25.49,7213.67,283.0,0.0,FRUI_EXOT_17,Fruits & Vegetables,Unforecasted Demand Spike,943.13
20260130,9,211,40,33,7,194.68,6424.44,33.0,0.0,HOUS_DETE_01,Household,Forecast Underestimation & Buffer Shortage,1362.76
20260130,12,150,165,109,56,97.84,10664.56,109.0,0.0,FRUI_CUT _30,Fruits & Vegetables,Unforecasted Demand Spike,5479.04
20260130,12,246,49,30,19,162.35,4870.5,30.0,0.0,BABY_BABY_06,Baby Care,Unforecasted Demand Spike,3084.65
20260130,12,250,87,62,25,204.07,12652.34,62.0,0.0,BABY_BABY_10,Baby Care,Unforecasted Demand Spike,5101.75
20260130,15,95,67,57,10,133.43,7605.51,57.0,0.0,PACK_READ_05,Packaged Foods,Unforecasted Demand Spike,1334.3
20260130,19,159,40,20,20,560.31,11206.2,20.0,0.0,STAP_EDIB_09,Staples,Forecast Underestimation & Buffer Shortage,11206.2
20260130,21,161,68,54,14,425.67,22986.18,54.0,0.0,STAP_ATTA_11,Staples,Unforecasted Demand Spike,5959.38
20260130,22,30,109,0,109,165.95,0.0,0.0,0.0,DAIR_PANE_30,Dairy,Delayed / Missing Inbound Replenishment,18088.55
20260130,24,249,29,12,17,500.22,6002.64,12.0,0.0,BABY_DIAP_09,Baby Care,Forecast Underestimation & Buffer Shortage,8503.74
20260130,25,173,26,25,1,69.06,1726.5,25.0,0.0,STAP_DALS_23,Staples,Forecast Underestimation & Buffer Shortage,69.06
20260130,28,108,77,71,6,194.33,13797.43,71.0,0.0,PACK_SAUC_18,Packaged Foods,Unforecasted Demand Spike,1165.98
20260130,29,5,197,111,86,94.1,10445.1,111.0,0.0,DAIR_PANE_05,Dairy,Unforecasted Demand Spike,8092.6
20260130,40,67,163,99,64,113.98,11284.02,99.0,0.0,SNAC_BISC_07,Snacks,Unforecasted Demand Spike,7294.72
20260130,40,103,84,61,23,129.06,7872.66,61.0,0.0,PACK_SAUC_13,Packaged Foods,Unforecasted Demand Spike,2968.38
20260131,2,254,117,26,91,177.66,4619.16,26.0,0.0,BABY_BABY_14,Baby Care,Unforecasted Demand Spike,16167.06
20260131,3,172,167,156,11,441.39,68856.84,44.0,112.0,STAP_RICE_22,Staples,Unforecasted Demand Spike,4855.29
20260131,3,249,40,29,11,500.22,14506.38,29.0,0.0,BABY_DIAP_09,Baby Care,Forecast Underestimation & Buffer Shortage,5502.42
20260131,4,276,38,19,19,419.68,7973.92,19.0,0.0,PET _CAT _06,Pet Care,Forecast Underestimation & Buffer Shortage,7973.92
20260131,5,150,148,114,34,97.84,11153.76,114.0,0.0,FRUI_CUT _30,Fruits & Vegetables,Unforecasted Demand Spike,3326.56
20260131,6,157,27,20,7,143.25,2865.0,20.0,0.0,STAP_RICE_07,Staples,Forecast Underestimation & Buffer Shortage,1002.75
20260131,7,18,52,50,2,203.24,10162.0,50.0,0.0,DAIR_BUTT_18,Dairy,Unforecasted Demand Spike,406.48
20260131,11,181,40,32,8,226.19,7238.08,32.0,0.0,PERS_SOAP_01,Personal Care,Forecast Underestimation & Buffer Shortage,1809.52
20260131,12,156,53,46,7,342.35,15748.1,46.0,0.0,STAP_ATTA_06,Staples,Unforecasted Demand Spike,2396.45
20260131,12,196,14,13,1,94.9,1233.7,13.0,0.0,PERS_SOAP_16,Personal Care,Forecast Underestimation & Buffer Shortage,94.9
20260131,14,102,155,149,6,103.03,15351.47,149.0,0.0,PACK_PAST_12,Packaged Foods,Unforecasted Demand Spike,618.18
20260131,14,120,147,118,29,117.17,13826.06,46.0,72.0,PACK_READ_30,Packaged Foods,Unforecasted Demand Spike,3397.93
20260131,15,1,290,192,98,95.23,18284.16,192.0,0.0,DAIR_MILK_01,Dairy,Unforecasted Demand Spike,9332.54
20260131,16,42,460,298,162,54.5,16241.0,298.0,0.0,BEVE_COLD_12,Beverages,Unforecasted Demand Spike,8829.0
20260131,18,264,74,28,46,127.0,3556.0,28.0,0.0,BABY_BABY_24,Baby Care,Unforecasted Demand Spike,5842.0
20260131,19,266,26,25,1,106.13,2653.25,25.0,0.0,BABY_BABY_26,Baby Care,Forecast Underestimation & Buffer Shortage,106.13
20260131,19,300,44,34,10,282.52,9605.68,34.0,0.0,PET _CAT _30,Pet Care,Unforecasted Demand Spike,2825.2
20260131,20,121,77,76,1,26.81,2037.56,76.0,0.0,FRUI_FRES_01,Fruits & Vegetables,Unforecasted Demand Spike,26.81
20260131,21,67,95,93,2,113.98,10600.14,93.0,0.0,SNAC_BISC_07,Snacks,Unforecasted Demand Spike,227.96
20260131,21,97,35,28,7,44.34,1241.52,28.0,0.0,PACK_PAST_07,Packaged Foods,Forecast Underestimation & Buffer Shortage,310.38
20260131,22,15,99,81,18,51.04,4134.24,81.0,0.0,DAIR_PANE_15,Dairy,Unforecasted Demand Spike,918.72
20260131,22,199,10,9,1,251.52,2263.68,9.0,0.0,PERS_SKIN_19,Personal Care,Forecast Underestimation & Buffer Shortage,251.52
20260131,22,209,9,6,3,108.95,653.7,6.0,0.0,PERS_SKIN_29,Personal Care,Forecast Underestimation & Buffer Shortage,326.85
20260131,22,251,156,130,26,167.64,21793.2,130.0,0.0,BABY_BABY_11,Baby Care,Unforecasted Demand Spike,4358.64
20260131,22,280,19,17,2,252.36,4290.12,17.0,0.0,PET _CAT _10,Pet Care,Forecast Underestimation & Buffer Shortage,504.72
20260131,22,300,16,13,3,282.52,3672.76,13.0,0.0,PET _CAT _30,Pet Care,Forecast Underestimation & Buffer Shortage,847.56
20260131,23,66,107,84,23,45.9,3855.6,84.0,0.0,SNAC_CHIP_06,Snacks,Unforecasted Demand Spike,1055.7
20260131,23,163,37,31,6,338.27,10486.37,31.0,0.0,STAP_DALS_13,Staples,Forecast Underestimation & Buffer Shortage,2029.62
20260131,23,168,62,58,4,166.75,9671.5,58.0,0.0,STAP_DALS_18,Staples,Unforecasted Demand Spike,667.0
20260131,23,196,9,7,2,94.9,664.3,7.0,0.0,PERS_SOAP_16,Personal Care,Forecast Underestimation & Buffer Shortage,189.8
20260131,23,226,24,20,4,300.71,6014.2,20.0,0.0,HOUS_DETE_16,Household,Forecast Underestimation & Buffer Shortage,1202.84
20260131,25,10,94,75,19,104.2,7815.0,75.0,0.0,DAIR_PANE_10,Dairy,Unforecasted Demand Spike,1979.8
20260131,25,254,38,37,1,177.66,6573.42,37.0,0.0,BABY_BABY_14,Baby Care,Forecast Underestimation & Buffer Shortage,177.66
20260131,26,92,46,44,2,52.51,2310.44,44.0,0.0,PACK_PAST_02,Packaged Foods,Unforecasted Demand Spike,105.02
20260131,26,99,29,27,2,156.42,4223.34,27.0,0.0,PACK_BREA_09,Packaged Foods,Forecast Underestimation & Buffer Shortage,312.84
20260131,28,165,46,44,2,296.84,13060.96,44.0,0.0,STAP_SPIC_15,Staples,Unforecasted Demand Spike,593.68
20260131,29,90,107,99,8,177.61,17583.39,99.0,0.0,SNAC_NUTS_30,Snacks,Unforecasted Demand Spike,1420.88
20260131,29,108,37,21,16,194.33,4080.93,21.0,0.0,PACK_SAUC_18,Packaged Foods,Forecast Underestimation & Buffer Shortage,3109.28
20260131,29,133,110,9,101,89.15,802.35,9.0,0.0,FRUI_DAIL_13,Fruits & Vegetables,Unforecasted Demand Spike,9004.15
20260131,29,150,65,41,24,97.84,4011.44,41.0,0.0,FRUI_CUT _30,Fruits & Vegetables,Unforecasted Demand Spike,2348.16
20260131,29,166,49,47,2,248.86,11696.42,47.0,0.0,STAP_ATTA_16,Staples,Unforecasted Demand Spike,497.72
20260131,35,32,349,326,23,101.75,33170.5,326.0,0.0,BEVE_COLD_02,Beverages,Unforecasted Demand Spike,2340.25
20260131,35,274,12,11,1,218.13,2399.43,11.0,0.0,PET _PET _04,Pet Care,Forecast Underestimation & Buffer Shortage,218.13
20260131,38,198,42,40,2,51.82,2072.8,40.0,0.0,PERS_ORAL_18,Personal Care,Unforecasted Demand Spike,103.64
20260131,39,94,34,33,1,81.81,2699.73,33.0,0.0,PACK_BREA_04,Packaged Foods,Forecast Underestimation & Buffer Shortage,81.81
20260131,39,161,35,16,19,425.67,6810.72,16.0,0.0,STAP_ATTA_11,Staples,Forecast Underestimation & Buffer Shortage,8087.73
20260131,39,168,64,56,8,166.75,9338.0,56.0,0.0,STAP_DALS_18,Staples,Unforecasted Demand Spike,1334.0
20260131,39,280,19,16,3,252.36,4037.76,16.0,0.0,PET _CAT _10,Pet Care,Forecast Underestimation & Buffer Shortage,757.08
20260201,1,155,100,98,2,443.45,43458.1,98.0,0.0,STAP_SPIC_05,Staples,Unforecasted Demand Spike,886.9
20260201,1,202,19,15,4,60.61,909.15,15.0,0.0,PERS_HAIR_22,Personal Care,Forecast Underestimation & Buffer Shortage,242.44
20260201,2,102,53,47,6,103.03,4842.41,47.0,0.0,PACK_PAST_12,Packaged Foods,Unforecasted Demand Spike,618.18
20260201,2,137,133,117,16,25.49,2982.33,117.0,0.0,FRUI_EXOT_17,Fruits & Vegetables,Unforecasted Demand Spike,407.84
20260201,2,163,35,22,13,338.27,7441.94,22.0,0.0,STAP_DALS_13,Staples,Forecast Underestimation & Buffer Shortage,4397.51
20260201,3,102,47,6,41,103.03,618.18,6.0,0.0,PACK_PAST_12,Packaged Foods,Unforecasted Demand Spike,4224.23
20260201,4,47,177,176,1,107.14,18856.64,176.0,0.0,BEVE_COLD_17,Beverages,Unforecasted Demand Spike,107.14
20260201,7,149,89,66,23,103.98,6862.68,66.0,0.0,FRUI_SEAS_29,Fruits & Vegetables,Unforecasted Demand Spike,2391.54
20260201,7,155,31,24,7,443.45,10642.8,24.0,0.0,STAP_SPIC_05,Staples,Forecast Underestimation & Buffer Shortage,3104.15
20260201,9,80,108,58,50,109.75,6365.5,58.0,0.0,SNAC_NUTS_20,Snacks,Unforecasted Demand Spike,5487.5
20260201,10,8,253,15,238,138.28,2074.2,15.0,0.0,DAIR_BUTT_08,Dairy,Unforecasted Demand Spike,32910.64
20260201,10,92,48,35,13,52.51,1837.85,35.0,0.0,PACK_PAST_02,Packaged Foods,Unforecasted Demand Spike,682.63
20260201,10,151,68,44,24,401.39,17661.16,44.0,0.0,STAP_ATTA_01,Staples,Unforecasted Demand Spike,9633.36
20260201,10,156,58,42,16,342.35,14378.7,42.0,0.0,STAP_ATTA_06,Staples,Unforecasted Demand Spike,5477.6
20260201,10,162,74,53,21,185.02,9806.06,53.0,0.0,STAP_RICE_12,Staples,Unforecasted Demand Spike,3885.42
20260201,10,181,17,12,5,226.19,2714.28,12.0,0.0,PERS_SOAP_01,Personal Care,Forecast Underestimation & Buffer Shortage,1130.95
20260201,12,152,65,30,35,231.22,6936.6,30.0,0.0,STAP_RICE_02,Staples,Unforecasted Demand Spike,8092.7
20260201,12,173,40,34,6,69.06,2348.04,34.0,0.0,STAP_DALS_23,Staples,Forecast Underestimation & Buffer Shortage,414.36
20260201,12,198,16,13,3,51.82,673.66,13.0,0.0,PERS_ORAL_18,Personal Care,Forecast Underestimation & Buffer Shortage,155.46
20260201,12,288,11,6,5,322.74,1936.44,6.0,0.0,PET _CAT _18,Pet Care,Forecast Underestimation & Buffer Shortage,1613.7
20260201,14,168,63,29,34,166.75,4835.75,29.0,0.0,STAP_DALS_18,Staples,Unforecasted Demand Spike,5669.5
20260201,14,169,41,34,7,312.03,10609.02,35.0,0.0,STAP_EDIB_19,Staples,Unforecasted Demand Spike,2184.21
20260201,14,185,16,15,1,218.07,3271.05,15.0,0.0,PERS_SANI_05,Personal Care,Forecast Underestimation & Buffer Shortage,218.07
20260201,16,37,63,45,18,93.59,4211.55,45.0,0.0,BEVE_COLD_07,Beverages,Unforecasted Demand Spike,1684.62
20260201,16,111,138,109,29,148.4,16175.6,109.0,0.0,PACK_NOOD_21,Packaged Foods,Unforecasted Demand Spike,4303.6
20260201,16,153,35,29,6,262.16,7602.64,29.0,0.0,STAP_DALS_03,Staples,Forecast Underestimation & Buffer Shortage,1572.96
20260201,16,156,62,60,2,342.35,20541.0,60.0,0.0,STAP_ATTA_06,Staples,Unforecasted Demand Spike,684.7
20260201,16,163,42,17,25,338.27,5750.59,17.0,0.0,STAP_DALS_13,Staples,Unforecasted Demand Spike,8456.75
20260201,16,166,48,6,42,248.86,1493.16,6.0,0.0,STAP_ATTA_16,Staples,Unforecasted Demand Spike,10452.12
20260201,16,204,10,9,1,199.5,1795.5,9.0,0.0,PERS_SKIN_24,Personal Care,Forecast Underestimation & Buffer Shortage,199.5
20260201,16,254,45,37,8,177.66,6573.42,37.0,0.0,BABY_BABY_14,Baby Care,Unforecasted Demand Spike,1421.28
20260201,17,172,48,21,27,441.39,9269.19,21.0,0.0,STAP_RICE_22,Staples,Unforecasted Demand Spike,11917.53
20260201,17,289,23,22,1,479.06,10539.32,22.0,0.0,PET _PET _19,Pet Care,Forecast Underestimation & Buffer Shortage,479.06
20260201,18,95,27,25,2,133.43,3335.75,25.0,0.0,PACK_READ_05,Packaged Foods,Forecast Underestimation & Buffer Shortage,266.86
20260201,18,134,65,60,5,37.66,2259.6,60.0,0.0,FRUI_SEAS_14,Fruits & Vegetables,Unforecasted Demand Spike,188.3
20260201,19,49,111,105,6,42.3,4441.5,105.0,0.0,BEVE_ENER_19,Beverages,Unforecasted Demand Spike,253.8
20260201,19,220,11,2,9,256.13,512.26,2.0,0.0,HOUS_REPE_10,Household,Delayed / Missing Inbound Replenishment,2305.17
20260201,19,300,13,0,13,282.52,0.0,0.0,0.0,PET _CAT _30,Pet Care,Delayed / Missing Inbound Replenishment,3672.76
20260201,21,19,134,11,123,189.48,2084.28,11.0,0.0,DAIR_CHEE_19,Dairy,Unforecasted Demand Spike,23306.04
20260201,21,160,64,62,2,181.06,11225.72,62.0,0.0,STAP_SPIC_10,Staples,Unforecasted Demand Spike,362.12
20260201,22,18,155,80,75,203.24,16259.2,80.0,0.0,DAIR_BUTT_18,Dairy,Unforecasted Demand Spike,15243.0
20260201,22,108,106,52,54,194.33,10105.16,52.0,0.0,PACK_SAUC_18,Packaged Foods,Unforecasted Demand Spike,10493.82
20260201,22,158,73,39,34,65.45,2552.55,39.0,0.0,STAP_DALS_08,Staples,Unforecasted Demand Spike,2225.3
20260201,22,170,84,79,5,338.45,26737.55,79.0,0.0,STAP_SPIC_20,Staples,Unforecasted Demand Spike,1692.25
20260201,22,171,48,15,33,329.23,4938.45,15.0,0.0,STAP_ATTA_21,Staples,Unforecasted Demand Spike,10864.59
20260201,22,229,50,43,7,147.62,6347.66,43.0,0.0,HOUS_DISP_19,Household,Unforecasted Demand Spike,1033.34
20260201,22,273,8,4,4,256.39,1025.56,4.0,0.0,PET _PET _03,Pet Care,Delayed / Missing Inbound Replenishment,1025.56
20260201,22,280,20,0,20,252.36,0.0,0.0,0.0,PET _CAT _10,Pet Care,Delayed / Missing Inbound Replenishment,5047.2
20260201,23,155,32,23,9,443.45,10199.35,23.0,0.0,STAP_SPIC_05,Staples,Forecast Underestimation & Buffer Shortage,3991.05
20260201,23,195,10,8,2,227.65,1821.2,8.0,0.0,PERS_SANI_15,Personal Care,Forecast Underestimation & Buffer Shortage,455.3
20260201,25,153,35,24,11,262.16,6291.84,24.0,0.0,STAP_DALS_03,Staples,Forecast Underestimation & Buffer Shortage,2883.76
20260201,25,163,38,29,9,338.27,9809.83,29.0,0.0,STAP_DALS_13,Staples,Forecast Underestimation & Buffer Shortage,3044.43
20260201,25,171,35,28,7,329.23,9218.44,28.0,0.0,STAP_ATTA_21,Staples,Forecast Underestimation & Buffer Shortage,2304.61
20260201,25,226,16,11,5,300.71,3307.81,11.0,0.0,HOUS_DETE_16,Household,Forecast Underestimation & Buffer Shortage,1503.55
20260201,25,233,18,8,10,161.93,1295.44,8.0,0.0,HOUS_CLEA_23,Household,Forecast Underestimation & Buffer Shortage,1619.3
20260201,25,246,168,113,55,162.35,18345.55,113.0,0.0,BABY_BABY_06,Baby Care,Unforecasted Demand Spike,8929.25
20260201,25,295,16,13,3,153.09,1990.17,13.0,0.0,PET _DOG _25,Pet Care,Forecast Underestimation & Buffer Shortage,459.27
20260201,26,156,66,46,20,342.35,15748.1,46.0,0.0,STAP_ATTA_06,Staples,Unforecasted Demand Spike,6847.0
20260201,26,181,15,14,1,226.19,3166.66,14.0,0.0,PERS_SOAP_01,Personal Care,Forecast Underestimation & Buffer Shortage,226.19
20260201,26,207,7,0,7,160.21,0.0,0.0,0.0,PERS_HAIR_27,Personal Care,Delayed / Missing Inbound Replenishment,1121.47
20260201,26,233,18,6,12,161.93,971.58,7.0,0.0,HOUS_CLEA_23,Household,Forecast Underestimation & Buffer Shortage,1943.16
20260201,26,274,14,13,1,218.13,2835.69,13.0,0.0,PET _PET _04,Pet Care,Forecast Underestimation & Buffer Shortage,218.13
20260201,28,15,235,118,117,51.04,6022.72,118.0,0.0,DAIR_PANE_15,Dairy,Unforecasted Demand Spike,5971.68
20260201,29,114,140,134,6,58.62,7855.08,134.0,0.0,PACK_BREA_24,Packaged Foods,Unforecasted Demand Spike,351.72
20260201,29,158,63,56,7,65.45,3665.2,56.0,0.0,STAP_DALS_08,Staples,Unforecasted Demand Spike,458.15
20260201,29,169,48,32,16,312.03,9984.96,32.0,0.0,STAP_EDIB_19,Staples,Unforecasted Demand Spike,4992.48
20260201,29,173,46,17,29,69.06,1174.02,17.0,0.0,STAP_DALS_23,Staples,Unforecasted Demand Spike,2002.74
20260201,29,174,76,62,14,511.67,31723.54,62.0,0.0,STAP_EDIB_24,Staples,Unforecasted Demand Spike,7163.38
20260201,29,199,8,7,1,251.52,1760.64,7.0,0.0,PERS_SKIN_19,Personal Care,Forecast Underestimation & Buffer Shortage,251.52
20260201,29,209,9,2,7,108.95,217.9,2.0,0.0,PERS_SKIN_29,Personal Care,Delayed / Missing Inbound Replenishment,762.65
20260201,29,233,20,16,4,161.93,2590.88,16.0,0.0,HOUS_CLEA_23,Household,Forecast Underestimation & Buffer Shortage,647.72
20260201,29,238,21,18,3,172.48,3104.64,18.0,0.0,HOUS_CLEA_28,Household,Forecast Underestimation & Buffer Shortage,517.44
20260201,35,274,15,0,15,218.13,0.0,0.0,0.0,PET _PET _04,Pet Care,Delayed / Missing Inbound Replenishment,3271.95
20260201,37,248,87,79,8,475.65,37576.35,79.0,0.0,BABY_BABY_08,Baby Care,Unforecasted Demand Spike,3805.2
20260201,38,249,31,21,10,500.22,10504.62,21.0,0.0,BABY_DIAP_09,Baby Care,Forecast Underestimation & Buffer Shortage,5002.2
20260201,39,58,100,81,19,99.9,8091.9,81.0,0.0,BEVE_TEA _28,Beverages,Unforecasted Demand Spike,1898.1
20260201,39,215,47,24,23,69.23,1661.52,24.0,0.0,HOUS_REPE_05,Household,Unforecasted Demand Spike,1592.29
20260201,39,249,48,45,3,500.22,22509.9,45.0,0.0,BABY_DIAP_09,Baby Care,Unforecasted Demand Spike,1500.66
20260201,40,121,102,60,42,26.81,1608.6,60.0,0.0,FRUI_FRES_01,Fruits & Vegetables,Unforecasted Demand Spike,1126.02
20260201,40,166,47,41,6,248.86,10203.26,41.0,0.0,STAP_ATTA_16,Staples,Unforecasted Demand Spike,1493.16
20260202,1,155,21,0,21,443.45,0.0,0.0,0.0,STAP_SPIC_05,Staples,Delayed / Missing Inbound Replenishment,9312.45
20260202,2,29,115,41,74,229.45,9407.45,41.0,0.0,DAIR_CHEE_29,Dairy,Unforecasted Demand Spike,16979.3
20260202,2,158,36,22,14,65.45,1439.9,22.0,0.0,STAP_DALS_08,Staples,Forecast Underestimation & Buffer Shortage,916.3
20260202,2,174,43,25,18,511.67,12791.75,25.0,0.0,STAP_EDIB_24,Staples,Unforecasted Demand Spike,9210.06
20260202,7,119,22,5,17,117.5,587.5,5.0,0.0,PACK_BREA_29,Packaged Foods,Forecast Underestimation & Buffer Shortage,1997.5
20260202,7,128,43,35,8,101.33,3546.55,35.0,0.0,FRUI_DAIL_08,Fruits & Vegetables,Unforecasted Demand Spike,810.64
20260202,7,154,33,24,9,215.59,5174.16,24.0,0.0,STAP_EDIB_04,Staples,Forecast Underestimation & Buffer Shortage,1940.31
20260202,7,166,28,21,7,248.86,5226.06,21.0,0.0,STAP_ATTA_16,Staples,Forecast Underestimation & Buffer Shortage,1742.02
20260202,7,250,51,36,15,204.07,7346.52,36.0,0.0,BABY_BABY_10,Baby Care,Unforecasted Demand Spike,3061.05
20260202,14,79,198,174,24,110.76,19272.24,174.0,0.0,SNAC_CHOC_19,Snacks,Unforecasted Demand Spike,2658.24
20260202,14,155,19,18,1,443.45,7982.1,18.0,0.0,STAP_SPIC_05,Staples,Forecast Underestimation & Buffer Shortage,443.45
20260202,14,173,28,26,2,69.06,1795.56,26.0,0.0,STAP_DALS_23,Staples,Forecast Underestimation & Buffer Shortage,138.12
20260202,16,155,20,7,13,443.45,3104.15,7.0,0.0,STAP_SPIC_05,Staples,Forecast Underestimation & Buffer Shortage,5764.85
20260202,16,185,11,7,4,218.07,1526.49,7.0,0.0,PERS_SANI_05,Personal Care,Forecast Underestimation & Buffer Shortage,872.28
20260202,17,163,25,23,2,338.27,7780.21,23.0,0.0,STAP_DALS_13,Staples,Forecast Underestimation & Buffer Shortage,676.54
20260202,19,166,26,18,8,248.86,4479.48,18.0,0.0,STAP_ATTA_16,Staples,Forecast Underestimation & Buffer Shortage,1990.88
20260202,19,201,11,8,3,193.23,1545.84,8.0,0.0,PERS_SOAP_21,Personal Care,Forecast Underestimation & Buffer Shortage,579.69
20260202,21,155,23,17,6,443.45,7538.65,19.0,0.0,STAP_SPIC_05,Staples,Forecast Underestimation & Buffer Shortage,2660.7
20260202,21,162,43,17,26,185.02,3145.34,17.0,0.0,STAP_RICE_12,Staples,Unforecasted Demand Spike,4810.52
20260202,22,59,50,48,2,48.81,2342.88,48.0,0.0,BEVE_ENER_29,Beverages,Unforecasted Demand Spike,97.62
20260202,22,60,48,38,10,146.5,5567.0,38.0,0.0,BEVE_WATE_30,Beverages,Unforecasted Demand Spike,1465.0
20260202,22,118,36,33,3,241.31,7963.23,33.0,0.0,PACK_SAUC_28,Packaged Foods,Forecast Underestimation & Buffer Shortage,723.93
20260202,22,169,31,16,15,312.03,4992.48,16.0,0.0,STAP_EDIB_19,Staples,Forecast Underestimation & Buffer Shortage,4680.45
20260202,22,216,12,10,2,208.26,2082.6,10.0,0.0,HOUS_DETE_06,Household,Forecast Underestimation & Buffer Shortage,416.52
20260202,22,229,11,0,11,147.62,0.0,0.0,0.0,HOUS_DISP_19,Household,Delayed / Missing Inbound Replenishment,1623.82
20260202,22,234,11,10,1,54.85,548.5,10.0,0.0,HOUS_DISP_24,Household,Forecast Underestimation & Buffer Shortage,54.85
20260202,22,299,13,12,1,108.9,1306.8,12.0,0.0,PET _DOG _29,Pet Care,Forecast Underestimation & Buffer Shortage,108.9
20260202,23,33,118,75,43,72.36,5427.0,75.0,0.0,BEVE_TEA _03,Beverages,Unforecasted Demand Spike,3111.48
20260202,23,156,42,27,15,342.35,9243.45,28.0,0.0,STAP_ATTA_06,Staples,Unforecasted Demand Spike,5135.25
20260202,23,289,10,6,4,479.06,2874.36,6.0,0.0,PET _PET _19,Pet Care,Forecast Underestimation & Buffer Shortage,1916.24
20260202,25,233,11,0,11,161.93,0.0,0.0,0.0,HOUS_CLEA_23,Household,Delayed / Missing Inbound Replenishment,1781.23
20260202,26,143,84,33,51,48.33,1594.89,33.0,0.0,FRUI_DAIL_23,Fruits & Vegetables,Unforecasted Demand Spike,2464.83
20260202,26,155,21,3,18,443.45,1330.35,3.0,0.0,STAP_SPIC_05,Staples,Delayed / Missing Inbound Replenishment,7982.1
20260202,26,168,46,29,17,166.75,4835.75,29.0,0.0,STAP_DALS_18,Staples,Unforecasted Demand Spike,2834.75
20260202,26,169,23,19,4,312.03,5928.57,19.0,0.0,STAP_EDIB_19,Staples,Forecast Underestimation & Buffer Shortage,1248.12
20260202,26,174,48,47,1,511.67,24048.49,47.0,0.0,STAP_EDIB_24,Staples,Unforecasted Demand Spike,511.67
20260202,26,207,5,0,5,160.21,0.0,0.0,0.0,PERS_HAIR_27,Personal Care,Delayed / Missing Inbound Replenishment,801.05
20260202,29,44,54,45,9,94.2,4239.0,45.0,0.0,BEVE_ENER_14,Beverages,Unforecasted Demand Spike,847.8
20260202,29,60,46,39,7,146.5,5713.5,39.0,0.0,BEVE_WATE_30,Beverages,Unforecasted Demand Spike,1025.5
20260202,29,114,31,0,31,58.62,0.0,0.0,0.0,PACK_BREA_24,Packaged Foods,Delayed / Missing Inbound Replenishment,1817.22
20260202,29,164,19,1,18,366.94,366.94,1.0,0.0,STAP_EDIB_14,Staples,Delayed / Missing Inbound Replenishment,6604.92
20260202,29,169,34,0,34,312.03,0.0,0.0,0.0,STAP_EDIB_19,Staples,Delayed / Missing Inbound Replenishment,10609.02
20260202,29,253,27,23,4,319.63,7351.49,23.0,0.0,BABY_DIAP_13,Baby Care,Forecast Underestimation & Buffer Shortage,1278.52
20260202,29,273,4,2,2,256.39,512.78,2.0,0.0,PET _PET _03,Pet Care,Delayed / Missing Inbound Replenishment,512.78
20260202,31,156,68,46,22,342.35,15748.1,46.0,0.0,STAP_ATTA_06,Staples,Unforecasted Demand Spike,7531.7
20260202,35,274,8,0,8,218.13,0.0,0.0,0.0,PET _PET _04,Pet Care,Delayed / Missing Inbound Replenishment,1745.04
20260202,37,248,16,0,16,475.65,0.0,0.0,0.0,BABY_BABY_08,Baby Care,Delayed / Missing Inbound Replenishment,7610.4
20260202,39,154,33,30,3,215.59,6467.7,30.0,0.0,STAP_EDIB_04,Staples,Forecast Underestimation & Buffer Shortage,646.77
20260202,39,155,20,15,5,443.45,6651.75,15.0,0.0,STAP_SPIC_05,Staples,Forecast Underestimation & Buffer Shortage,2217.25
20260202,39,156,34,21,13,342.35,7189.35,21.0,0.0,STAP_ATTA_06,Staples,Forecast Underestimation & Buffer Shortage,4450.55
20260202,39,163,24,5,19,338.27,1691.35,5.0,0.0,STAP_DALS_13,Staples,Forecast Underestimation & Buffer Shortage,6427.13
20260202,40,156,34,30,4,342.35,10270.5,30.0,0.0,STAP_ATTA_06,Staples,Forecast Underestimation & Buffer Shortage,1369.4
20260202,40,163,22,7,15,338.27,2367.89,7.0,0.0,STAP_DALS_13,Staples,Forecast Underestimation & Buffer Shortage,5074.05
20260203,1,24,71,22,49,103.72,2281.84,22.0,0.0,DAIR_CHEE_24,Dairy,Unforecasted Demand Spike,5082.28
20260203,1,155,14,0,14,443.45,0.0,0.0,0.0,STAP_SPIC_05,Staples,Delayed / Missing Inbound Replenishment,6208.3
20260203,2,159,36,11,25,560.31,6163.41,11.0,0.0,STAP_EDIB_09,Staples,Forecast Underestimation & Buffer Shortage,14007.75
20260203,2,167,38,32,6,387.95,12414.4,32.0,0.0,STAP_RICE_17,Staples,Forecast Underestimation & Buffer Shortage,2327.7
20260203,2,170,44,32,12,338.45,10830.4,32.0,0.0,STAP_SPIC_20,Staples,Unforecasted Demand Spike,4061.4
20260203,3,12,89,81,8,143.6,11631.6,81.0,0.0,DAIR_CURD_12,Dairy,Unforecasted Demand Spike,1148.8
20260203,7,44,45,43,2,94.2,4050.6,43.0,0.0,BEVE_ENER_14,Beverages,Unforecasted Demand Spike,188.4
20260203,7,119,23,0,23,117.5,0.0,0.0,0.0,PACK_BREA_29,Packaged Foods,Delayed / Missing Inbound Replenishment,2702.5
20260203,7,171,27,21,6,329.23,6913.83,21.0,0.0,STAP_ATTA_21,Staples,Forecast Underestimation & Buffer Shortage,1975.38
20260203,7,173,25,5,20,69.06,345.3,5.0,0.0,STAP_DALS_23,Staples,Forecast Underestimation & Buffer Shortage,1381.2
20260203,9,218,4,1,3,72.52,72.52,1.0,0.0,HOUS_CLEA_08,Household,Delayed / Missing Inbound Replenishment,217.56
20260203,10,166,27,25,2,248.86,6221.5,25.0,0.0,STAP_ATTA_16,Staples,Forecast Underestimation & Buffer Shortage,497.72
20260203,12,163,24,18,6,338.27,6088.86,18.0,0.0,STAP_DALS_13,Staples,Forecast Underestimation & Buffer Shortage,2029.62
20260203,12,171,22,8,14,329.23,2633.84,8.0,0.0,STAP_ATTA_21,Staples,Forecast Underestimation & Buffer Shortage,4609.22
20260203,12,261,17,15,2,419.38,6290.7,15.0,0.0,BABY_DIAP_21,Baby Care,Forecast Underestimation & Buffer Shortage,838.76
20260203,14,171,23,4,19,329.23,1316.92,4.0,0.0,STAP_ATTA_21,Staples,Delayed / Missing Inbound Replenishment,6255.37
20260203,14,173,26,0,26,69.06,0.0,0.0,0.0,STAP_DALS_23,Staples,Delayed / Missing Inbound Replenishment,1795.56
20260203,14,216,13,7,6,208.26,1457.82,7.0,0.0,HOUS_DETE_06,Household,Forecast Underestimation & Buffer Shortage,1249.56
20260203,16,11,191,109,82,214.92,23426.28,109.0,0.0,DAIR_MILK_11,Dairy,Unforecasted Demand Spike,17623.44
20260203,17,163,21,0,21,338.27,0.0,0.0,0.0,STAP_DALS_13,Staples,Delayed / Missing Inbound Replenishment,7103.67
20260203,17,168,39,38,1,166.75,6336.5,38.0,0.0,STAP_DALS_18,Staples,Forecast Underestimation & Buffer Shortage,166.75
20260203,19,153,20,17,3,262.16,4456.72,17.0,0.0,STAP_DALS_03,Staples,Forecast Underestimation & Buffer Shortage,786.48
20260203,19,171,22,19,3,329.23,6255.37,19.0,0.0,STAP_ATTA_21,Staples,Forecast Underestimation & Buffer Shortage,987.69
20260203,19,209,5,4,1,108.95,435.8,4.0,0.0,PERS_SKIN_29,Personal Care,Delayed / Missing Inbound Replenishment,108.95
20260203,21,27,60,52,8,103.33,5373.16,52.0,0.0,DAIR_CURD_27,Dairy,Unforecasted Demand Spike,826.64
20260203,21,173,62,56,6,69.06,3867.36,56.0,0.0,STAP_DALS_23,Staples,Unforecasted Demand Spike,414.36
20260203,22,185,8,6,2,218.07,1308.42,6.0,0.0,PERS_SANI_05,Personal Care,Forecast Underestimation & Buffer Shortage,436.14
20260203,22,229,10,0,10,147.62,0.0,0.0,0.0,HOUS_DISP_19,Household,Delayed / Missing Inbound Replenishment,1476.2
20260203,22,262,35,18,17,373.45,6722.1,18.0,0.0,BABY_BABY_22,Baby Care,Forecast Underestimation & Buffer Shortage,6348.65
20260203,23,23,86,40,46,57.13,2285.2,40.0,0.0,DAIR_BUTT_23,Dairy,Unforecasted Demand Spike,2627.98
20260203,23,171,29,9,20,329.23,2963.07,9.0,0.0,STAP_ATTA_21,Staples,Forecast Underestimation & Buffer Shortage,6584.6
20260203,25,162,149,147,2,185.02,27197.94,147.0,0.0,STAP_RICE_12,Staples,Unforecasted Demand Spike,370.04
20260203,25,209,6,5,1,108.95,544.75,5.0,0.0,PERS_SKIN_29,Personal Care,Forecast Underestimation & Buffer Shortage,108.95
20260203,25,233,13,0,13,161.93,0.0,0.0,0.0,HOUS_CLEA_23,Household,Delayed / Missing Inbound Replenishment,2105.09
20260203,26,44,50,34,16,94.2,3202.8,34.0,0.0,BEVE_ENER_14,Beverages,Unforecasted Demand Spike,1507.2
20260203,27,156,27,11,16,342.35,3765.85,11.0,0.0,STAP_ATTA_06,Staples,Forecast Underestimation & Buffer Shortage,5477.6
20260203,29,195,5,3,2,227.65,682.95,3.0,0.0,PERS_SANI_15,Personal Care,Delayed / Missing Inbound Replenishment,455.3
20260203,35,155,17,16,1,443.45,7095.2,16.0,0.0,STAP_SPIC_05,Staples,Forecast Underestimation & Buffer Shortage,443.45
20260203,35,253,19,17,2,319.63,5433.71,17.0,0.0,BABY_DIAP_13,Baby Care,Forecast Underestimation & Buffer Shortage,639.26
20260204,1,155,13,0,13,443.45,0.0,0.0,0.0,STAP_SPIC_05,Staples,Delayed / Missing Inbound Replenishment,5764.85
20260204,1,280,10,5,5,252.36,1261.8,5.0,0.0,PET _CAT _10,Pet Care,Forecast Underestimation & Buffer Shortage,1261.8
20260204,2,154,25,16,9,215.59,3449.44,16.0,0.0,STAP_EDIB_04,Staples,Forecast Underestimation & Buffer Shortage,1940.31
20260204,2,252,35,23,12,599.97,13799.31,23.0,0.0,BABY_BABY_12,Baby Care,Forecast Underestimation & Buffer Shortage,7199.64
20260204,9,90,52,39,13,177.61,6926.79,39.0,0.0,SNAC_NUTS_30,Snacks,Unforecasted Demand Spike,2308.93
20260204,9,218,4,0,4,72.52,0.0,0.0,0.0,HOUS_CLEA_08,Household,Delayed / Missing Inbound Replenishment,290.08
20260204,14,271,5,4,1,561.27,2245.08,4.0,0.0,PET _DOG _01,Pet Care,Delayed / Missing Inbound Replenishment,561.27
20260204,14,286,5,1,4,456.83,456.83,1.0,0.0,PET _PET _16,Pet Care,Delayed / Missing Inbound Replenishment,1827.32
20260204,16,35,57,3,54,158.37,475.11,3.0,0.0,BEVE_WATE_05,Beverages,Delayed / Missing Inbound Replenishment,8551.98
20260204,16,286,7,1,6,456.83,456.83,1.0,0.0,PET _PET _16,Pet Care,Delayed / Missing Inbound Replenishment,2740.98
20260204,19,162,32,26,6,185.02,4810.52,26.0,0.0,STAP_RICE_12,Staples,Forecast Underestimation & Buffer Shortage,1110.12
20260204,21,173,16,0,16,69.06,0.0,0.0,0.0,STAP_DALS_23,Staples,Delayed / Missing Inbound Replenishment,1104.96
20260204,22,153,19,15,4,262.16,3932.4,15.0,0.0,STAP_DALS_03,Staples,Forecast Underestimation & Buffer Shortage,1048.64
20260204,25,162,29,0,29,185.02,0.0,0.0,0.0,STAP_RICE_12,Staples,Delayed / Missing Inbound Replenishment,5365.58
20260204,39,203,7,5,2,316.94,1584.7,5.0,0.0,PERS_ORAL_23,Personal Care,Forecast Underestimation & Buffer Shortage,633.88
20260205,3,192,22,15,7,357.65,5364.75,15.0,0.0,PERS_HAIR_12,Personal Care,Forecast Underestimation & Buffer Shortage,2503.55
20260205,10,148,227,204,23,75.56,15414.24,204.0,0.0,FRUI_DAIL_28,Fruits & Vegetables,Unforecasted Demand Spike,1737.88
20260205,10,173,20,11,9,69.06,759.66,11.0,0.0,STAP_DALS_23,Staples,Forecast Underestimation & Buffer Shortage,621.54
20260205,14,271,3,0,3,561.27,0.0,0.0,0.0,PET _DOG _01,Pet Care,Delayed / Missing Inbound Replenishment,1683.81
20260205,21,132,90,32,58,94.19,3014.08,32.0,0.0,FRUI_EXOT_12,Fruits & Vegetables,Unforecasted Demand Spike,5463.02
20260205,21,221,6,4,2,209.6,838.4,4.0,0.0,HOUS_DETE_11,Household,Delayed / Missing Inbound Replenishment,419.2
20260206,7,134,178,175,3,37.66,6590.5,175.0,0.0,FRUI_SEAS_14,Fruits & Vegetables,Unforecasted Demand Spike,112.98
20260206,7,239,6,5,1,128.19,640.95,5.0,0.0,HOUS_DISP_29,Household,Forecast Underestimation & Buffer Shortage,128.19
20260206,8,43,263,254,9,43.03,10929.62,254.0,0.0,BEVE_TEA _13,Beverages,Unforecasted Demand Spike,387.27
20260206,16,169,28,24,4,312.03,7488.72,24.0,0.0,STAP_EDIB_19,Staples,Forecast Underestimation & Buffer Shortage,1248.12
20260206,17,104,115,93,22,98.3,9141.9,93.0,0.0,PACK_BREA_14,Packaged Foods,Unforecasted Demand Spike,2162.6
20260206,17,130,223,210,13,46.18,9697.8,210.0,0.0,FRUI_CUT _10,Fruits & Vegetables,Unforecasted Demand Spike,600.34
20260206,26,1,282,214,68,95.23,20379.22,214.0,0.0,DAIR_MILK_01,Dairy,Unforecasted Demand Spike,6475.64
20260206,26,7,313,305,8,154.99,47271.95,305.0,0.0,DAIR_CURD_07,Dairy,Unforecasted Demand Spike,1239.92
20260206,26,43,232,227,5,43.03,9767.81,227.0,0.0,BEVE_TEA _13,Beverages,Unforecasted Demand Spike,215.15
20260206,29,272,11,10,1,569.34,5693.4,10.0,0.0,PET _CAT _02,Pet Care,Forecast Underestimation & Buffer Shortage,569.34
20260207,2,178,56,20,36,532.31,10646.2,20.0,0.0,STAP_DALS_28,Staples,Unforecasted Demand Spike,19163.16
20260207,3,32,125,121,4,101.75,12311.75,121.0,0.0,BEVE_COLD_02,Beverages,Unforecasted Demand Spike,407.0
20260207,4,20,96,94,2,139.53,13115.82,94.0,0.0,DAIR_PANE_20,Dairy,Unforecasted Demand Spike,279.06
20260207,7,89,62,59,3,50.88,3001.92,59.0,0.0,SNAC_CHOC_29,Snacks,Unforecasted Demand Spike,152.64
20260207,8,271,6,5,1,561.27,2806.35,5.0,0.0,PET _DOG _01,Pet Care,Forecast Underestimation & Buffer Shortage,561.27
20260207,9,42,111,104,7,54.5,5668.0,104.0,0.0,BEVE_COLD_12,Beverages,Unforecasted Demand Spike,381.5
20260207,11,3,258,243,15,70.68,17175.24,243.0,0.0,DAIR_BUTT_03,Dairy,Unforecasted Demand Spike,1060.2
20260207,11,111,68,67,1,148.4,9942.8,67.0,0.0,PACK_NOOD_21,Packaged Foods,Unforecasted Demand Spike,148.4
20260207,14,89,64,63,1,50.88,3205.44,63.0,0.0,SNAC_CHOC_29,Snacks,Unforecasted Demand Spike,50.88
20260207,14,110,201,177,24,43.46,7692.42,177.0,0.0,PACK_READ_20,Packaged Foods,Unforecasted Demand Spike,1043.04
20260207,14,254,41,37,4,177.66,6573.42,37.0,0.0,BABY_BABY_14,Baby Care,Unforecasted Demand Spike,710.64
20260207,16,15,97,86,11,51.04,4389.44,86.0,0.0,DAIR_PANE_15,Dairy,Unforecasted Demand Spike,561.44
20260207,16,66,105,104,1,45.9,4773.6,104.0,0.0,SNAC_CHIP_06,Snacks,Unforecasted Demand Spike,45.9
20260207,16,140,60,58,2,54.59,3166.22,58.0,0.0,FRUI_CUT _20,Fruits & Vegetables,Unforecasted Demand Spike,109.18
20260207,16,254,125,119,6,177.66,21141.54,119.0,0.0,BABY_BABY_14,Baby Care,Unforecasted Demand Spike,1065.96
20260207,17,89,65,57,8,50.88,2900.16,57.0,0.0,SNAC_CHOC_29,Snacks,Unforecasted Demand Spike,407.04
20260207,17,279,18,14,4,241.89,3386.46,14.0,0.0,PET _DOG _09,Pet Care,Forecast Underestimation & Buffer Shortage,967.56
20260207,19,51,66,64,2,82.5,5280.0,64.0,0.0,BEVE_JUIC_21,Beverages,Unforecasted Demand Spike,165.0
20260207,19,85,55,38,17,172.15,6541.7,38.0,0.0,SNAC_NUTS_25,Snacks,Unforecasted Demand Spike,2926.55
20260207,19,128,64,57,7,101.33,5775.81,59.0,0.0,FRUI_DAIL_08,Fruits & Vegetables,Unforecasted Demand Spike,709.31
20260207,19,254,42,38,4,177.66,6751.08,38.0,0.0,BABY_BABY_14,Baby Care,Unforecasted Demand Spike,710.64
20260207,20,77,60,18,42,54.3,977.4,18.0,0.0,SNAC_BISC_17,Snacks,Unforecasted Demand Spike,2280.6
20260207,21,192,24,23,1,357.65,8225.95,23.0,0.0,PERS_HAIR_12,Personal Care,Forecast Underestimation & Buffer Shortage,357.65
20260207,22,129,68,49,19,73.51,3601.99,49.0,0.0,FRUI_SEAS_09,Fruits & Vegetables,Unforecasted Demand Spike,1396.69
20260207,22,236,17,15,2,87.59,1313.85,15.0,0.0,HOUS_DETE_26,Household,Forecast Underestimation & Buffer Shortage,175.18
20260207,22,237,15,11,4,239.52,2634.72,11.0,0.0,HOUS_DISH_27,Household,Forecast Underestimation & Buffer Shortage,958.08
20260207,23,12,174,140,34,143.6,20104.0,140.0,0.0,DAIR_CURD_12,Dairy,Unforecasted Demand Spike,4882.4
20260207,23,56,127,97,30,37.24,3612.28,97.0,0.0,BEVE_JUIC_26,Beverages,Unforecasted Demand Spike,1117.2
20260207,23,116,54,45,9,86.96,3913.2,45.0,0.0,PACK_NOOD_26,Packaged Foods,Unforecasted Demand Spike,782.64
20260207,23,124,96,87,9,61.37,5339.19,87.0,0.0,FRUI_SEAS_04,Fruits & Vegetables,Unforecasted Demand Spike,552.33
20260207,23,130,105,100,5,46.18,4618.0,100.0,0.0,FRUI_CUT _10,Fruits & Vegetables,Unforecasted Demand Spike,230.9
20260207,24,182,41,38,3,79.48,3020.24,39.0,0.0,PERS_HAIR_02,Personal Care,Unforecasted Demand Spike,238.44
20260207,25,164,26,25,1,366.94,9173.5,25.0,0.0,STAP_EDIB_14,Staples,Forecast Underestimation & Buffer Shortage,366.94
20260207,26,57,98,72,26,123.8,8913.6,72.0,0.0,BEVE_COLD_27,Beverages,Unforecasted Demand Spike,3218.8
20260207,26,242,53,49,4,531.47,26042.03,49.0,0.0,BABY_BABY_02,Baby Care,Unforecasted Demand Spike,2125.88
20260207,26,272,10,7,3,569.34,3985.38,7.0,0.0,PET _CAT _02,Pet Care,Forecast Underestimation & Buffer Shortage,1708.02
20260207,28,2,246,190,56,47.2,8968.0,190.0,0.0,DAIR_CURD_02,Dairy,Unforecasted Demand Spike,2643.2
20260207,28,40,94,75,19,137.08,10281.0,75.0,0.0,BEVE_WATE_10,Beverages,Unforecasted Demand Spike,2604.52
20260207,29,43,126,88,38,43.03,3786.64,88.0,0.0,BEVE_TEA _13,Beverages,Unforecasted Demand Spike,1635.14
20260207,29,272,9,0,9,569.34,0.0,0.0,0.0,PET _CAT _02,Pet Care,Delayed / Missing Inbound Replenishment,5124.06
20260207,32,240,19,14,5,223.75,3132.5,14.0,0.0,HOUS_REPE_30,Household,Forecast Underestimation & Buffer Shortage,1118.75
20260207,39,36,70,66,4,97.34,6424.44,66.0,0.0,BEVE_JUIC_06,Beverages,Unforecasted Demand Spike,389.36
20260207,39,185,15,13,2,218.07,2834.91,13.0,0.0,PERS_SANI_05,Personal Care,Forecast Underestimation & Buffer Shortage,436.14
20260207,39,272,9,8,1,569.34,4554.72,8.0,0.0,PET _CAT _02,Pet Care,Forecast Underestimation & Buffer Shortage,569.34
20260207,40,94,107,106,1,81.81,8671.86,106.0,0.0,PACK_BREA_04,Packaged Foods,Unforecasted Demand Spike,81.81
20260207,40,136,54,49,5,104.61,5125.89,49.0,0.0,FRUI_FRES_16,Fruits & Vegetables,Unforecasted Demand Spike,523.05
20260207,40,254,40,37,3,177.66,6573.42,37.0,0.0,BABY_BABY_14,Baby Care,Forecast Underestimation & Buffer Shortage,532.98
20260208,1,96,46,24,22,180.67,4336.08,24.0,0.0,PACK_NOOD_06,Packaged Foods,Unforecasted Demand Spike,3974.74
20260208,1,108,80,64,16,194.33,12437.12,66.0,0.0,PACK_SAUC_18,Packaged Foods,Unforecasted Demand Spike,3109.28
20260208,2,151,53,36,17,401.39,14450.04,36.0,0.0,STAP_ATTA_01,Staples,Unforecasted Demand Spike,6823.63
20260208,2,216,15,7,8,208.26,1457.82,7.0,0.0,HOUS_DETE_06,Household,Forecast Underestimation & Buffer Shortage,1666.08
20260208,2,255,80,57,23,500.03,28501.71,57.0,0.0,BABY_BABY_15,Baby Care,Unforecasted Demand Spike,11500.69
20260208,3,210,12,11,1,212.16,2333.76,11.0,0.0,PERS_SANI_30,Personal Care,Forecast Underestimation & Buffer Shortage,212.16
20260208,5,3,106,104,2,70.68,7350.72,104.0,0.0,DAIR_BUTT_03,Dairy,Unforecasted Demand Spike,141.36
20260208,7,120,42,15,27,117.17,1757.55,15.0,0.0,PACK_READ_30,Packaged Foods,Unforecasted Demand Spike,3163.59
20260208,7,194,71,63,8,365.21,23008.23,63.0,0.0,PERS_SKIN_14,Personal Care,Unforecasted Demand Spike,2921.68
20260208,7,209,11,9,2,108.95,980.55,9.0,0.0,PERS_SKIN_29,Personal Care,Forecast Underestimation & Buffer Shortage,217.9
20260208,7,217,8,5,3,275.5,1377.5,5.0,0.0,HOUS_DISH_07,Household,Forecast Underestimation & Buffer Shortage,826.5
20260208,8,226,20,19,1,300.71,5713.49,19.0,0.0,HOUS_DETE_16,Household,Forecast Underestimation & Buffer Shortage,300.71
20260208,9,25,348,223,125,185.79,41431.17,225.0,0.0,DAIR_PANE_25,Dairy,Unforecasted Demand Spike,23223.75
20260208,9,234,44,32,12,54.85,1755.2,32.0,0.0,HOUS_DISP_24,Household,Unforecasted Demand Spike,658.2
20260208,10,81,108,93,15,104.22,9692.46,93.0,0.0,SNAC_CHIP_21,Snacks,Unforecasted Demand Spike,1563.3
20260208,11,3,98,0,98,70.68,0.0,0.0,0.0,DAIR_BUTT_03,Dairy,Delayed / Missing Inbound Replenishment,6926.64
20260208,12,235,18,14,4,297.9,4170.6,14.0,0.0,HOUS_REPE_25,Household,Forecast Underestimation & Buffer Shortage,1191.6
20260208,14,60,65,58,7,146.5,8497.0,58.0,0.0,BEVE_WATE_30,Beverages,Unforecasted Demand Spike,1025.5
20260208,14,77,78,62,16,54.3,3366.6,62.0,0.0,SNAC_BISC_17,Snacks,Unforecasted Demand Spike,868.8
20260208,14,110,56,0,56,43.46,0.0,0.0,0.0,PACK_READ_20,Packaged Foods,Delayed / Missing Inbound Replenishment,2433.76
20260208,16,40,389,353,36,137.08,48389.24,97.0,256.0,BEVE_WATE_10,Beverages,Unforecasted Demand Spike,4934.88
20260208,16,96,46,43,3,180.67,7768.81,43.0,0.0,PACK_NOOD_06,Packaged Foods,Unforecasted Demand Spike,542.01
20260208,16,194,23,22,1,365.21,8034.62,22.0,0.0,PERS_SKIN_14,Personal Care,Forecast Underestimation & Buffer Shortage,365.21
20260208,16,254,44,0,44,177.66,0.0,0.0,0.0,BABY_BABY_14,Baby Care,Delayed / Missing Inbound Replenishment,7817.04
20260208,17,221,8,4,4,209.6,838.4,4.0,0.0,HOUS_DETE_11,Household,Delayed / Missing Inbound Replenishment,838.4
20260208,17,278,11,6,5,408.17,2449.02,6.0,0.0,PET _PET _08,Pet Care,Forecast Underestimation & Buffer Shortage,2040.85
20260208,18,244,38,32,6,106.9,3420.8,32.0,0.0,BABY_BABY_04,Baby Care,Forecast Underestimation & Buffer Shortage,641.4
20260208,18,298,48,29,19,544.35,15786.15,29.0,0.0,PET _PET _28,Pet Care,Unforecasted Demand Spike,10342.65
20260208,19,12,155,112,43,143.6,16083.2,112.0,0.0,DAIR_CURD_12,Dairy,Unforecasted Demand Spike,6174.8
20260208,19,41,88,49,39,104.58,5124.42,49.0,0.0,BEVE_JUIC_11,Beverages,Unforecasted Demand Spike,4078.62
20260208,19,158,47,30,17,65.45,1963.5,30.0,0.0,STAP_DALS_08,Staples,Unforecasted Demand Spike,1112.65
20260208,19,272,9,0,9,569.34,0.0,0.0,0.0,PET _CAT _02,Pet Care,Delayed / Missing Inbound Replenishment,5124.06
20260208,21,192,9,0,9,357.65,0.0,0.0,0.0,PERS_HAIR_12,Personal Care,Delayed / Missing Inbound Replenishment,3218.85
20260208,21,291,20,5,15,384.98,1924.9,5.0,0.0,PET _DOG _21,Pet Care,Forecast Underestimation & Buffer Shortage,5774.7
20260208,22,57,107,31,76,123.8,3837.8,31.0,0.0,BEVE_COLD_27,Beverages,Unforecasted Demand Spike,9408.8
20260208,22,101,66,64,2,130.93,8379.52,64.0,0.0,PACK_NOOD_11,Packaged Foods,Unforecasted Demand Spike,261.86
20260208,22,184,12,8,4,343.84,2750.72,8.0,0.0,PERS_SKIN_04,Personal Care,Forecast Underestimation & Buffer Shortage,1375.36
20260208,23,133,112,63,49,89.15,5616.45,63.0,0.0,FRUI_DAIL_13,Fruits & Vegetables,Unforecasted Demand Spike,4368.35
20260208,23,134,257,162,95,37.66,6100.92,162.0,0.0,FRUI_SEAS_14,Fruits & Vegetables,Unforecasted Demand Spike,3577.7
20260208,25,164,20,0,20,366.94,0.0,0.0,0.0,STAP_EDIB_14,Staples,Delayed / Missing Inbound Replenishment,7338.8
20260208,25,254,40,38,2,177.66,6751.08,38.0,0.0,BABY_BABY_14,Baby Care,Forecast Underestimation & Buffer Shortage,355.32
20260208,26,82,124,121,3,163.96,19839.16,121.0,0.0,SNAC_BISC_22,Snacks,Unforecasted Demand Spike,491.88
20260208,26,91,24,16,8,240.18,3842.88,16.0,0.0,PACK_NOOD_01,Packaged Foods,Forecast Underestimation & Buffer Shortage,1921.44
20260208,26,205,5,3,2,130.63,391.89,3.0,0.0,PERS_SANI_25,Personal Care,Delayed / Missing Inbound Replenishment,261.26
20260208,27,239,15,13,2,128.19,1666.47,13.0,0.0,HOUS_DISP_29,Household,Forecast Underestimation & Buffer Shortage,256.38
20260208,29,100,64,49,15,109.11,5346.39,49.0,0.0,PACK_READ_10,Packaged Foods,Unforecasted Demand Spike,1636.65
20260208,29,102,125,96,29,103.03,9890.88,96.0,0.0,PACK_PAST_12,Packaged Foods,Unforecasted Demand Spike,2987.87
20260208,29,190,12,7,5,76.27,533.89,7.0,0.0,PERS_SANI_10,Personal Care,Forecast Underestimation & Buffer Shortage,381.35
20260208,29,291,18,15,3,384.98,5774.7,15.0,0.0,PET _DOG _21,Pet Care,Forecast Underestimation & Buffer Shortage,1154.94
20260208,31,223,14,13,1,209.86,2728.18,13.0,0.0,HOUS_CLEA_13,Household,Forecast Underestimation & Buffer Shortage,209.86
20260208,33,117,92,84,8,152.92,12845.28,84.0,0.0,PACK_PAST_27,Packaged Foods,Unforecasted Demand Spike,1223.36
20260208,35,43,100,82,18,43.03,3528.46,82.0,0.0,BEVE_TEA _13,Beverages,Unforecasted Demand Spike,774.54
20260208,35,249,36,28,8,500.22,14006.16,28.0,0.0,BABY_DIAP_09,Baby Care,Forecast Underestimation & Buffer Shortage,4001.76
20260208,38,215,10,3,7,69.23,207.69,3.0,0.0,HOUS_REPE_05,Household,Delayed / Missing Inbound Replenishment,484.61
20260208,39,131,189,141,48,100.09,14112.69,141.0,0.0,FRUI_FRES_11,Fruits & Vegetables,Unforecasted Demand Spike,4804.32
20260208,39,209,7,2,5,108.95,217.9,2.0,0.0,PERS_SKIN_29,Personal Care,Delayed / Missing Inbound Replenishment,544.75
20260208,40,201,17,13,4,193.23,2511.99,13.0,0.0,PERS_SOAP_21,Personal Care,Forecast Underestimation & Buffer Shortage,772.92
20260209,1,12,94,92,2,143.6,13211.2,92.0,0.0,DAIR_CURD_12,Dairy,Unforecasted Demand Spike,287.2
20260209,2,255,20,0,20,500.03,0.0,0.0,0.0,BABY_BABY_15,Baby Care,Delayed / Missing Inbound Replenishment,10000.6
20260209,3,210,6,0,6,212.16,0.0,0.0,0.0,PERS_SANI_30,Personal Care,Delayed / Missing Inbound Replenishment,1272.96
20260209,4,272,6,5,1,569.34,2846.7,5.0,0.0,PET _CAT _02,Pet Care,Forecast Underestimation & Buffer Shortage,569.34
20260209,4,300,8,3,5,282.52,847.56,3.0,0.0,PET _CAT _30,Pet Care,Delayed / Missing Inbound Replenishment,1412.6
20260209,5,285,7,0,7,503.9,0.0,0.0,0.0,PET _PET _15,Pet Care,Delayed / Missing Inbound Replenishment,3527.3
20260209,7,194,7,0,7,365.21,0.0,0.0,0.0,PERS_SKIN_14,Personal Care,Delayed / Missing Inbound Replenishment,2556.47
20260209,7,209,6,0,6,108.95,0.0,0.0,0.0,PERS_SKIN_29,Personal Care,Delayed / Missing Inbound Replenishment,653.7
20260209,7,217,6,0,6,275.5,0.0,0.0,0.0,HOUS_DISH_07,Household,Delayed / Missing Inbound Replenishment,1653.0
20260209,9,234,10,0,10,54.85,0.0,0.0,0.0,HOUS_DISP_24,Household,Delayed / Missing Inbound Replenishment,548.5
20260209,10,72,56,38,18,171.81,6528.78,38.0,0.0,SNAC_BISC_12,Snacks,Unforecasted Demand Spike,3092.58
20260209,10,209,7,4,3,108.95,435.8,4.0,0.0,PERS_SKIN_29,Personal Care,Delayed / Missing Inbound Replenishment,326.85
20260209,11,45,58,32,26,107.96,3454.72,32.0,0.0,BEVE_WATE_15,Beverages,Unforecasted Demand Spike,2806.96
20260209,14,110,38,0,38,43.46,0.0,0.0,0.0,PACK_READ_20,Packaged Foods,Delayed / Missing Inbound Replenishment,1651.48
20260209,16,22,216,144,72,53.74,7738.56,144.0,0.0,DAIR_CURD_22,Dairy,Unforecasted Demand Spike,3869.28
20260209,18,209,6,2,4,108.95,217.9,2.0,0.0,PERS_SKIN_29,Personal Care,Delayed / Missing Inbound Replenishment,435.8
20260209,18,212,10,9,1,148.46,1336.14,9.0,0.0,HOUS_DISH_02,Household,Forecast Underestimation & Buffer Shortage,148.46
20260209,21,73,78,12,66,92.13,1105.56,12.0,0.0,SNAC_NAMK_13,Snacks,Unforecasted Demand Spike,6080.58
20260209,23,100,42,32,10,109.11,3491.52,32.0,0.0,PACK_READ_10,Packaged Foods,Unforecasted Demand Spike,1091.1
20260209,23,251,32,30,2,167.64,5029.2,30.0,0.0,BABY_BABY_11,Baby Care,Forecast Underestimation & Buffer Shortage,335.28
20260209,25,122,219,139,80,111.96,15562.44,139.0,0.0,FRUI_EXOT_02,Fruits & Vegetables,Unforecasted Demand Spike,8956.8
20260209,28,241,28,25,3,535.8,13395.0,25.0,0.0,BABY_DIAP_01,Baby Care,Forecast Underestimation & Buffer Shortage,1607.4
20260209,32,212,22,19,3,148.46,2820.74,19.0,0.0,HOUS_DISH_02,Household,Forecast Underestimation & Buffer Shortage,445.38
20260209,32,217,4,0,4,275.5,0.0,0.0,0.0,HOUS_DISH_07,Household,Delayed / Missing Inbound Replenishment,1102.0
20260210,9,139,66,8,58,82.55,660.4,8.0,0.0,FRUI_SEAS_19,Fruits & Vegetables,Unforecasted Demand Spike,4787.9
20260210,23,120,85,79,6,117.17,9256.43,79.0,0.0,PACK_READ_30,Packaged Foods,Unforecasted Demand Spike,703.02
20260210,28,199,6,5,1,251.52,1257.6,5.0,0.0,PERS_SKIN_19,Personal Care,Forecast Underestimation & Buffer Shortage,251.52
20260210,32,217,3,0,3,275.5,0.0,0.0,0.0,HOUS_DISH_07,Household,Delayed / Missing Inbound Replenishment,826.5
20260212,26,30,77,55,22,165.95,9127.25,55.0,0.0,DAIR_PANE_30,Dairy,Unforecasted Demand Spike,3650.9
20260213,1,120,36,19,17,117.17,2226.23,19.0,0.0,PACK_READ_30,Packaged Foods,Forecast Underestimation & Buffer Shortage,1991.89
20260213,14,48,63,51,12,54.7,2789.7,51.0,0.0,BEVE_TEA _18,Beverages,Unforecasted Demand Spike,656.4
20260213,16,3,376,315,61,70.68,22264.2,315.0,0.0,DAIR_BUTT_03,Dairy,Unforecasted Demand Spike,4311.48
20260213,22,292,6,5,1,251.82,1259.1,5.0,0.0,PET _CAT _22,Pet Care,Forecast Underestimation & Buffer Shortage,251.82
20260213,24,53,223,201,22,36.4,7316.4,201.0,0.0,BEVE_TEA _23,Beverages,Unforecasted Demand Spike,800.8
20260213,26,32,118,3,115,101.75,305.25,3.0,0.0,BEVE_COLD_02,Beverages,Delayed / Missing Inbound Replenishment,11701.25
20260213,39,57,235,188,47,123.8,23274.4,188.0,0.0,BEVE_COLD_27,Beverages,Unforecasted Demand Spike,5818.6
20260213,40,87,193,192,1,201.63,38712.96,192.0,0.0,SNAC_BISC_27,Snacks,Unforecasted Demand Spike,201.63
20260214,2,78,108,54,54,133.29,7197.66,54.0,0.0,SNAC_NAMK_18,Snacks,Unforecasted Demand Spike,7197.66
20260214,2,94,34,30,4,81.81,2454.3,30.0,0.0,PACK_BREA_04,Packaged Foods,Forecast Underestimation & Buffer Shortage,327.24
20260214,3,291,15,14,1,384.98,5389.72,14.0,0.0,PET _DOG _21,Pet Care,Forecast Underestimation & Buffer Shortage,384.98
20260214,7,242,47,41,6,531.47,21790.27,41.0,0.0,BABY_BABY_02,Baby Care,Unforecasted Demand Spike,3188.82
20260214,7,297,18,16,2,129.29,2068.64,16.0,0.0,PET _PET _27,Pet Care,Forecast Underestimation & Buffer Shortage,258.58
20260214,8,82,99,72,27,163.96,11805.12,72.0,0.0,SNAC_BISC_22,Snacks,Unforecasted Demand Spike,4426.92
20260214,9,285,16,12,4,503.9,6046.8,12.0,0.0,PET _PET _15,Pet Care,Forecast Underestimation & Buffer Shortage,2015.6
20260214,12,292,8,7,1,251.82,1762.74,7.0,0.0,PET _CAT _22,Pet Care,Forecast Underestimation & Buffer Shortage,251.82
20260214,14,161,26,23,3,425.67,9790.41,23.0,0.0,STAP_ATTA_11,Staples,Forecast Underestimation & Buffer Shortage,1277.01
20260214,16,128,69,66,3,101.33,6687.78,66.0,0.0,FRUI_DAIL_08,Fruits & Vegetables,Unforecasted Demand Spike,303.99
20260214,19,16,243,238,5,137.79,32794.02,238.0,0.0,DAIR_MILK_16,Dairy,Unforecasted Demand Spike,688.95
20260214,19,82,113,100,13,163.96,16396.0,100.0,0.0,SNAC_BISC_22,Snacks,Unforecasted Demand Spike,2131.48
20260214,19,196,11,9,2,94.9,854.1,9.0,0.0,PERS_SOAP_16,Personal Care,Forecast Underestimation & Buffer Shortage,189.8
20260214,21,120,159,94,65,117.17,11013.98,94.0,0.0,PACK_READ_30,Packaged Foods,Unforecasted Demand Spike,7616.05
20260214,21,123,78,75,3,81.34,6100.5,75.0,0.0,FRUI_DAIL_03,Fruits & Vegetables,Unforecasted Demand Spike,244.02
20260214,22,76,90,78,12,64.61,5039.58,78.0,0.0,SNAC_CHIP_16,Snacks,Unforecasted Demand Spike,775.32
20260214,22,269,26,21,5,585.55,12296.55,21.0,0.0,BABY_DIAP_29,Baby Care,Forecast Underestimation & Buffer Shortage,2927.75
20260214,24,33,166,146,20,72.36,10564.56,146.0,0.0,BEVE_TEA _03,Beverages,Unforecasted Demand Spike,1447.2
20260214,25,148,292,191,101,75.56,14431.96,191.0,0.0,FRUI_DAIL_28,Fruits & Vegetables,Unforecasted Demand Spike,7631.56
20260214,26,37,66,64,2,93.59,5989.76,64.0,0.0,BEVE_COLD_07,Beverages,Unforecasted Demand Spike,187.18
20260214,29,42,140,117,23,54.5,6376.5,117.0,0.0,BEVE_COLD_12,Beverages,Unforecasted Demand Spike,1253.5
20260214,29,83,136,99,37,152.46,15093.54,101.0,0.0,SNAC_NAMK_23,Snacks,Unforecasted Demand Spike,5641.02
20260214,29,98,26,21,5,222.22,4666.62,21.0,0.0,PACK_SAUC_08,Packaged Foods,Forecast Underestimation & Buffer Shortage,1111.1
20260214,29,154,46,26,20,215.59,5605.34,26.0,0.0,STAP_EDIB_04,Staples,Unforecasted Demand Spike,4311.8
20260214,31,122,237,191,46,111.96,21384.36,191.0,0.0,FRUI_EXOT_02,Fruits & Vegetables,Unforecasted Demand Spike,5150.16
20260214,32,221,22,21,1,209.6,4401.6,21.0,0.0,HOUS_DETE_11,Household,Forecast Underestimation & Buffer Shortage,209.6
20260214,35,16,300,274,26,137.79,37754.46,274.0,0.0,DAIR_MILK_16,Dairy,Unforecasted Demand Spike,3582.54
20260214,38,182,42,28,14,79.48,2225.44,28.0,0.0,PERS_HAIR_02,Personal Care,Unforecasted Demand Spike,1112.72
20260215,1,10,220,194,26,104.2,20214.8,194.0,0.0,DAIR_PANE_10,Dairy,Unforecasted Demand Spike,2709.2
20260215,1,82,115,64,51,163.96,10493.44,64.0,0.0,SNAC_BISC_22,Snacks,Unforecasted Demand Spike,8361.96
20260215,1,89,63,44,19,50.88,2238.72,44.0,0.0,SNAC_CHOC_29,Snacks,Unforecasted Demand Spike,966.72
20260215,1,121,314,273,41,26.81,7319.13,273.0,0.0,FRUI_FRES_01,Fruits & Vegetables,Unforecasted Demand Spike,1099.21
20260215,4,150,47,42,5,97.84,4109.28,42.0,0.0,FRUI_CUT _30,Fruits & Vegetables,Unforecasted Demand Spike,489.2
20260215,5,94,29,26,3,81.81,2127.06,26.0,0.0,PACK_BREA_04,Packaged Foods,Forecast Underestimation & Buffer Shortage,245.43
20260215,5,106,38,36,2,210.34,7572.24,36.0,0.0,PACK_NOOD_16,Packaged Foods,Forecast Underestimation & Buffer Shortage,420.68
20260215,5,294,6,5,1,77.14,385.7,5.0,0.0,PET _PET _24,Pet Care,Forecast Underestimation & Buffer Shortage,77.14
20260215,7,83,344,257,87,152.46,39182.22,257.0,0.0,SNAC_NAMK_23,Snacks,Unforecasted Demand Spike,13264.02
20260215,8,108,85,51,34,194.33,9910.83,51.0,0.0,PACK_SAUC_18,Packaged Foods,Unforecasted Demand Spike,6607.22
20260215,9,33,78,54,24,72.36,3907.44,54.0,0.0,BEVE_TEA _03,Beverages,Unforecasted Demand Spike,1736.64
20260215,9,88,113,101,12,137.62,13899.62,101.0,0.0,SNAC_NAMK_28,Snacks,Unforecasted Demand Spike,1651.44
20260215,9,209,6,5,1,108.95,544.75,5.0,0.0,PERS_SKIN_29,Personal Care,Forecast Underestimation & Buffer Shortage,108.95
20260215,12,34,307,242,65,62.4,15100.8,242.0,0.0,BEVE_ENER_04,Beverages,Unforecasted Demand Spike,4056.0
20260215,14,16,100,84,16,137.79,11574.36,84.0,0.0,DAIR_MILK_16,Dairy,Unforecasted Demand Spike,2204.64
20260215,14,125,59,50,9,50.66,2533.0,50.0,0.0,FRUI_CUT _05,Fruits & Vegetables,Unforecasted Demand Spike,455.94
20260215,14,248,38,25,13,475.65,11891.25,25.0,0.0,BABY_BABY_08,Baby Care,Forecast Underestimation & Buffer Shortage,6183.45
20260215,14,291,13,12,1,384.98,4619.76,12.0,0.0,PET _DOG _21,Pet Care,Forecast Underestimation & Buffer Shortage,384.98
20260215,15,78,82,35,47,133.29,4665.15,35.0,0.0,SNAC_NAMK_18,Snacks,Unforecasted Demand Spike,6264.63
20260215,16,5,168,119,49,94.1,11197.9,119.0,0.0,DAIR_PANE_05,Dairy,Unforecasted Demand Spike,4610.9
20260215,16,82,121,41,80,163.96,6722.36,41.0,0.0,SNAC_BISC_22,Snacks,Unforecasted Demand Spike,13116.8
20260215,16,278,45,20,25,408.17,8163.4,20.0,0.0,PET _PET _08,Pet Care,Unforecasted Demand Spike,10204.25
20260215,19,16,101,0,101,137.79,0.0,0.0,0.0,DAIR_MILK_16,Dairy,Delayed / Missing Inbound Replenishment,13916.79
20260215,19,42,335,177,158,54.5,9646.5,177.0,0.0,BEVE_COLD_12,Beverages,Unforecasted Demand Spike,8611.0
20260215,21,243,91,57,34,536.66,30589.62,57.0,0.0,BABY_BABY_03,Baby Care,Unforecasted Demand Spike,18246.44
20260215,21,260,46,35,11,105.12,3679.2,35.0,0.0,BABY_BABY_20,Baby Care,Unforecasted Demand Spike,1156.32
20260215,21,287,7,6,1,342.13,2052.78,6.0,0.0,PET _DOG _17,Pet Care,Forecast Underestimation & Buffer Shortage,342.13
20260215,21,295,18,16,2,153.09,2449.44,16.0,0.0,PET _DOG _25,Pet Care,Forecast Underestimation & Buffer Shortage,306.18
20260215,22,64,427,295,132,46.19,13626.05,295.0,0.0,SNAC_CHOC_04,Snacks,Unforecasted Demand Spike,6097.08
20260215,22,77,93,73,20,54.3,3963.9,73.0,0.0,SNAC_BISC_17,Snacks,Unforecasted Demand Spike,1086.0
20260215,22,88,138,90,48,137.62,12385.8,90.0,0.0,SNAC_NAMK_28,Snacks,Unforecasted Demand Spike,6605.76
20260215,22,104,69,66,3,98.3,6487.8,66.0,0.0,PACK_BREA_14,Packaged Foods,Unforecasted Demand Spike,294.9
20260215,22,139,141,114,27,82.55,9410.7,114.0,0.0,FRUI_SEAS_19,Fruits & Vegetables,Unforecasted Demand Spike,2228.85
20260215,22,227,7,5,2,254.28,1271.4,5.0,0.0,HOUS_DISH_17,Household,Forecast Underestimation & Buffer Shortage,508.56
20260215,22,282,8,1,7,378.42,378.42,1.0,0.0,PET _PET _12,Pet Care,Delayed / Missing Inbound Replenishment,2648.94
20260215,23,27,107,26,81,103.33,2686.58,26.0,0.0,DAIR_CURD_27,Dairy,Unforecasted Demand Spike,8369.73
20260215,23,115,30,21,9,236.91,4975.11,21.0,0.0,PACK_READ_25,Packaged Foods,Forecast Underestimation & Buffer Shortage,2132.19
20260215,23,167,158,145,13,387.95,56252.75,145.0,0.0,STAP_RICE_17,Staples,Unforecasted Demand Spike,5043.35
20260215,23,272,11,6,5,569.34,3416.04,6.0,0.0,PET _CAT _02,Pet Care,Forecast Underestimation & Buffer Shortage,2846.7
20260215,24,70,220,154,66,129.42,19930.68,154.0,0.0,SNAC_NUTS_10,Snacks,Unforecasted Demand Spike,8541.72
20260215,25,71,70,45,25,68.22,3069.9,45.0,0.0,SNAC_CHIP_11,Snacks,Unforecasted Demand Spike,1705.5
20260215,28,176,57,45,12,283.47,12756.15,45.0,0.0,STAP_ATTA_26,Staples,Unforecasted Demand Spike,3401.64
20260215,28,292,5,3,2,251.82,755.46,3.0,0.0,PET _CAT _22,Pet Care,Delayed / Missing Inbound Replenishment,503.64
20260215,29,12,153,106,47,143.6,15221.6,106.0,0.0,DAIR_CURD_12,Dairy,Unforecasted Demand Spike,6749.2
20260215,29,105,60,55,5,171.63,9439.65,55.0,0.0,PACK_READ_15,Packaged Foods,Unforecasted Demand Spike,858.15
20260215,29,186,19,16,3,217.4,3478.4,16.0,0.0,PERS_SOAP_06,Personal Care,Forecast Underestimation & Buffer Shortage,652.2
20260215,29,236,19,17,2,87.59,1489.03,17.0,0.0,HOUS_DETE_26,Household,Forecast Underestimation & Buffer Shortage,175.18
20260215,29,262,60,45,15,373.45,16805.25,45.0,0.0,BABY_BABY_22,Baby Care,Unforecasted Demand Spike,5601.75
20260215,35,16,97,0,97,137.79,0.0,0.0,0.0,DAIR_MILK_16,Dairy,Delayed / Missing Inbound Replenishment,13365.63
20260215,39,16,101,99,2,137.79,13641.21,99.0,0.0,DAIR_MILK_16,Dairy,Unforecasted Demand Spike,275.58
20260215,39,38,94,74,20,48.32,3575.68,74.0,0.0,BEVE_TEA _08,Beverages,Unforecasted Demand Spike,966.4
20260215,39,193,9,7,2,124.41,870.87,9.0,0.0,PERS_ORAL_13,Personal Care,Forecast Underestimation & Buffer Shortage,248.82
20260215,39,212,11,7,4,148.46,1039.22,7.0,0.0,HOUS_DISH_02,Household,Forecast Underestimation & Buffer Shortage,593.84
20260215,39,295,16,15,1,153.09,2296.35,15.0,0.0,PET _DOG _25,Pet Care,Forecast Underestimation & Buffer Shortage,153.09
20260215,40,69,53,30,23,49.81,1494.3,30.0,0.0,SNAC_CHOC_09,Snacks,Unforecasted Demand Spike,1145.63
20260216,1,121,60,0,60,26.81,0.0,0.0,0.0,FRUI_FRES_01,Fruits & Vegetables,Delayed / Missing Inbound Replenishment,1608.6
20260216,7,45,225,214,11,107.96,23103.44,214.0,0.0,BEVE_WATE_15,Beverages,Unforecasted Demand Spike,1187.56
20260216,9,209,6,0,6,108.95,0.0,0.0,0.0,PERS_SKIN_29,Personal Care,Delayed / Missing Inbound Replenishment,653.7
20260216,10,16,68,25,43,137.79,3444.75,25.0,0.0,DAIR_MILK_16,Dairy,Unforecasted Demand Spike,5924.97
20260216,12,91,18,17,1,240.18,4083.06,17.0,0.0,PACK_NOOD_01,Packaged Foods,Forecast Underestimation & Buffer Shortage,240.18
20260216,14,272,6,4,2,569.34,2277.36,5.0,0.0,PET _CAT _02,Pet Care,Forecast Underestimation & Buffer Shortage,1138.68
20260216,16,91,16,2,14,240.18,480.36,2.0,0.0,PACK_NOOD_01,Packaged Foods,Delayed / Missing Inbound Replenishment,3362.52
20260216,17,272,6,1,5,569.34,569.34,1.0,0.0,PET _CAT _02,Pet Care,Delayed / Missing Inbound Replenishment,2846.7
20260216,17,294,4,0,4,77.14,0.0,0.0,0.0,PET _PET _24,Pet Care,Delayed / Missing Inbound Replenishment,308.56
20260216,18,16,56,46,10,137.79,6338.34,46.0,0.0,DAIR_MILK_16,Dairy,Unforecasted Demand Spike,1377.9
20260216,18,46,60,48,12,32.07,1539.36,48.0,0.0,BEVE_JUIC_16,Beverages,Unforecasted Demand Spike,384.84
20260216,19,16,69,0,69,137.79,0.0,0.0,0.0,DAIR_MILK_16,Dairy,Delayed / Missing Inbound Replenishment,9507.51
20260216,21,16,65,48,17,137.79,6613.92,48.0,0.0,DAIR_MILK_16,Dairy,Unforecasted Demand Spike,2342.43
20260216,21,94,24,21,3,81.81,1718.01,21.0,0.0,PACK_BREA_04,Packaged Foods,Forecast Underestimation & Buffer Shortage,245.43
20260216,21,103,63,55,8,129.06,7098.3,55.0,0.0,PACK_SAUC_13,Packaged Foods,Unforecasted Demand Spike,1032.48
20260216,22,13,79,52,27,121.24,6304.48,52.0,0.0,DAIR_BUTT_13,Dairy,Unforecasted Demand Spike,3273.48
20260216,22,64,89,0,89,46.19,0.0,0.0,0.0,SNAC_CHOC_04,Snacks,Delayed / Missing Inbound Replenishment,4110.91
20260216,22,74,162,158,4,67.1,10601.8,158.0,0.0,SNAC_CHOC_14,Snacks,Unforecasted Demand Spike,268.4
20260216,22,155,17,16,1,443.45,7095.2,16.0,0.0,STAP_SPIC_05,Staples,Forecast Underestimation & Buffer Shortage,443.45
20260216,22,166,29,28,1,248.86,6968.08,28.0,0.0,STAP_ATTA_16,Staples,Forecast Underestimation & Buffer Shortage,248.86
20260216,23,123,56,12,44,81.34,976.08,12.0,0.0,FRUI_DAIL_03,Fruits & Vegetables,Unforecasted Demand Spike,3578.96
20260216,23,167,35,0,35,387.95,0.0,0.0,0.0,STAP_RICE_17,Staples,Delayed / Missing Inbound Replenishment,13578.25
20260216,25,266,17,0,17,106.13,0.0,0.0,0.0,BABY_BABY_26,Baby Care,Delayed / Missing Inbound Replenishment,1804.21
20260216,26,16,69,24,45,137.79,3306.96,24.0,0.0,DAIR_MILK_16,Dairy,Unforecasted Demand Spike,6200.55
20260216,26,88,80,73,7,137.62,10046.26,75.0,0.0,SNAC_NAMK_28,Snacks,Unforecasted Demand Spike,963.34
20260216,27,40,51,32,19,137.08,4386.56,32.0,0.0,BEVE_WATE_10,Beverages,Unforecasted Demand Spike,2604.52
20260216,29,20,78,77,1,139.53,10743.81,77.0,0.0,DAIR_PANE_20,Dairy,Unforecasted Demand Spike,139.53
20260216,29,99,17,14,3,156.42,2189.88,14.0,0.0,PACK_BREA_09,Packaged Foods,Forecast Underestimation & Buffer Shortage,469.26
20260216,29,112,52,31,21,51.88,1608.28,31.0,0.0,PACK_PAST_22,Packaged Foods,Unforecasted Demand Spike,1089.48
20260216,29,123,51,45,6,81.34,3660.3,45.0,0.0,FRUI_DAIL_03,Fruits & Vegetables,Unforecasted Demand Spike,488.04
20260216,30,63,45,36,9,157.5,5670.0,36.0,0.0,SNAC_NAMK_03,Snacks,Unforecasted Demand Spike,1417.5
20260216,35,16,62,0,62,137.79,0.0,0.0,0.0,DAIR_MILK_16,Dairy,Delayed / Missing Inbound Replenishment,8542.98
20260217,1,16,60,53,7,137.79,7302.87,53.0,0.0,DAIR_MILK_16,Dairy,Unforecasted Demand Spike,964.53
20260217,3,42,62,9,53,54.5,490.5,9.0,0.0,BEVE_COLD_12,Beverages,Unforecasted Demand Spike,2888.5
20260217,3,88,64,33,31,137.62,4541.46,33.0,0.0,SNAC_NAMK_28,Snacks,Unforecasted Demand Spike,4266.22
20260217,9,154,26,18,8,215.59,3880.62,18.0,0.0,STAP_EDIB_04,Staples,Forecast Underestimation & Buffer Shortage,1724.72
20260217,9,211,37,34,3,194.68,6619.12,34.0,0.0,HOUS_DETE_01,Household,Forecast Underestimation & Buffer Shortage,584.04
20260217,14,279,12,11,1,241.89,2660.79,11.0,0.0,PET _DOG _09,Pet Care,Forecast Underestimation & Buffer Shortage,241.89
20260217,16,105,30,19,11,171.63,3260.97,19.0,0.0,PACK_READ_15,Packaged Foods,Forecast Underestimation & Buffer Shortage,1887.93
20260217,19,27,52,42,10,103.33,4339.86,42.0,0.0,DAIR_CURD_27,Dairy,Unforecasted Demand Spike,1033.3
20260217,22,58,215,160,55,99.9,15984.0,160.0,0.0,BEVE_TEA _28,Beverages,Unforecasted Demand Spike,5494.5
20260217,22,195,12,10,2,227.65,2276.5,10.0,0.0,PERS_SANI_15,Personal Care,Forecast Underestimation & Buffer Shortage,455.3
20260217,22,221,7,4,3,209.6,838.4,4.0,0.0,HOUS_DETE_11,Household,Delayed / Missing Inbound Replenishment,628.8
20260217,22,281,4,3,1,208.33,624.99,3.0,0.0,PET _PET _11,Pet Care,Delayed / Missing Inbound Replenishment,208.33
20260217,23,51,48,44,4,82.5,3630.0,44.0,0.0,BEVE_JUIC_21,Beverages,Unforecasted Demand Spike,330.0
20260217,25,139,72,46,26,82.55,3797.3,46.0,0.0,FRUI_SEAS_19,Fruits & Vegetables,Unforecasted Demand Spike,2146.3
20260217,29,88,78,54,24,137.62,7431.48,54.0,0.0,SNAC_NAMK_28,Snacks,Unforecasted Demand Spike,3302.88
20260217,29,250,25,17,8,204.07,3469.19,17.0,0.0,BABY_BABY_10,Baby Care,Forecast Underestimation & Buffer Shortage,1632.56
20260218,2,161,50,45,5,425.67,19155.15,45.0,0.0,STAP_ATTA_11,Staples,Unforecasted Demand Spike,2128.35
20260218,4,123,38,27,11,81.34,2196.18,27.0,0.0,FRUI_DAIL_03,Fruits & Vegetables,Forecast Underestimation & Buffer Shortage,894.74
20260218,16,64,78,61,17,46.19,2817.59,61.0,0.0,SNAC_CHOC_04,Snacks,Unforecasted Demand Spike,785.23
20260218,18,140,29,18,11,54.59,982.62,18.0,0.0,FRUI_CUT _20,Fruits & Vegetables,Forecast Underestimation & Buffer Shortage,600.49
20260218,19,123,45,21,24,81.34,1708.14,21.0,0.0,FRUI_DAIL_03,Fruits & Vegetables,Unforecasted Demand Spike,1952.16
20260218,22,195,5,0,5,227.65,0.0,0.0,0.0,PERS_SANI_15,Personal Care,Delayed / Missing Inbound Replenishment,1138.25
20260218,22,293,12,9,3,478.5,4306.5,9.0,0.0,PET _PET _23,Pet Care,Forecast Underestimation & Buffer Shortage,1435.5
20260218,23,203,9,0,9,316.94,0.0,0.0,0.0,PERS_ORAL_23,Personal Care,Delayed / Missing Inbound Replenishment,2852.46
20260219,14,259,17,13,4,361.83,4703.79,13.0,0.0,BABY_BABY_19,Baby Care,Forecast Underestimation & Buffer Shortage,1447.32
20260219,22,5,128,108,20,94.1,10162.8,108.0,0.0,DAIR_PANE_05,Dairy,Unforecasted Demand Spike,1882.0
20260219,25,57,75,3,72,123.8,371.4,4.0,0.0,BEVE_COLD_27,Beverages,Delayed / Missing Inbound Replenishment,8913.6
20260220,4,169,74,70,4,312.03,21842.1,70.0,0.0,STAP_EDIB_19,Staples,Unforecasted Demand Spike,1248.12
20260220,8,15,239,211,28,51.04,10769.44,211.0,0.0,DAIR_PANE_15,Dairy,Unforecasted Demand Spike,1429.12
20260220,14,297,19,18,1,129.29,2327.22,18.0,0.0,PET _PET _27,Pet Care,Forecast Underestimation & Buffer Shortage,129.29
20260220,15,54,212,161,51,85.37,13744.57,161.0,0.0,BEVE_ENER_24,Beverages,Unforecasted Demand Spike,4353.87
20260220,17,14,335,253,82,190.76,48262.28,253.0,0.0,DAIR_CHEE_14,Dairy,Unforecasted Demand Spike,15642.32
20260220,20,145,61,35,26,66.24,2318.4,35.0,0.0,FRUI_CUT _25,Fruits & Vegetables,Unforecasted Demand Spike,1722.24
20260220,21,81,232,214,18,104.22,22303.08,214.0,0.0,SNAC_CHIP_21,Snacks,Unforecasted Demand Spike,1875.96
20260220,22,231,8,7,1,259.78,1818.46,7.0,0.0,HOUS_DETE_21,Household,Forecast Underestimation & Buffer Shortage,259.78
20260220,22,237,40,36,4,239.52,8622.72,36.0,0.0,HOUS_DISH_27,Household,Forecast Underestimation & Buffer Shortage,958.08
20260220,23,6,342,234,108,50.9,11910.6,234.0,0.0,DAIR_MILK_06,Dairy,Unforecasted Demand Spike,5497.2
20260220,26,149,250,186,64,103.98,19340.28,186.0,0.0,FRUI_SEAS_29,Fruits & Vegetables,Unforecasted Demand Spike,6654.72
20260220,26,162,54,45,9,185.02,8325.9,45.0,0.0,STAP_RICE_12,Staples,Unforecasted Demand Spike,1665.18
20260220,34,81,205,202,3,104.22,21052.44,202.0,0.0,SNAC_CHIP_21,Snacks,Unforecasted Demand Spike,312.66
20260220,39,112,27,10,17,51.88,518.8,10.0,0.0,PACK_PAST_22,Packaged Foods,Forecast Underestimation & Buffer Shortage,881.96
20260221,3,233,18,0,18,161.93,0.0,0.0,0.0,HOUS_CLEA_23,Household,Delayed / Missing Inbound Replenishment,2914.74
20260221,4,157,27,25,2,143.25,3581.25,26.0,0.0,STAP_RICE_07,Staples,Forecast Underestimation & Buffer Shortage,286.5
20260221,4,241,47,7,40,535.8,3750.6,7.0,0.0,BABY_DIAP_01,Baby Care,Unforecasted Demand Spike,21432.0
20260221,5,24,102,43,59,103.72,4459.96,43.0,0.0,DAIR_CHEE_24,Dairy,Unforecasted Demand Spike,6119.48
20260221,5,298,13,7,6,544.35,3810.45,7.0,0.0,PET _PET _28,Pet Care,Forecast Underestimation & Buffer Shortage,3266.1
20260221,9,151,45,42,3,401.39,16858.38,42.0,0.0,STAP_ATTA_01,Staples,Unforecasted Demand Spike,1204.17
20260221,9,165,42,37,5,296.84,10983.08,37.0,0.0,STAP_SPIC_15,Staples,Unforecasted Demand Spike,1484.2
20260221,10,69,50,6,44,49.81,298.86,6.0,0.0,SNAC_CHOC_09,Snacks,Unforecasted Demand Spike,2191.64
20260221,10,249,93,59,34,500.22,29512.98,59.0,0.0,BABY_DIAP_09,Baby Care,Unforecasted Demand Spike,17007.48
20260221,12,5,63,43,20,94.1,4046.3,43.0,0.0,DAIR_PANE_05,Dairy,Unforecasted Demand Spike,1882.0
20260221,14,51,153,106,47,82.5,8745.0,106.0,0.0,BEVE_JUIC_21,Beverages,Unforecasted Demand Spike,3877.5
20260221,14,194,16,10,6,365.21,3652.1,10.0,0.0,PERS_SKIN_14,Personal Care,Forecast Underestimation & Buffer Shortage,2191.26
20260221,14,281,7,6,1,208.33,1249.98,6.0,0.0,PET _PET _11,Pet Care,Forecast Underestimation & Buffer Shortage,208.33
20260221,16,123,82,76,6,81.34,6181.84,76.0,0.0,FRUI_DAIL_03,Fruits & Vegetables,Unforecasted Demand Spike,488.04
20260221,19,118,153,145,8,241.31,34989.95,145.0,0.0,PACK_SAUC_28,Packaged Foods,Unforecasted Demand Spike,1930.48
20260221,19,218,9,6,3,72.52,435.12,6.0,0.0,HOUS_CLEA_08,Household,Forecast Underestimation & Buffer Shortage,217.56
20260221,20,140,115,112,3,54.59,6114.08,112.0,0.0,FRUI_CUT _20,Fruits & Vegetables,Unforecasted Demand Spike,163.77
20260221,21,81,108,0,108,104.22,0.0,0.0,0.0,SNAC_CHIP_21,Snacks,Delayed / Missing Inbound Replenishment,11255.76
20260221,22,113,109,108,1,200.74,21679.92,108.0,0.0,PACK_SAUC_23,Packaged Foods,Unforecasted Demand Spike,200.74
20260221,23,260,46,45,1,105.12,4730.4,45.0,0.0,BABY_BABY_20,Baby Care,Unforecasted Demand Spike,105.12
20260221,26,22,255,235,20,53.74,12628.9,235.0,0.0,DAIR_CURD_22,Dairy,Unforecasted Demand Spike,1074.8
20260221,26,237,16,11,5,239.52,2634.72,11.0,0.0,HOUS_DISH_27,Household,Forecast Underestimation & Buffer Shortage,1197.6
20260221,29,103,92,62,30,129.06,8001.72,62.0,0.0,PACK_SAUC_13,Packaged Foods,Unforecasted Demand Spike,3871.8
20260221,29,223,17,13,4,209.86,2728.18,13.0,0.0,HOUS_CLEA_13,Household,Forecast Underestimation & Buffer Shortage,839.44
20260221,29,283,9,6,3,548.52,3291.12,6.0,0.0,PET _DOG _13,Pet Care,Forecast Underestimation & Buffer Shortage,1645.56
20260221,29,288,13,6,7,322.74,1936.44,6.0,0.0,PET _CAT _18,Pet Care,Forecast Underestimation & Buffer Shortage,2259.18
20260221,35,67,89,82,7,113.98,9346.36,82.0,0.0,SNAC_BISC_07,Snacks,Unforecasted Demand Spike,797.86
20260221,38,25,79,53,26,185.79,9846.87,53.0,0.0,DAIR_PANE_25,Dairy,Unforecasted Demand Spike,4830.54
20260221,39,52,155,144,11,138.55,19951.2,144.0,0.0,BEVE_COLD_22,Beverages,Unforecasted Demand Spike,1524.05
20260222,3,71,167,155,12,68.22,10574.1,155.0,0.0,SNAC_CHIP_11,Snacks,Unforecasted Demand Spike,818.64
20260222,3,194,15,14,1,365.21,5112.94,14.0,0.0,PERS_SKIN_14,Personal Care,Forecast Underestimation & Buffer Shortage,365.21
20260222,4,114,38,30,8,58.62,1758.6,30.0,0.0,PACK_BREA_24,Packaged Foods,Forecast Underestimation & Buffer Shortage,468.96
20260222,5,23,104,53,51,57.13,3027.89,53.0,0.0,DAIR_BUTT_23,Dairy,Unforecasted Demand Spike,2913.63
20260222,7,7,365,203,162,154.99,31462.97,203.0,0.0,DAIR_CURD_07,Dairy,Unforecasted Demand Spike,25108.38
20260222,8,106,132,127,5,210.34,26713.18,127.0,0.0,PACK_NOOD_16,Packaged Foods,Unforecasted Demand Spike,1051.7
20260222,8,228,41,33,8,213.73,7053.09,33.0,0.0,HOUS_CLEA_18,Household,Unforecasted Demand Spike,1709.84
20260222,9,25,117,99,18,185.79,18393.21,99.0,0.0,DAIR_PANE_25,Dairy,Unforecasted Demand Spike,3344.22
20260222,10,15,93,63,30,51.04,3215.52,63.0,0.0,DAIR_PANE_15,Dairy,Unforecasted Demand Spike,1531.2
20260222,10,142,92,67,25,64.0,4288.0,67.0,0.0,FRUI_EXOT_22,Fruits & Vegetables,Unforecasted Demand Spike,1600.0
20260222,10,192,10,7,3,357.65,2503.55,7.0,0.0,PERS_HAIR_12,Personal Care,Forecast Underestimation & Buffer Shortage,1072.95
20260222,10,212,14,13,1,148.46,1929.98,13.0,0.0,HOUS_DISH_02,Household,Forecast Underestimation & Buffer Shortage,148.46
20260222,11,297,64,26,38,129.29,3361.54,26.0,0.0,PET _PET _27,Pet Care,Unforecasted Demand Spike,4913.02
20260222,12,2,94,80,14,47.2,3776.0,80.0,0.0,DAIR_CURD_02,Dairy,Unforecasted Demand Spike,660.8
20260222,12,123,72,39,33,81.34,3172.26,39.0,0.0,FRUI_DAIL_03,Fruits & Vegetables,Unforecasted Demand Spike,2684.22
20260222,13,48,56,0,56,54.7,0.0,0.0,0.0,BEVE_TEA _18,Beverages,Delayed / Missing Inbound Replenishment,3063.2
20260222,13,225,6,1,5,127.69,127.69,1.0,0.0,HOUS_REPE_15,Household,Delayed / Missing Inbound Replenishment,638.45
20260222,14,281,7,0,7,208.33,0.0,0.0,0.0,PET _PET _11,Pet Care,Delayed / Missing Inbound Replenishment,1458.31
20260222,16,111,163,72,91,148.4,10684.8,72.0,0.0,PACK_NOOD_21,Packaged Foods,Unforecasted Demand Spike,13504.4
20260222,16,168,58,16,42,166.75,2668.0,16.0,0.0,STAP_DALS_18,Staples,Unforecasted Demand Spike,7003.5
20260222,16,297,28,24,4,129.29,3102.96,24.0,0.0,PET _PET _27,Pet Care,Forecast Underestimation & Buffer Shortage,517.16
20260222,18,124,170,156,14,61.37,9573.72,156.0,0.0,FRUI_SEAS_04,Fruits & Vegetables,Unforecasted Demand Spike,859.18
20260222,18,276,9,1,8,419.68,419.68,1.0,0.0,PET _CAT _06,Pet Care,Delayed / Missing Inbound Replenishment,3357.44
20260222,19,57,119,103,16,123.8,12751.4,103.0,0.0,BEVE_COLD_27,Beverages,Unforecasted Demand Spike,1980.8
20260222,19,87,115,51,64,201.63,10283.13,51.0,0.0,SNAC_BISC_27,Snacks,Unforecasted Demand Spike,12904.32
20260222,19,203,11,10,1,316.94,3169.4,10.0,0.0,PERS_ORAL_23,Personal Care,Forecast Underestimation & Buffer Shortage,316.94
20260222,19,218,8,0,8,72.52,0.0,0.0,0.0,HOUS_CLEA_08,Household,Delayed / Missing Inbound Replenishment,580.16
20260222,21,37,142,125,17,93.59,11698.75,125.0,0.0,BEVE_COLD_07,Beverages,Unforecasted Demand Spike,1591.03
20260222,21,112,73,70,3,51.88,3631.6,70.0,0.0,PACK_PAST_22,Packaged Foods,Unforecasted Demand Spike,155.64
20260222,21,180,48,39,9,325.93,12711.27,39.0,0.0,STAP_SPIC_30,Staples,Unforecasted Demand Spike,2933.37
20260222,21,230,7,6,1,79.04,474.24,6.0,0.0,HOUS_REPE_20,Household,Forecast Underestimation & Buffer Shortage,79.04
20260222,22,35,104,96,8,158.37,15203.52,96.0,0.0,BEVE_WATE_05,Beverages,Unforecasted Demand Spike,1266.96
20260222,22,262,58,20,38,373.45,7469.0,20.0,0.0,BABY_BABY_22,Baby Care,Unforecasted Demand Spike,14191.1
20260222,22,276,11,9,2,419.68,3777.12,9.0,0.0,PET _CAT _06,Pet Care,Forecast Underestimation & Buffer Shortage,839.36
20260222,23,14,134,99,35,190.76,18885.24,99.0,0.0,DAIR_CHEE_14,Dairy,Unforecasted Demand Spike,6676.6
20260222,23,65,115,92,23,134.26,12351.92,92.0,0.0,SNAC_NUTS_05,Snacks,Unforecasted Demand Spike,3087.98
20260222,23,67,113,72,41,113.98,8206.56,72.0,0.0,SNAC_BISC_07,Snacks,Unforecasted Demand Spike,4673.18
20260222,25,191,19,16,3,184.94,2959.04,16.0,0.0,PERS_SOAP_11,Personal Care,Forecast Underestimation & Buffer Shortage,554.82
20260222,25,202,21,17,4,60.61,1030.37,17.0,0.0,PERS_HAIR_22,Personal Care,Forecast Underestimation & Buffer Shortage,242.44
20260222,26,22,90,0,90,53.74,0.0,0.0,0.0,DAIR_CURD_22,Dairy,Delayed / Missing Inbound Replenishment,4836.6
20260222,26,38,103,59,44,48.32,2850.88,59.0,0.0,BEVE_TEA _08,Beverages,Unforecasted Demand Spike,2126.08
20260222,26,74,214,67,147,67.1,4495.7,67.0,0.0,SNAC_CHOC_14,Snacks,Unforecasted Demand Spike,9863.7
20260222,26,297,71,37,34,129.29,4783.73,37.0,0.0,PET _PET _27,Pet Care,Unforecasted Demand Spike,4395.86
20260222,27,186,33,30,3,217.4,6522.0,30.0,0.0,PERS_SOAP_06,Personal Care,Forecast Underestimation & Buffer Shortage,652.2
20260222,28,54,290,197,93,85.37,16817.89,197.0,0.0,BEVE_ENER_24,Beverages,Unforecasted Demand Spike,7939.41
20260222,29,41,109,99,10,104.58,10353.42,99.0,0.0,BEVE_JUIC_11,Beverages,Unforecasted Demand Spike,1045.8
20260222,29,55,132,128,4,76.58,9802.24,128.0,0.0,BEVE_WATE_25,Beverages,Unforecasted Demand Spike,306.32
20260222,29,185,19,12,7,218.07,2616.84,12.0,0.0,PERS_SANI_05,Personal Care,Forecast Underestimation & Buffer Shortage,1526.49
20260222,33,91,53,47,6,240.18,11288.46,47.0,0.0,PACK_NOOD_01,Packaged Foods,Unforecasted Demand Spike,1441.08
20260222,39,21,118,95,23,59.48,5650.6,95.0,0.0,DAIR_MILK_21,Dairy,Unforecasted Demand Spike,1368.04
20260222,39,226,20,17,3,300.71,5112.07,17.0,0.0,HOUS_DETE_16,Household,Forecast Underestimation & Buffer Shortage,902.13
20260223,3,203,9,6,3,316.94,1901.64,6.0,0.0,PERS_ORAL_23,Personal Care,Forecast Underestimation & Buffer Shortage,950.82
20260223,5,110,85,77,8,43.46,3346.42,77.0,0.0,PACK_READ_20,Packaged Foods,Unforecasted Demand Spike,347.68
20260223,7,154,25,23,2,215.59,4958.57,23.0,0.0,STAP_EDIB_04,Staples,Forecast Underestimation & Buffer Shortage,431.18
20260223,8,106,27,0,27,210.34,0.0,0.0,0.0,PACK_NOOD_16,Packaged Foods,Delayed / Missing Inbound Replenishment,5679.18
20260223,8,228,8,0,8,213.73,0.0,0.0,0.0,HOUS_CLEA_18,Household,Delayed / Missing Inbound Replenishment,1709.84
20260223,17,3,75,69,6,70.68,4876.92,69.0,0.0,DAIR_BUTT_03,Dairy,Unforecasted Demand Spike,424.08
20260223,17,220,7,4,3,256.13,1024.52,4.0,0.0,HOUS_REPE_10,Household,Delayed / Missing Inbound Replenishment,768.39
20260223,19,203,9,0,9,316.94,0.0,0.0,0.0,PERS_ORAL_23,Personal Care,Delayed / Missing Inbound Replenishment,2852.46
20260223,19,284,18,14,4,420.04,5880.56,14.0,0.0,PET _CAT _14,Pet Care,Forecast Underestimation & Buffer Shortage,1680.16
20260223,21,112,17,0,17,51.88,0.0,0.0,0.0,PACK_PAST_22,Packaged Foods,Delayed / Missing Inbound Replenishment,881.96
20260223,21,273,3,2,1,256.39,512.78,2.0,0.0,PET _PET _03,Pet Care,Delayed / Missing Inbound Replenishment,256.39
20260223,22,1,85,75,10,95.23,7142.25,75.0,0.0,DAIR_MILK_01,Dairy,Unforecasted Demand Spike,952.3
20260223,22,67,74,63,11,113.98,7180.74,63.0,0.0,SNAC_BISC_07,Snacks,Unforecasted Demand Spike,1253.78
20260223,22,199,8,5,3,251.52,1257.6,5.0,0.0,PERS_SKIN_19,Personal Care,Forecast Underestimation & Buffer Shortage,754.56
20260223,22,204,7,6,1,199.5,1197.0,6.0,0.0,PERS_SKIN_24,Personal Care,Forecast Underestimation & Buffer Shortage,199.5
20260223,22,224,14,8,6,131.14,1049.12,8.0,0.0,HOUS_DISP_14,Household,Forecast Underestimation & Buffer Shortage,786.84
20260223,22,233,12,9,3,161.93,1457.37,9.0,0.0,HOUS_CLEA_23,Household,Forecast Underestimation & Buffer Shortage,485.79
20260223,23,261,20,18,2,419.38,7548.84,18.0,0.0,BABY_DIAP_21,Baby Care,Forecast Underestimation & Buffer Shortage,838.76
20260223,25,123,51,42,9,81.34,3416.28,42.0,0.0,FRUI_DAIL_03,Fruits & Vegetables,Unforecasted Demand Spike,732.06
20260223,25,199,6,5,1,251.52,1257.6,5.0,0.0,PERS_SKIN_19,Personal Care,Forecast Underestimation & Buffer Shortage,251.52
20260223,26,210,8,7,1,212.16,1485.12,7.0,0.0,PERS_SANI_30,Personal Care,Forecast Underestimation & Buffer Shortage,212.16
20260223,29,169,24,22,2,312.03,6864.66,22.0,0.0,STAP_EDIB_19,Staples,Forecast Underestimation & Buffer Shortage,624.06
20260223,40,55,229,227,2,76.58,17383.66,227.0,0.0,BEVE_WATE_25,Beverages,Unforecasted Demand Spike,153.16
20260224,3,297,13,11,2,129.29,1422.19,12.0,0.0,PET _PET _27,Pet Care,Forecast Underestimation & Buffer Shortage,258.58
20260224,8,228,8,0,8,213.73,0.0,0.0,0.0,HOUS_CLEA_18,Household,Delayed / Missing Inbound Replenishment,1709.84
20260224,14,57,60,55,5,123.8,6809.0,55.0,0.0,BEVE_COLD_27,Beverages,Unforecasted Demand Spike,619.0
20260224,16,276,7,5,2,419.68,2098.4,5.0,0.0,PET _CAT _06,Pet Care,Forecast Underestimation & Buffer Shortage,839.36
20260224,23,204,6,4,2,199.5,798.0,4.0,0.0,PERS_SKIN_24,Personal Care,Delayed / Missing Inbound Replenishment,399.0
20260225,2,213,5,3,2,243.34,730.02,3.0,0.0,HOUS_CLEA_03,Household,Delayed / Missing Inbound Replenishment,486.68
20260225,7,121,66,59,7,26.81,1581.79,59.0,0.0,FRUI_FRES_01,Fruits & Vegetables,Unforecasted Demand Spike,187.67
20260225,12,201,10,2,8,193.23,386.46,2.0,0.0,PERS_SOAP_21,Personal Care,Delayed / Missing Inbound Replenishment,1545.84
20260225,22,215,9,7,2,69.23,484.61,7.0,0.0,HOUS_REPE_05,Household,Forecast Underestimation & Buffer Shortage,138.46
20260225,25,204,10,9,1,199.5,1795.5,9.0,0.0,PERS_SKIN_24,Personal Care,Forecast Underestimation & Buffer Shortage,199.5
20260225,27,299,9,8,1,108.9,871.2,8.0,0.0,PET _DOG _29,Pet Care,Forecast Underestimation & Buffer Shortage,108.9
20260225,29,78,211,77,134,133.29,10263.33,77.0,0.0,SNAC_NAMK_18,Snacks,Unforecasted Demand Spike,17860.86
20260225,40,24,68,19,49,103.72,1970.68,19.0,0.0,DAIR_CHEE_24,Dairy,Unforecasted Demand Spike,5082.28
20260226,7,121,62,0,62,26.81,0.0,0.0,0.0,FRUI_FRES_01,Fruits & Vegetables,Delayed / Missing Inbound Replenishment,1662.22
20260226,10,108,65,64,1,194.33,12437.12,64.0,0.0,PACK_SAUC_18,Packaged Foods,Unforecasted Demand Spike,194.33
20260226,12,268,17,14,3,129.29,1810.06,14.0,0.0,BABY_BABY_28,Baby Care,Forecast Underestimation & Buffer Shortage,387.87
20260226,16,79,67,28,39,110.76,3101.28,28.0,0.0,SNAC_CHOC_19,Snacks,Unforecasted Demand Spike,4319.64
20260226,29,78,81,0,81,133.29,0.0,0.0,0.0,SNAC_NAMK_18,Snacks,Delayed / Missing Inbound Replenishment,10796.49
20260226,29,274,10,9,1,218.13,1963.17,9.0,0.0,PET _PET _04,Pet Care,Forecast Underestimation & Buffer Shortage,218.13
20260227,3,279,41,35,6,241.89,8466.15,35.0,0.0,PET _DOG _09,Pet Care,Unforecasted Demand Spike,1451.34
20260227,4,15,200,140,60,51.04,7145.6,140.0,0.0,DAIR_PANE_15,Dairy,Unforecasted Demand Spike,3062.4
20260227,4,65,88,68,20,134.26,9129.68,68.0,0.0,SNAC_NUTS_05,Snacks,Unforecasted Demand Spike,2685.2
20260227,6,33,163,157,6,72.36,11360.52,157.0,0.0,BEVE_TEA _03,Beverages,Unforecasted Demand Spike,434.16
20260227,11,72,173,171,2,171.81,29379.51,171.0,0.0,SNAC_BISC_12,Snacks,Unforecasted Demand Spike,343.62
20260227,14,295,50,49,1,153.09,7501.41,49.0,0.0,PET _DOG _25,Pet Care,Unforecasted Demand Spike,153.09
20260227,18,295,53,38,15,153.09,5817.42,38.0,0.0,PET _DOG _25,Pet Care,Unforecasted Demand Spike,2296.35
20260227,22,5,59,55,4,94.1,5175.5,55.0,0.0,DAIR_PANE_05,Dairy,Unforecasted Demand Spike,376.4
20260227,22,108,32,27,5,194.33,5246.91,27.0,0.0,PACK_SAUC_18,Packaged Foods,Forecast Underestimation & Buffer Shortage,971.65
20260227,22,116,52,49,3,86.96,4261.04,49.0,0.0,PACK_NOOD_26,Packaged Foods,Unforecasted Demand Spike,260.88
20260228,1,32,124,119,5,101.75,12108.25,119.0,0.0,BEVE_COLD_02,Beverages,Unforecasted Demand Spike,508.75
20260228,1,215,13,3,10,69.23,207.69,3.0,0.0,HOUS_REPE_05,Household,Delayed / Missing Inbound Replenishment,692.3
20260228,7,43,102,94,8,43.03,4044.82,94.0,0.0,BEVE_TEA _13,Beverages,Unforecasted Demand Spike,344.24
20260228,8,36,52,21,31,97.34,2044.14,21.0,0.0,BEVE_JUIC_06,Beverages,Unforecasted Demand Spike,3017.54
20260228,9,129,53,52,1,73.51,3822.52,52.0,0.0,FRUI_SEAS_09,Fruits & Vegetables,Unforecasted Demand Spike,73.51
20260228,10,109,25,21,4,206.34,4333.14,21.0,0.0,PACK_BREA_19,Packaged Foods,Forecast Underestimation & Buffer Shortage,825.36
20260228,14,295,16,0,16,153.09,0.0,0.0,0.0,PET _DOG _25,Pet Care,Delayed / Missing Inbound Replenishment,2449.44
20260228,15,147,178,172,6,20.9,3594.8,172.0,0.0,FRUI_EXOT_27,Fruits & Vegetables,Unforecasted Demand Spike,125.4
20260228,16,41,195,127,68,104.58,13281.66,127.0,0.0,BEVE_JUIC_11,Beverages,Unforecasted Demand Spike,7111.44
20260228,16,67,104,92,12,113.98,10486.16,92.0,0.0,SNAC_BISC_07,Snacks,Unforecasted Demand Spike,1367.76
20260228,16,140,63,60,3,54.59,3275.4,60.0,0.0,FRUI_CUT _20,Fruits & Vegetables,Unforecasted Demand Spike,163.77
20260228,16,274,49,40,9,218.13,8725.2,40.0,0.0,PET _PET _04,Pet Care,Unforecasted Demand Spike,1963.17
20260228,18,295,14,0,14,153.09,0.0,0.0,0.0,PET _DOG _25,Pet Care,Delayed / Missing Inbound Replenishment,2143.26
20260228,19,261,26,24,2,419.38,10065.12,24.0,0.0,BABY_DIAP_21,Baby Care,Forecast Underestimation & Buffer Shortage,838.76
20260228,20,152,41,29,12,231.22,6705.38,29.0,0.0,STAP_RICE_02,Staples,Unforecasted Demand Spike,2774.64
20260228,22,75,68,43,25,85.91,3694.13,43.0,0.0,SNAC_NUTS_15,Snacks,Unforecasted Demand Spike,2147.75
20260228,23,140,66,61,5,54.59,3329.99,61.0,0.0,FRUI_CUT _20,Fruits & Vegetables,Unforecasted Demand Spike,272.95
20260228,23,251,48,47,1,167.64,7879.08,47.0,0.0,BABY_BABY_11,Baby Care,Unforecasted Demand Spike,167.64
20260228,26,32,136,112,24,101.75,11396.0,112.0,0.0,BEVE_COLD_02,Beverages,Unforecasted Demand Spike,2442.0
20260228,26,176,35,34,1,283.47,9637.98,34.0,0.0,STAP_ATTA_26,Staples,Forecast Underestimation & Buffer Shortage,283.47
20260228,29,119,104,96,8,117.5,11280.0,96.0,0.0,PACK_BREA_29,Packaged Foods,Unforecasted Demand Spike,940.0
20260228,34,37,57,13,44,93.59,1216.67,13.0,0.0,BEVE_COLD_07,Beverages,Unforecasted Demand Spike,4117.96
20260228,39,4,106,97,9,63.86,6194.42,97.0,0.0,DAIR_CHEE_04,Dairy,Unforecasted Demand Spike,574.74
20260228,40,241,112,110,2,535.8,58938.0,110.0,0.0,BABY_DIAP_01,Baby Care,Unforecasted Demand Spike,1071.6
20260301,1,180,46,35,11,325.93,11407.55,35.0,0.0,STAP_SPIC_30,Staples,Unforecasted Demand Spike,3585.23
20260301,3,96,117,81,36,180.67,14634.27,81.0,0.0,PACK_NOOD_06,Packaged Foods,Unforecasted Demand Spike,6504.12
20260301,3,226,70,49,21,300.71,14734.79,49.0,0.0,HOUS_DETE_16,Household,Unforecasted Demand Spike,6314.91
20260301,3,289,10,4,6,479.06,1916.24,4.0,0.0,PET _PET _19,Pet Care,Delayed / Missing Inbound Replenishment,2874.36
20260301,4,160,130,105,25,181.06,19011.3,105.0,0.0,STAP_SPIC_10,Staples,Unforecasted Demand Spike,4526.5
20260301,4,248,33,29,4,475.65,13793.85,29.0,0.0,BABY_BABY_08,Baby Care,Forecast Underestimation & Buffer Shortage,1902.6
20260301,6,174,38,17,21,511.67,8698.39,17.0,0.0,STAP_EDIB_24,Staples,Forecast Underestimation & Buffer Shortage,10745.07
20260301,9,213,13,12,1,243.34,2920.08,12.0,0.0,HOUS_CLEA_03,Household,Forecast Underestimation & Buffer Shortage,243.34
20260301,10,176,29,25,4,283.47,7086.75,25.0,0.0,STAP_ATTA_26,Staples,Forecast Underestimation & Buffer Shortage,1133.88
20260301,10,216,21,20,1,208.26,4165.2,20.0,0.0,HOUS_DETE_06,Household,Forecast Underestimation & Buffer Shortage,208.26
20260301,10,223,17,9,8,209.86,1888.74,9.0,0.0,HOUS_CLEA_13,Household,Forecast Underestimation & Buffer Shortage,1678.88
20260301,10,225,13,8,5,127.69,1021.52,8.0,0.0,HOUS_REPE_15,Household,Forecast Underestimation & Buffer Shortage,638.45
20260301,11,236,15,1,14,87.59,87.59,1.0,0.0,HOUS_DETE_26,Household,Delayed / Missing Inbound Replenishment,1226.26
20260301,12,219,25,22,3,246.3,5418.6,22.0,0.0,HOUS_DISP_09,Household,Forecast Underestimation & Buffer Shortage,738.9
20260301,12,225,13,11,2,127.69,1404.59,11.0,0.0,HOUS_REPE_15,Household,Forecast Underestimation & Buffer Shortage,255.38
20260301,14,118,159,98,61,241.31,23648.38,99.0,0.0,PACK_SAUC_28,Packaged Foods,Unforecasted Demand Spike,14719.91
20260301,14,192,8,7,1,357.65,2503.55,7.0,0.0,PERS_HAIR_12,Personal Care,Forecast Underestimation & Buffer Shortage,357.65
20260301,16,5,130,121,9,94.1,11386.1,121.0,0.0,DAIR_PANE_05,Dairy,Unforecasted Demand Spike,846.9
20260301,16,8,130,68,62,138.28,9403.04,68.0,0.0,DAIR_BUTT_08,Dairy,Unforecasted Demand Spike,8573.36
20260301,16,32,139,96,43,101.75,9768.0,96.0,0.0,BEVE_COLD_02,Beverages,Unforecasted Demand Spike,4375.25
20260301,16,107,39,27,12,60.31,1628.37,27.0,0.0,PACK_PAST_17,Packaged Foods,Forecast Underestimation & Buffer Shortage,723.72
20260301,16,135,110,57,53,112.02,6385.14,57.0,0.0,FRUI_CUT _15,Fruits & Vegetables,Unforecasted Demand Spike,5937.06
20260301,16,155,30,27,3,443.45,11973.15,28.0,0.0,STAP_SPIC_05,Staples,Forecast Underestimation & Buffer Shortage,1330.35
20260301,16,195,8,6,2,227.65,1365.9,6.0,0.0,PERS_SANI_15,Personal Care,Forecast Underestimation & Buffer Shortage,455.3
20260301,17,31,378,144,234,94.42,13596.48,146.0,0.0,BEVE_JUIC_01,Beverages,Unforecasted Demand Spike,22094.28
20260301,18,87,107,81,26,201.63,16332.03,81.0,0.0,SNAC_BISC_27,Snacks,Unforecasted Demand Spike,5242.38
20260301,18,176,29,9,20,283.47,2551.23,9.0,0.0,STAP_ATTA_26,Staples,Forecast Underestimation & Buffer Shortage,5669.4
20260301,19,146,76,75,1,35.06,2629.5,75.0,0.0,FRUI_FRES_26,Fruits & Vegetables,Unforecasted Demand Spike,35.06
20260301,21,55,301,227,74,76.58,17383.66,227.0,0.0,BEVE_WATE_25,Beverages,Unforecasted Demand Spike,5666.92
20260301,21,85,59,49,10,172.15,8435.35,49.0,0.0,SNAC_NUTS_25,Snacks,Unforecasted Demand Spike,1721.5
20260301,21,161,27,14,13,425.67,5959.38,14.0,0.0,STAP_ATTA_11,Staples,Forecast Underestimation & Buffer Shortage,5533.71
20260301,22,41,104,41,63,104.58,4287.78,41.0,0.0,BEVE_JUIC_11,Beverages,Unforecasted Demand Spike,6588.54
20260301,22,61,131,95,36,22.63,2149.85,95.0,0.0,SNAC_CHIP_01,Snacks,Unforecasted Demand Spike,814.68
20260301,22,89,195,165,30,50.88,8395.2,165.0,0.0,SNAC_CHOC_29,Snacks,Unforecasted Demand Spike,1526.4
20260301,22,174,65,63,2,511.67,32235.21,63.0,0.0,STAP_EDIB_24,Staples,Unforecasted Demand Spike,1023.34
20260301,22,217,10,7,3,275.5,1928.5,7.0,0.0,HOUS_DISH_07,Household,Forecast Underestimation & Buffer Shortage,826.5
20260301,22,225,15,5,10,127.69,638.45,5.0,0.0,HOUS_REPE_15,Household,Forecast Underestimation & Buffer Shortage,1276.9
20260301,22,237,21,19,2,239.52,4550.88,19.0,0.0,HOUS_DISH_27,Household,Forecast Underestimation & Buffer Shortage,479.04
20260301,22,260,54,38,16,105.12,3994.56,38.0,0.0,BABY_BABY_20,Baby Care,Unforecasted Demand Spike,1681.92
20260301,22,288,14,5,9,322.74,1613.7,5.0,0.0,PET _CAT _18,Pet Care,Forecast Underestimation & Buffer Shortage,2904.66
20260301,23,256,150,122,28,441.88,53909.36,122.0,0.0,BABY_BABY_16,Baby Care,Unforecasted Demand Spike,12372.64
20260301,26,17,360,252,108,108.57,27359.64,252.0,0.0,DAIR_CURD_17,Dairy,Unforecasted Demand Spike,11725.56
20260301,26,140,59,41,18,54.59,2238.19,41.0,0.0,FRUI_CUT _20,Fruits & Vegetables,Unforecasted Demand Spike,982.62
20260301,26,294,26,21,5,77.14,1619.94,21.0,0.0,PET _PET _24,Pet Care,Forecast Underestimation & Buffer Shortage,385.7
20260301,29,59,72,54,18,48.81,2635.74,54.0,0.0,BEVE_ENER_29,Beverages,Unforecasted Demand Spike,878.58
20260301,29,73,392,344,48,92.13,31692.72,344.0,0.0,SNAC_NAMK_13,Snacks,Unforecasted Demand Spike,4422.24
20260301,29,119,43,0,43,117.5,0.0,0.0,0.0,PACK_BREA_29,Packaged Foods,Delayed / Missing Inbound Replenishment,5052.5
20260301,29,158,54,44,10,65.45,2879.8,44.0,0.0,STAP_DALS_08,Staples,Unforecasted Demand Spike,654.5
20260301,29,215,20,6,14,69.23,415.38,6.0,0.0,HOUS_REPE_05,Household,Forecast Underestimation & Buffer Shortage,969.22
20260301,29,286,14,8,6,456.83,3654.64,8.0,0.0,PET _PET _16,Pet Care,Forecast Underestimation & Buffer Shortage,2740.98
20260301,29,299,18,7,11,108.9,762.3,7.0,0.0,PET _DOG _29,Pet Care,Forecast Underestimation & Buffer Shortage,1197.9
20260301,31,295,48,42,6,153.09,6429.78,42.0,0.0,PET _DOG _25,Pet Care,Unforecasted Demand Spike,918.54
20260301,38,226,18,17,1,300.71,5112.07,17.0,0.0,HOUS_DETE_16,Household,Forecast Underestimation & Buffer Shortage,300.71
20260302,1,211,12,7,5,194.68,1362.76,7.0,0.0,HOUS_DETE_01,Household,Forecast Underestimation & Buffer Shortage,973.4
20260302,7,212,11,9,2,148.46,1336.14,9.0,0.0,HOUS_DISH_02,Household,Forecast Underestimation & Buffer Shortage,296.92
20260302,8,212,10,5,5,148.46,742.3,5.0,0.0,HOUS_DISH_02,Household,Forecast Underestimation & Buffer Shortage,742.3
20260302,12,261,20,14,6,419.38,5871.32,14.0,0.0,BABY_DIAP_21,Baby Care,Forecast Underestimation & Buffer Shortage,2516.28
20260302,14,138,63,41,22,22.67,929.47,41.0,0.0,FRUI_DAIL_18,Fruits & Vegetables,Unforecasted Demand Spike,498.74
20260302,14,171,22,8,14,329.23,2633.84,8.0,0.0,STAP_ATTA_21,Staples,Forecast Underestimation & Buffer Shortage,4609.22
20260302,16,107,25,0,25,60.31,0.0,0.0,0.0,PACK_PAST_17,Packaged Foods,Delayed / Missing Inbound Replenishment,1507.75
20260302,16,213,8,6,2,243.34,1460.04,6.0,0.0,HOUS_CLEA_03,Household,Forecast Underestimation & Buffer Shortage,486.68
20260302,21,216,11,3,8,208.26,624.78,3.0,0.0,HOUS_DETE_06,Household,Delayed / Missing Inbound Replenishment,1666.08
20260302,22,89,51,0,51,50.88,0.0,0.0,0.0,SNAC_CHOC_29,Snacks,Delayed / Missing Inbound Replenishment,2594.88
20260302,22,103,25,13,12,129.06,1677.78,13.0,0.0,PACK_SAUC_13,Packaged Foods,Forecast Underestimation & Buffer Shortage,1548.72
20260302,22,216,17,6,11,208.26,1249.56,6.0,0.0,HOUS_DETE_06,Household,Forecast Underestimation & Buffer Shortage,2290.86
20260302,23,234,10,8,2,54.85,438.8,8.0,0.0,HOUS_DISP_24,Household,Forecast Underestimation & Buffer Shortage,109.7
20260302,23,256,33,0,33,441.88,0.0,0.0,0.0,BABY_BABY_16,Baby Care,Delayed / Missing Inbound Replenishment,14582.04
20260302,23,276,7,5,2,419.68,2098.4,5.0,0.0,PET _CAT _06,Pet Care,Forecast Underestimation & Buffer Shortage,839.36
20260302,23,281,5,4,1,208.33,833.32,4.0,0.0,PET _PET _11,Pet Care,Delayed / Missing Inbound Replenishment,208.33
20260302,25,236,12,11,1,87.59,963.49,11.0,0.0,HOUS_DETE_26,Household,Forecast Underestimation & Buffer Shortage,87.59
20260302,26,17,66,0,66,108.57,0.0,0.0,0.0,DAIR_CURD_17,Dairy,Delayed / Missing Inbound Replenishment,7165.62
20260302,26,211,38,24,14,194.68,4672.32,24.0,0.0,HOUS_DETE_01,Household,Forecast Underestimation & Buffer Shortage,2725.52
20260302,26,236,15,8,7,87.59,700.72,8.0,0.0,HOUS_DETE_26,Household,Forecast Underestimation & Buffer Shortage,613.13
20260302,26,294,3,0,3,77.14,0.0,0.0,0.0,PET _PET _24,Pet Care,Delayed / Missing Inbound Replenishment,231.42
20260302,29,8,90,88,2,138.28,12168.64,88.0,0.0,DAIR_BUTT_08,Dairy,Unforecasted Demand Spike,276.56
20260302,29,73,86,0,86,92.13,0.0,0.0,0.0,SNAC_NAMK_13,Snacks,Delayed / Missing Inbound Replenishment,7923.18
20260302,29,88,59,38,21,137.62,5229.56,38.0,0.0,SNAC_NAMK_28,Snacks,Unforecasted Demand Spike,2890.02
20260302,29,150,37,21,16,97.84,2054.64,21.0,0.0,FRUI_CUT _30,Fruits & Vegetables,Forecast Underestimation & Buffer Shortage,1565.44
20260302,29,158,34,0,34,65.45,0.0,0.0,0.0,STAP_DALS_08,Staples,Delayed / Missing Inbound Replenishment,2225.3
20260302,29,211,12,9,3,194.68,1752.12,9.0,0.0,HOUS_DETE_01,Household,Forecast Underestimation & Buffer Shortage,584.04
20260302,29,299,11,0,11,108.9,0.0,,,PET _DOG _29,Pet Care,Forecast Underestimation & Buffer Shortage,1197.9
20260302,31,162,32,31,1,185.02,5735.62,31.0,0.0,STAP_RICE_12,Staples,Forecast Underestimation & Buffer Shortage,185.02
20260302,39,195,4,0,4,227.65,0.0,0.0,0.0,PERS_SANI_15,Personal Care,Delayed / Missing Inbound Replenishment,910.6
20260302,39,287,5,3,2,342.13,1026.39,3.0,0.0,PET _DOG _17,Pet Care,Delayed / Missing Inbound Replenishment,684.26
20260303,1,292,4,1,3,251.82,251.82,1.0,0.0,PET _CAT _22,Pet Care,Delayed / Missing Inbound Replenishment,755.46
20260303,3,185,7,6,1,218.07,1308.42,6.0,0.0,PERS_SANI_05,Personal Care,Forecast Underestimation & Buffer Shortage,218.07
20260303,7,169,18,12,6,312.03,3744.36,12.0,0.0,STAP_EDIB_19,Staples,Forecast Underestimation & Buffer Shortage,1872.18
20260303,9,119,77,50,27,117.5,5875.0,50.0,0.0,PACK_BREA_29,Packaged Foods,Unforecasted Demand Spike,3172.5
20260303,14,296,12,7,5,84.64,592.48,7.0,0.0,PET _CAT _26,Pet Care,Forecast Underestimation & Buffer Shortage,423.2
20260303,16,217,7,1,6,275.5,275.5,1.0,0.0,HOUS_DISH_07,Household,Delayed / Missing Inbound Replenishment,1653.0
20260303,16,221,7,6,1,209.6,1257.6,6.0,0.0,HOUS_DETE_11,Household,Forecast Underestimation & Buffer Shortage,209.6
20260303,17,67,59,47,12,113.98,5357.06,47.0,0.0,SNAC_BISC_07,Snacks,Unforecasted Demand Spike,1367.76
20260303,17,126,54,39,15,64.66,2521.74,39.0,0.0,FRUI_FRES_06,Fruits & Vegetables,Unforecasted Demand Spike,969.9
20260303,17,234,8,6,2,54.85,329.1,6.0,0.0,HOUS_DISP_24,Household,Forecast Underestimation & Buffer Shortage,109.7
20260303,17,281,4,3,1,208.33,624.99,3.0,0.0,PET _PET _11,Pet Care,Delayed / Missing Inbound Replenishment,208.33
20260303,19,247,87,74,13,404.16,29907.84,74.0,0.0,BABY_BABY_07,Baby Care,Unforecasted Demand Spike,5254.08
20260303,21,155,16,10,6,443.45,4434.5,10.0,0.0,STAP_SPIC_05,Staples,Forecast Underestimation & Buffer Shortage,2660.7
20260303,21,283,5,4,1,548.52,2194.08,4.0,0.0,PET _DOG _13,Pet Care,Delayed / Missing Inbound Replenishment,548.52
20260303,23,104,109,92,17,98.3,9043.6,92.0,0.0,PACK_BREA_14,Packaged Foods,Unforecasted Demand Spike,1671.1
20260303,25,227,4,3,1,254.28,762.84,3.0,0.0,HOUS_DISH_17,Household,Delayed / Missing Inbound Replenishment,254.28
20260303,26,12,81,16,65,143.6,2297.6,16.0,0.0,DAIR_CURD_12,Dairy,Unforecasted Demand Spike,9334.0
20260303,26,274,10,9,1,218.13,1963.17,9.0,0.0,PET _PET _04,Pet Care,Forecast Underestimation & Buffer Shortage,218.13
20260303,26,294,5,0,5,77.14,0.0,0.0,0.0,PET _PET _24,Pet Care,Delayed / Missing Inbound Replenishment,385.7
20260303,29,220,8,7,1,256.13,1792.91,7.0,0.0,HOUS_REPE_10,Household,Forecast Underestimation & Buffer Shortage,256.13
20260303,29,299,10,0,10,108.9,0.0,0.0,0.0,PET _DOG _29,Pet Care,Delayed / Missing Inbound Replenishment,1089.0
20260303,31,162,25,0,25,185.02,0.0,0.0,0.0,STAP_RICE_12,Staples,Delayed / Missing Inbound Replenishment,4625.5
20260303,38,199,4,0,4,251.52,0.0,0.0,0.0,PERS_SKIN_19,Personal Care,Delayed / Missing Inbound Replenishment,1006.08
20260303,39,238,10,7,3,172.48,1207.36,7.0,0.0,HOUS_CLEA_28,Household,Forecast Underestimation & Buffer Shortage,517.44
20260303,40,220,7,4,3,256.13,1024.52,4.0,0.0,HOUS_REPE_10,Household,Delayed / Missing Inbound Replenishment,768.39
20260304,2,291,12,8,4,384.98,3079.84,8.0,0.0,PET _DOG _21,Pet Care,Forecast Underestimation & Buffer Shortage,1539.92
20260304,10,12,259,218,41,143.6,31304.8,218.0,0.0,DAIR_CURD_12,Dairy,Unforecasted Demand Spike,5887.6
20260304,10,166,21,16,5,248.86,3981.76,16.0,0.0,STAP_ATTA_16,Staples,Forecast Underestimation & Buffer Shortage,1244.3
20260304,29,293,12,8,4,478.5,3828.0,8.0,0.0,PET _PET _23,Pet Care,Forecast Underestimation & Buffer Shortage,1914.0
20260304,39,202,35,31,4,60.61,1878.91,32.0,0.0,PERS_HAIR_22,Personal Care,Forecast Underestimation & Buffer Shortage,242.44
20260305,22,31,121,62,59,94.42,5854.04,62.0,0.0,BEVE_JUIC_01,Beverages,Unforecasted Demand Spike,5570.78
20260305,29,224,17,7,10,131.14,917.98,7.0,0.0,HOUS_DISP_14,Household,Forecast Underestimation & Buffer Shortage,1311.4
20260306,2,76,78,69,9,64.61,4458.09,69.0,0.0,SNAC_CHIP_16,Snacks,Unforecasted Demand Spike,581.49
20260306,8,9,131,112,19,167.11,18716.32,112.0,0.0,DAIR_CHEE_09,Dairy,Unforecasted Demand Spike,3175.09
20260306,9,113,87,66,21,200.74,13248.84,66.0,0.0,PACK_SAUC_23,Packaged Foods,Unforecasted Demand Spike,4215.54
20260306,16,165,131,83,48,296.84,24637.72,83.0,0.0,STAP_SPIC_15,Staples,Unforecasted Demand Spike,14248.32
20260306,23,103,67,61,6,129.06,7872.66,61.0,0.0,PACK_SAUC_13,Packaged Foods,Unforecasted Demand Spike,774.36
20260306,23,196,21,14,7,94.9,1328.6,14.0,0.0,PERS_SOAP_16,Personal Care,Forecast Underestimation & Buffer Shortage,664.3
20260307,4,182,17,16,1,79.48,1271.68,16.0,0.0,PERS_HAIR_02,Personal Care,Forecast Underestimation & Buffer Shortage,79.48
20260307,6,168,125,120,5,166.75,20010.0,120.0,0.0,STAP_DALS_18,Staples,Unforecasted Demand Spike,833.75
20260307,6,186,29,24,5,217.4,5217.6,24.0,0.0,PERS_SOAP_06,Personal Care,Forecast Underestimation & Buffer Shortage,1087.0
20260307,8,56,147,136,11,37.24,5064.64,136.0,0.0,BEVE_JUIC_26,Beverages,Unforecasted Demand Spike,409.64
20260307,10,188,16,12,4,169.27,2031.24,12.0,0.0,PERS_ORAL_08,Personal Care,Forecast Underestimation & Buffer Shortage,677.08
20260307,10,235,51,37,14,297.9,11022.3,37.0,0.0,HOUS_REPE_25,Household,Unforecasted Demand Spike,4170.6
20260307,12,125,151,66,85,50.66,3343.56,66.0,0.0,FRUI_CUT _05,Fruits & Vegetables,Unforecasted Demand Spike,4306.1
20260307,14,49,506,206,300,42.3,8713.8,206.0,0.0,BEVE_ENER_19,Beverages,Unforecasted Demand Spike,12690.0
20260307,14,84,69,49,20,42.74,2094.26,49.0,0.0,SNAC_CHOC_24,Snacks,Unforecasted Demand Spike,854.8
20260307,16,34,373,252,121,62.4,15724.8,252.0,0.0,BEVE_ENER_04,Beverages,Unforecasted Demand Spike,7550.4
20260307,16,146,193,135,58,35.06,4733.1,135.0,0.0,FRUI_FRES_26,Fruits & Vegetables,Unforecasted Demand Spike,2033.48
20260307,17,49,353,277,76,42.3,11717.1,277.0,0.0,BEVE_ENER_19,Beverages,Unforecasted Demand Spike,3214.8
20260307,17,91,27,6,21,240.18,1441.08,6.0,0.0,PACK_NOOD_01,Packaged Foods,Forecast Underestimation & Buffer Shortage,5043.78
20260307,17,106,153,139,14,210.34,29237.26,139.0,0.0,PACK_NOOD_16,Packaged Foods,Unforecasted Demand Spike,2944.76
20260307,18,58,481,335,146,99.9,33466.5,335.0,0.0,BEVE_TEA _28,Beverages,Unforecasted Demand Spike,14585.4
20260307,19,295,18,9,9,153.09,1377.81,9.0,0.0,PET _DOG _25,Pet Care,Forecast Underestimation & Buffer Shortage,1377.81
20260307,22,46,186,179,7,32.07,5740.53,179.0,0.0,BEVE_JUIC_16,Beverages,Unforecasted Demand Spike,224.49
20260307,22,100,67,61,6,109.11,6655.71,61.0,0.0,PACK_READ_10,Packaged Foods,Unforecasted Demand Spike,654.66
20260307,22,228,53,29,24,213.73,6198.17,29.0,0.0,HOUS_CLEA_18,Household,Unforecasted Demand Spike,5129.52
20260307,23,109,30,13,17,206.34,2682.42,13.0,0.0,PACK_BREA_19,Packaged Foods,Forecast Underestimation & Buffer Shortage,3507.78
20260307,23,164,71,54,17,366.94,19814.76,54.0,0.0,STAP_EDIB_14,Staples,Unforecasted Demand Spike,6237.98
20260307,23,244,41,38,3,106.9,4062.2,38.0,0.0,BABY_BABY_04,Baby Care,Unforecasted Demand Spike,320.7
20260307,25,217,7,6,1,275.5,1653.0,6.0,0.0,HOUS_DISH_07,Household,Forecast Underestimation & Buffer Shortage,275.5
20260307,26,29,65,62,3,229.45,14225.9,62.0,0.0,DAIR_CHEE_29,Dairy,Unforecasted Demand Spike,688.35
20260307,26,57,454,279,175,123.8,34540.2,279.0,0.0,BEVE_COLD_27,Beverages,Unforecasted Demand Spike,21665.0
20260307,27,146,186,131,55,35.06,4592.86,131.0,0.0,FRUI_FRES_26,Fruits & Vegetables,Unforecasted Demand Spike,1928.3
20260307,29,38,147,129,18,48.32,6233.28,129.0,0.0,BEVE_TEA _08,Beverages,Unforecasted Demand Spike,869.76
20260307,30,105,37,26,11,171.63,4462.38,26.0,0.0,PACK_READ_15,Packaged Foods,Forecast Underestimation & Buffer Shortage,1887.93
20260307,31,124,194,189,5,61.37,11598.93,189.0,0.0,FRUI_SEAS_04,Fruits & Vegetables,Unforecasted Demand Spike,306.85
20260307,35,37,85,56,29,93.59,5241.04,56.0,0.0,BEVE_COLD_07,Beverages,Unforecasted Demand Spike,2714.11
20260307,35,47,103,79,24,107.14,8464.06,79.0,0.0,BEVE_COLD_17,Beverages,Unforecasted Demand Spike,2571.36
20260307,39,145,87,72,15,66.24,4769.28,72.0,0.0,FRUI_CUT _25,Fruits & Vegetables,Unforecasted Demand Spike,993.6
20260308,1,16,69,61,8,137.79,8405.19,63.0,0.0,DAIR_MILK_16,Dairy,Unforecasted Demand Spike,1102.32
20260308,1,18,51,37,14,203.24,7519.88,37.0,0.0,DAIR_BUTT_18,Dairy,Unforecasted Demand Spike,2845.36
20260308,1,288,10,9,1,322.74,2904.66,9.0,0.0,PET _CAT _18,Pet Care,Forecast Underestimation & Buffer Shortage,322.74
20260308,2,31,238,201,37,94.42,18978.42,201.0,0.0,BEVE_JUIC_01,Beverages,Unforecasted Demand Spike,3493.54
20260308,2,54,152,124,28,85.37,10585.88,124.0,0.0,BEVE_ENER_24,Beverages,Unforecasted Demand Spike,2390.36
20260308,3,36,89,69,20,97.34,6716.46,69.0,0.0,BEVE_JUIC_06,Beverages,Unforecasted Demand Spike,1946.8
20260308,3,38,129,106,23,48.32,5121.92,106.0,0.0,BEVE_TEA _08,Beverages,Unforecasted Demand Spike,1111.36
20260308,3,39,86,79,7,95.49,7543.71,79.0,0.0,BEVE_ENER_09,Beverages,Unforecasted Demand Spike,668.43
20260308,3,47,112,97,15,107.14,10392.58,97.0,0.0,BEVE_COLD_17,Beverages,Unforecasted Demand Spike,1607.1
20260308,3,146,239,234,5,35.06,8204.04,234.0,0.0,FRUI_FRES_26,Fruits & Vegetables,Unforecasted Demand Spike,175.3
20260308,3,160,47,25,22,181.06,4526.5,25.0,0.0,STAP_SPIC_10,Staples,Unforecasted Demand Spike,3983.32
20260308,4,51,91,89,2,82.5,7342.5,90.0,0.0,BEVE_JUIC_21,Beverages,Unforecasted Demand Spike,165.0
20260308,6,122,252,241,11,111.96,26982.36,241.0,0.0,FRUI_EXOT_02,Fruits & Vegetables,Unforecasted Demand Spike,1231.56
20260308,6,186,11,0,11,217.4,0.0,0.0,0.0,PERS_SOAP_06,Personal Care,Delayed / Missing Inbound Replenishment,2391.4
20260308,8,190,8,7,1,76.27,533.89,7.0,0.0,PERS_SANI_10,Personal Care,Forecast Underestimation & Buffer Shortage,76.27
20260308,9,224,20,17,3,131.14,2229.38,17.0,0.0,HOUS_DISP_14,Household,Forecast Underestimation & Buffer Shortage,393.42
20260308,11,1,230,220,10,95.23,20950.6,220.0,0.0,DAIR_MILK_01,Dairy,Unforecasted Demand Spike,952.3
20260308,12,32,192,150,42,101.75,15262.5,150.0,0.0,BEVE_COLD_02,Beverages,Unforecasted Demand Spike,4273.5
20260308,12,33,354,138,216,72.36,9985.68,138.0,0.0,BEVE_TEA _03,Beverages,Unforecasted Demand Spike,15629.76
20260308,12,54,152,15,137,85.37,1280.55,15.0,0.0,BEVE_ENER_24,Beverages,Unforecasted Demand Spike,11695.69
20260308,14,224,26,24,2,131.14,3147.36,24.0,0.0,HOUS_DISP_14,Household,Forecast Underestimation & Buffer Shortage,262.28
20260308,14,247,127,121,6,404.16,48903.36,121.0,0.0,BABY_BABY_07,Baby Care,Unforecasted Demand Spike,2424.96
20260308,16,2,91,55,36,47.2,2596.0,55.0,0.0,DAIR_CURD_02,Dairy,Unforecasted Demand Spike,1699.2
20260308,16,23,341,221,120,57.13,12625.73,221.0,0.0,DAIR_BUTT_23,Dairy,Unforecasted Demand Spike,6855.6
20260308,16,54,158,154,4,85.37,13146.98,154.0,0.0,BEVE_ENER_24,Beverages,Unforecasted Demand Spike,341.48
20260308,16,84,73,48,25,42.74,2051.52,48.0,0.0,SNAC_CHOC_24,Snacks,Unforecasted Demand Spike,1068.5
20260308,16,179,63,48,15,497.99,23903.52,48.0,0.0,STAP_EDIB_29,Staples,Unforecasted Demand Spike,7469.85
20260308,16,190,8,7,1,76.27,533.89,7.0,0.0,PERS_SANI_10,Personal Care,Forecast Underestimation & Buffer Shortage,76.27
20260308,16,210,13,6,7,212.16,1272.96,6.0,0.0,PERS_SANI_30,Personal Care,Forecast Underestimation & Buffer Shortage,1485.12
20260308,17,49,150,0,150,42.3,0.0,0.0,0.0,BEVE_ENER_19,Beverages,Delayed / Missing Inbound Replenishment,6345.0
20260308,17,91,27,0,27,240.18,0.0,0.0,0.0,PACK_NOOD_01,Packaged Foods,Delayed / Missing Inbound Replenishment,6484.86
20260308,17,97,29,16,13,44.34,709.44,16.0,0.0,PACK_PAST_07,Packaged Foods,Forecast Underestimation & Buffer Shortage,576.42
20260308,17,106,48,0,48,210.34,0.0,0.0,0.0,PACK_NOOD_16,Packaged Foods,Delayed / Missing Inbound Replenishment,10096.32
20260308,18,31,201,167,34,94.42,15768.14,167.0,0.0,BEVE_JUIC_01,Beverages,Unforecasted Demand Spike,3210.28
20260308,18,34,100,87,13,62.4,5428.8,87.0,0.0,BEVE_ENER_04,Beverages,Unforecasted Demand Spike,811.2
20260308,18,58,148,0,148,99.9,0.0,0.0,0.0,BEVE_TEA _28,Beverages,Delayed / Missing Inbound Replenishment,14785.2
20260308,19,40,153,131,22,137.08,17957.48,131.0,0.0,BEVE_WATE_10,Beverages,Unforecasted Demand Spike,3015.76
20260308,19,206,9,5,4,99.42,497.1,5.0,0.0,PERS_SOAP_26,Personal Care,Forecast Underestimation & Buffer Shortage,397.68
20260308,21,28,56,50,6,39.17,1958.5,50.0,0.0,DAIR_BUTT_28,Dairy,Unforecasted Demand Spike,235.02
20260308,21,58,170,122,48,99.9,12187.8,122.0,0.0,BEVE_TEA _28,Beverages,Unforecasted Demand Spike,4795.2
20260308,21,64,122,95,27,46.19,4388.05,95.0,0.0,SNAC_CHOC_04,Snacks,Unforecasted Demand Spike,1247.13
20260308,21,78,103,92,11,133.29,12262.68,92.0,0.0,SNAC_NAMK_18,Snacks,Unforecasted Demand Spike,1466.19
20260308,22,11,90,85,5,214.92,18268.2,85.0,0.0,DAIR_MILK_11,Dairy,Unforecasted Demand Spike,1074.6
20260308,22,67,107,104,3,113.98,11853.92,104.0,0.0,SNAC_BISC_07,Snacks,Unforecasted Demand Spike,341.94
20260308,22,95,43,33,10,133.43,4403.19,33.0,0.0,PACK_READ_05,Packaged Foods,Unforecasted Demand Spike,1334.3
20260308,22,227,5,4,1,254.28,1017.12,4.0,0.0,HOUS_DISH_17,Household,Delayed / Missing Inbound Replenishment,254.28
20260308,22,266,35,33,2,106.13,3502.29,33.0,0.0,BABY_BABY_26,Baby Care,Forecast Underestimation & Buffer Shortage,212.26
20260308,23,164,27,0,27,366.94,0.0,0.0,0.0,STAP_EDIB_14,Staples,Delayed / Missing Inbound Replenishment,9907.38
20260308,23,278,14,13,1,408.17,5306.21,13.0,0.0,PET _PET _08,Pet Care,Forecast Underestimation & Buffer Shortage,408.17
20260308,25,31,224,98,126,94.42,9253.16,98.0,0.0,BEVE_JUIC_01,Beverages,Unforecasted Demand Spike,11896.92
20260308,25,32,195,151,44,101.75,15364.25,151.0,0.0,BEVE_COLD_02,Beverages,Unforecasted Demand Spike,4477.0
20260308,25,146,187,162,25,35.06,5679.72,162.0,0.0,FRUI_FRES_26,Fruits & Vegetables,Unforecasted Demand Spike,876.5
20260308,26,1,126,95,31,95.23,9046.85,95.0,0.0,DAIR_MILK_01,Dairy,Unforecasted Demand Spike,2952.13
20260308,26,38,152,95,57,48.32,4590.4,95.0,0.0,BEVE_TEA _08,Beverages,Unforecasted Demand Spike,2754.24
20260308,26,39,108,33,75,95.49,3151.17,33.0,0.0,BEVE_ENER_09,Beverages,Unforecasted Demand Spike,7161.75
20260308,26,41,134,74,60,104.58,7738.92,74.0,0.0,BEVE_JUIC_11,Beverages,Unforecasted Demand Spike,6274.8
20260308,26,44,122,101,21,94.2,9514.2,101.0,0.0,BEVE_ENER_14,Beverages,Unforecasted Demand Spike,1978.2
20260308,26,57,137,0,137,123.8,0.0,0.0,0.0,BEVE_COLD_27,Beverages,Delayed / Missing Inbound Replenishment,16960.6
20260308,26,287,7,5,2,342.13,1710.65,5.0,0.0,PET _DOG _17,Pet Care,Forecast Underestimation & Buffer Shortage,684.26
20260308,28,54,141,136,5,85.37,11610.32,136.0,0.0,BEVE_ENER_24,Beverages,Unforecasted Demand Spike,426.85
20260308,29,22,308,227,81,53.74,12198.98,227.0,0.0,DAIR_CURD_22,Dairy,Unforecasted Demand Spike,4352.94
20260308,29,31,263,70,193,94.42,6609.4,70.0,0.0,BEVE_JUIC_01,Beverages,Unforecasted Demand Spike,18223.06
20260308,29,45,194,191,3,107.96,20620.36,191.0,0.0,BEVE_WATE_15,Beverages,Unforecasted Demand Spike,323.88
20260308,29,53,189,162,27,36.4,5896.8,162.0,0.0,BEVE_TEA _23,Beverages,Unforecasted Demand Spike,982.8
20260308,29,58,191,173,18,99.9,17282.7,173.0,0.0,BEVE_TEA _28,Beverages,Unforecasted Demand Spike,1798.2
20260308,29,100,67,56,11,109.11,6110.16,56.0,0.0,PACK_READ_10,Packaged Foods,Unforecasted Demand Spike,1200.21
20260308,29,102,165,95,70,103.03,9787.85,95.0,0.0,PACK_PAST_12,Packaged Foods,Unforecasted Demand Spike,7212.1
20260308,29,284,30,14,16,420.04,5880.56,14.0,0.0,PET _CAT _14,Pet Care,Forecast Underestimation & Buffer Shortage,6720.64
20260308,31,56,133,130,3,37.24,4841.2,130.0,0.0,BEVE_JUIC_26,Beverages,Unforecasted Demand Spike,111.72
20260308,31,225,8,6,2,127.69,766.14,6.0,0.0,HOUS_REPE_15,Household,Forecast Underestimation & Buffer Shortage,255.38
20260308,31,285,27,25,2,503.9,12597.5,25.0,0.0,PET _PET _15,Pet Care,Forecast Underestimation & Buffer Shortage,1007.8
20260308,34,31,174,119,55,94.42,11235.98,119.0,0.0,BEVE_JUIC_01,Beverages,Unforecasted Demand Spike,5193.1
20260308,34,238,42,36,6,172.48,6209.28,36.0,0.0,HOUS_CLEA_28,Household,Unforecasted Demand Spike,1034.88
20260308,35,58,155,103,52,99.9,10289.7,103.0,0.0,BEVE_TEA _28,Beverages,Unforecasted Demand Spike,5194.8
20260308,36,54,96,12,84,85.37,1024.44,12.0,0.0,BEVE_ENER_24,Beverages,Unforecasted Demand Spike,7171.08
20260308,37,43,112,96,16,43.03,4130.88,96.0,0.0,BEVE_TEA _13,Beverages,Unforecasted Demand Spike,688.48
20260308,38,196,6,4,2,94.9,379.6,6.0,0.0,PERS_SOAP_16,Personal Care,Forecast Underestimation & Buffer Shortage,189.8
20260308,40,36,90,69,21,97.34,6716.46,69.0,0.0,BEVE_JUIC_06,Beverages,Unforecasted Demand Spike,2044.14
20260308,40,55,162,112,50,76.58,8576.96,112.0,0.0,BEVE_WATE_25,Beverages,Unforecasted Demand Spike,3829.0
20260308,40,167,44,38,6,387.95,14742.1,38.0,0.0,STAP_RICE_17,Staples,Unforecasted Demand Spike,2327.7
20260308,40,202,16,13,3,60.61,787.93,13.0,0.0,PERS_HAIR_22,Personal Care,Forecast Underestimation & Buffer Shortage,181.83
20260309,1,31,139,81,58,94.42,7648.02,81.0,0.0,BEVE_JUIC_01,Beverages,Unforecasted Demand Spike,5476.36
20260309,1,246,40,35,5,162.35,5682.25,35.0,0.0,BABY_BABY_06,Baby Care,Forecast Underestimation & Buffer Shortage,811.75
20260309,2,31,143,0,143,94.42,0.0,0.0,0.0,BEVE_JUIC_01,Beverages,Delayed / Missing Inbound Replenishment,13502.06
20260309,2,271,5,4,1,561.27,2245.08,6.0,0.0,PET _DOG _01,Pet Care,Forecast Underestimation & Buffer Shortage,561.27
20260309,3,38,77,0,77,48.32,0.0,0.0,0.0,BEVE_TEA _08,Beverages,Delayed / Missing Inbound Replenishment,3720.64
20260309,3,39,59,0,59,95.49,0.0,0.0,0.0,BEVE_ENER_09,Beverages,Delayed / Missing Inbound Replenishment,5633.91
20260309,3,72,52,51,1,171.81,8762.31,51.0,0.0,SNAC_BISC_12,Snacks,Unforecasted Demand Spike,171.81
20260309,3,176,19,14,5,283.47,3968.58,14.0,0.0,STAP_ATTA_26,Staples,Forecast Underestimation & Buffer Shortage,1417.35
20260309,4,45,95,79,16,107.96,8528.84,79.0,0.0,BEVE_WATE_15,Beverages,Unforecasted Demand Spike,1727.36
20260309,6,122,46,0,46,111.96,0.0,0.0,0.0,FRUI_EXOT_02,Fruits & Vegetables,Delayed / Missing Inbound Replenishment,5150.16
20260309,7,31,146,7,139,94.42,660.94,7.0,0.0,BEVE_JUIC_01,Beverages,Unforecasted Demand Spike,13124.38
20260309,7,39,67,59,8,95.49,5633.91,59.0,0.0,BEVE_ENER_09,Beverages,Unforecasted Demand Spike,763.92
20260309,7,87,68,6,62,201.63,1209.78,6.0,0.0,SNAC_BISC_27,Snacks,Unforecasted Demand Spike,12501.06
20260309,8,31,130,82,48,94.42,7742.44,82.0,0.0,BEVE_JUIC_01,Beverages,Unforecasted Demand Spike,4532.16
20260309,8,41,64,36,28,104.58,3764.88,36.0,0.0,BEVE_JUIC_11,Beverages,Unforecasted Demand Spike,2928.24
20260309,9,167,70,69,1,387.95,26768.55,69.0,0.0,STAP_RICE_17,Staples,Unforecasted Demand Spike,387.95
20260309,10,41,83,69,14,104.58,7216.02,69.0,0.0,BEVE_JUIC_11,Beverages,Unforecasted Demand Spike,1464.12
20260309,10,229,8,1,7,147.62,147.62,1.0,0.0,HOUS_DISP_19,Household,Delayed / Missing Inbound Replenishment,1033.34
20260309,11,1,57,0,57,95.23,0.0,0.0,0.0,DAIR_MILK_01,Dairy,Delayed / Missing Inbound Replenishment,5428.11
20260309,12,41,82,49,33,104.58,5124.42,49.0,0.0,BEVE_JUIC_11,Beverages,Unforecasted Demand Spike,3451.14
20260309,12,43,340,270,70,43.03,11618.1,270.0,0.0,BEVE_TEA _13,Beverages,Unforecasted Demand Spike,3012.1
20260309,14,35,91,27,64,158.37,4275.99,27.0,0.0,BEVE_WATE_05,Beverages,Unforecasted Demand Spike,10135.68
20260309,14,48,75,66,9,54.7,3610.2,66.0,0.0,BEVE_TEA _18,Beverages,Unforecasted Demand Spike,492.3
20260309,14,59,55,52,3,48.81,2538.12,52.0,0.0,BEVE_ENER_29,Beverages,Unforecasted Demand Spike,146.43
20260309,16,157,19,16,3,143.25,2292.0,16.0,0.0,STAP_RICE_07,Staples,Forecast Underestimation & Buffer Shortage,429.75
20260309,17,44,71,66,5,94.2,6217.2,66.0,0.0,BEVE_ENER_14,Beverages,Unforecasted Demand Spike,471.0
20260309,17,58,105,102,3,99.9,10189.8,102.0,0.0,BEVE_TEA _28,Beverages,Unforecasted Demand Spike,299.7
20260309,18,31,133,0,133,94.42,0.0,0.0,0.0,BEVE_JUIC_01,Beverages,Delayed / Missing Inbound Replenishment,12557.86
20260309,19,35,86,33,53,158.37,5226.21,33.0,0.0,BEVE_WATE_05,Beverages,Unforecasted Demand Spike,8393.61
20260309,19,42,114,38,76,54.5,2071.0,38.0,0.0,BEVE_COLD_12,Beverages,Unforecasted Demand Spike,4142.0
20260309,21,33,72,21,51,72.36,1519.56,21.0,0.0,BEVE_TEA _03,Beverages,Unforecasted Demand Spike,3690.36
20260309,21,40,92,46,46,137.08,6305.68,46.0,0.0,BEVE_WATE_10,Beverages,Unforecasted Demand Spike,6305.68
20260309,21,296,9,4,5,84.64,338.56,4.0,0.0,PET _CAT _26,Pet Care,Delayed / Missing Inbound Replenishment,423.2
20260309,22,48,82,79,3,54.7,4321.3,79.0,0.0,BEVE_TEA _18,Beverages,Unforecasted Demand Spike,164.1
20260309,22,51,78,63,15,82.5,5197.5,63.0,0.0,BEVE_JUIC_21,Beverages,Unforecasted Demand Spike,1237.5
20260309,23,41,87,86,1,104.58,8993.88,86.0,0.0,BEVE_JUIC_11,Beverages,Unforecasted Demand Spike,104.58
20260309,23,48,221,175,46,54.7,9572.5,175.0,0.0,BEVE_TEA _18,Beverages,Unforecasted Demand Spike,2516.2
20260309,25,42,112,44,68,54.5,2398.0,44.0,0.0,BEVE_COLD_12,Beverages,Unforecasted Demand Spike,3706.0
20260309,29,22,60,0,60,53.74,0.0,0.0,0.0,DAIR_CURD_22,Dairy,Delayed / Missing Inbound Replenishment,3224.4
20260309,29,31,168,0,168,94.42,0.0,0.0,0.0,BEVE_JUIC_01,Beverages,Delayed / Missing Inbound Replenishment,15862.56
20260309,29,45,123,0,123,107.96,0.0,0.0,0.0,BEVE_WATE_15,Beverages,Delayed / Missing Inbound Replenishment,13279.08
20260309,29,57,93,83,10,123.8,10275.4,83.0,0.0,BEVE_COLD_27,Beverages,Unforecasted Demand Spike,1238.0
20260309,29,272,5,4,1,569.34,2277.36,4.0,0.0,PET _CAT _02,Pet Care,Delayed / Missing Inbound Replenishment,569.34
20260309,29,284,8,0,8,420.04,0.0,0.0,0.0,PET _CAT _14,Pet Care,Delayed / Missing Inbound Replenishment,3360.32
20260309,30,35,61,44,17,158.37,6968.28,44.0,0.0,BEVE_WATE_05,Beverages,Unforecasted Demand Spike,2692.29
20260309,31,224,13,4,9,131.14,524.56,4.0,0.0,HOUS_DISP_14,Household,Delayed / Missing Inbound Replenishment,1180.26
20260309,32,35,66,65,1,158.37,10294.05,65.0,0.0,BEVE_WATE_05,Beverages,Unforecasted Demand Spike,158.37
20260309,34,238,8,0,8,172.48,0.0,0.0,0.0,HOUS_CLEA_28,Household,Delayed / Missing Inbound Replenishment,1379.84
20260309,35,187,4,1,3,341.21,341.21,1.0,0.0,PERS_HAIR_07,Personal Care,Delayed / Missing Inbound Replenishment,1023.63
20260309,40,31,134,114,20,94.42,10763.88,114.0,0.0,BEVE_JUIC_01,Beverages,Unforecasted Demand Spike,1888.4
20260310,7,41,78,62,16,104.58,6483.96,62.0,0.0,BEVE_JUIC_11,Beverages,Unforecasted Demand Spike,1673.28
20260310,9,31,133,71,62,94.42,6703.82,71.0,0.0,BEVE_JUIC_01,Beverages,Unforecasted Demand Spike,5854.04
20260310,10,35,79,75,4,158.37,11877.75,75.0,0.0,BEVE_WATE_05,Beverages,Unforecasted Demand Spike,633.48
20260310,10,287,4,0,4,342.13,0.0,0.0,0.0,PET _DOG _17,Pet Care,Delayed / Missing Inbound Replenishment,1368.52
20260310,16,291,13,12,1,384.98,4619.76,12.0,0.0,PET _DOG _21,Pet Care,Forecast Underestimation & Buffer Shortage,384.98
20260310,17,39,58,36,22,95.49,3437.64,36.0,0.0,BEVE_ENER_09,Beverages,Unforecasted Demand Spike,2100.78
20260310,18,31,117,0,117,94.42,0.0,0.0,0.0,BEVE_JUIC_01,Beverages,Delayed / Missing Inbound Replenishment,11047.14
20260310,18,66,50,44,6,45.9,2019.6,44.0,0.0,SNAC_CHIP_06,Snacks,Unforecasted Demand Spike,275.4
20260310,19,31,133,125,8,94.42,11802.5,125.0,0.0,BEVE_JUIC_01,Beverages,Unforecasted Demand Spike,755.36
20260310,19,59,58,52,6,48.81,2538.12,52.0,0.0,BEVE_ENER_29,Beverages,Unforecasted Demand Spike,292.86
20260310,21,59,57,44,13,48.81,2147.64,44.0,0.0,BEVE_ENER_29,Beverages,Unforecasted Demand Spike,634.53
20260310,23,48,71,0,71,54.7,0.0,0.0,0.0,BEVE_TEA _18,Beverages,Delayed / Missing Inbound Replenishment,3883.7
20260310,23,57,81,62,19,123.8,7675.6,62.0,0.0,BEVE_COLD_27,Beverages,Unforecasted Demand Spike,2352.2
20260310,23,252,31,0,31,599.97,0.0,0.0,0.0,BABY_BABY_12,Baby Care,Delayed / Missing Inbound Replenishment,18599.07
20260310,23,282,6,4,2,378.42,1513.68,4.0,0.0,PET _PET _12,Pet Care,Delayed / Missing Inbound Replenishment,756.84
20260310,25,48,66,4,62,54.7,218.8,4.0,0.0,BEVE_TEA _18,Beverages,Delayed / Missing Inbound Replenishment,3391.4
20260310,28,31,114,106,8,94.42,10008.52,106.0,0.0,BEVE_JUIC_01,Beverages,Unforecasted Demand Spike,755.36
20260310,29,50,65,47,18,119.26,5605.22,47.0,0.0,BEVE_WATE_20,Beverages,Unforecasted Demand Spike,2146.68
20260310,29,203,10,8,2,316.94,2535.52,8.0,0.0,PERS_ORAL_23,Personal Care,Forecast Underestimation & Buffer Shortage,633.88
20260310,32,288,22,20,2,322.74,6454.8,20.0,0.0,PET _CAT _18,Pet Care,Forecast Underestimation & Buffer Shortage,645.48
20260310,35,31,121,119,2,94.42,11235.98,119.0,0.0,BEVE_JUIC_01,Beverages,Unforecasted Demand Spike,188.84
20260311,2,41,80,2,78,104.58,209.16,2.0,0.0,BEVE_JUIC_11,Beverages,Delayed / Missing Inbound Replenishment,8157.24
20260311,12,217,4,2,2,275.5,551.0,2.0,0.0,HOUS_DISH_07,Household,Delayed / Missing Inbound Replenishment,551.0
20260311,17,288,18,17,1,322.74,5486.58,17.0,0.0,PET _CAT _18,Pet Care,Forecast Underestimation & Buffer Shortage,322.74
20260311,19,7,233,195,38,154.99,30223.05,195.0,0.0,DAIR_CURD_07,Dairy,Unforecasted Demand Spike,5889.62
20260311,23,48,64,0,64,54.7,0.0,0.0,0.0,BEVE_TEA _18,Beverages,Delayed / Missing Inbound Replenishment,3500.8
20260311,25,50,58,25,33,119.26,2981.5,25.0,0.0,BEVE_WATE_20,Beverages,Unforecasted Demand Spike,3935.58
20260311,25,60,52,14,38,146.5,2051.0,14.0,0.0,BEVE_WATE_30,Beverages,Unforecasted Demand Spike,5567.0
20260311,39,44,65,17,48,94.2,1601.4,17.0,0.0,BEVE_ENER_14,Beverages,Unforecasted Demand Spike,4521.6
20260312,11,29,115,107,8,229.45,24551.15,107.0,0.0,DAIR_CHEE_29,Dairy,Unforecasted Demand Spike,1835.6
20260312,22,200,7,6,1,118.26,709.56,6.0,0.0,PERS_SANI_20,Personal Care,Forecast Underestimation & Buffer Shortage,118.26
20260312,39,277,6,5,1,232.44,1162.2,5.0,0.0,PET _PET _07,Pet Care,Forecast Underestimation & Buffer Shortage,232.44
20260313,12,2,223,188,35,47.2,8873.6,188.0,0.0,DAIR_CURD_02,Dairy,Unforecasted Demand Spike,1652.0
20260313,22,83,340,222,118,152.46,33846.12,222.0,0.0,SNAC_NAMK_23,Snacks,Unforecasted Demand Spike,17990.28
20260313,22,168,46,22,24,166.75,3668.5,22.0,0.0,STAP_DALS_18,Staples,Unforecasted Demand Spike,4002.0
20260313,22,183,32,24,8,368.48,8843.52,24.0,0.0,PERS_ORAL_03,Personal Care,Forecast Underestimation & Buffer Shortage,2947.84
20260313,22,244,42,33,9,106.9,3527.7,33.0,0.0,BABY_BABY_04,Baby Care,Unforecasted Demand Spike,962.1
20260313,25,246,57,52,5,162.35,8442.2,52.0,0.0,BABY_BABY_06,Baby Care,Unforecasted Demand Spike,811.75
20260313,37,10,200,150,50,104.2,15630.0,150.0,0.0,DAIR_PANE_10,Dairy,Unforecasted Demand Spike,5210.0
20260314,2,183,36,32,4,368.48,11791.36,32.0,0.0,PERS_ORAL_03,Personal Care,Forecast Underestimation & Buffer Shortage,1473.92
20260314,5,80,96,94,2,109.75,10316.5,94.0,0.0,SNAC_NUTS_20,Snacks,Unforecasted Demand Spike,219.5
20260314,7,249,33,19,14,500.22,9504.18,19.0,0.0,BABY_DIAP_09,Baby Care,Forecast Underestimation & Buffer Shortage,7003.08
20260314,10,285,33,31,2,503.9,15620.9,31.0,0.0,PET _PET _15,Pet Care,Forecast Underestimation & Buffer Shortage,1007.8
20260314,11,42,302,264,38,54.5,14388.0,264.0,0.0,BEVE_COLD_12,Beverages,Unforecasted Demand Spike,2071.0
20260314,12,133,94,81,13,89.15,7221.15,81.0,0.0,FRUI_DAIL_13,Fruits & Vegetables,Unforecasted Demand Spike,1158.95
20260314,12,162,49,17,32,185.02,3145.34,17.0,0.0,STAP_RICE_12,Staples,Unforecasted Demand Spike,5920.64
20260314,12,193,21,16,5,124.41,1990.56,16.0,0.0,PERS_ORAL_13,Personal Care,Forecast Underestimation & Buffer Shortage,622.05
20260314,13,43,201,185,16,43.03,7960.55,185.0,0.0,BEVE_TEA _13,Beverages,Unforecasted Demand Spike,688.48
20260314,14,101,56,49,7,130.93,6415.57,50.0,0.0,PACK_NOOD_11,Packaged Foods,Unforecasted Demand Spike,916.51
20260314,14,258,24,23,1,552.29,12702.67,23.0,0.0,BABY_BABY_18,Baby Care,Forecast Underestimation & Buffer Shortage,552.29
20260314,16,171,35,30,5,329.23,9876.9,30.0,0.0,STAP_ATTA_21,Staples,Forecast Underestimation & Buffer Shortage,1646.15
20260314,19,141,245,219,26,19.49,4268.31,219.0,0.0,FRUI_FRES_21,Fruits & Vegetables,Unforecasted Demand Spike,506.74
20260314,19,294,8,3,5,77.14,231.42,3.0,0.0,PET _PET _24,Pet Care,Delayed / Missing Inbound Replenishment,385.7
20260314,21,221,14,2,12,209.6,419.2,2.0,0.0,HOUS_DETE_11,Household,Delayed / Missing Inbound Replenishment,2515.2
20260314,22,74,275,213,62,67.1,14292.3,213.0,0.0,SNAC_CHOC_14,Snacks,Unforecasted Demand Spike,4160.2
20260314,22,81,118,99,19,104.22,10317.78,99.0,0.0,SNAC_CHIP_21,Snacks,Unforecasted Demand Spike,1980.18
20260314,22,164,25,21,4,366.94,7705.74,21.0,0.0,STAP_EDIB_14,Staples,Forecast Underestimation & Buffer Shortage,1467.76
20260314,22,244,42,0,42,106.9,0.0,0.0,0.0,BABY_BABY_04,Baby Care,Delayed / Missing Inbound Replenishment,4489.8
20260314,23,188,9,6,3,169.27,1015.62,6.0,0.0,PERS_ORAL_08,Personal Care,Forecast Underestimation & Buffer Shortage,507.81
20260314,25,113,34,26,8,200.74,5219.24,26.0,0.0,PACK_SAUC_23,Packaged Foods,Forecast Underestimation & Buffer Shortage,1605.92
20260314,26,239,6,3,3,128.19,384.57,3.0,0.0,HOUS_DISP_29,Household,Delayed / Missing Inbound Replenishment,384.57
20260314,28,191,49,45,4,184.94,8322.3,45.0,0.0,PERS_SOAP_11,Personal Care,Unforecasted Demand Spike,739.76
20260315,1,169,32,5,27,312.03,1560.15,5.0,0.0,STAP_EDIB_19,Staples,Forecast Underestimation & Buffer Shortage,8424.81
20260315,2,248,36,0,36,475.65,0.0,0.0,0.0,BABY_BABY_08,Baby Care,Delayed / Missing Inbound Replenishment,17123.4
20260315,3,128,53,47,6,101.33,4762.51,47.0,0.0,FRUI_DAIL_08,Fruits & Vegetables,Unforecasted Demand Spike,607.98
20260315,8,242,152,119,33,531.47,63244.93,119.0,0.0,BABY_BABY_02,Baby Care,Unforecasted Demand Spike,17538.51
20260315,8,297,17,1,16,129.29,129.29,1.0,0.0,PET _PET _27,Pet Care,Delayed / Missing Inbound Replenishment,2068.64
20260315,10,225,10,9,1,127.69,1149.21,9.0,0.0,HOUS_REPE_15,Household,Forecast Underestimation & Buffer Shortage,127.69
20260315,10,262,52,48,4,373.45,17925.6,48.0,0.0,BABY_BABY_22,Baby Care,Unforecasted Demand Spike,1493.8
20260315,12,168,50,47,3,166.75,7837.25,47.0,0.0,STAP_DALS_18,Staples,Unforecasted Demand Spike,500.25
20260315,12,193,7,0,7,124.41,0.0,0.0,0.0,PERS_ORAL_13,Personal Care,Delayed / Missing Inbound Replenishment,870.87
20260315,12,251,43,33,10,167.64,5532.12,33.0,0.0,BABY_BABY_11,Baby Care,Unforecasted Demand Spike,1676.4
20260315,14,157,33,23,10,143.25,3294.75,23.0,0.0,STAP_RICE_07,Staples,Forecast Underestimation & Buffer Shortage,1432.5
20260315,14,227,7,4,3,254.28,1017.12,4.0,0.0,HOUS_DISH_17,Household,Delayed / Missing Inbound Replenishment,762.84
20260315,16,67,102,66,36,113.98,7522.68,66.0,0.0,SNAC_BISC_07,Snacks,Unforecasted Demand Spike,4103.28
20260315,16,144,104,84,20,40.24,3380.16,84.0,0.0,FRUI_SEAS_24,Fruits & Vegetables,Unforecasted Demand Spike,804.8
20260315,17,211,14,13,1,194.68,2530.84,13.0,0.0,HOUS_DETE_01,Household,Forecast Underestimation & Buffer Shortage,194.68
20260315,18,133,85,77,8,89.15,6864.55,77.0,0.0,FRUI_DAIL_13,Fruits & Vegetables,Unforecasted Demand Spike,713.2
20260315,19,140,63,57,6,54.59,3111.63,57.0,0.0,FRUI_CUT _20,Fruits & Vegetables,Unforecasted Demand Spike,327.54
20260315,22,74,78,0,78,67.1,0.0,0.0,0.0,SNAC_CHOC_14,Snacks,Delayed / Missing Inbound Replenishment,5233.8
20260315,22,164,23,0,23,366.94,0.0,0.0,0.0,STAP_EDIB_14,Staples,Delayed / Missing Inbound Replenishment,8439.62
20260315,22,195,10,3,7,227.65,682.95,3.0,0.0,PERS_SANI_15,Personal Care,Delayed / Missing Inbound Replenishment,1593.55
20260315,23,10,129,50,79,104.2,5210.0,50.0,0.0,DAIR_PANE_10,Dairy,Unforecasted Demand Spike,8231.8
20260315,23,52,196,160,36,138.55,22168.0,160.0,0.0,BEVE_COLD_22,Beverages,Unforecasted Demand Spike,4987.8
20260315,23,205,5,4,1,130.63,522.52,4.0,0.0,PERS_SANI_25,Personal Care,Delayed / Missing Inbound Replenishment,130.63
20260315,25,142,91,40,51,64.0,2560.0,40.0,0.0,FRUI_EXOT_22,Fruits & Vegetables,Unforecasted Demand Spike,3264.0
20260315,25,215,16,14,2,69.23,969.22,14.0,0.0,HOUS_REPE_05,Household,Forecast Underestimation & Buffer Shortage,138.46
20260315,29,250,46,33,13,204.07,6734.31,33.0,0.0,BABY_BABY_10,Baby Care,Unforecasted Demand Spike,2652.91
20260315,35,52,119,54,65,138.55,7481.7,54.0,0.0,BEVE_COLD_22,Beverages,Unforecasted Demand Spike,9005.75
20260315,35,101,45,35,10,130.93,4582.55,35.0,0.0,PACK_NOOD_11,Packaged Foods,Unforecasted Demand Spike,1309.3
20260315,36,204,15,13,2,199.5,2593.5,13.0,0.0,PERS_SKIN_24,Personal Care,Forecast Underestimation & Buffer Shortage,399.0
20260315,39,40,107,91,16,137.08,12474.28,91.0,0.0,BEVE_WATE_10,Beverages,Unforecasted Demand Spike,2193.28
20260315,40,23,125,87,38,57.13,4970.31,87.0,0.0,DAIR_BUTT_23,Dairy,Unforecasted Demand Spike,2170.94
20260315,40,245,40,31,9,476.05,14757.55,31.0,0.0,BABY_DIAP_05,Baby Care,Forecast Underestimation & Buffer Shortage,4284.45
20260316,1,300,10,8,2,282.52,2260.16,8.0,0.0,PET _CAT _30,Pet Care,Forecast Underestimation & Buffer Shortage,565.04
20260316,4,238,7,1,6,172.48,172.48,1.0,0.0,HOUS_CLEA_28,Household,Delayed / Missing Inbound Replenishment,1034.88
20260316,4,293,9,4,5,478.5,1914.0,4.0,0.0,PET _PET _23,Pet Care,Delayed / Missing Inbound Replenishment,2392.5
20260316,7,291,14,13,1,384.98,5004.74,13.0,0.0,PET _DOG _21,Pet Care,Forecast Underestimation & Buffer Shortage,384.98
20260316,8,291,12,6,6,384.98,2309.88,6.0,0.0,PET _DOG _21,Pet Care,Forecast Underestimation & Buffer Shortage,2309.88
20260316,8,297,10,0,10,129.29,0.0,0.0,0.0,PET _PET _27,Pet Care,Delayed / Missing Inbound Replenishment,1292.9
20260316,12,112,17,5,12,51.88,259.4,5.0,0.0,PACK_PAST_22,Packaged Foods,Forecast Underestimation & Buffer Shortage,622.56
20260316,14,77,143,75,68,54.3,4072.5,75.0,0.0,SNAC_BISC_17,Snacks,Unforecasted Demand Spike,3692.4
20260316,14,132,82,65,17,94.19,6122.35,65.0,0.0,FRUI_EXOT_12,Fruits & Vegetables,Unforecasted Demand Spike,1601.23
20260316,16,230,5,3,2,79.04,237.12,5.0,0.0,HOUS_REPE_20,Household,Forecast Underestimation & Buffer Shortage,158.08
20260316,21,232,8,4,4,162.1,648.4,4.0,0.0,HOUS_DISH_22,Household,Delayed / Missing Inbound Replenishment,648.4
20260316,22,250,27,24,3,204.07,4897.68,24.0,0.0,BABY_BABY_10,Baby Care,Forecast Underestimation & Buffer Shortage,612.21
20260316,22,287,4,3,1,342.13,1026.39,3.0,0.0,PET _DOG _17,Pet Care,Delayed / Missing Inbound Replenishment,342.13
20260316,23,197,9,4,5,102.01,408.04,4.0,0.0,PERS_HAIR_17,Personal Care,Delayed / Missing Inbound Replenishment,510.05
20260316,26,63,69,50,19,157.5,7875.0,50.0,0.0,SNAC_NAMK_03,Snacks,Unforecasted Demand Spike,2992.5
20260316,26,292,4,3,1,251.82,755.46,3.0,0.0,PET _CAT _22,Pet Care,Delayed / Missing Inbound Replenishment,251.82
20260316,29,40,74,28,46,137.08,3838.24,28.0,0.0,BEVE_WATE_10,Beverages,Unforecasted Demand Spike,6305.68
20260316,29,103,64,59,5,129.06,7614.54,59.0,0.0,PACK_SAUC_13,Packaged Foods,Unforecasted Demand Spike,645.3
20260316,35,48,49,48,1,54.7,2625.6,48.0,0.0,BEVE_TEA _18,Beverages,Unforecasted Demand Spike,54.7
20260316,35,291,11,10,1,384.98,3849.8,10.0,0.0,PET _DOG _21,Pet Care,Forecast Underestimation & Buffer Shortage,384.98
20260316,40,143,78,73,5,48.33,3528.09,73.0,0.0,FRUI_DAIL_23,Fruits & Vegetables,Unforecasted Demand Spike,241.65
20260316,40,147,45,42,3,20.9,877.8,42.0,0.0,FRUI_EXOT_27,Fruits & Vegetables,Unforecasted Demand Spike,62.7
20260317,14,132,76,0,76,94.19,0.0,0.0,0.0,FRUI_EXOT_12,Fruits & Vegetables,Delayed / Missing Inbound Replenishment,7158.44
20260317,14,142,202,172,30,64.0,11008.0,172.0,0.0,FRUI_EXOT_22,Fruits & Vegetables,Unforecasted Demand Spike,1920.0
20260317,16,233,14,0,14,161.93,0.0,0.0,0.0,HOUS_CLEA_23,Household,Delayed / Missing Inbound Replenishment,2267.02
20260317,19,121,59,57,2,26.81,1528.17,57.0,0.0,FRUI_FRES_01,Fruits & Vegetables,Unforecasted Demand Spike,53.62
20260317,26,160,32,26,6,181.06,4707.56,26.0,0.0,STAP_SPIC_10,Staples,Forecast Underestimation & Buffer Shortage,1086.36
20260317,29,138,67,41,26,22.67,929.47,41.0,0.0,FRUI_DAIL_18,Fruits & Vegetables,Unforecasted Demand Spike,589.42
20260317,29,159,34,19,15,560.31,10645.89,19.0,0.0,STAP_EDIB_09,Staples,Forecast Underestimation & Buffer Shortage,8404.65
20260318,7,42,223,216,7,54.5,11772.0,216.0,0.0,BEVE_COLD_12,Beverages,Unforecasted Demand Spike,381.5
20260318,14,273,13,10,3,256.39,2563.9,10.0,0.0,PET _PET _03,Pet Care,Forecast Underestimation & Buffer Shortage,769.17
20260318,26,133,65,27,38,89.15,2407.05,27.0,0.0,FRUI_DAIL_13,Fruits & Vegetables,Unforecasted Demand Spike,3387.7
20260319,16,264,21,13,8,127.0,1651.0,13.0,0.0,BABY_BABY_24,Baby Care,Forecast Underestimation & Buffer Shortage,1016.0
20260319,39,52,110,108,2,138.55,14963.4,108.0,0.0,BEVE_COLD_22,Beverages,Unforecasted Demand Spike,277.1
20260320,12,67,226,211,15,113.98,24049.78,213.0,0.0,SNAC_BISC_07,Snacks,Unforecasted Demand Spike,1709.7
20260320,14,131,52,28,24,100.09,2802.52,28.0,0.0,FRUI_FRES_11,Fruits & Vegetables,Unforecasted Demand Spike,2402.16
20260320,14,144,73,55,18,40.24,2213.2,55.0,0.0,FRUI_SEAS_24,Fruits & Vegetables,Unforecasted Demand Spike,724.32
20260320,19,120,106,94,12,117.17,11013.98,94.0,0.0,PACK_READ_30,Packaged Foods,Unforecasted Demand Spike,1406.04
20260320,22,128,64,57,7,101.33,5775.81,57.0,0.0,FRUI_DAIL_08,Fruits & Vegetables,Unforecasted Demand Spike,709.31
20260320,22,170,110,79,31,338.45,26737.55,79.0,0.0,STAP_SPIC_20,Staples,Unforecasted Demand Spike,10491.95
20260320,22,299,16,12,4,108.9,1306.8,12.0,0.0,PET _DOG _29,Pet Care,Forecast Underestimation & Buffer Shortage,435.6
20260320,35,20,257,248,9,139.53,34603.44,248.0,0.0,DAIR_PANE_20,Dairy,Unforecasted Demand Spike,1255.77
20260320,40,124,219,186,33,61.37,11414.82,186.0,0.0,FRUI_SEAS_04,Fruits & Vegetables,Unforecasted Demand Spike,2025.21
20260320,40,211,32,28,4,194.68,5451.04,28.0,0.0,HOUS_DETE_01,Household,Forecast Underestimation & Buffer Shortage,778.72
20260321,7,186,15,13,2,217.4,2826.2,13.0,0.0,PERS_SOAP_06,Personal Care,Forecast Underestimation & Buffer Shortage,434.8
20260321,10,241,73,68,5,535.8,36434.4,68.0,0.0,BABY_DIAP_01,Baby Care,Unforecasted Demand Spike,2679.0
20260321,10,263,69,61,8,388.6,23704.6,61.0,0.0,BABY_BABY_23,Baby Care,Unforecasted Demand Spike,3108.8
20260321,12,145,83,67,16,66.24,4438.08,67.0,0.0,FRUI_CUT _25,Fruits & Vegetables,Unforecasted Demand Spike,1059.84
20260321,12,167,49,44,5,387.95,17069.8,44.0,0.0,STAP_RICE_17,Staples,Unforecasted Demand Spike,1939.75
20260321,12,202,48,43,5,60.61,2606.23,43.0,0.0,PERS_HAIR_22,Personal Care,Unforecasted Demand Spike,303.05
20260321,17,115,28,23,5,236.91,5448.93,23.0,0.0,PACK_READ_25,Packaged Foods,Forecast Underestimation & Buffer Shortage,1184.55
20260321,18,7,319,240,79,154.99,37197.6,240.0,0.0,DAIR_CURD_07,Dairy,Unforecasted Demand Spike,12244.21
20260321,22,58,103,36,67,99.9,3596.4,36.0,0.0,BEVE_TEA _28,Beverages,Unforecasted Demand Spike,6693.3
20260321,22,97,129,52,77,44.34,2305.68,52.0,0.0,PACK_PAST_07,Packaged Foods,Unforecasted Demand Spike,3414.18
20260321,22,260,46,14,32,105.12,1471.68,14.0,0.0,BABY_BABY_20,Baby Care,Unforecasted Demand Spike,3363.84
20260321,22,278,18,12,6,408.17,4898.04,12.0,0.0,PET _PET _08,Pet Care,Forecast Underestimation & Buffer Shortage,2449.02
20260321,23,167,54,40,14,387.95,15518.0,40.0,0.0,STAP_RICE_17,Staples,Unforecasted Demand Spike,5431.3
20260321,23,179,52,41,11,497.99,20417.59,41.0,0.0,STAP_EDIB_29,Staples,Unforecasted Demand Spike,5477.89
20260321,26,84,201,171,30,42.74,7308.54,171.0,0.0,SNAC_CHOC_24,Snacks,Unforecasted Demand Spike,1282.2
20260321,28,140,171,133,38,54.59,7260.47,133.0,0.0,FRUI_CUT _20,Fruits & Vegetables,Unforecasted Demand Spike,2074.42
20260321,29,11,86,47,39,214.92,10101.24,47.0,0.0,DAIR_MILK_11,Dairy,Unforecasted Demand Spike,8381.88
20260321,29,99,29,27,2,156.42,4223.34,27.0,0.0,PACK_BREA_09,Packaged Foods,Forecast Underestimation & Buffer Shortage,312.84
20260321,29,131,67,66,1,100.09,6605.94,66.0,0.0,FRUI_FRES_11,Fruits & Vegetables,Unforecasted Demand Spike,100.09
20260321,29,219,24,17,7,246.3,4187.1,17.0,0.0,HOUS_DISP_09,Household,Forecast Underestimation & Buffer Shortage,1724.1
20260321,29,294,9,7,2,77.14,539.98,7.0,0.0,PET _PET _24,Pet Care,Forecast Underestimation & Buffer Shortage,154.28
20260321,34,38,98,80,18,48.32,3865.6,80.0,0.0,BEVE_TEA _08,Beverages,Unforecasted Demand Spike,869.76
20260321,39,211,16,15,1,194.68,2920.2,15.0,0.0,HOUS_DETE_01,Household,Forecast Underestimation & Buffer Shortage,194.68
20260321,39,284,8,7,1,420.04,2940.28,7.0,0.0,PET _CAT _14,Pet Care,Forecast Underestimation & Buffer Shortage,420.04
20260321,40,124,77,0,77,61.37,0.0,0.0,0.0,FRUI_SEAS_04,Fruits & Vegetables,Delayed / Missing Inbound Replenishment,4725.49
20260321,40,140,57,51,6,54.59,2784.09,51.0,0.0,FRUI_CUT _20,Fruits & Vegetables,Unforecasted Demand Spike,327.54
20260321,40,246,48,47,1,162.35,7630.45,47.0,0.0,BABY_BABY_06,Baby Care,Unforecasted Demand Spike,162.35
20260322,1,25,162,160,2,185.79,29726.4,160.0,0.0,DAIR_PANE_25,Dairy,Unforecasted Demand Spike,371.58
20260322,1,34,212,182,30,62.4,11356.8,182.0,0.0,BEVE_ENER_04,Beverages,Unforecasted Demand Spike,1872.0
20260322,1,102,48,46,2,103.03,4739.38,46.0,0.0,PACK_PAST_12,Packaged Foods,Unforecasted Demand Spike,206.06
20260322,1,131,247,149,98,100.09,14913.41,149.0,0.0,FRUI_FRES_11,Fruits & Vegetables,Unforecasted Demand Spike,9808.82
20260322,2,155,29,28,1,443.45,12416.6,28.0,0.0,STAP_SPIC_05,Staples,Forecast Underestimation & Buffer Shortage,443.45
20260322,3,91,24,17,7,240.18,4083.06,17.0,0.0,PACK_NOOD_01,Packaged Foods,Forecast Underestimation & Buffer Shortage,1681.26
20260322,5,21,394,355,39,59.48,21115.4,355.0,0.0,DAIR_MILK_21,Dairy,Unforecasted Demand Spike,2319.72
20260322,7,261,27,25,2,419.38,10484.5,25.0,0.0,BABY_DIAP_21,Baby Care,Forecast Underestimation & Buffer Shortage,838.76
20260322,8,3,152,121,31,70.68,8552.28,121.0,0.0,DAIR_BUTT_03,Dairy,Unforecasted Demand Spike,2191.08
20260322,8,98,22,21,1,222.22,4666.62,21.0,0.0,PACK_SAUC_08,Packaged Foods,Forecast Underestimation & Buffer Shortage,222.22
20260322,8,162,44,23,21,185.02,4255.46,23.0,0.0,STAP_RICE_12,Staples,Unforecasted Demand Spike,3885.42
20260322,8,206,7,2,5,99.42,198.84,2.0,0.0,PERS_SOAP_26,Personal Care,Delayed / Missing Inbound Replenishment,497.1
20260322,9,7,156,149,7,154.99,23093.51,149.0,0.0,DAIR_CURD_07,Dairy,Unforecasted Demand Spike,1084.93
20260322,9,233,16,15,1,161.93,2428.95,15.0,0.0,HOUS_CLEA_23,Household,Forecast Underestimation & Buffer Shortage,161.93
20260322,10,19,169,167,2,189.48,31643.16,167.0,0.0,DAIR_CHEE_19,Dairy,Unforecasted Demand Spike,378.96
20260322,10,118,151,143,8,241.31,34507.33,143.0,0.0,PACK_SAUC_28,Packaged Foods,Unforecasted Demand Spike,1930.48
20260322,12,22,362,331,31,53.74,17787.94,331.0,0.0,DAIR_CURD_22,Dairy,Unforecasted Demand Spike,1665.94
20260322,12,138,212,173,39,22.67,3921.91,173.0,0.0,FRUI_DAIL_18,Fruits & Vegetables,Unforecasted Demand Spike,884.13
20260322,13,241,46,32,14,535.8,17145.6,32.0,0.0,BABY_DIAP_01,Baby Care,Unforecasted Demand Spike,7501.2
20260322,14,23,195,1,194,57.13,57.13,1.0,0.0,DAIR_BUTT_23,Dairy,Delayed / Missing Inbound Replenishment,11083.22
20260322,16,2,134,66,68,47.2,3115.2,66.0,0.0,DAIR_CURD_02,Dairy,Unforecasted Demand Spike,3209.6
20260322,16,179,161,73,88,497.99,36353.27,73.0,0.0,STAP_EDIB_29,Staples,Unforecasted Demand Spike,43823.12
20260322,16,244,133,120,13,106.9,12828.0,120.0,0.0,BABY_BABY_04,Baby Care,Unforecasted Demand Spike,1389.7
20260322,17,30,443,144,299,165.95,23896.8,144.0,0.0,DAIR_PANE_30,Dairy,Unforecasted Demand Spike,49619.05
20260322,19,109,26,10,16,206.34,2063.4,10.0,0.0,PACK_BREA_19,Packaged Foods,Forecast Underestimation & Buffer Shortage,3301.44
20260322,19,274,14,13,1,218.13,2835.69,13.0,0.0,PET _PET _04,Pet Care,Forecast Underestimation & Buffer Shortage,218.13
20260322,20,6,402,338,64,50.9,17204.2,338.0,0.0,DAIR_MILK_06,Dairy,Unforecasted Demand Spike,3257.6
20260322,20,97,27,22,5,44.34,975.48,22.0,0.0,PACK_PAST_07,Packaged Foods,Forecast Underestimation & Buffer Shortage,221.7
20260322,21,202,60,55,5,60.61,3333.55,55.0,0.0,PERS_HAIR_22,Personal Care,Unforecasted Demand Spike,303.05
20260322,21,281,5,4,1,208.33,833.32,4.0,0.0,PET _PET _11,Pet Care,Delayed / Missing Inbound Replenishment,208.33
20260322,22,23,227,166,61,57.13,9483.58,166.0,0.0,DAIR_BUTT_23,Dairy,Unforecasted Demand Spike,3484.93
20260322,22,203,15,7,8,316.94,2218.58,7.0,0.0,PERS_ORAL_23,Personal Care,Forecast Underestimation & Buffer Shortage,2535.52
20260322,22,286,14,11,3,456.83,5025.13,11.0,0.0,PET _PET _16,Pet Care,Forecast Underestimation & Buffer Shortage,1370.49
20260322,23,17,155,152,3,108.57,16502.64,152.0,0.0,DAIR_CURD_17,Dairy,Unforecasted Demand Spike,325.71
20260322,23,24,190,169,21,103.72,17528.68,169.0,0.0,DAIR_CHEE_24,Dairy,Unforecasted Demand Spike,2178.12
20260322,23,163,29,1,28,338.27,338.27,1.0,0.0,STAP_DALS_13,Staples,Delayed / Missing Inbound Replenishment,9471.56
20260322,26,5,99,98,1,94.1,9221.8,98.0,0.0,DAIR_PANE_05,Dairy,Unforecasted Demand Spike,94.1
20260322,26,219,22,14,8,246.3,3448.2,14.0,0.0,HOUS_DISP_09,Household,Forecast Underestimation & Buffer Shortage,1970.4
20260322,27,20,117,116,1,139.53,16185.48,116.0,0.0,DAIR_PANE_20,Dairy,Unforecasted Demand Spike,139.53
20260322,30,78,197,106,91,133.29,14128.74,106.0,0.0,SNAC_NAMK_18,Snacks,Unforecasted Demand Spike,12129.39
20260322,31,222,9,7,2,214.26,1499.82,7.0,0.0,HOUS_DISH_12,Household,Forecast Underestimation & Buffer Shortage,428.52
20260322,35,255,76,62,14,500.03,31001.86,62.0,0.0,BABY_BABY_15,Baby Care,Unforecasted Demand Spike,7000.42
20260322,39,66,306,223,83,45.9,10235.7,223.0,0.0,SNAC_CHIP_06,Snacks,Unforecasted Demand Spike,3809.7
20260322,39,95,30,21,9,133.43,2802.03,21.0,0.0,PACK_READ_05,Packaged Foods,Forecast Underestimation & Buffer Shortage,1200.87
20260322,39,268,26,25,1,129.29,3232.25,25.0,0.0,BABY_BABY_28,Baby Care,Forecast Underestimation & Buffer Shortage,129.29
20260323,1,18,46,45,1,203.24,9145.8,45.0,0.0,DAIR_BUTT_18,Dairy,Unforecasted Demand Spike,203.24
20260323,3,9,58,57,1,167.11,9525.27,57.0,0.0,DAIR_CHEE_09,Dairy,Unforecasted Demand Spike,167.11
20260323,5,21,83,0,83,59.48,0.0,0.0,0.0,DAIR_MILK_21,Dairy,Delayed / Missing Inbound Replenishment,4936.84
20260323,5,211,30,25,5,194.68,4867.0,25.0,0.0,HOUS_DETE_01,Household,Forecast Underestimation & Buffer Shortage,973.4
20260323,7,30,100,94,6,165.95,15599.3,94.0,0.0,DAIR_PANE_30,Dairy,Unforecasted Demand Spike,995.7
20260323,7,90,139,138,1,177.61,24510.18,138.0,0.0,SNAC_NUTS_30,Snacks,Unforecasted Demand Spike,177.61
20260323,7,109,16,13,3,206.34,2682.42,13.0,0.0,PACK_BREA_19,Packaged Foods,Forecast Underestimation & Buffer Shortage,619.02
20260323,8,162,29,0,29,185.02,0.0,0.0,0.0,STAP_RICE_12,Staples,Delayed / Missing Inbound Replenishment,5365.58
20260323,10,12,117,86,31,143.6,12349.6,86.0,0.0,DAIR_CURD_12,Dairy,Unforecasted Demand Spike,4451.6
20260323,10,277,7,6,1,232.44,1394.64,6.0,0.0,PET _PET _07,Pet Care,Forecast Underestimation & Buffer Shortage,232.44
20260323,12,5,55,39,16,94.1,3669.9,39.0,0.0,DAIR_PANE_05,Dairy,Unforecasted Demand Spike,1505.6
20260323,12,22,73,0,73,53.74,0.0,0.0,0.0,DAIR_CURD_22,Dairy,Delayed / Missing Inbound Replenishment,3923.02
20260323,14,16,65,56,9,137.79,7716.24,56.0,0.0,DAIR_MILK_16,Dairy,Unforecasted Demand Spike,1240.11
20260323,16,13,101,50,51,121.24,6062.0,50.0,0.0,DAIR_BUTT_13,Dairy,Unforecasted Demand Spike,6183.24
20260323,16,22,79,75,4,53.74,4030.5,75.0,0.0,DAIR_CURD_22,Dairy,Unforecasted Demand Spike,214.96
20260323,16,27,90,68,22,103.33,7026.44,68.0,0.0,DAIR_CURD_27,Dairy,Unforecasted Demand Spike,2273.26
20260323,17,27,231,149,82,103.33,15396.17,149.0,0.0,DAIR_CURD_27,Dairy,Unforecasted Demand Spike,8473.06
20260323,19,11,79,55,24,214.92,11820.6,55.0,0.0,DAIR_MILK_11,Dairy,Unforecasted Demand Spike,5158.08
20260323,19,15,89,58,31,51.04,2960.32,58.0,0.0,DAIR_PANE_15,Dairy,Unforecasted Demand Spike,1582.24
20260323,19,24,116,111,5,103.72,11512.92,111.0,0.0,DAIR_CHEE_24,Dairy,Unforecasted Demand Spike,518.6
20260323,22,3,129,43,86,70.68,3039.24,43.0,0.0,DAIR_BUTT_03,Dairy,Unforecasted Demand Spike,6078.48
20260323,22,19,129,72,57,189.48,13642.56,72.0,0.0,DAIR_CHEE_19,Dairy,Unforecasted Demand Spike,10800.36
20260323,23,2,85,38,47,47.2,1793.6,38.0,0.0,DAIR_CURD_02,Dairy,Unforecasted Demand Spike,2218.4
20260323,23,18,59,58,1,203.24,11787.92,58.0,0.0,DAIR_BUTT_18,Dairy,Unforecasted Demand Spike,203.24
20260323,23,19,116,66,50,189.48,12505.68,66.0,0.0,DAIR_CHEE_19,Dairy,Unforecasted Demand Spike,9474.0
20260323,23,89,127,89,38,50.88,4528.32,89.0,0.0,SNAC_CHOC_29,Snacks,Unforecasted Demand Spike,1933.44
20260323,23,163,21,0,21,338.27,0.0,0.0,0.0,STAP_DALS_13,Staples,Delayed / Missing Inbound Replenishment,7103.67
20260323,24,73,58,48,10,92.13,4422.24,48.0,0.0,SNAC_NAMK_13,Snacks,Unforecasted Demand Spike,921.3
20260323,25,13,96,77,19,121.24,9335.48,77.0,0.0,DAIR_BUTT_13,Dairy,Unforecasted Demand Spike,2303.56
20260323,26,273,5,3,2,256.39,769.17,3.0,0.0,PET _PET _03,Pet Care,Delayed / Missing Inbound Replenishment,512.78
20260323,34,16,52,51,1,137.79,7027.29,51.0,0.0,DAIR_MILK_16,Dairy,Unforecasted Demand Spike,137.79
20260323,35,255,17,0,17,500.03,0.0,0.0,0.0,BABY_BABY_15,Baby Care,Delayed / Missing Inbound Replenishment,8500.51
20260323,38,13,167,123,44,121.24,14912.52,123.0,0.0,DAIR_BUTT_13,Dairy,Unforecasted Demand Spike,5334.56
20260323,39,28,44,17,27,39.17,665.89,17.0,0.0,DAIR_BUTT_28,Dairy,Unforecasted Demand Spike,1057.59
20260324,2,169,56,44,12,312.03,13729.32,44.0,0.0,STAP_EDIB_19,Staples,Unforecasted Demand Spike,3744.36
20260324,7,16,59,45,14,137.79,6200.55,45.0,0.0,DAIR_MILK_16,Dairy,Unforecasted Demand Spike,1929.06
20260324,7,24,108,85,23,103.72,8816.2,85.0,0.0,DAIR_CHEE_24,Dairy,Unforecasted Demand Spike,2385.56
20260324,10,299,9,8,1,108.9,871.2,8.0,0.0,PET _DOG _29,Pet Care,Forecast Underestimation & Buffer Shortage,108.9
20260324,14,247,25,24,1,404.16,9699.84,24.0,0.0,BABY_BABY_07,Baby Care,Forecast Underestimation & Buffer Shortage,404.16
20260324,16,17,92,74,18,108.57,8034.18,74.0,0.0,DAIR_CURD_17,Dairy,Unforecasted Demand Spike,1954.26
20260324,16,22,82,0,82,53.74,0.0,0.0,0.0,DAIR_CURD_22,Dairy,Delayed / Missing Inbound Replenishment,4406.68
20260324,17,27,75,0,75,103.33,0.0,0.0,0.0,DAIR_CURD_27,Dairy,Delayed / Missing Inbound Replenishment,7749.75
20260324,21,8,104,86,18,138.28,11892.08,86.0,0.0,DAIR_BUTT_08,Dairy,Unforecasted Demand Spike,2489.04
20260324,22,154,31,9,22,215.59,1940.31,9.0,0.0,STAP_EDIB_04,Staples,Forecast Underestimation & Buffer Shortage,4742.98
20260324,23,27,88,61,27,103.33,6303.13,61.0,0.0,DAIR_CURD_27,Dairy,Unforecasted Demand Spike,2789.91
20260324,23,45,72,54,18,107.96,5829.84,54.0,0.0,BEVE_WATE_15,Beverages,Unforecasted Demand Spike,1943.28
20260324,23,138,63,60,3,22.67,1360.2,60.0,0.0,FRUI_DAIL_18,Fruits & Vegetables,Unforecasted Demand Spike,68.01
20260324,23,141,54,34,20,19.49,662.66,34.0,0.0,FRUI_FRES_21,Fruits & Vegetables,Unforecasted Demand Spike,389.8
20260324,24,219,11,9,2,246.3,2216.7,9.0,0.0,HOUS_DISP_09,Household,Forecast Underestimation & Buffer Shortage,492.6
20260325,10,286,6,4,2,456.83,1827.32,4.0,0.0,PET _PET _16,Pet Care,Delayed / Missing Inbound Replenishment,913.66
20260325,16,294,4,2,2,77.14,154.28,2.0,0.0,PET _PET _24,Pet Care,Delayed / Missing Inbound Replenishment,154.28
20260325,23,219,17,0,17,246.3,0.0,0.0,0.0,HOUS_DISP_09,Household,Delayed / Missing Inbound Replenishment,4187.1
20260325,25,277,6,5,1,232.44,1162.2,5.0,0.0,PET _PET _07,Pet Care,Forecast Underestimation & Buffer Shortage,232.44
20260325,26,142,146,139,7,64.0,8896.0,139.0,0.0,FRUI_EXOT_22,Fruits & Vegetables,Unforecasted Demand Spike,448.0
20260326,7,207,14,13,1,160.21,2082.73,13.0,0.0,PERS_HAIR_27,Personal Care,Forecast Underestimation & Buffer Shortage,160.21
20260326,15,23,59,27,32,57.13,1542.51,27.0,0.0,DAIR_BUTT_23,Dairy,Unforecasted Demand Spike,1828.16
20260326,16,155,19,0,19,443.45,0.0,0.0,0.0,STAP_SPIC_05,Staples,Delayed / Missing Inbound Replenishment,8425.55
20260326,17,163,58,45,13,338.27,15222.15,45.0,0.0,STAP_DALS_13,Staples,Unforecasted Demand Spike,4397.51
20260326,21,18,37,33,4,203.24,6706.92,33.0,0.0,DAIR_BUTT_18,Dairy,Forecast Underestimation & Buffer Shortage,812.96
20260326,22,49,84,40,44,42.3,1692.0,40.0,0.0,BEVE_ENER_19,Beverages,Unforecasted Demand Spike,1861.2
20260327,7,170,163,104,59,338.45,35198.8,104.0,0.0,STAP_SPIC_20,Staples,Unforecasted Demand Spike,19968.55
20260327,10,136,137,120,17,104.61,12553.2,120.0,0.0,FRUI_FRES_16,Fruits & Vegetables,Unforecasted Demand Spike,1778.37
20260327,11,74,61,60,1,67.1,4026.0,60.0,0.0,SNAC_CHOC_14,Snacks,Unforecasted Demand Spike,67.1
20260327,19,42,116,103,13,54.5,5613.5,103.0,0.0,BEVE_COLD_12,Beverages,Unforecasted Demand Spike,708.5
20260327,19,211,31,30,1,194.68,5840.4,30.0,0.0,HOUS_DETE_01,Household,Forecast Underestimation & Buffer Shortage,194.68
20260327,23,195,7,6,1,227.65,1365.9,6.0,0.0,PERS_SANI_15,Personal Care,Forecast Underestimation & Buffer Shortage,227.65
20260327,29,18,47,46,1,203.24,9349.04,46.0,0.0,DAIR_BUTT_18,Dairy,Unforecasted Demand Spike,203.24
20260327,40,74,75,74,1,67.1,4965.4,75.0,0.0,SNAC_CHOC_14,Snacks,Unforecasted Demand Spike,67.1
20260328,12,109,24,20,4,206.34,4126.8,20.0,0.0,PACK_BREA_19,Packaged Foods,Forecast Underestimation & Buffer Shortage,825.36
20260328,14,71,189,131,58,68.22,8936.82,131.0,0.0,SNAC_CHIP_11,Snacks,Unforecasted Demand Spike,3956.76
20260328,14,200,9,8,1,118.26,946.08,8.0,0.0,PERS_SANI_20,Personal Care,Forecast Underestimation & Buffer Shortage,118.26
20260328,14,253,36,23,13,319.63,7351.49,23.0,0.0,BABY_DIAP_13,Baby Care,Forecast Underestimation & Buffer Shortage,4155.19
20260328,20,86,153,113,40,113.54,12830.02,113.0,0.0,SNAC_CHIP_26,Snacks,Unforecasted Demand Spike,4541.6
20260328,21,5,58,54,4,94.1,5081.4,54.0,0.0,DAIR_PANE_05,Dairy,Unforecasted Demand Spike,376.4
20260328,22,182,20,17,3,79.48,1351.16,17.0,0.0,PERS_HAIR_02,Personal Care,Forecast Underestimation & Buffer Shortage,238.44
20260328,23,71,70,68,2,68.22,4638.96,68.0,0.0,SNAC_CHIP_11,Snacks,Unforecasted Demand Spike,136.44
20260328,25,34,80,75,5,62.4,4680.0,75.0,0.0,BEVE_ENER_04,Beverages,Unforecasted Demand Spike,312.0
20260328,28,219,45,28,17,246.3,6896.4,28.0,0.0,HOUS_DISP_09,Household,Unforecasted Demand Spike,4187.1
20260328,29,154,152,145,7,215.59,31260.55,145.0,0.0,STAP_EDIB_04,Staples,Unforecasted Demand Spike,1509.13
20260328,29,190,12,9,3,76.27,686.43,9.0,0.0,PERS_SANI_10,Personal Care,Forecast Underestimation & Buffer Shortage,228.81
20260328,29,284,24,16,8,420.04,6720.64,16.0,0.0,PET _CAT _14,Pet Care,Forecast Underestimation & Buffer Shortage,3360.32
20260328,35,265,50,48,2,163.3,7838.4,48.0,0.0,BABY_DIAP_25,Baby Care,Unforecasted Demand Spike,326.6
20260328,40,178,161,121,40,532.31,64409.51,121.0,0.0,STAP_DALS_28,Staples,Unforecasted Demand Spike,21292.4
20260329,1,36,170,167,3,97.34,16255.78,167.0,0.0,BEVE_JUIC_06,Beverages,Unforecasted Demand Spike,292.02
20260329,2,3,119,105,14,70.68,7421.4,105.0,0.0,DAIR_BUTT_03,Dairy,Unforecasted Demand Spike,989.52
20260329,2,193,10,5,5,124.41,622.05,5.0,0.0,PERS_ORAL_13,Personal Care,Forecast Underestimation & Buffer Shortage,622.05
20260329,3,3,109,100,9,70.68,7068.0,100.0,0.0,DAIR_BUTT_03,Dairy,Unforecasted Demand Spike,636.12
20260329,3,193,9,8,1,124.41,995.28,8.0,0.0,PERS_ORAL_13,Personal Care,Forecast Underestimation & Buffer Shortage,124.41
20260329,3,275,13,8,5,359.71,2877.68,8.0,0.0,PET _DOG _05,Pet Care,Forecast Underestimation & Buffer Shortage,1798.55
20260329,4,299,14,12,2,108.9,1306.8,12.0,0.0,PET _DOG _29,Pet Care,Forecast Underestimation & Buffer Shortage,217.8
20260329,6,285,12,2,10,503.9,1007.8,2.0,0.0,PET _PET _15,Pet Care,Delayed / Missing Inbound Replenishment,5039.0
20260329,7,84,64,37,27,42.74,1581.38,37.0,0.0,SNAC_CHOC_24,Snacks,Unforecasted Demand Spike,1153.98
20260329,9,111,34,27,7,148.4,4006.8,27.0,0.0,PACK_NOOD_21,Packaged Foods,Forecast Underestimation & Buffer Shortage,1038.8
20260329,13,286,9,8,1,456.83,3654.64,8.0,0.0,PET _PET _16,Pet Care,Forecast Underestimation & Buffer Shortage,456.83
20260329,14,299,15,8,7,108.9,871.2,8.0,0.0,PET _DOG _29,Pet Care,Forecast Underestimation & Buffer Shortage,762.3
20260329,16,95,33,25,8,133.43,3335.75,25.0,0.0,PACK_READ_05,Packaged Foods,Forecast Underestimation & Buffer Shortage,1067.44
20260329,16,199,9,5,4,251.52,1257.6,5.0,0.0,PERS_SKIN_19,Personal Care,Forecast Underestimation & Buffer Shortage,1006.08
20260329,16,241,74,58,16,535.8,31076.4,58.0,0.0,BABY_DIAP_01,Baby Care,Unforecasted Demand Spike,8572.8
20260329,16,246,58,45,13,162.35,7305.75,45.0,0.0,BABY_BABY_06,Baby Care,Unforecasted Demand Spike,2110.55
20260329,16,276,12,10,2,419.68,4196.8,10.0,0.0,PET _CAT _06,Pet Care,Forecast Underestimation & Buffer Shortage,839.36
20260329,17,85,51,48,3,172.15,8263.2,48.0,0.0,SNAC_NUTS_25,Snacks,Unforecasted Demand Spike,516.45
20260329,17,223,13,12,1,209.86,2518.32,12.0,0.0,HOUS_CLEA_13,Household,Forecast Underestimation & Buffer Shortage,209.86
20260329,19,135,260,221,39,112.02,24756.42,221.0,0.0,FRUI_CUT _15,Fruits & Vegetables,Unforecasted Demand Spike,4368.78
20260329,21,106,48,24,24,210.34,5048.16,24.0,0.0,PACK_NOOD_16,Packaged Foods,Unforecasted Demand Spike,5048.16
20260329,21,194,15,10,5,365.21,3652.1,10.0,0.0,PERS_SKIN_14,Personal Care,Forecast Underestimation & Buffer Shortage,1826.05
20260329,21,284,9,7,2,420.04,2940.28,7.0,0.0,PET _CAT _14,Pet Care,Forecast Underestimation & Buffer Shortage,840.08
20260329,22,206,8,6,2,99.42,596.52,6.0,0.0,PERS_SOAP_26,Personal Care,Forecast Underestimation & Buffer Shortage,198.84
20260329,22,260,49,29,20,105.12,3048.48,29.0,0.0,BABY_BABY_20,Baby Care,Unforecasted Demand Spike,2102.4
20260329,25,24,118,88,30,103.72,9127.36,88.0,0.0,DAIR_CHEE_24,Dairy,Unforecasted Demand Spike,3111.6
20260329,25,125,169,164,5,50.66,8308.24,164.0,0.0,FRUI_CUT _05,Fruits & Vegetables,Unforecasted Demand Spike,253.3
20260329,26,254,28,21,7,177.66,3730.86,21.0,0.0,BABY_BABY_14,Baby Care,Forecast Underestimation & Buffer Shortage,1243.62
20260329,28,115,24,22,2,236.91,5212.02,22.0,0.0,PACK_READ_25,Packaged Foods,Forecast Underestimation & Buffer Shortage,473.82
20260329,29,8,131,127,4,138.28,17561.56,127.0,0.0,DAIR_BUTT_08,Dairy,Unforecasted Demand Spike,553.12
20260329,29,154,44,0,44,215.59,0.0,0.0,0.0,STAP_EDIB_04,Staples,Delayed / Missing Inbound Replenishment,9485.96
20260329,32,290,6,5,1,240.2,1201.0,5.0,0.0,PET _PET _20,Pet Care,Forecast Underestimation & Buffer Shortage,240.2
20260329,39,26,142,132,10,78.21,10323.72,132.0,0.0,DAIR_MILK_26,Dairy,Unforecasted Demand Spike,782.1
20260329,40,2,173,161,12,47.2,7599.2,161.0,0.0,DAIR_CURD_02,Dairy,Unforecasted Demand Spike,566.4
20260329,40,21,191,172,19,59.48,10230.56,172.0,0.0,DAIR_MILK_21,Dairy,Unforecasted Demand Spike,1130.12
20260329,40,136,161,128,33,104.61,13390.08,128.0,0.0,FRUI_FRES_16,Fruits & Vegetables,Unforecasted Demand Spike,3452.13
20260330,1,36,43,0,43,97.34,0.0,0.0,0.0,BEVE_JUIC_06,Beverages,Delayed / Missing Inbound Replenishment,4185.62
20260330,4,299,10,0,10,108.9,0.0,0.0,0.0,PET _DOG _29,Pet Care,Delayed / Missing Inbound Replenishment,1089.0
20260330,10,293,11,9,2,478.5,4306.5,9.0,0.0,PET _PET _23,Pet Care,Forecast Underestimation & Buffer Shortage,957.0
20260330,11,192,4,3,1,357.65,1072.95,3.0,0.0,PERS_HAIR_12,Personal Care,Delayed / Missing Inbound Replenishment,357.65
20260330,14,299,9,0,9,108.9,0.0,0.0,0.0,PET _DOG _29,Pet Care,Delayed / Missing Inbound Replenishment,980.1
20260330,16,241,46,0,46,535.8,0.0,0.0,0.0,BABY_DIAP_01,Baby Care,Delayed / Missing Inbound Replenishment,24646.8
20260330,19,135,59,0,59,112.02,0.0,0.0,0.0,FRUI_CUT _15,Fruits & Vegetables,Delayed / Missing Inbound Replenishment,6609.18
20260330,22,85,37,22,15,172.15,3787.3,22.0,0.0,SNAC_NUTS_25,Snacks,Forecast Underestimation & Buffer Shortage,2582.25
20260330,25,164,46,42,4,366.94,15411.48,42.0,0.0,STAP_EDIB_14,Staples,Unforecasted Demand Spike,1467.76
20260330,25,293,12,11,1,478.5,5263.5,11.0,0.0,PET _PET _23,Pet Care,Forecast Underestimation & Buffer Shortage,478.5
20260330,29,154,28,0,28,215.59,0.0,0.0,0.0,STAP_EDIB_04,Staples,Delayed / Missing Inbound Replenishment,6036.52
20260330,29,275,11,5,6,359.71,1798.55,5.0,0.0,PET _DOG _05,Pet Care,Forecast Underestimation & Buffer Shortage,2158.26
20260330,39,26,38,0,38,78.21,0.0,0.0,0.0,DAIR_MILK_26,Dairy,Delayed / Missing Inbound Replenishment,2971.98
20260330,40,193,6,5,1,124.41,622.05,5.0,0.0,PERS_ORAL_13,Personal Care,Forecast Underestimation & Buffer Shortage,124.41
20260331,3,250,19,11,8,204.07,2244.77,11.0,0.0,BABY_BABY_10,Baby Care,Forecast Underestimation & Buffer Shortage,1632.56
20260331,9,81,186,179,7,104.22,18655.38,179.0,0.0,SNAC_CHIP_21,Snacks,Unforecasted Demand Spike,729.54
20260331,18,267,51,42,9,206.82,8686.44,42.0,0.0,BABY_BABY_27,Baby Care,Unforecasted Demand Spike,1861.38
20260331,22,31,71,11,60,94.42,1038.62,11.0,0.0,BEVE_JUIC_01,Beverages,Unforecasted Demand Spike,5665.2
20260401,21,155,14,4,10,443.45,1773.8,4.0,0.0,STAP_SPIC_05,Staples,Delayed / Missing Inbound Replenishment,4434.5
20260401,21,172,76,74,2,441.39,32662.86,74.0,0.0,STAP_RICE_22,Staples,Unforecasted Demand Spike,882.78
20260401,22,174,34,31,3,511.67,15861.77,31.0,0.0,STAP_EDIB_24,Staples,Forecast Underestimation & Buffer Shortage,1535.01
20260402,40,181,38,33,5,226.19,7464.27,33.0,0.0,PERS_SOAP_01,Personal Care,Forecast Underestimation & Buffer Shortage,1130.95
20260403,1,33,142,133,9,72.36,9623.88,133.0,0.0,BEVE_TEA _03,Beverages,Unforecasted Demand Spike,651.24
20260403,3,223,10,5,5,209.86,1049.3,5.0,0.0,HOUS_CLEA_13,Household,Forecast Underestimation & Buffer Shortage,1049.3
20260403,22,186,17,13,4,217.4,2826.2,13.0,0.0,PERS_SOAP_06,Personal Care,Forecast Underestimation & Buffer Shortage,869.6
20260403,28,52,119,108,11,138.55,14963.4,108.0,0.0,BEVE_COLD_22,Beverages,Unforecasted Demand Spike,1524.05
20260403,29,132,331,242,89,94.19,22793.98,242.0,0.0,FRUI_EXOT_12,Fruits & Vegetables,Unforecasted Demand Spike,8382.91
20260404,2,243,81,45,36,536.66,24149.7,45.0,0.0,BABY_BABY_03,Baby Care,Unforecasted Demand Spike,19319.76
20260404,5,83,273,234,39,152.46,35675.64,234.0,0.0,SNAC_NAMK_23,Snacks,Unforecasted Demand Spike,5945.94
20260404,9,193,8,5,3,124.41,622.05,5.0,0.0,PERS_ORAL_13,Personal Care,Forecast Underestimation & Buffer Shortage,373.23
20260404,9,242,138,134,4,531.47,71216.98,134.0,0.0,BABY_BABY_02,Baby Care,Unforecasted Demand Spike,2125.88
20260404,10,43,100,99,1,43.03,4259.97,99.0,0.0,BEVE_TEA _13,Beverages,Unforecasted Demand Spike,43.03
20260404,14,29,184,164,20,229.45,37629.8,164.0,0.0,DAIR_CHEE_29,Dairy,Unforecasted Demand Spike,4589.0
20260404,19,151,51,44,7,401.39,17661.16,44.0,0.0,STAP_ATTA_01,Staples,Unforecasted Demand Spike,2809.73
20260404,21,232,11,10,1,162.1,1621.0,10.0,0.0,HOUS_DISH_22,Household,Forecast Underestimation & Buffer Shortage,162.1
20260404,22,52,58,50,8,138.55,6927.5,50.0,0.0,BEVE_COLD_22,Beverages,Unforecasted Demand Spike,1108.4
20260404,22,131,70,63,7,100.09,6305.67,63.0,0.0,FRUI_FRES_11,Fruits & Vegetables,Unforecasted Demand Spike,700.63
20260404,27,247,99,86,13,404.16,34757.76,86.0,0.0,BABY_BABY_07,Baby Care,Unforecasted Demand Spike,5254.08
20260404,29,132,130,0,130,94.19,0.0,0.0,0.0,FRUI_EXOT_12,Fruits & Vegetables,Delayed / Missing Inbound Replenishment,12244.7
20260404,40,142,176,172,4,64.0,11008.0,172.0,0.0,FRUI_EXOT_22,Fruits & Vegetables,Unforecasted Demand Spike,256.0
20260405,1,202,17,14,3,60.61,848.54,14.0,0.0,PERS_HAIR_22,Personal Care,Forecast Underestimation & Buffer Shortage,181.83
20260405,5,49,81,40,41,42.3,1692.0,40.0,0.0,BEVE_ENER_19,Beverages,Unforecasted Demand Spike,1734.3
20260405,7,9,55,43,12,167.11,7185.73,43.0,0.0,DAIR_CHEE_09,Dairy,Unforecasted Demand Spike,2005.32
20260405,7,78,244,232,12,133.29,30923.28,232.0,0.0,SNAC_NAMK_18,Snacks,Unforecasted Demand Spike,1599.48
20260405,7,187,9,4,5,341.21,1364.84,4.0,0.0,PERS_HAIR_07,Personal Care,Delayed / Missing Inbound Replenishment,1706.05
20260405,7,279,15,13,2,241.89,3144.57,13.0,0.0,PET _DOG _09,Pet Care,Forecast Underestimation & Buffer Shortage,483.78
20260405,8,287,13,11,2,342.13,3763.43,11.0,0.0,PET _DOG _17,Pet Care,Forecast Underestimation & Buffer Shortage,684.26
20260405,10,149,81,71,10,103.98,7382.58,71.0,0.0,FRUI_SEAS_29,Fruits & Vegetables,Unforecasted Demand Spike,1039.8
20260405,10,161,63,54,9,425.67,22986.18,54.0,0.0,STAP_ATTA_11,Staples,Unforecasted Demand Spike,3831.03
20260405,12,214,51,41,10,216.37,8871.17,41.0,0.0,HOUS_DISP_04,Household,Unforecasted Demand Spike,2163.7
20260405,17,65,90,76,14,134.26,10203.76,76.0,0.0,SNAC_NUTS_05,Snacks,Unforecasted Demand Spike,1879.64
20260405,17,220,11,8,3,256.13,2049.04,8.0,0.0,HOUS_REPE_10,Household,Forecast Underestimation & Buffer Shortage,768.39
20260405,19,82,263,209,54,163.96,34267.64,209.0,0.0,SNAC_BISC_22,Snacks,Unforecasted Demand Spike,8853.84
20260405,19,96,43,23,20,180.67,4155.41,23.0,0.0,PACK_NOOD_06,Packaged Foods,Unforecasted Demand Spike,3613.4
20260405,22,1,127,71,56,95.23,6761.33,71.0,0.0,DAIR_MILK_01,Dairy,Unforecasted Demand Spike,5332.88
20260405,22,261,31,21,10,419.38,8806.98,21.0,0.0,BABY_DIAP_21,Baby Care,Forecast Underestimation & Buffer Shortage,4193.8
20260405,23,5,59,38,21,94.1,3575.8,38.0,0.0,DAIR_PANE_05,Dairy,Unforecasted Demand Spike,1976.1
20260405,23,138,88,80,8,22.67,1813.6,80.0,0.0,FRUI_DAIL_18,Fruits & Vegetables,Unforecasted Demand Spike,181.36
20260405,23,261,25,24,1,419.38,10065.12,24.0,0.0,BABY_DIAP_21,Baby Care,Forecast Underestimation & Buffer Shortage,419.38
20260405,29,3,131,88,43,70.68,6219.84,88.0,0.0,DAIR_BUTT_03,Dairy,Unforecasted Demand Spike,3039.24
20260405,29,82,302,175,127,163.96,28693.0,175.0,0.0,SNAC_BISC_22,Snacks,Unforecasted Demand Spike,20822.92
20260405,30,15,170,90,80,51.04,4593.6,90.0,0.0,DAIR_PANE_15,Dairy,Unforecasted Demand Spike,4083.2
20260405,35,13,91,88,3,121.24,10669.12,88.0,0.0,DAIR_BUTT_13,Dairy,Unforecasted Demand Spike,363.72
20260405,39,85,53,42,11,172.15,7230.3,42.0,0.0,SNAC_NUTS_25,Snacks,Unforecasted Demand Spike,1893.65
20260405,39,117,64,62,2,152.92,9481.04,62.0,0.0,PACK_PAST_27,Packaged Foods,Unforecasted Demand Spike,305.84
20260406,1,202,10,0,10,60.61,0.0,,,PERS_HAIR_22,Personal Care,Forecast Underestimation & Buffer Shortage,606.1
20260406,8,16,36,10,26,137.79,1377.9,10.0,0.0,DAIR_MILK_16,Dairy,Forecast Underestimation & Buffer Shortage,3582.54
20260406,9,187,7,6,1,341.21,2047.26,6.0,0.0,PERS_HAIR_07,Personal Care,Forecast Underestimation & Buffer Shortage,341.21
20260406,12,214,9,0,9,216.37,0.0,0.0,0.0,HOUS_DISP_04,Household,Delayed / Missing Inbound Replenishment,1947.33
20260406,16,9,43,34,9,167.11,5681.74,34.0,0.0,DAIR_CHEE_09,Dairy,Unforecasted Demand Spike,1503.99
20260406,20,119,16,14,2,117.5,1645.0,14.0,0.0,PACK_BREA_29,Packaged Foods,Forecast Underestimation & Buffer Shortage,235.0
20260406,29,85,34,28,6,172.15,4820.2,28.0,0.0,SNAC_NUTS_25,Snacks,Forecast Underestimation & Buffer Shortage,1032.9
20260406,29,120,30,9,21,117.17,1054.53,9.0,0.0,PACK_READ_30,Packaged Foods,Forecast Underestimation & Buffer Shortage,2460.57
20260406,29,277,7,6,1,232.44,1394.64,6.0,0.0,PET _PET _07,Pet Care,Forecast Underestimation & Buffer Shortage,232.44
20260406,30,4,53,36,17,63.86,2298.96,36.0,0.0,DAIR_CHEE_04,Dairy,Unforecasted Demand Spike,1085.62
20260407,22,271,4,2,2,561.27,1122.54,2.0,0.0,PET _DOG _01,Pet Care,Delayed / Missing Inbound Replenishment,1122.54
20260407,29,161,54,52,2,425.67,22134.84,52.0,0.0,STAP_ATTA_11,Staples,Unforecasted Demand Spike,851.34
20260409,16,14,88,65,23,190.76,12399.4,65.0,0.0,DAIR_CHEE_14,Dairy,Unforecasted Demand Spike,4387.48
20260409,30,228,20,19,1,213.73,4060.87,19.0,0.0,HOUS_CLEA_18,Household,Forecast Underestimation & Buffer Shortage,213.73
20260410,1,78,262,196,66,133.29,26124.84,196.0,0.0,SNAC_NAMK_18,Snacks,Unforecasted Demand Spike,8797.14
20260410,17,71,174,162,12,68.22,11051.64,162.0,0.0,SNAC_CHIP_11,Snacks,Unforecasted Demand Spike,818.64
20260410,17,142,186,160,26,64.0,10240.0,160.0,0.0,FRUI_EXOT_22,Fruits & Vegetables,Unforecasted Demand Spike,1664.0
20260410,19,136,164,139,25,104.61,14540.79,139.0,0.0,FRUI_FRES_16,Fruits & Vegetables,Unforecasted Demand Spike,2615.25
20260410,21,4,91,2,89,63.86,127.72,2.0,0.0,DAIR_CHEE_04,Dairy,Delayed / Missing Inbound Replenishment,5683.54
20260410,23,103,23,9,14,129.06,1161.54,9.0,0.0,PACK_SAUC_13,Packaged Foods,Forecast Underestimation & Buffer Shortage,1806.84
20260410,29,184,8,1,7,343.84,343.84,1.0,0.0,PERS_SKIN_04,Personal Care,Delayed / Missing Inbound Replenishment,2406.88
20260410,39,20,269,172,97,139.53,23999.16,172.0,0.0,DAIR_PANE_20,Dairy,Unforecasted Demand Spike,13534.41
20260410,40,53,253,236,17,36.4,8590.4,236.0,0.0,BEVE_TEA _23,Beverages,Unforecasted Demand Spike,618.8
20260411,14,28,146,100,46,39.17,3917.0,100.0,0.0,DAIR_BUTT_28,Dairy,Unforecasted Demand Spike,1801.82
20260411,14,66,297,243,54,45.9,11153.7,243.0,0.0,SNAC_CHIP_06,Snacks,Unforecasted Demand Spike,2478.6
20260411,17,71,62,0,62,68.22,0.0,0.0,0.0,SNAC_CHIP_11,Snacks,Delayed / Missing Inbound Replenishment,4229.64
20260411,19,265,50,48,2,163.3,7838.4,48.0,0.0,BABY_DIAP_25,Baby Care,Unforecasted Demand Spike,326.6
20260411,22,71,74,15,59,68.22,1023.3,15.0,0.0,SNAC_CHIP_11,Snacks,Unforecasted Demand Spike,4024.98
20260411,22,193,8,7,1,124.41,870.87,7.0,0.0,PERS_ORAL_13,Personal Care,Forecast Underestimation & Buffer Shortage,124.41
20260411,23,103,25,0,25,129.06,0.0,0.0,0.0,PACK_SAUC_13,Packaged Foods,Delayed / Missing Inbound Replenishment,3226.5
20260411,23,156,177,138,39,342.35,47244.3,138.0,0.0,STAP_ATTA_06,Staples,Unforecasted Demand Spike,13351.65
20260411,28,139,280,209,71,82.55,17252.95,209.0,0.0,FRUI_SEAS_19,Fruits & Vegetables,Unforecasted Demand Spike,5861.05
20260411,29,295,62,42,20,153.09,6429.78,42.0,0.0,PET _DOG _25,Pet Care,Unforecasted Demand Spike,3061.8
20260411,31,4,274,186,88,63.86,11877.96,186.0,0.0,DAIR_CHEE_04,Dairy,Unforecasted Demand Spike,5619.68
20260411,31,232,28,21,7,162.1,3404.1,21.0,0.0,HOUS_DISH_22,Household,Forecast Underestimation & Buffer Shortage,1134.7
20260411,32,151,37,25,12,401.39,10034.75,25.0,0.0,STAP_ATTA_01,Staples,Forecast Underestimation & Buffer Shortage,4816.68
20260411,39,58,271,260,11,99.9,25974.0,260.0,0.0,BEVE_TEA _28,Beverages,Unforecasted Demand Spike,1098.9
20260411,40,136,61,48,13,104.61,5021.28,48.0,0.0,FRUI_FRES_16,Fruits & Vegetables,Unforecasted Demand Spike,1359.93
20260412,1,120,42,30,12,117.17,3515.1,30.0,0.0,PACK_READ_30,Packaged Foods,Unforecasted Demand Spike,1406.04
20260412,2,95,28,21,7,133.43,2802.03,21.0,0.0,PACK_READ_05,Packaged Foods,Forecast Underestimation & Buffer Shortage,934.01
20260412,6,151,102,62,40,401.39,24886.18,62.0,0.0,STAP_ATTA_01,Staples,Unforecasted Demand Spike,16055.6
20260412,7,183,11,8,3,368.48,2947.84,8.0,0.0,PERS_ORAL_03,Personal Care,Forecast Underestimation & Buffer Shortage,1105.44
20260412,9,121,86,78,8,26.81,2091.18,78.0,0.0,FRUI_FRES_01,Fruits & Vegetables,Unforecasted Demand Spike,214.48
20260412,10,3,104,102,2,70.68,7209.36,102.0,0.0,DAIR_BUTT_03,Dairy,Unforecasted Demand Spike,141.36
20260412,10,227,6,3,3,254.28,762.84,3.0,0.0,HOUS_DISH_17,Household,Delayed / Missing Inbound Replenishment,762.84
20260412,12,160,50,49,1,181.06,8871.94,49.0,0.0,STAP_SPIC_10,Staples,Unforecasted Demand Spike,181.06
20260412,12,277,8,7,1,232.44,1627.08,7.0,0.0,PET _PET _07,Pet Care,Forecast Underestimation & Buffer Shortage,232.44
20260412,16,19,147,115,32,189.48,21790.2,115.0,0.0,DAIR_CHEE_19,Dairy,Unforecasted Demand Spike,6063.36
20260412,16,38,90,73,17,48.32,3527.36,73.0,0.0,BEVE_TEA _08,Beverages,Unforecasted Demand Spike,821.44
20260412,19,243,26,24,2,536.66,12879.84,24.0,0.0,BABY_BABY_03,Baby Care,Forecast Underestimation & Buffer Shortage,1073.32
20260412,22,3,139,106,33,70.68,7492.08,106.0,0.0,DAIR_BUTT_03,Dairy,Unforecasted Demand Spike,2332.44
20260412,22,15,90,63,27,51.04,3215.52,63.0,0.0,DAIR_PANE_15,Dairy,Unforecasted Demand Spike,1378.08
20260412,22,33,79,49,30,72.36,3545.64,49.0,0.0,BEVE_TEA _03,Beverages,Unforecasted Demand Spike,2170.8
20260412,22,96,44,15,29,180.67,2710.05,15.0,0.0,PACK_NOOD_06,Packaged Foods,Unforecasted Demand Spike,5239.43
20260412,22,115,28,24,4,236.91,5685.84,24.0,0.0,PACK_READ_25,Packaged Foods,Forecast Underestimation & Buffer Shortage,947.64
20260412,23,156,47,0,47,342.35,0.0,0.0,0.0,STAP_ATTA_06,Staples,Delayed / Missing Inbound Replenishment,16090.45
20260412,23,189,15,13,2,124.58,1619.54,13.0,0.0,PERS_SKIN_09,Personal Care,Forecast Underestimation & Buffer Shortage,249.16
20260412,23,215,15,13,2,69.23,899.99,13.0,0.0,HOUS_REPE_05,Household,Forecast Underestimation & Buffer Shortage,138.46
20260412,25,30,246,162,84,165.95,26883.9,162.0,0.0,DAIR_PANE_30,Dairy,Unforecasted Demand Spike,13939.8
20260412,25,95,32,26,6,133.43,3469.18,26.0,0.0,PACK_READ_05,Packaged Foods,Forecast Underestimation & Buffer Shortage,800.58
20260412,25,121,92,74,18,26.81,1983.94,74.0,0.0,FRUI_FRES_01,Fruits & Vegetables,Unforecasted Demand Spike,482.58
20260412,26,114,44,25,19,58.62,1465.5,25.0,0.0,PACK_BREA_24,Packaged Foods,Unforecasted Demand Spike,1113.78
20260412,26,294,7,6,1,77.14,462.84,6.0,0.0,PET _PET _24,Pet Care,Forecast Underestimation & Buffer Shortage,77.14
20260412,29,29,75,40,35,229.45,9178.0,40.0,0.0,DAIR_CHEE_29,Dairy,Unforecasted Demand Spike,8030.75
20260412,29,216,17,15,2,208.26,3123.9,15.0,0.0,HOUS_DETE_06,Household,Forecast Underestimation & Buffer Shortage,416.52
20260412,30,290,13,6,7,240.2,1441.2,6.0,0.0,PET _PET _20,Pet Care,Forecast Underestimation & Buffer Shortage,1681.4
20260412,35,196,6,5,1,94.9,474.5,5.0,0.0,PERS_SOAP_16,Personal Care,Forecast Underestimation & Buffer Shortage,94.9
20260412,39,58,86,0,86,99.9,0.0,0.0,0.0,BEVE_TEA _28,Beverages,Delayed / Missing Inbound Replenishment,8591.4
20260412,39,235,16,13,3,297.9,3872.7,13.0,0.0,HOUS_REPE_25,Household,Forecast Underestimation & Buffer Shortage,893.7
20260413,1,48,43,40,3,54.7,2188.0,40.0,0.0,BEVE_TEA _18,Beverages,Unforecasted Demand Spike,164.1
20260413,3,257,29,25,4,338.9,8472.5,27.0,0.0,BABY_DIAP_17,Baby Care,Forecast Underestimation & Buffer Shortage,1355.6
20260413,19,186,9,8,1,217.4,1739.2,8.0,0.0,PERS_SOAP_06,Personal Care,Forecast Underestimation & Buffer Shortage,217.4
20260413,22,277,9,8,1,232.44,1859.52,8.0,0.0,PET _PET _07,Pet Care,Forecast Underestimation & Buffer Shortage,232.44
20260413,22,283,6,5,1,548.52,2742.6,5.0,0.0,PET _DOG _13,Pet Care,Forecast Underestimation & Buffer Shortage,548.52
20260413,23,79,66,48,18,110.76,5316.48,48.0,0.0,SNAC_CHOC_19,Snacks,Unforecasted Demand Spike,1993.68
20260413,23,90,149,45,104,177.61,7992.45,45.0,0.0,SNAC_NUTS_30,Snacks,Unforecasted Demand Spike,18471.44
20260413,23,156,28,0,28,342.35,0.0,0.0,0.0,STAP_ATTA_06,Staples,Delayed / Missing Inbound Replenishment,9585.8
20260413,29,237,33,24,9,239.52,5748.48,24.0,0.0,HOUS_DISH_27,Household,Forecast Underestimation & Buffer Shortage,2155.68
20260413,29,278,7,4,3,408.17,1632.68,4.0,0.0,PET _PET _08,Pet Care,Delayed / Missing Inbound Replenishment,1224.51
20260414,17,195,4,0,4,227.65,0.0,0.0,0.0,PERS_SANI_15,Personal Care,Delayed / Missing Inbound Replenishment,910.6
20260414,22,35,60,52,8,158.37,8235.24,52.0,0.0,BEVE_WATE_05,Beverages,Unforecasted Demand Spike,1266.96
20260414,29,209,5,4,1,108.95,435.8,5.0,0.0,PERS_SKIN_29,Personal Care,Forecast Underestimation & Buffer Shortage,108.95
20260417,21,3,292,223,69,70.68,15761.64,223.0,0.0,DAIR_BUTT_03,Dairy,Unforecasted Demand Spike,4876.92
20260417,35,275,43,40,3,359.71,14388.4,40.0,0.0,PET _DOG _05,Pet Care,Unforecasted Demand Spike,1079.13
20260417,39,6,265,231,34,50.9,11757.9,231.0,0.0,DAIR_MILK_06,Dairy,Unforecasted Demand Spike,1730.6
20260418,1,275,16,12,4,359.71,4316.52,12.0,0.0,PET _DOG _05,Pet Care,Forecast Underestimation & Buffer Shortage,1438.84
20260418,11,26,47,34,13,78.21,2659.14,34.0,0.0,DAIR_MILK_26,Dairy,Unforecasted Demand Spike,1016.73
20260418,12,22,72,40,32,53.74,2149.6,40.0,0.0,DAIR_CURD_22,Dairy,Unforecasted Demand Spike,1719.68
20260418,12,192,7,4,3,357.65,1430.6,4.0,0.0,PERS_HAIR_12,Personal Care,Delayed / Missing Inbound Replenishment,1072.95
20260418,14,243,29,26,3,536.66,13953.16,26.0,0.0,BABY_BABY_03,Baby Care,Forecast Underestimation & Buffer Shortage,1609.98
20260418,14,283,8,3,5,548.52,1645.56,3.0,0.0,PET _DOG _13,Pet Care,Delayed / Missing Inbound Replenishment,2742.6
20260418,21,239,16,11,5,128.19,1410.09,11.0,0.0,HOUS_DISP_29,Household,Forecast Underestimation & Buffer Shortage,640.95
20260418,22,94,36,35,1,81.81,2863.35,35.0,0.0,PACK_BREA_04,Packaged Foods,Forecast Underestimation & Buffer Shortage,81.81
20260418,22,111,42,35,7,148.4,5194.0,35.0,0.0,PACK_NOOD_21,Packaged Foods,Unforecasted Demand Spike,1038.8
20260418,22,183,30,20,10,368.48,7369.6,20.0,0.0,PERS_ORAL_03,Personal Care,Forecast Underestimation & Buffer Shortage,3684.8
20260418,22,264,56,50,6,127.0,6350.0,50.0,0.0,BABY_BABY_24,Baby Care,Unforecasted Demand Spike,762.0
20260418,22,286,10,0,10,456.83,0.0,0.0,0.0,PET _PET _16,Pet Care,Delayed / Missing Inbound Replenishment,4568.3
20260418,23,146,229,183,46,35.06,6415.98,183.0,0.0,FRUI_FRES_26,Fruits & Vegetables,Unforecasted Demand Spike,1612.76
20260418,25,131,143,133,10,100.09,13311.97,133.0,0.0,FRUI_FRES_11,Fruits & Vegetables,Unforecasted Demand Spike,1000.9
20260418,26,157,28,27,1,143.25,3867.75,27.0,0.0,STAP_RICE_07,Staples,Forecast Underestimation & Buffer Shortage,143.25
20260418,26,202,51,47,4,60.61,2848.67,47.0,0.0,PERS_HAIR_22,Personal Care,Unforecasted Demand Spike,242.44
20260418,35,275,13,0,13,359.71,0.0,0.0,0.0,PET _DOG _05,Pet Care,Delayed / Missing Inbound Replenishment,4676.23
20260418,39,6,112,0,112,50.9,0.0,0.0,0.0,DAIR_MILK_06,Dairy,Delayed / Missing Inbound Replenishment,5700.8
20260418,40,275,18,0,18,359.71,0.0,0.0,0.0,PET _DOG _05,Pet Care,Delayed / Missing Inbound Replenishment,6474.78
20260419,2,94,98,61,37,81.81,4990.41,61.0,0.0,PACK_BREA_04,Packaged Foods,Unforecasted Demand Spike,3026.97
20260419,2,225,9,0,9,127.69,0.0,0.0,0.0,HOUS_REPE_15,Household,Delayed / Missing Inbound Replenishment,1149.21
20260419,3,93,104,85,19,62.66,5326.1,85.0,0.0,PACK_SAUC_03,Packaged Foods,Unforecasted Demand Spike,1190.54
20260419,3,115,55,48,7,236.91,11371.68,48.0,0.0,PACK_READ_25,Packaged Foods,Unforecasted Demand Spike,1658.37
20260419,5,147,78,73,5,20.9,1525.7,73.0,0.0,FRUI_EXOT_27,Fruits & Vegetables,Unforecasted Demand Spike,104.5
20260419,5,236,11,9,2,87.59,788.31,9.0,0.0,HOUS_DETE_26,Household,Forecast Underestimation & Buffer Shortage,175.18
20260419,10,149,236,217,19,103.98,22563.66,217.0,0.0,FRUI_SEAS_29,Fruits & Vegetables,Unforecasted Demand Spike,1975.62
20260419,13,96,118,95,23,180.67,17163.65,95.0,0.0,PACK_NOOD_06,Packaged Foods,Unforecasted Demand Spike,4155.41
20260419,19,129,52,43,9,73.51,3160.93,43.0,0.0,FRUI_SEAS_09,Fruits & Vegetables,Unforecasted Demand Spike,661.59
20260419,21,239,5,0,5,128.19,0.0,0.0,0.0,HOUS_DISP_29,Household,Delayed / Missing Inbound Replenishment,640.95
20260419,22,104,60,42,18,98.3,4128.6,42.0,0.0,PACK_BREA_14,Packaged Foods,Unforecasted Demand Spike,1769.4
20260419,23,281,7,1,6,208.33,208.33,1.0,0.0,PET _PET _11,Pet Care,Delayed / Missing Inbound Replenishment,1249.98
20260419,24,109,20,4,16,206.34,825.36,4.0,0.0,PACK_BREA_19,Packaged Foods,Delayed / Missing Inbound Replenishment,3301.44
20260419,25,43,297,182,115,43.03,7831.46,182.0,0.0,BEVE_TEA _13,Beverages,Unforecasted Demand Spike,4948.45
20260419,27,129,39,26,13,73.51,1911.26,26.0,0.0,FRUI_SEAS_09,Fruits & Vegetables,Forecast Underestimation & Buffer Shortage,955.63
20260419,35,7,296,288,8,154.99,44637.12,288.0,0.0,DAIR_CURD_07,Dairy,Unforecasted Demand Spike,1239.92
20260419,39,129,175,101,74,73.51,7424.51,101.0,0.0,FRUI_SEAS_09,Fruits & Vegetables,Unforecasted Demand Spike,5439.74
20260419,39,151,94,89,5,401.39,35723.71,89.0,0.0,STAP_ATTA_01,Staples,Unforecasted Demand Spike,2006.95
20260419,40,9,129,119,10,167.11,19886.09,119.0,0.0,DAIR_CHEE_09,Dairy,Unforecasted Demand Spike,1671.1
20260420,10,107,22,16,6,60.31,964.96,16.0,0.0,PACK_PAST_17,Packaged Foods,Forecast Underestimation & Buffer Shortage,361.86
20260420,10,132,99,77,22,94.19,7252.63,77.0,0.0,FRUI_EXOT_12,Fruits & Vegetables,Unforecasted Demand Spike,2072.18
20260420,10,149,53,0,53,103.98,0.0,0.0,0.0,FRUI_SEAS_29,Fruits & Vegetables,Delayed / Missing Inbound Replenishment,5510.94
20260420,12,253,26,24,2,319.63,7671.12,24.0,0.0,BABY_DIAP_13,Baby Care,Forecast Underestimation & Buffer Shortage,639.26
20260420,16,57,59,48,11,123.8,5942.4,48.0,0.0,BEVE_COLD_27,Beverages,Unforecasted Demand Spike,1361.8
20260420,16,188,13,11,2,169.27,1861.97,11.0,0.0,PERS_ORAL_08,Personal Care,Forecast Underestimation & Buffer Shortage,338.54
20260420,21,132,99,89,10,94.19,8382.91,89.0,0.0,FRUI_EXOT_12,Fruits & Vegetables,Unforecasted Demand Spike,941.9
20260420,21,293,33,19,14,478.5,9091.5,19.0,0.0,PET _PET _23,Pet Care,Forecast Underestimation & Buffer Shortage,6699.0
20260420,23,281,3,0,3,208.33,0.0,0.0,0.0,PET _PET _11,Pet Care,Delayed / Missing Inbound Replenishment,624.99
20260422,3,275,8,7,1,359.71,2517.97,7.0,0.0,PET _DOG _05,Pet Care,Forecast Underestimation & Buffer Shortage,359.71
20260422,16,229,8,4,4,147.62,590.48,4.0,0.0,HOUS_DISP_19,Household,Delayed / Missing Inbound Replenishment,590.48
20260422,17,163,16,8,8,338.27,2706.16,8.0,0.0,STAP_DALS_13,Staples,Forecast Underestimation & Buffer Shortage,2706.16
20260424,2,124,183,146,37,61.37,8960.02,146.0,0.0,FRUI_SEAS_04,Fruits & Vegetables,Unforecasted Demand Spike,2270.69
20260424,21,242,98,85,13,531.47,45174.95,85.0,0.0,BABY_BABY_02,Baby Care,Unforecasted Demand Spike,6909.11
20260425,12,215,14,9,5,69.23,623.07,9.0,0.0,HOUS_REPE_05,Household,Forecast Underestimation & Buffer Shortage,346.15
20260425,13,95,64,54,10,133.43,7205.22,54.0,0.0,PACK_READ_05,Packaged Foods,Unforecasted Demand Spike,1334.3
20260425,16,256,48,47,1,441.88,20768.36,47.0,0.0,BABY_BABY_16,Baby Care,Unforecasted Demand Spike,441.88
20260425,34,191,45,19,26,184.94,3513.86,19.0,0.0,PERS_SOAP_11,Personal Care,Unforecasted Demand Spike,4808.44
20260425,35,28,156,133,23,39.17,5209.61,133.0,0.0,DAIR_BUTT_28,Dairy,Unforecasted Demand Spike,900.91
20260425,39,272,6,4,2,569.34,2277.36,4.0,0.0,PET _CAT _02,Pet Care,Delayed / Missing Inbound Replenishment,1138.68
20260426,1,52,178,128,50,138.55,17734.4,128.0,0.0,BEVE_COLD_22,Beverages,Unforecasted Demand Spike,6927.5
20260426,2,145,102,81,21,66.24,5365.44,81.0,0.0,FRUI_CUT _25,Fruits & Vegetables,Unforecasted Demand Spike,1391.04
20260426,3,94,69,60,9,81.81,4908.6,60.0,0.0,PACK_BREA_04,Packaged Foods,Unforecasted Demand Spike,736.29
20260426,7,132,203,110,93,94.19,10360.9,110.0,0.0,FRUI_EXOT_12,Fruits & Vegetables,Unforecasted Demand Spike,8759.67
20260426,7,248,105,87,18,475.65,41381.55,87.0,0.0,BABY_BABY_08,Baby Care,Unforecasted Demand Spike,8561.7
20260426,11,130,290,260,30,46.18,12006.8,260.0,0.0,FRUI_CUT _10,Fruits & Vegetables,Unforecasted Demand Spike,1385.4
20260426,12,57,254,172,82,123.8,21293.6,172.0,0.0,BEVE_COLD_27,Beverages,Unforecasted Demand Spike,10151.6
20260426,12,275,18,17,1,359.71,6115.07,17.0,0.0,PET _DOG _05,Pet Care,Forecast Underestimation & Buffer Shortage,359.71
20260426,16,3,276,206,70,70.68,14560.08,206.0,0.0,DAIR_BUTT_03,Dairy,Unforecasted Demand Spike,4947.6
20260426,16,129,73,42,31,73.51,3087.42,42.0,0.0,FRUI_SEAS_09,Fruits & Vegetables,Unforecasted Demand Spike,2278.81
20260426,17,268,21,14,7,129.29,1810.06,14.0,0.0,BABY_BABY_28,Baby Care,Forecast Underestimation & Buffer Shortage,905.03
20260426,19,77,67,57,10,54.3,3095.1,57.0,0.0,SNAC_BISC_17,Snacks,Unforecasted Demand Spike,543.0
20260426,21,121,118,77,41,26.81,2064.37,77.0,0.0,FRUI_FRES_01,Fruits & Vegetables,Unforecasted Demand Spike,1099.21
20260426,21,175,65,48,17,353.33,16959.84,48.0,0.0,STAP_SPIC_25,Staples,Unforecasted Demand Spike,6006.61
20260426,22,86,60,44,16,113.54,4995.76,44.0,0.0,SNAC_CHIP_26,Snacks,Unforecasted Demand Spike,1816.64
20260426,22,242,148,108,40,531.47,57398.76,108.0,0.0,BABY_BABY_02,Baby Care,Unforecasted Demand Spike,21258.8
20260426,23,132,221,121,100,94.19,11396.99,121.0,0.0,FRUI_EXOT_12,Fruits & Vegetables,Unforecasted Demand Spike,9419.0
20260426,26,137,155,99,56,25.49,2523.51,99.0,0.0,FRUI_EXOT_17,Fruits & Vegetables,Unforecasted Demand Spike,1427.44
20260426,28,124,196,158,38,61.37,9696.46,158.0,0.0,FRUI_SEAS_04,Fruits & Vegetables,Unforecasted Demand Spike,2332.06
20260426,29,64,106,105,1,46.19,4849.95,105.0,0.0,SNAC_CHOC_04,Snacks,Unforecasted Demand Spike,46.19
20260426,29,121,128,109,19,26.81,2922.29,109.0,0.0,FRUI_FRES_01,Fruits & Vegetables,Unforecasted Demand Spike,509.39
20260426,29,131,94,82,12,100.09,8207.38,82.0,0.0,FRUI_FRES_11,Fruits & Vegetables,Unforecasted Demand Spike,1201.08
20260426,29,252,59,58,1,599.97,34798.26,58.0,0.0,BABY_BABY_12,Baby Care,Unforecasted Demand Spike,599.97
20260426,29,258,28,15,13,552.29,8284.35,15.0,0.0,BABY_BABY_18,Baby Care,Forecast Underestimation & Buffer Shortage,7179.77
20260426,29,262,50,45,5,373.45,16805.25,45.0,0.0,BABY_BABY_22,Baby Care,Unforecasted Demand Spike,1867.25
20260426,31,152,122,101,21,231.22,23353.22,101.0,0.0,STAP_RICE_02,Staples,Unforecasted Demand Spike,4855.62
20260426,32,2,150,119,31,47.2,5616.8,119.0,0.0,DAIR_CURD_02,Dairy,Unforecasted Demand Spike,1463.2
20260426,35,28,44,0,44,39.17,0.0,0.0,0.0,DAIR_BUTT_28,Dairy,Delayed / Missing Inbound Replenishment,1723.48
20260426,38,129,148,129,19,73.51,9482.79,129.0,0.0,FRUI_SEAS_09,Fruits & Vegetables,Unforecasted Demand Spike,1396.69
20260426,39,77,223,179,44,54.3,9719.7,179.0,0.0,SNAC_BISC_17,Snacks,Unforecasted Demand Spike,2389.2
20260426,39,272,7,0,7,569.34,0.0,0.0,0.0,PET _CAT _02,Pet Care,Delayed / Missing Inbound Replenishment,3985.38
20260426,40,23,315,222,93,57.13,12682.86,222.0,0.0,DAIR_BUTT_23,Dairy,Unforecasted Demand Spike,5313.09
20260427,2,97,22,21,1,44.34,931.14,21.0,0.0,PACK_PAST_07,Packaged Foods,Forecast Underestimation & Buffer Shortage,44.34
20260427,2,138,64,37,27,22.67,838.79,37.0,0.0,FRUI_DAIL_18,Fruits & Vegetables,Unforecasted Demand Spike,612.09
20260427,4,278,6,2,4,408.17,816.34,2.0,0.0,PET _PET _08,Pet Care,Delayed / Missing Inbound Replenishment,1632.68
20260427,7,130,69,65,4,46.18,3001.7,65.0,0.0,FRUI_CUT _10,Fruits & Vegetables,Unforecasted Demand Spike,184.72
20260427,7,248,21,0,21,475.65,0.0,0.0,0.0,BABY_BABY_08,Baby Care,Delayed / Missing Inbound Replenishment,9988.65
20260427,9,147,53,34,19,20.9,710.6,34.0,0.0,FRUI_EXOT_27,Fruits & Vegetables,Unforecasted Demand Spike,397.1
20260427,16,93,23,14,9,62.66,877.24,14.0,0.0,PACK_SAUC_03,Packaged Foods,Forecast Underestimation & Buffer Shortage,563.94
20260427,22,191,11,6,5,184.94,1109.64,6.0,0.0,PERS_SOAP_11,Personal Care,Forecast Underestimation & Buffer Shortage,924.7
20260427,25,254,18,15,3,177.66,2664.9,15.0,0.0,BABY_BABY_14,Baby Care,Forecast Underestimation & Buffer Shortage,532.98
20260427,29,95,19,18,1,133.43,2401.74,18.0,0.0,PACK_READ_05,Packaged Foods,Forecast Underestimation & Buffer Shortage,133.43
20260427,35,205,10,9,1,130.63,1175.67,9.0,0.0,PERS_SANI_25,Personal Care,Forecast Underestimation & Buffer Shortage,130.63
20260427,39,272,4,0,4,569.34,0.0,0.0,0.0,PET _CAT _02,Pet Care,Delayed / Missing Inbound Replenishment,2277.36
20260428,1,220,17,11,6,256.13,2817.43,11.0,0.0,HOUS_REPE_10,Household,Forecast Underestimation & Buffer Shortage,1536.78
20260428,7,172,70,67,3,441.39,29573.13,67.0,0.0,STAP_RICE_22,Staples,Unforecasted Demand Spike,1324.17
20260428,14,138,64,45,19,22.67,1020.15,45.0,0.0,FRUI_DAIL_18,Fruits & Vegetables,Unforecasted Demand Spike,430.73
20260428,22,122,84,56,28,111.96,6269.76,56.0,0.0,FRUI_EXOT_02,Fruits & Vegetables,Unforecasted Demand Spike,3134.88
20260428,23,147,61,29,32,20.9,606.1,29.0,0.0,FRUI_EXOT_27,Fruits & Vegetables,Unforecasted Demand Spike,668.8
20260428,26,132,95,91,4,94.19,8571.29,91.0,0.0,FRUI_EXOT_12,Fruits & Vegetables,Unforecasted Demand Spike,376.76
20260428,28,137,271,215,56,25.49,5480.35,215.0,0.0,FRUI_EXOT_17,Fruits & Vegetables,Unforecasted Demand Spike,1427.44
20260429,7,134,56,55,1,37.66,2071.3,55.0,0.0,FRUI_SEAS_14,Fruits & Vegetables,Unforecasted Demand Spike,37.66
20260429,25,227,10,8,2,254.28,2034.24,8.0,0.0,HOUS_DISH_17,Household,Forecast Underestimation & Buffer Shortage,508.56
20260429,29,22,50,45,5,53.74,2418.3,45.0,0.0,DAIR_CURD_22,Dairy,Unforecasted Demand Spike,268.7
20260501,21,137,132,121,11,25.49,3084.29,121.0,0.0,FRUI_EXOT_17,Fruits & Vegetables,Unforecasted Demand Spike,280.39
20260501,22,113,99,57,42,200.74,11442.18,57.0,0.0,PACK_SAUC_23,Packaged Foods,Unforecasted Demand Spike,8431.08
20260501,26,54,81,58,23,85.37,4951.46,58.0,0.0,BEVE_ENER_24,Beverages,Unforecasted Demand Spike,1963.51
20260502,2,34,201,168,33,62.4,10483.2,168.0,0.0,BEVE_ENER_04,Beverages,Unforecasted Demand Spike,2059.2
20260502,3,148,93,72,21,75.56,5440.32,72.0,0.0,FRUI_DAIL_28,Fruits & Vegetables,Unforecasted Demand Spike,1586.76
20260502,9,99,28,21,7,156.42,3284.82,21.0,0.0,PACK_BREA_09,Packaged Foods,Forecast Underestimation & Buffer Shortage,1094.94
20260502,12,165,34,30,4,296.84,8905.2,30.0,0.0,STAP_SPIC_15,Staples,Forecast Underestimation & Buffer Shortage,1187.36
20260502,14,131,72,48,24,100.09,4804.32,48.0,0.0,FRUI_FRES_11,Fruits & Vegetables,Unforecasted Demand Spike,2402.16
20260502,16,149,113,98,15,103.98,10190.04,98.0,0.0,FRUI_SEAS_29,Fruits & Vegetables,Unforecasted Demand Spike,1559.7
20260502,16,292,7,6,1,251.82,1510.92,6.0,0.0,PET _CAT _22,Pet Care,Forecast Underestimation & Buffer Shortage,251.82
20260502,19,145,101,67,34,66.24,4438.08,67.0,0.0,FRUI_CUT _25,Fruits & Vegetables,Unforecasted Demand Spike,2252.16
20260502,21,131,79,64,15,100.09,6405.76,64.0,0.0,FRUI_FRES_11,Fruits & Vegetables,Unforecasted Demand Spike,1501.35
20260502,22,137,168,145,23,25.49,3696.05,145.0,0.0,FRUI_EXOT_17,Fruits & Vegetables,Unforecasted Demand Spike,586.27
20260502,23,175,24,23,1,353.33,8126.59,23.0,0.0,STAP_SPIC_25,Staples,Forecast Underestimation & Buffer Shortage,353.33
20260502,23,291,50,45,5,384.98,17324.1,45.0,0.0,PET _DOG _21,Pet Care,Unforecasted Demand Spike,1924.9
20260502,25,146,88,60,28,35.06,2103.6,60.0,0.0,FRUI_FRES_26,Fruits & Vegetables,Unforecasted Demand Spike,981.68
20260502,39,285,11,10,1,503.9,5039.0,10.0,0.0,PET _PET _15,Pet Care,Forecast Underestimation & Buffer Shortage,503.9
20260502,39,293,16,7,9,478.5,3349.5,7.0,0.0,PET _PET _23,Pet Care,Forecast Underestimation & Buffer Shortage,4306.5
20260503,1,107,29,14,15,60.31,844.34,14.0,0.0,PACK_PAST_17,Packaged Foods,Forecast Underestimation & Buffer Shortage,904.65
20260503,2,262,45,40,5,373.45,14938.0,40.0,0.0,BABY_BABY_22,Baby Care,Unforecasted Demand Spike,1867.25
20260503,3,187,12,7,5,341.21,2388.47,7.0,0.0,PERS_HAIR_07,Personal Care,Forecast Underestimation & Buffer Shortage,1706.05
20260503,3,297,42,38,4,129.29,4913.02,38.0,0.0,PET _PET _27,Pet Care,Unforecasted Demand Spike,517.16
20260503,7,140,53,36,17,54.59,1965.24,36.0,0.0,FRUI_CUT _20,Fruits & Vegetables,Unforecasted Demand Spike,928.03
20260503,9,208,18,10,8,249.0,2490.0,10.0,0.0,PERS_ORAL_28,Personal Care,Forecast Underestimation & Buffer Shortage,1992.0
20260503,14,76,63,62,1,64.61,4005.82,62.0,0.0,SNAC_CHIP_16,Snacks,Unforecasted Demand Spike,64.61
20260503,18,102,92,80,12,103.03,8242.4,81.0,0.0,PACK_PAST_12,Packaged Foods,Unforecasted Demand Spike,1236.36
20260503,22,123,65,31,34,81.34,2521.54,31.0,0.0,FRUI_DAIL_03,Fruits & Vegetables,Unforecasted Demand Spike,2765.56
20260503,22,196,11,5,6,94.9,474.5,5.0,0.0,PERS_SOAP_16,Personal Care,Forecast Underestimation & Buffer Shortage,569.4
20260503,23,291,13,0,13,384.98,0.0,0.0,0.0,PET _DOG _21,Pet Care,Delayed / Missing Inbound Replenishment,5004.74
20260503,24,23,93,80,13,57.13,4570.4,80.0,0.0,DAIR_BUTT_23,Dairy,Unforecasted Demand Spike,742.69
20260503,25,85,135,102,33,172.15,17559.3,102.0,0.0,SNAC_NUTS_25,Snacks,Unforecasted Demand Spike,5680.95
20260503,25,235,18,13,5,297.9,3872.7,13.0,0.0,HOUS_REPE_25,Household,Forecast Underestimation & Buffer Shortage,1489.5
20260503,26,196,15,13,2,94.9,1233.7,13.0,0.0,PERS_SOAP_16,Personal Care,Forecast Underestimation & Buffer Shortage,189.8
20260503,29,96,47,27,20,180.67,4878.09,27.0,0.0,PACK_NOOD_06,Packaged Foods,Unforecasted Demand Spike,3613.4
20260503,29,135,107,68,39,112.02,7617.36,68.0,0.0,FRUI_CUT _15,Fruits & Vegetables,Unforecasted Demand Spike,4368.78
20260503,29,137,131,103,28,25.49,2625.47,103.0,0.0,FRUI_EXOT_17,Fruits & Vegetables,Unforecasted Demand Spike,713.72
20260503,29,245,42,23,19,476.05,10949.15,23.0,0.0,BABY_DIAP_05,Baby Care,Unforecasted Demand Spike,9044.95
20260503,29,248,46,16,30,475.65,7610.4,16.0,0.0,BABY_BABY_08,Baby Care,Unforecasted Demand Spike,14269.5
20260503,31,39,46,10,36,95.49,954.9,10.0,0.0,BEVE_ENER_09,Beverages,Unforecasted Demand Spike,3437.64
20260503,31,129,152,145,7,73.51,10658.95,145.0,0.0,FRUI_SEAS_09,Fruits & Vegetables,Unforecasted Demand Spike,514.57
20260503,39,108,85,56,29,194.33,10882.48,56.0,0.0,PACK_SAUC_18,Packaged Foods,Unforecasted Demand Spike,5635.57
20260503,40,202,20,14,6,60.61,848.54,14.0,0.0,PERS_HAIR_22,Personal Care,Forecast Underestimation & Buffer Shortage,363.66
20260504,5,234,5,4,1,54.85,219.4,4.0,0.0,HOUS_DISP_24,Household,Delayed / Missing Inbound Replenishment,54.85
20260504,7,163,13,0,13,338.27,0.0,0.0,0.0,STAP_DALS_13,Staples,Delayed / Missing Inbound Replenishment,4397.51
20260504,16,259,15,13,2,361.83,4703.79,13.0,0.0,BABY_BABY_19,Baby Care,Forecast Underestimation & Buffer Shortage,723.66
20260504,21,209,5,3,2,108.95,326.85,3.0,0.0,PERS_SKIN_29,Personal Care,Delayed / Missing Inbound Replenishment,217.9
20260504,22,163,21,19,2,338.27,6427.13,19.0,0.0,STAP_DALS_13,Staples,Forecast Underestimation & Buffer Shortage,676.54
20260504,22,208,12,10,2,249.0,2490.0,12.0,0.0,PERS_ORAL_28,Personal Care,Forecast Underestimation & Buffer Shortage,498.0
20260504,22,217,6,4,2,275.5,1102.0,4.0,0.0,HOUS_DISH_07,Household,Delayed / Missing Inbound Replenishment,551.0
20260504,23,185,12,11,1,218.07,2398.77,11.0,0.0,PERS_SANI_05,Personal Care,Forecast Underestimation & Buffer Shortage,218.07
20260504,23,196,8,2,6,94.9,189.8,2.0,0.0,PERS_SOAP_16,Personal Care,Delayed / Missing Inbound Replenishment,569.4
20260504,25,235,10,0,10,297.9,0.0,0.0,0.0,HOUS_REPE_25,Household,Delayed / Missing Inbound Replenishment,2979.0
20260504,26,252,31,27,4,599.97,16199.19,27.0,0.0,BABY_BABY_12,Baby Care,Forecast Underestimation & Buffer Shortage,2399.88
20260504,29,187,8,6,2,341.21,2047.26,6.0,0.0,PERS_HAIR_07,Personal Care,Forecast Underestimation & Buffer Shortage,682.42
20260504,37,74,30,4,26,67.1,268.4,4.0,0.0,SNAC_CHOC_14,Snacks,Delayed / Missing Inbound Replenishment,1744.6
20260504,39,192,7,5,2,357.65,1788.25,5.0,0.0,PERS_HAIR_12,Personal Care,Forecast Underestimation & Buffer Shortage,715.3
20260505,9,192,6,2,4,357.65,715.3,2.0,0.0,PERS_HAIR_12,Personal Care,Delayed / Missing Inbound Replenishment,1430.6
20260505,16,250,21,13,8,204.07,2652.91,13.0,0.0,BABY_BABY_10,Baby Care,Forecast Underestimation & Buffer Shortage,1632.56
20260505,21,209,3,0,3,108.95,0.0,0.0,0.0,PERS_SKIN_29,Personal Care,Delayed / Missing Inbound Replenishment,326.85
20260505,22,221,7,5,2,209.6,1048.0,5.0,0.0,HOUS_DETE_11,Household,Forecast Underestimation & Buffer Shortage,419.2
20260505,23,217,5,1,4,275.5,275.5,1.0,0.0,HOUS_DISH_07,Household,Delayed / Missing Inbound Replenishment,1102.0
20260505,25,99,64,46,18,156.42,7195.32,46.0,0.0,PACK_BREA_09,Packaged Foods,Unforecasted Demand Spike,2815.56
20260505,26,199,6,0,6,251.52,0.0,0.0,0.0,PERS_SKIN_19,Personal Care,Delayed / Missing Inbound Replenishment,1509.12
20260505,29,154,25,24,1,215.59,5174.16,24.0,0.0,STAP_EDIB_04,Staples,Forecast Underestimation & Buffer Shortage,215.59
20260506,25,160,28,18,10,181.06,3259.08,18.0,0.0,STAP_SPIC_10,Staples,Forecast Underestimation & Buffer Shortage,1810.6
20260506,29,154,25,0,25,215.59,0.0,0.0,0.0,STAP_EDIB_04,Staples,Delayed / Missing Inbound Replenishment,5389.75
20260508,10,5,118,99,19,94.1,9315.9,99.0,0.0,DAIR_PANE_05,Dairy,Unforecasted Demand Spike,1787.9
20260508,17,190,28,18,10,76.27,1372.86,18.0,0.0,PERS_SANI_10,Personal Care,Forecast Underestimation & Buffer Shortage,762.7
20260509,1,4,87,86,1,63.86,5491.96,86.0,0.0,DAIR_CHEE_04,Dairy,Unforecasted Demand Spike,63.86
20260509,7,118,138,99,39,241.31,23889.69,99.0,0.0,PACK_SAUC_28,Packaged Foods,Unforecasted Demand Spike,9411.09
20260509,7,240,23,12,11,223.75,2685.0,12.0,0.0,HOUS_REPE_30,Household,Forecast Underestimation & Buffer Shortage,2461.25
20260509,13,30,247,214,33,165.95,35513.3,214.0,0.0,DAIR_PANE_30,Dairy,Unforecasted Demand Spike,5476.35
20260509,16,212,31,21,10,148.46,3117.66,21.0,0.0,HOUS_DISH_02,Household,Forecast Underestimation & Buffer Shortage,1484.6
20260509,21,207,25,17,8,160.21,2723.57,18.0,0.0,PERS_HAIR_27,Personal Care,Forecast Underestimation & Buffer Shortage,1281.68
20260509,22,183,33,21,12,368.48,7738.08,21.0,0.0,PERS_ORAL_03,Personal Care,Forecast Underestimation & Buffer Shortage,4421.76
20260509,26,292,18,13,5,251.82,3273.66,13.0,0.0,PET _CAT _22,Pet Care,Forecast Underestimation & Buffer Shortage,1259.1
20260509,27,263,66,53,13,388.6,20595.8,53.0,0.0,BABY_BABY_23,Baby Care,Unforecasted Demand Spike,5051.8
20260509,29,113,97,74,23,200.74,14854.76,74.0,0.0,PACK_SAUC_23,Packaged Foods,Unforecasted Demand Spike,4617.02
20260509,34,34,194,168,26,62.4,10483.2,168.0,0.0,BEVE_ENER_04,Beverages,Unforecasted Demand Spike,1622.4
20260510,2,134,67,65,2,37.66,2447.9,65.0,0.0,FRUI_SEAS_14,Fruits & Vegetables,Unforecasted Demand Spike,75.32
20260510,4,160,42,33,9,181.06,5974.98,33.0,0.0,STAP_SPIC_10,Staples,Unforecasted Demand Spike,1629.54
20260510,6,175,58,48,10,353.33,16959.84,48.0,0.0,STAP_SPIC_25,Staples,Unforecasted Demand Spike,3533.3
20260510,6,300,26,25,1,282.52,7063.0,25.0,0.0,PET _CAT _30,Pet Care,Forecast Underestimation & Buffer Shortage,282.52
20260510,7,57,264,175,89,123.8,21665.0,175.0,0.0,BEVE_COLD_27,Beverages,Unforecasted Demand Spike,11018.2
20260510,10,70,186,168,18,129.42,21742.56,168.0,0.0,SNAC_NUTS_10,Snacks,Unforecasted Demand Spike,2329.56
20260510,12,162,51,42,9,185.02,7770.84,43.0,0.0,STAP_RICE_12,Staples,Unforecasted Demand Spike,1665.18
20260510,12,262,112,82,30,373.45,30622.9,82.0,0.0,BABY_BABY_22,Baby Care,Unforecasted Demand Spike,11203.5
20260510,18,181,50,46,4,226.19,10404.74,46.0,0.0,PERS_SOAP_01,Personal Care,Unforecasted Demand Spike,904.76
20260510,21,207,5,0,5,160.21,0.0,0.0,0.0,PERS_HAIR_27,Personal Care,Delayed / Missing Inbound Replenishment,801.05
20260510,22,144,99,45,54,40.24,1810.8,45.0,0.0,FRUI_SEAS_24,Fruits & Vegetables,Unforecasted Demand Spike,2172.96
20260510,22,195,9,5,4,227.65,1138.25,5.0,0.0,PERS_SANI_15,Personal Care,Forecast Underestimation & Buffer Shortage,910.6
20260510,25,208,12,10,2,249.0,2490.0,10.0,0.0,PERS_ORAL_28,Personal Care,Forecast Underestimation & Buffer Shortage,498.0
20260510,26,69,48,43,5,49.81,2141.83,43.0,0.0,SNAC_CHOC_09,Snacks,Unforecasted Demand Spike,249.05
20260510,29,126,88,85,3,64.66,5496.1,85.0,0.0,FRUI_FRES_06,Fruits & Vegetables,Unforecasted Demand Spike,193.98
20260510,30,36,148,144,4,97.34,14016.96,144.0,0.0,BEVE_JUIC_06,Beverages,Unforecasted Demand Spike,389.36
20260510,31,258,54,40,14,552.29,22091.6,40.0,0.0,BABY_BABY_18,Baby Care,Unforecasted Demand Spike,7732.06
20260510,32,273,11,5,6,256.39,1281.95,6.0,0.0,PET _PET _03,Pet Care,Forecast Underestimation & Buffer Shortage,1538.34
20260510,39,235,13,12,1,297.9,3574.8,12.0,0.0,HOUS_REPE_25,Household,Forecast Underestimation & Buffer Shortage,297.9
20260511,3,61,57,16,41,22.63,362.08,16.0,0.0,SNAC_CHIP_01,Snacks,Unforecasted Demand Spike,927.83
20260511,3,197,29,17,12,102.01,1734.17,17.0,0.0,PERS_HAIR_17,Personal Care,Forecast Underestimation & Buffer Shortage,1224.12
20260511,5,61,52,26,26,22.63,588.38,26.0,0.0,SNAC_CHIP_01,Snacks,Unforecasted Demand Spike,588.38
20260511,10,217,5,4,1,275.5,1102.0,5.0,0.0,HOUS_DISH_07,Household,Forecast Underestimation & Buffer Shortage,275.5
20260511,12,106,24,21,3,210.34,4417.14,21.0,0.0,PACK_NOOD_16,Packaged Foods,Forecast Underestimation & Buffer Shortage,631.02
20260511,12,199,5,2,3,251.52,503.04,2.0,0.0,PERS_SKIN_19,Personal Care,Delayed / Missing Inbound Replenishment,754.56
20260511,15,66,39,24,15,45.9,1101.6,24.0,0.0,SNAC_CHIP_06,Snacks,Forecast Underestimation & Buffer Shortage,688.5
20260511,23,274,8,7,1,218.13,1526.91,7.0,0.0,PET _PET _04,Pet Care,Forecast Underestimation & Buffer Shortage,218.13
20260511,29,69,36,20,16,49.81,996.2,20.0,0.0,SNAC_CHOC_09,Snacks,Forecast Underestimation & Buffer Shortage,796.96
20260511,32,66,43,40,3,45.9,1836.0,40.0,0.0,SNAC_CHIP_06,Snacks,Unforecasted Demand Spike,137.7
20260512,3,219,11,8,3,246.3,1970.4,8.0,0.0,HOUS_DISP_09,Household,Forecast Underestimation & Buffer Shortage,738.9
20260512,5,207,3,2,1,160.21,320.42,2.0,0.0,PERS_HAIR_27,Personal Care,Delayed / Missing Inbound Replenishment,160.21
20260512,16,129,101,98,3,73.51,7203.98,98.0,0.0,FRUI_SEAS_09,Fruits & Vegetables,Unforecasted Demand Spike,220.53
20260512,17,85,97,73,24,172.15,12566.95,73.0,0.0,SNAC_NUTS_25,Snacks,Unforecasted Demand Spike,4131.6
20260512,22,50,39,14,25,119.26,1669.64,14.0,0.0,BEVE_WATE_20,Beverages,Forecast Underestimation & Buffer Shortage,2981.5
20260513,12,276,7,6,1,419.68,2518.08,6.0,0.0,PET _CAT _06,Pet Care,Forecast Underestimation & Buffer Shortage,419.68
20260513,26,189,9,8,1,124.58,996.64,8.0,0.0,PERS_SKIN_09,Personal Care,Forecast Underestimation & Buffer Shortage,124.58
20260515,14,37,123,112,11,93.59,10482.08,112.0,0.0,BEVE_COLD_07,Beverages,Unforecasted Demand Spike,1029.49
20260515,17,206,21,16,5,99.42,1590.72,16.0,0.0,PERS_SOAP_26,Personal Care,Forecast Underestimation & Buffer Shortage,497.1
20260515,26,104,115,111,4,98.3,10911.3,111.0,0.0,PACK_BREA_14,Packaged Foods,Unforecasted Demand Spike,393.2
20260516,8,178,102,95,7,532.31,50569.45,95.0,0.0,STAP_DALS_28,Staples,Unforecasted Demand Spike,3726.17
20260516,17,54,126,92,34,85.37,7854.04,92.0,0.0,BEVE_ENER_24,Beverages,Unforecasted Demand Spike,2902.58
20260516,18,249,72,63,9,500.22,31513.86,63.0,0.0,BABY_DIAP_09,Baby Care,Unforecasted Demand Spike,4501.98
20260516,21,42,350,331,19,54.5,18039.5,331.0,0.0,BEVE_COLD_12,Beverages,Unforecasted Demand Spike,1035.5
20260516,22,15,92,90,2,51.04,4593.6,90.0,0.0,DAIR_PANE_15,Dairy,Unforecasted Demand Spike,102.08
20260516,22,89,63,27,36,50.88,1373.76,27.0,0.0,SNAC_CHOC_29,Snacks,Unforecasted Demand Spike,1831.68
20260516,23,14,266,81,185,190.76,15451.56,81.0,0.0,DAIR_CHEE_14,Dairy,Unforecasted Demand Spike,35290.6
20260516,29,55,108,106,2,76.58,8117.48,106.0,0.0,BEVE_WATE_25,Beverages,Unforecasted Demand Spike,153.16
20260516,29,56,294,284,10,37.24,10576.16,284.0,0.0,BEVE_JUIC_26,Beverages,Unforecasted Demand Spike,372.4
20260516,29,206,8,7,1,99.42,695.94,7.0,0.0,PERS_SOAP_26,Personal Care,Forecast Underestimation & Buffer Shortage,99.42
20260516,38,241,91,85,6,535.8,45543.0,85.0,0.0,BABY_DIAP_01,Baby Care,Unforecasted Demand Spike,3214.8
20260516,39,155,19,16,3,443.45,7095.2,16.0,0.0,STAP_SPIC_05,Staples,Forecast Underestimation & Buffer Shortage,1330.35
20260517,7,133,77,11,66,89.15,980.65,11.0,0.0,FRUI_DAIL_13,Fruits & Vegetables,Unforecasted Demand Spike,5883.9
20260517,12,6,115,113,2,50.9,5751.7,113.0,0.0,DAIR_MILK_06,Dairy,Unforecasted Demand Spike,101.8
20260517,14,151,44,37,7,401.39,14851.43,37.0,0.0,STAP_ATTA_01,Staples,Unforecasted Demand Spike,2809.73
20260517,14,239,20,10,10,128.19,1281.9,10.0,0.0,HOUS_DISP_29,Household,Forecast Underestimation & Buffer Shortage,1281.9
20260517,15,85,109,101,8,172.15,17387.15,101.0,0.0,SNAC_NUTS_25,Snacks,Unforecasted Demand Spike,1377.2
20260517,16,67,295,233,62,113.98,26557.34,233.0,0.0,SNAC_BISC_07,Snacks,Unforecasted Demand Spike,7066.76
20260517,16,249,32,24,8,500.22,12005.28,24.0,0.0,BABY_DIAP_09,Baby Care,Forecast Underestimation & Buffer Shortage,4001.76
20260517,17,87,328,184,144,201.63,37099.92,184.0,0.0,SNAC_BISC_27,Snacks,Unforecasted Demand Spike,29034.72
20260517,19,76,64,13,51,64.61,839.93,13.0,0.0,SNAC_CHIP_16,Snacks,Unforecasted Demand Spike,3295.11
20260517,19,219,15,14,1,246.3,3448.2,14.0,0.0,HOUS_DISP_09,Household,Forecast Underestimation & Buffer Shortage,246.3
20260517,20,38,173,163,10,48.32,7876.16,163.0,0.0,BEVE_TEA _08,Beverages,Unforecasted Demand Spike,483.2
20260517,22,85,52,41,11,172.15,7058.15,41.0,0.0,SNAC_NUTS_25,Snacks,Unforecasted Demand Spike,1893.65
20260517,22,244,40,33,7,106.9,3527.7,33.0,0.0,BABY_BABY_04,Baby Care,Forecast Underestimation & Buffer Shortage,748.3
20260517,23,91,25,19,6,240.18,4563.42,19.0,0.0,PACK_NOOD_01,Packaged Foods,Forecast Underestimation & Buffer Shortage,1441.08
20260517,26,230,7,6,1,79.04,474.24,8.0,0.0,HOUS_REPE_20,Household,Forecast Underestimation & Buffer Shortage,79.04
20260517,29,211,14,11,3,194.68,2141.48,11.0,0.0,HOUS_DETE_01,Household,Forecast Underestimation & Buffer Shortage,584.04
20260517,31,64,232,197,35,46.19,9099.43,197.0,0.0,SNAC_CHOC_04,Snacks,Unforecasted Demand Spike,1616.65
20260517,38,198,36,33,3,51.82,1710.06,35.0,0.0,PERS_ORAL_18,Personal Care,Forecast Underestimation & Buffer Shortage,155.46
20260518,19,280,9,8,1,252.36,2018.88,8.0,0.0,PET _CAT _10,Pet Care,Forecast Underestimation & Buffer Shortage,252.36
20260518,21,112,17,0,17,51.88,0.0,0.0,0.0,PACK_PAST_22,Packaged Foods,Delayed / Missing Inbound Replenishment,881.96
20260518,22,271,9,7,2,561.27,3928.89,7.0,0.0,PET _DOG _01,Pet Care,Forecast Underestimation & Buffer Shortage,1122.54
20260518,26,63,52,49,3,157.5,7717.5,49.0,0.0,SNAC_NAMK_03,Snacks,Unforecasted Demand Spike,472.5
20260518,29,188,5,4,1,169.27,677.08,4.0,0.0,PERS_ORAL_08,Personal Care,Delayed / Missing Inbound Replenishment,169.27
20260518,35,12,63,7,56,143.6,1005.2,7.0,0.0,DAIR_CURD_12,Dairy,Unforecasted Demand Spike,8041.6
20260519,13,289,19,14,5,479.06,6706.84,14.0,0.0,PET _PET _19,Pet Care,Forecast Underestimation & Buffer Shortage,2395.3
20260519,22,40,67,25,42,137.08,3427.0,25.0,0.0,BEVE_WATE_10,Beverages,Unforecasted Demand Spike,5757.36
20260520,13,289,5,0,5,479.06,0.0,0.0,0.0,PET _PET _19,Pet Care,Delayed / Missing Inbound Replenishment,2395.3
20260520,19,121,201,177,24,26.81,4745.37,177.0,0.0,FRUI_FRES_01,Fruits & Vegetables,Unforecasted Demand Spike,643.44
20260520,26,201,10,2,8,193.23,386.46,2.0,0.0,PERS_SOAP_21,Personal Care,Delayed / Missing Inbound Replenishment,1545.84
20260522,13,226,33,30,3,300.71,9021.3,30.0,0.0,HOUS_DETE_16,Household,Forecast Underestimation & Buffer Shortage,902.13
20260522,17,23,292,248,44,57.13,14168.24,248.0,0.0,DAIR_BUTT_23,Dairy,Unforecasted Demand Spike,2513.72
20260522,22,65,226,212,14,134.26,28463.12,212.0,0.0,SNAC_NUTS_05,Snacks,Unforecasted Demand Spike,1879.64
20260523,4,36,172,157,15,97.34,15282.38,157.0,0.0,BEVE_JUIC_06,Beverages,Unforecasted Demand Spike,1460.1
20260523,11,108,65,50,15,194.33,9716.5,50.0,0.0,PACK_SAUC_18,Packaged Foods,Unforecasted Demand Spike,2914.95
20260523,16,178,55,53,2,532.31,28212.43,53.0,0.0,STAP_DALS_28,Staples,Unforecasted Demand Spike,1064.62
20260523,23,82,75,71,4,163.96,11641.16,71.0,0.0,SNAC_BISC_22,Snacks,Unforecasted Demand Spike,655.84
20260523,26,268,73,25,48,129.29,3232.25,25.0,0.0,BABY_BABY_28,Baby Care,Unforecasted Demand Spike,6205.92
20260523,29,135,235,169,66,112.02,18931.38,169.0,0.0,FRUI_CUT _15,Fruits & Vegetables,Unforecasted Demand Spike,7393.32
20260524,3,224,14,2,12,131.14,262.28,2.0,0.0,HOUS_DISP_14,Household,Delayed / Missing Inbound Replenishment,1573.68
20260524,4,36,53,0,53,97.34,0.0,0.0,0.0,BEVE_JUIC_06,Beverages,Delayed / Missing Inbound Replenishment,5159.02
20260524,7,234,15,9,6,54.85,493.65,9.0,0.0,HOUS_DISP_24,Household,Forecast Underestimation & Buffer Shortage,329.1
20260524,11,120,30,24,6,117.17,2812.08,24.0,0.0,PACK_READ_30,Packaged Foods,Forecast Underestimation & Buffer Shortage,703.02
20260524,12,80,144,32,112,109.75,3512.0,32.0,0.0,SNAC_NUTS_20,Snacks,Unforecasted Demand Spike,12292.0
20260524,16,85,46,28,18,172.15,4820.2,28.0,0.0,SNAC_NUTS_25,Snacks,Unforecasted Demand Spike,3098.7
20260524,16,184,10,7,3,343.84,2406.88,7.0,0.0,PERS_SKIN_04,Personal Care,Forecast Underestimation & Buffer Shortage,1031.52
20260524,18,290,4,3,1,240.2,720.6,5.0,0.0,PET _PET _20,Pet Care,Forecast Underestimation & Buffer Shortage,240.2
20260524,20,91,61,47,14,240.18,11288.46,47.0,0.0,PACK_NOOD_01,Packaged Foods,Unforecasted Demand Spike,3362.52
20260524,21,241,47,39,8,535.8,20896.2,39.0,0.0,BABY_DIAP_01,Baby Care,Unforecasted Demand Spike,4286.4
20260524,21,270,21,19,2,593.12,11269.28,19.0,0.0,BABY_BABY_30,Baby Care,Forecast Underestimation & Buffer Shortage,1186.24
20260524,22,58,103,78,25,99.9,7792.2,78.0,0.0,BEVE_TEA _28,Beverages,Unforecasted Demand Spike,2497.5
20260524,22,153,27,26,1,262.16,6816.16,26.0,0.0,STAP_DALS_03,Staples,Forecast Underestimation & Buffer Shortage,262.16
20260524,23,116,125,120,5,86.96,10435.2,120.0,0.0,PACK_NOOD_26,Packaged Foods,Unforecasted Demand Spike,434.8
20260524,23,229,14,13,1,147.62,1919.06,13.0,0.0,HOUS_DISP_19,Household,Forecast Underestimation & Buffer Shortage,147.62
20260524,23,273,7,6,1,256.39,1538.34,6.0,0.0,PET _PET _03,Pet Care,Forecast Underestimation & Buffer Shortage,256.39
20260524,25,104,162,45,117,98.3,4423.5,45.0,0.0,PACK_BREA_14,Packaged Foods,Unforecasted Demand Spike,11501.1
20260524,26,90,119,108,11,177.61,19181.88,108.0,0.0,SNAC_NUTS_30,Snacks,Unforecasted Demand Spike,1953.71
20260524,27,130,67,54,13,46.18,2493.72,54.0,0.0,FRUI_CUT _10,Fruits & Vegetables,Unforecasted Demand Spike,600.34
20260524,28,4,265,234,31,63.86,14943.24,234.0,0.0,DAIR_CHEE_04,Dairy,Unforecasted Demand Spike,1979.66
20260524,28,100,41,25,16,109.11,2727.75,25.0,0.0,PACK_READ_10,Packaged Foods,Unforecasted Demand Spike,1745.76
20260524,29,80,164,112,52,109.75,12292.0,112.0,0.0,SNAC_NUTS_20,Snacks,Unforecasted Demand Spike,5707.0
20260524,29,278,15,12,3,408.17,4898.04,12.0,0.0,PET _PET _08,Pet Care,Forecast Underestimation & Buffer Shortage,1224.51
20260524,35,149,218,205,13,103.98,21315.9,205.0,0.0,FRUI_SEAS_29,Fruits & Vegetables,Unforecasted Demand Spike,1351.74
20260524,37,96,30,22,8,180.67,3974.74,22.0,0.0,PACK_NOOD_06,Packaged Foods,Forecast Underestimation & Buffer Shortage,1445.36
20260524,39,215,13,0,13,69.23,0.0,0.0,0.0,HOUS_REPE_05,Household,Delayed / Missing Inbound Replenishment,899.99
20260524,40,47,200,190,10,107.14,20356.6,190.0,0.0,BEVE_COLD_17,Beverages,Unforecasted Demand Spike,1071.4
20260525,9,17,51,17,34,108.57,1845.69,17.0,0.0,DAIR_CURD_17,Dairy,Unforecasted Demand Spike,3691.38
20260525,17,47,127,123,4,107.14,13178.22,123.0,0.0,BEVE_COLD_17,Beverages,Unforecasted Demand Spike,428.56
20260525,22,229,27,24,3,147.62,3542.88,24.0,0.0,HOUS_DISP_19,Household,Forecast Underestimation & Buffer Shortage,442.86
20260525,23,40,206,203,3,137.08,27827.24,203.0,0.0,BEVE_WATE_10,Beverages,Unforecasted Demand Spike,411.24
20260525,26,287,4,3,1,342.13,1026.39,3.0,0.0,PET _DOG _17,Pet Care,Delayed / Missing Inbound Replenishment,342.13
20260525,26,297,10,8,2,129.29,1034.32,9.0,0.0,PET _PET _27,Pet Care,Forecast Underestimation & Buffer Shortage,258.58
20260525,35,149,48,0,48,103.98,0.0,0.0,0.0,FRUI_SEAS_29,Fruits & Vegetables,Delayed / Missing Inbound Replenishment,4991.04
20260526,7,90,46,22,24,177.61,3907.42,22.0,0.0,SNAC_NUTS_30,Snacks,Unforecasted Demand Spike,4262.64
20260526,25,202,34,32,2,60.61,1939.52,32.0,0.0,PERS_HAIR_22,Personal Care,Forecast Underestimation & Buffer Shortage,121.22
20260526,28,35,38,26,12,158.37,4117.62,26.0,0.0,BEVE_WATE_05,Beverages,Forecast Underestimation & Buffer Shortage,1900.44
20260527,4,97,52,45,7,44.34,1995.3,45.0,0.0,PACK_PAST_07,Packaged Foods,Unforecasted Demand Spike,310.38
20260528,12,182,11,7,4,79.48,556.36,7.0,0.0,PERS_HAIR_02,Personal Care,Forecast Underestimation & Buffer Shortage,317.92
20260528,22,116,115,105,10,86.96,9130.8,105.0,0.0,PACK_NOOD_26,Packaged Foods,Unforecasted Demand Spike,869.6
20260529,2,211,35,25,10,194.68,4867.0,25.0,0.0,HOUS_DETE_01,Household,Forecast Underestimation & Buffer Shortage,1946.8
20260529,3,233,15,13,2,161.93,2105.09,13.0,0.0,HOUS_CLEA_23,Household,Forecast Underestimation & Buffer Shortage,323.86
20260529,12,30,77,62,15,165.95,10288.9,62.0,0.0,DAIR_PANE_30,Dairy,Unforecasted Demand Spike,2489.25
20260529,16,121,176,147,29,26.81,3941.07,147.0,0.0,FRUI_FRES_01,Fruits & Vegetables,Unforecasted Demand Spike,777.49
20260529,25,209,7,6,1,108.95,653.7,6.0,0.0,PERS_SKIN_29,Personal Care,Forecast Underestimation & Buffer Shortage,108.95
20260529,31,260,78,70,8,105.12,7358.4,72.0,0.0,BABY_BABY_20,Baby Care,Unforecasted Demand Spike,840.96
20260529,32,127,164,149,15,116.97,17428.53,149.0,0.0,FRUI_EXOT_07,Fruits & Vegetables,Unforecasted Demand Spike,1754.55
20260530,4,24,283,218,65,103.72,22610.96,218.0,0.0,DAIR_CHEE_24,Dairy,Unforecasted Demand Spike,6741.8
20260530,8,229,34,27,7,147.62,3985.74,27.0,0.0,HOUS_DISP_19,Household,Forecast Underestimation & Buffer Shortage,1033.34
20260530,11,2,187,185,2,47.2,8732.0,185.0,0.0,DAIR_CURD_02,Dairy,Unforecasted Demand Spike,94.4
20260530,12,30,93,0,93,165.95,0.0,0.0,0.0,DAIR_PANE_30,Dairy,Delayed / Missing Inbound Replenishment,15433.35
20260530,16,43,296,280,16,43.03,12048.4,280.0,0.0,BEVE_TEA _13,Beverages,Unforecasted Demand Spike,688.48
20260530,18,37,138,121,17,93.59,11324.39,121.0,0.0,BEVE_COLD_07,Beverages,Unforecasted Demand Spike,1591.03
20260530,22,255,105,94,11,500.03,47002.82,94.0,0.0,BABY_BABY_15,Baby Care,Unforecasted Demand Spike,5500.33
20260530,23,33,73,72,1,72.36,5209.92,72.0,0.0,BEVE_TEA _03,Beverages,Unforecasted Demand Spike,72.36
20260530,23,190,25,22,3,76.27,1677.94,22.0,0.0,PERS_SANI_10,Personal Care,Forecast Underestimation & Buffer Shortage,228.81
20260530,26,172,41,39,2,441.39,17214.21,39.0,0.0,STAP_RICE_22,Staples,Unforecasted Demand Spike,882.78
20260530,28,251,96,82,14,167.64,13746.48,82.0,0.0,BABY_BABY_11,Baby Care,Unforecasted Demand Spike,2346.96
20260530,29,23,455,232,223,57.13,13254.16,232.0,0.0,DAIR_BUTT_23,Dairy,Unforecasted Demand Spike,12739.99
20260530,32,32,308,225,83,101.75,22893.75,225.0,0.0,BEVE_COLD_02,Beverages,Unforecasted Demand Spike,8445.25
20260530,35,202,31,16,15,60.61,969.76,16.0,0.0,PERS_HAIR_22,Personal Care,Forecast Underestimation & Buffer Shortage,909.15
20260530,35,207,19,17,2,160.21,2723.57,17.0,0.0,PERS_HAIR_27,Personal Care,Forecast Underestimation & Buffer Shortage,320.42
20260530,39,245,38,37,1,476.05,17613.85,37.0,0.0,BABY_DIAP_05,Baby Care,Forecast Underestimation & Buffer Shortage,476.05
20260530,40,190,23,20,3,76.27,1525.4,20.0,0.0,PERS_SANI_10,Personal Care,Forecast Underestimation & Buffer Shortage,228.81
20260531,1,59,53,13,40,48.81,634.53,13.0,0.0,BEVE_ENER_29,Beverages,Unforecasted Demand Spike,1952.4
20260531,5,293,37,27,10,478.5,12919.5,27.0,0.0,PET _PET _23,Pet Care,Forecast Underestimation & Buffer Shortage,4785.0
20260531,7,266,27,20,7,106.13,2122.6,20.0,0.0,BABY_BABY_26,Baby Care,Forecast Underestimation & Buffer Shortage,742.91
20260531,9,265,45,23,22,163.3,3755.9,23.0,0.0,BABY_DIAP_25,Baby Care,Unforecasted Demand Spike,3592.6
20260531,9,290,6,4,2,240.2,960.8,4.0,0.0,PET _PET _20,Pet Care,Delayed / Missing Inbound Replenishment,480.4
20260531,10,246,51,46,5,162.35,7468.1,46.0,0.0,BABY_BABY_06,Baby Care,Unforecasted Demand Spike,811.75
20260531,16,43,107,0,107,43.03,0.0,0.0,0.0,BEVE_TEA _13,Beverages,Delayed / Missing Inbound Replenishment,4604.21
20260531,16,70,88,73,15,129.42,9447.66,73.0,0.0,SNAC_NUTS_10,Snacks,Unforecasted Demand Spike,1941.3
20260531,16,292,7,5,2,251.82,1259.1,5.0,0.0,PET _CAT _22,Pet Care,Forecast Underestimation & Buffer Shortage,503.64
20260531,19,51,58,56,2,82.5,4620.0,56.0,0.0,BEVE_JUIC_21,Beverages,Unforecasted Demand Spike,165.0
20260531,22,86,63,52,11,113.54,5904.08,52.0,0.0,SNAC_CHIP_26,Snacks,Unforecasted Demand Spike,1248.94
20260531,22,191,62,43,19,184.94,7952.42,43.0,0.0,PERS_SOAP_11,Personal Care,Unforecasted Demand Spike,3513.86
20260531,22,255,31,0,31,500.03,0.0,0.0,0.0,BABY_BABY_15,Baby Care,Delayed / Missing Inbound Replenishment,15500.93
20260531,26,162,69,55,14,185.02,10176.1,55.0,0.0,STAP_RICE_12,Staples,Unforecasted Demand Spike,2590.28
20260531,26,172,37,0,37,441.39,0.0,0.0,0.0,STAP_RICE_22,Staples,Delayed / Missing Inbound Replenishment,16331.43
20260531,28,161,16,15,1,425.67,6385.05,15.0,0.0,STAP_ATTA_11,Staples,Forecast Underestimation & Buffer Shortage,425.67
20260531,29,60,117,58,59,146.5,8497.0,58.0,0.0,BEVE_WATE_30,Beverages,Unforecasted Demand Spike,8643.5
20260531,29,274,15,13,2,218.13,2835.69,13.0,0.0,PET _PET _04,Pet Care,Forecast Underestimation & Buffer Shortage,436.26
20260531,31,202,37,30,7,60.61,1818.3,30.0,0.0,PERS_HAIR_22,Personal Care,Forecast Underestimation & Buffer Shortage,424.27
20260531,35,207,4,0,4,160.21,0.0,0.0,0.0,PERS_HAIR_27,Personal Care,Delayed / Missing Inbound Replenishment,640.84
20260531,35,246,139,114,25,162.35,18507.9,114.0,0.0,BABY_BABY_06,Baby Care,Unforecasted Demand Spike,4058.75
20260531,39,219,16,15,1,246.3,3694.5,15.0,0.0,HOUS_DISP_09,Household,Forecast Underestimation & Buffer Shortage,246.3
20260601,2,146,43,0,43,35.06,0.0,0.0,0.0,FRUI_FRES_26,Fruits & Vegetables,Delayed / Missing Inbound Replenishment,1507.58
20260601,4,127,40,33,7,116.97,3860.01,33.0,0.0,FRUI_EXOT_07,Fruits & Vegetables,Forecast Underestimation & Buffer Shortage,818.79
20260601,8,80,53,39,14,109.75,4280.25,39.0,0.0,SNAC_NUTS_20,Snacks,Unforecasted Demand Spike,1536.5
20260601,20,172,67,66,1,441.39,29131.74,66.0,0.0,STAP_RICE_22,Staples,Unforecasted Demand Spike,441.39
20260601,22,255,21,0,21,500.03,0.0,0.0,0.0,BABY_BABY_15,Baby Care,Delayed / Missing Inbound Replenishment,10500.63
20260601,29,192,5,0,5,357.65,0.0,0.0,0.0,PERS_HAIR_12,Personal Care,Delayed / Missing Inbound Replenishment,1788.25
20260601,39,219,11,0,11,246.3,0.0,0.0,0.0,HOUS_DISP_09,Household,Delayed / Missing Inbound Replenishment,2709.3
20260602,7,235,36,14,22,297.9,4170.6,14.0,0.0,HOUS_REPE_25,Household,Forecast Underestimation & Buffer Shortage,6553.8
20260603,22,78,59,18,41,133.29,2399.22,19.0,0.0,SNAC_NAMK_18,Snacks,Unforecasted Demand Spike,5464.89
20260604,29,67,230,209,21,113.98,23821.82,209.0,0.0,SNAC_BISC_07,Snacks,Unforecasted Demand Spike,2393.58
20260605,10,264,54,47,7,127.0,5969.0,47.0,0.0,BABY_BABY_24,Baby Care,Unforecasted Demand Spike,889.0
20260605,16,3,312,265,47,70.68,18730.2,265.0,0.0,DAIR_BUTT_03,Dairy,Unforecasted Demand Spike,3321.96
20260605,16,18,158,111,47,203.24,22559.64,111.0,0.0,DAIR_BUTT_18,Dairy,Unforecasted Demand Spike,9552.28
20260605,24,251,86,75,11,167.64,12573.0,75.0,0.0,BABY_BABY_11,Baby Care,Unforecasted Demand Spike,1844.04
20260605,32,270,14,12,2,593.12,7117.44,12.0,0.0,BABY_BABY_30,Baby Care,Forecast Underestimation & Buffer Shortage,1186.24
20260606,2,72,98,89,9,171.81,15291.09,89.0,0.0,SNAC_BISC_12,Snacks,Unforecasted Demand Spike,1546.29
20260606,14,66,119,68,51,45.9,3121.2,68.0,0.0,SNAC_CHIP_06,Snacks,Unforecasted Demand Spike,2340.9
20260606,14,180,40,6,34,325.93,1955.58,6.0,0.0,STAP_SPIC_30,Staples,Forecast Underestimation & Buffer Shortage,11081.62
20260606,15,295,37,28,9,153.09,4286.52,30.0,0.0,PET _DOG _25,Pet Care,Forecast Underestimation & Buffer Shortage,1377.81
20260606,16,64,146,8,138,46.19,369.52,8.0,0.0,SNAC_CHOC_04,Snacks,Unforecasted Demand Spike,6374.22
20260606,16,68,98,83,15,178.74,14835.42,83.0,0.0,SNAC_NAMK_08,Snacks,Unforecasted Demand Spike,2681.1
20260606,16,82,110,99,11,163.96,16232.04,99.0,0.0,SNAC_BISC_22,Snacks,Unforecasted Demand Spike,1803.56
20260606,16,194,12,11,1,365.21,4017.31,11.0,0.0,PERS_SKIN_14,Personal Care,Forecast Underestimation & Buffer Shortage,365.21
20260606,17,26,148,119,29,78.21,9306.99,119.0,0.0,DAIR_MILK_26,Dairy,Unforecasted Demand Spike,2268.09
20260606,18,71,218,177,41,68.22,12074.94,177.0,0.0,SNAC_CHIP_11,Snacks,Unforecasted Demand Spike,2797.02
20260606,18,226,14,11,3,300.71,3307.81,11.0,0.0,HOUS_DETE_16,Household,Forecast Underestimation & Buffer Shortage,902.13
20260606,23,76,332,306,26,64.61,19770.66,50.0,256.0,SNAC_CHIP_16,Snacks,Unforecasted Demand Spike,1679.86
20260606,25,65,115,88,27,134.26,11814.88,88.0,0.0,SNAC_NUTS_05,Snacks,Unforecasted Demand Spike,3625.02
20260606,25,84,81,63,18,42.74,2692.62,63.0,0.0,SNAC_CHOC_24,Snacks,Unforecasted Demand Spike,769.32
20260606,26,165,38,37,1,296.84,10983.08,37.0,0.0,STAP_SPIC_15,Staples,Forecast Underestimation & Buffer Shortage,296.84
20260606,28,74,185,171,14,67.1,11474.1,171.0,0.0,SNAC_CHOC_14,Snacks,Unforecasted Demand Spike,939.4
20260606,29,142,218,174,44,64.0,11136.0,174.0,0.0,FRUI_EXOT_22,Fruits & Vegetables,Unforecasted Demand Spike,2816.0
20260606,29,241,52,44,8,535.8,23575.2,44.0,0.0,BABY_DIAP_01,Baby Care,Unforecasted Demand Spike,4286.4
20260606,39,69,198,130,68,49.81,6475.3,130.0,0.0,SNAC_CHOC_09,Snacks,Unforecasted Demand Spike,3387.08
20260607,1,62,101,17,84,153.75,2613.75,17.0,0.0,SNAC_BISC_02,Snacks,Unforecasted Demand Spike,12915.0
20260607,1,266,23,18,5,106.13,1910.34,18.0,0.0,BABY_BABY_26,Baby Care,Forecast Underestimation & Buffer Shortage,530.65
20260607,2,55,98,35,63,76.58,2680.3,35.0,0.0,BEVE_WATE_25,Beverages,Unforecasted Demand Spike,4824.54
20260607,5,206,8,7,1,99.42,695.94,7.0,0.0,PERS_SOAP_26,Personal Care,Forecast Underestimation & Buffer Shortage,99.42
20260607,7,73,144,106,38,92.13,9765.78,106.0,0.0,SNAC_NAMK_13,Snacks,Unforecasted Demand Spike,3500.94
20260607,12,55,244,184,60,76.58,14090.72,184.0,0.0,BEVE_WATE_25,Beverages,Unforecasted Demand Spike,4594.8
20260607,14,84,82,44,38,42.74,1880.56,44.0,0.0,SNAC_CHOC_24,Snacks,Unforecasted Demand Spike,1624.12
20260607,16,103,29,28,1,129.06,3613.68,28.0,0.0,PACK_SAUC_13,Packaged Foods,Forecast Underestimation & Buffer Shortage,129.06
20260607,16,286,15,0,15,456.83,0.0,0.0,0.0,PET _PET _16,Pet Care,Delayed / Missing Inbound Replenishment,6852.45
20260607,17,26,62,0,62,78.21,0.0,0.0,0.0,DAIR_MILK_26,Dairy,Delayed / Missing Inbound Replenishment,4849.02
20260607,18,71,70,0,70,68.22,0.0,0.0,0.0,SNAC_CHIP_11,Snacks,Delayed / Missing Inbound Replenishment,4775.4
20260607,19,90,111,87,24,177.61,15452.07,87.0,0.0,SNAC_NUTS_30,Snacks,Unforecasted Demand Spike,4262.64
20260607,21,134,79,54,25,37.66,2033.64,54.0,0.0,FRUI_SEAS_14,Fruits & Vegetables,Unforecasted Demand Spike,941.5
20260607,21,183,13,12,1,368.48,4421.76,12.0,0.0,PERS_ORAL_03,Personal Care,Forecast Underestimation & Buffer Shortage,368.48
20260607,21,269,25,22,3,585.55,12882.1,22.0,0.0,BABY_DIAP_29,Baby Care,Forecast Underestimation & Buffer Shortage,1756.65
20260607,22,68,102,94,8,178.74,16801.56,94.0,0.0,SNAC_NAMK_08,Snacks,Unforecasted Demand Spike,1429.92
20260607,22,72,120,105,15,171.81,18040.05,105.0,0.0,SNAC_BISC_12,Snacks,Unforecasted Demand Spike,2577.15
20260607,22,80,164,126,38,109.75,13828.5,126.0,0.0,SNAC_NUTS_20,Snacks,Unforecasted Demand Spike,4170.5
20260607,22,264,28,25,3,127.0,3175.0,25.0,0.0,BABY_BABY_24,Baby Care,Forecast Underestimation & Buffer Shortage,381.0
20260607,23,190,18,16,2,76.27,1220.32,16.0,0.0,PERS_SANI_10,Personal Care,Forecast Underestimation & Buffer Shortage,152.54
20260607,23,192,8,5,3,357.65,1788.25,5.0,0.0,PERS_HAIR_12,Personal Care,Forecast Underestimation & Buffer Shortage,1072.95
20260607,25,61,131,85,46,22.63,1923.55,85.0,0.0,SNAC_CHIP_01,Snacks,Unforecasted Demand Spike,1040.98
20260607,26,22,79,72,7,53.74,3869.28,72.0,0.0,DAIR_CURD_22,Dairy,Unforecasted Demand Spike,376.18
20260607,28,74,75,0,75,67.1,0.0,0.0,0.0,SNAC_CHOC_14,Snacks,Delayed / Missing Inbound Replenishment,5032.5
20260607,29,65,144,137,7,134.26,18393.62,137.0,0.0,SNAC_NUTS_05,Snacks,Unforecasted Demand Spike,939.82
20260607,29,68,105,79,26,178.74,14120.46,79.0,0.0,SNAC_NAMK_08,Snacks,Unforecasted Demand Spike,4647.24
20260607,30,82,80,76,4,163.96,12460.96,76.0,0.0,SNAC_BISC_22,Snacks,Unforecasted Demand Spike,655.84
20260607,31,66,87,84,3,45.9,3855.6,84.0,0.0,SNAC_CHIP_06,Snacks,Unforecasted Demand Spike,137.7
20260607,34,62,91,59,32,153.75,9071.25,59.0,0.0,SNAC_BISC_02,Snacks,Unforecasted Demand Spike,4920.0
20260607,35,118,116,94,22,241.31,22683.14,94.0,0.0,PACK_SAUC_28,Packaged Foods,Unforecasted Demand Spike,5308.82
20260607,38,83,312,230,82,152.46,35065.8,230.0,0.0,SNAC_NAMK_23,Snacks,Unforecasted Demand Spike,12501.72
20260607,39,63,118,103,15,157.5,16222.5,103.0,0.0,SNAC_NAMK_03,Snacks,Unforecasted Demand Spike,2362.5
20260607,39,69,63,0,63,49.81,0.0,,,SNAC_CHOC_09,Snacks,Unforecasted Demand Spike,3138.03
20260607,40,73,144,138,6,92.13,12713.94,138.0,0.0,SNAC_NAMK_13,Snacks,Unforecasted Demand Spike,552.78
20260607,40,81,290,200,90,104.22,20844.0,200.0,0.0,SNAC_CHIP_21,Snacks,Unforecasted Demand Spike,9379.8
20260608,3,65,74,49,25,134.26,6578.74,49.0,0.0,SNAC_NUTS_05,Snacks,Unforecasted Demand Spike,3356.5
20260608,5,206,5,0,5,99.42,0.0,0.0,0.0,PERS_SOAP_26,Personal Care,Delayed / Missing Inbound Replenishment,497.1
20260608,9,83,280,213,67,152.46,32473.98,213.0,0.0,SNAC_NAMK_23,Snacks,Unforecasted Demand Spike,10214.82
20260608,14,147,50,6,44,20.9,125.4,6.0,0.0,FRUI_EXOT_27,Fruits & Vegetables,Unforecasted Demand Spike,919.6
20260608,22,262,31,22,9,373.45,8215.9,23.0,0.0,BABY_BABY_22,Baby Care,Forecast Underestimation & Buffer Shortage,3361.05
20260608,23,152,122,104,18,231.22,24046.88,104.0,0.0,STAP_RICE_02,Staples,Unforecasted Demand Spike,4161.96
20260608,29,73,111,57,54,92.13,5251.41,57.0,0.0,SNAC_NAMK_13,Snacks,Unforecasted Demand Spike,4975.02
20260608,29,224,12,6,6,131.14,786.84,6.0,0.0,HOUS_DISP_14,Household,Forecast Underestimation & Buffer Shortage,786.84
20260608,36,207,4,3,1,160.21,480.63,3.0,0.0,PERS_HAIR_27,Personal Care,Delayed / Missing Inbound Replenishment,160.21
20260608,39,278,7,6,1,408.17,2449.02,6.0,0.0,PET _PET _08,Pet Care,Forecast Underestimation & Buffer Shortage,408.17
20260608,40,68,171,109,62,178.74,19482.66,109.0,0.0,SNAC_NAMK_08,Snacks,Unforecasted Demand Spike,11081.88
20260609,2,62,64,58,6,153.75,8917.5,58.0,0.0,SNAC_BISC_02,Snacks,Unforecasted Demand Spike,922.5
20260609,16,181,29,28,1,226.19,6333.32,28.0,0.0,PERS_SOAP_01,Personal Care,Forecast Underestimation & Buffer Shortage,226.19
20260609,21,286,11,7,4,456.83,3197.81,7.0,0.0,PET _PET _16,Pet Care,Forecast Underestimation & Buffer Shortage,1827.32
20260609,22,71,56,19,37,68.22,1296.18,19.0,0.0,SNAC_CHIP_11,Snacks,Unforecasted Demand Spike,2524.14
20260609,23,63,76,58,18,157.5,9135.0,58.0,0.0,SNAC_NAMK_03,Snacks,Unforecasted Demand Spike,2835.0
20260609,29,35,56,28,28,158.37,4434.36,28.0,0.0,BEVE_WATE_05,Beverages,Unforecasted Demand Spike,4434.36
20260609,29,45,80,27,53,107.96,2914.92,27.0,0.0,BEVE_WATE_15,Beverages,Unforecasted Demand Spike,5721.88
20260609,37,236,6,4,2,87.59,350.36,4.0,0.0,HOUS_DETE_26,Household,Delayed / Missing Inbound Replenishment,175.18
20260610,23,80,232,211,21,109.75,23157.25,211.0,0.0,SNAC_NUTS_20,Snacks,Unforecasted Demand Spike,2304.75
20260610,29,61,71,34,37,22.63,769.42,34.0,0.0,SNAC_CHIP_01,Snacks,Unforecasted Demand Spike,837.31
20260612,10,128,48,34,14,101.33,3445.22,34.0,0.0,FRUI_DAIL_08,Fruits & Vegetables,Unforecasted Demand Spike,1418.62
20260612,13,239,8,3,5,128.19,384.57,3.0,0.0,HOUS_DISP_29,Household,Delayed / Missing Inbound Replenishment,640.95
20260612,22,17,91,59,32,108.57,6405.63,59.0,0.0,DAIR_CURD_17,Dairy,Unforecasted Demand Spike,3474.24
20260612,25,77,207,163,44,54.3,8850.9,163.0,0.0,SNAC_BISC_17,Snacks,Unforecasted Demand Spike,2389.2
20260612,29,205,17,14,3,130.63,1828.82,14.0,0.0,PERS_SANI_25,Personal Care,Forecast Underestimation & Buffer Shortage,391.89
20260612,29,235,16,5,11,297.9,1489.5,5.0,0.0,HOUS_REPE_25,Household,Forecast Underestimation & Buffer Shortage,3276.9
20260612,40,44,172,148,24,94.2,13941.6,148.0,0.0,BEVE_ENER_14,Beverages,Unforecasted Demand Spike,2260.8
20260613,3,143,374,221,153,48.33,10680.93,221.0,0.0,FRUI_DAIL_23,Fruits & Vegetables,Unforecasted Demand Spike,7394.49
20260613,9,221,8,5,3,209.6,1048.0,5.0,0.0,HOUS_DETE_11,Household,Forecast Underestimation & Buffer Shortage,628.8
20260613,12,114,36,32,4,58.62,1875.84,32.0,0.0,PACK_BREA_24,Packaged Foods,Forecast Underestimation & Buffer Shortage,234.48
20260613,22,211,14,13,1,194.68,2530.84,13.0,0.0,HOUS_DETE_01,Household,Forecast Underestimation & Buffer Shortage,194.68
20260613,24,112,60,49,11,51.88,2542.12,49.0,0.0,PACK_PAST_22,Packaged Foods,Unforecasted Demand Spike,570.68
20260613,29,108,36,32,4,194.33,6218.56,32.0,0.0,PACK_SAUC_18,Packaged Foods,Forecast Underestimation & Buffer Shortage,777.32
20260613,29,205,7,0,7,130.63,0.0,0.0,0.0,PERS_SANI_25,Personal Care,Delayed / Missing Inbound Replenishment,914.41
20260613,29,242,181,150,31,531.47,79720.5,150.0,0.0,BABY_BABY_02,Baby Care,Unforecasted Demand Spike,16475.57
20260613,35,1,306,270,36,95.23,25712.1,270.0,0.0,DAIR_MILK_01,Dairy,Unforecasted Demand Spike,3428.28
20260614,3,2,79,78,1,47.2,3681.6,78.0,0.0,DAIR_CURD_02,Dairy,Unforecasted Demand Spike,47.2
20260614,3,295,43,38,5,153.09,5817.42,38.0,0.0,PET _DOG _25,Pet Care,Unforecasted Demand Spike,765.45
20260614,5,109,59,40,19,206.34,8253.6,40.0,0.0,PACK_BREA_19,Packaged Foods,Unforecasted Demand Spike,3920.46
20260614,5,261,17,12,5,419.38,5032.56,12.0,0.0,BABY_DIAP_21,Baby Care,Forecast Underestimation & Buffer Shortage,2096.9
20260614,10,287,5,0,5,342.13,0.0,0.0,0.0,PET _DOG _17,Pet Care,Delayed / Missing Inbound Replenishment,1710.65
20260614,14,118,48,33,15,241.31,7963.23,33.0,0.0,PACK_SAUC_28,Packaged Foods,Unforecasted Demand Spike,3619.65
20260614,17,126,81,70,11,64.66,4526.2,70.0,0.0,FRUI_FRES_06,Fruits & Vegetables,Unforecasted Demand Spike,711.26
20260614,17,191,15,11,4,184.94,2034.34,11.0,0.0,PERS_SOAP_11,Personal Care,Forecast Underestimation & Buffer Shortage,739.76
20260614,19,41,79,60,19,104.58,6274.8,60.0,0.0,BEVE_JUIC_11,Beverages,Unforecasted Demand Spike,1987.02
20260614,19,194,15,11,4,365.21,4017.31,11.0,0.0,PERS_SKIN_14,Personal Care,Forecast Underestimation & Buffer Shortage,1460.84
20260614,23,144,95,8,87,40.24,321.92,8.0,0.0,FRUI_SEAS_24,Fruits & Vegetables,Unforecasted Demand Spike,3500.88
20260614,26,121,98,21,77,26.81,563.01,21.0,0.0,FRUI_FRES_01,Fruits & Vegetables,Unforecasted Demand Spike,2064.37
20260614,26,179,49,42,7,497.99,20915.58,42.0,0.0,STAP_EDIB_29,Staples,Unforecasted Demand Spike,3485.93
20260614,28,108,24,23,1,194.33,4469.59,23.0,0.0,PACK_SAUC_18,Packaged Foods,Forecast Underestimation & Buffer Shortage,194.33
20260614,29,81,110,95,15,104.22,9900.9,95.0,0.0,SNAC_CHIP_21,Snacks,Unforecasted Demand Spike,1563.3
20260614,29,185,40,33,7,218.07,7196.31,33.0,0.0,PERS_SANI_05,Personal Care,Forecast Underestimation & Buffer Shortage,1526.49
20260614,29,212,14,10,4,148.46,1484.6,10.0,0.0,HOUS_DISH_02,Household,Forecast Underestimation & Buffer Shortage,593.84
20260614,29,246,51,41,10,162.35,6656.35,41.0,0.0,BABY_BABY_06,Baby Care,Unforecasted Demand Spike,1623.5
20260614,39,248,36,32,4,475.65,15220.8,32.0,0.0,BABY_BABY_08,Baby Care,Forecast Underestimation & Buffer Shortage,1902.6
20260614,40,54,95,88,7,85.37,7512.56,88.0,0.0,BEVE_ENER_24,Beverages,Unforecasted Demand Spike,597.59
20260615,5,287,3,0,3,342.13,0.0,0.0,0.0,PET _DOG _17,Pet Care,Delayed / Missing Inbound Replenishment,1026.39
20260615,10,208,9,7,2,249.0,1743.0,7.0,0.0,PERS_ORAL_28,Personal Care,Forecast Underestimation & Buffer Shortage,498.0
20260615,15,126,40,15,25,64.66,969.9,15.0,0.0,FRUI_FRES_06,Fruits & Vegetables,Forecast Underestimation & Buffer Shortage,1616.5
20260615,22,45,79,0,79,107.96,0.0,0.0,0.0,BEVE_WATE_15,Beverages,Delayed / Missing Inbound Replenishment,8528.84
20260615,22,160,38,20,18,181.06,3621.2,20.0,0.0,STAP_SPIC_10,Staples,Forecast Underestimation & Buffer Shortage,3259.08
20260615,22,296,12,10,2,84.64,846.4,10.0,0.0,PET _CAT _26,Pet Care,Forecast Underestimation & Buffer Shortage,169.28
20260615,25,272,5,4,1,569.34,2277.36,4.0,0.0,PET _CAT _02,Pet Care,Delayed / Missing Inbound Replenishment,569.34
20260615,26,54,63,59,4,85.37,5036.83,59.0,0.0,BEVE_ENER_24,Beverages,Unforecasted Demand Spike,341.48
20260615,26,243,16,9,7,536.66,4829.94,9.0,0.0,BABY_BABY_03,Baby Care,Forecast Underestimation & Buffer Shortage,3756.62
20260615,29,90,60,58,2,177.61,10301.38,58.0,0.0,SNAC_NUTS_30,Snacks,Unforecasted Demand Spike,355.22
20260615,29,185,12,0,12,218.07,0.0,0.0,0.0,PERS_SANI_05,Personal Care,Delayed / Missing Inbound Replenishment,2616.84
20260615,29,229,30,18,12,147.62,2657.16,18.0,0.0,HOUS_DISP_19,Household,Forecast Underestimation & Buffer Shortage,1771.44
20260615,30,50,27,19,8,119.26,2265.94,19.0,0.0,BEVE_WATE_20,Beverages,Forecast Underestimation & Buffer Shortage,954.08
20260615,35,206,6,5,1,99.42,497.1,5.0,0.0,PERS_SOAP_26,Personal Care,Forecast Underestimation & Buffer Shortage,99.42
20260616,22,35,59,56,3,158.37,8868.72,56.0,0.0,BEVE_WATE_05,Beverages,Unforecasted Demand Spike,475.11
20260616,23,281,3,2,1,208.33,416.66,2.0,0.0,PET _PET _11,Pet Care,Delayed / Missing Inbound Replenishment,208.33
20260617,18,50,34,24,10,119.26,2862.24,24.0,0.0,BEVE_WATE_20,Beverages,Forecast Underestimation & Buffer Shortage,1192.6
20260617,22,166,22,4,18,248.86,995.44,4.0,0.0,STAP_ATTA_16,Staples,Delayed / Missing Inbound Replenishment,4479.48
20260618,2,110,35,28,7,43.46,1216.88,28.0,0.0,PACK_READ_20,Packaged Foods,Forecast Underestimation & Buffer Shortage,304.22
20260618,19,259,54,35,19,361.83,12664.05,35.0,0.0,BABY_BABY_19,Baby Care,Unforecasted Demand Spike,6874.77
20260619,23,209,22,21,1,108.95,2287.95,21.0,0.0,PERS_SKIN_29,Personal Care,Forecast Underestimation & Buffer Shortage,108.95
20260619,29,15,257,232,25,51.04,11841.28,232.0,0.0,DAIR_PANE_15,Dairy,Unforecasted Demand Spike,1276.0
20260619,35,27,209,192,17,103.33,19839.36,192.0,0.0,DAIR_CURD_27,Dairy,Unforecasted Demand Spike,1756.61
20260620,2,165,36,34,2,296.84,10092.56,34.0,0.0,STAP_SPIC_15,Staples,Forecast Underestimation & Buffer Shortage,593.68
20260620,12,285,36,35,1,503.9,17636.5,35.0,0.0,PET _PET _15,Pet Care,Forecast Underestimation & Buffer Shortage,503.9
20260620,18,44,197,156,41,94.2,14695.2,156.0,0.0,BEVE_ENER_14,Beverages,Unforecasted Demand Spike,3862.2
20260620,21,172,37,31,6,441.39,13683.09,32.0,0.0,STAP_RICE_22,Staples,Forecast Underestimation & Buffer Shortage,2648.34
20260620,22,2,96,94,2,47.2,4436.8,94.0,0.0,DAIR_CURD_02,Dairy,Unforecasted Demand Spike,94.4
20260620,22,13,356,231,125,121.24,28006.44,231.0,0.0,DAIR_BUTT_13,Dairy,Unforecasted Demand Spike,15155.0
20260620,22,161,95,76,19,425.67,32350.92,76.0,0.0,STAP_ATTA_11,Staples,Unforecasted Demand Spike,8087.73
20260620,23,159,46,45,1,560.31,25213.95,45.0,0.0,STAP_EDIB_09,Staples,Unforecasted Demand Spike,560.31
20260620,23,209,7,0,7,108.95,0.0,0.0,0.0,PERS_SKIN_29,Personal Care,Delayed / Missing Inbound Replenishment,762.65
20260620,28,74,57,24,33,67.1,1610.4,24.0,0.0,SNAC_CHOC_14,Snacks,Unforecasted Demand Spike,2214.3
20260620,29,57,94,92,2,123.8,11389.6,92.0,0.0,BEVE_COLD_27,Beverages,Unforecasted Demand Spike,247.6
20260620,29,270,23,18,5,593.12,10676.16,18.0,0.0,BABY_BABY_30,Baby Care,Forecast Underestimation & Buffer Shortage,2965.6
20260620,39,99,55,54,1,156.42,8446.68,54.0,0.0,PACK_BREA_09,Packaged Foods,Unforecasted Demand Spike,156.42
20260620,39,202,41,38,3,60.61,2303.18,38.0,0.0,PERS_HAIR_22,Personal Care,Unforecasted Demand Spike,181.83
20260621,2,112,27,25,2,51.88,1297.0,25.0,0.0,PACK_PAST_22,Packaged Foods,Forecast Underestimation & Buffer Shortage,103.76
20260621,2,187,9,8,1,341.21,2729.68,8.0,0.0,PERS_HAIR_07,Personal Care,Forecast Underestimation & Buffer Shortage,341.21
20260621,6,75,38,24,14,85.91,2061.84,24.0,0.0,SNAC_NUTS_15,Snacks,Forecast Underestimation & Buffer Shortage,1202.74
20260621,7,66,92,66,26,45.9,3029.4,66.0,0.0,SNAC_CHIP_06,Snacks,Unforecasted Demand Spike,1193.4
20260621,7,85,50,48,2,172.15,8263.2,48.0,0.0,SNAC_NUTS_25,Snacks,Unforecasted Demand Spike,344.3
20260621,9,181,16,8,8,226.19,1809.52,8.0,0.0,PERS_SOAP_01,Personal Care,Forecast Underestimation & Buffer Shortage,1809.52
20260621,10,228,13,10,3,213.73,2137.3,10.0,0.0,HOUS_CLEA_18,Household,Forecast Underestimation & Buffer Shortage,641.19
20260621,13,20,249,191,58,139.53,26650.23,191.0,0.0,DAIR_PANE_20,Dairy,Unforecasted Demand Spike,8092.74
20260621,14,272,7,5,2,569.34,2846.7,7.0,0.0,PET _CAT _02,Pet Care,Forecast Underestimation & Buffer Shortage,1138.68
20260621,16,153,30,29,1,262.16,7602.64,29.0,0.0,STAP_DALS_03,Staples,Forecast Underestimation & Buffer Shortage,262.16
20260621,21,66,245,162,83,45.9,7435.8,162.0,0.0,SNAC_CHIP_06,Snacks,Unforecasted Demand Spike,3809.7
20260621,21,80,109,96,13,109.75,10536.0,96.0,0.0,SNAC_NUTS_20,Snacks,Unforecasted Demand Spike,1426.75
20260621,21,160,44,36,8,181.06,6518.16,36.0,0.0,STAP_SPIC_10,Staples,Unforecasted Demand Spike,1448.48
20260621,23,98,27,14,13,222.22,3111.08,14.0,0.0,PACK_SAUC_08,Packaged Foods,Forecast Underestimation & Buffer Shortage,2888.86
20260621,23,107,36,20,16,60.31,1206.2,20.0,0.0,PACK_PAST_17,Packaged Foods,Forecast Underestimation & Buffer Shortage,964.96
20260621,23,209,6,0,6,108.95,0.0,0.0,0.0,PERS_SKIN_29,Personal Care,Delayed / Missing Inbound Replenishment,653.7
20260621,25,43,353,344,9,43.03,14802.32,344.0,0.0,BEVE_TEA _13,Beverages,Unforecasted Demand Spike,387.27
20260621,25,121,88,30,58,26.81,804.3,30.0,0.0,FRUI_FRES_01,Fruits & Vegetables,Unforecasted Demand Spike,1554.98
20260621,26,20,343,306,37,139.53,42696.18,306.0,0.0,DAIR_PANE_20,Dairy,Unforecasted Demand Spike,5162.61
20260621,26,28,54,49,5,39.17,1919.33,49.0,0.0,DAIR_BUTT_28,Dairy,Unforecasted Demand Spike,195.85
20260621,26,184,11,7,4,343.84,2406.88,7.0,0.0,PERS_SKIN_04,Personal Care,Forecast Underestimation & Buffer Shortage,1375.36
20260621,29,77,87,57,30,54.3,3095.1,57.0,0.0,SNAC_BISC_17,Snacks,Unforecasted Demand Spike,1629.0
20260621,29,188,7,5,2,169.27,846.35,5.0,0.0,PERS_ORAL_08,Personal Care,Forecast Underestimation & Buffer Shortage,338.54
20260621,39,29,60,47,13,229.45,10784.15,47.0,0.0,DAIR_CHEE_29,Dairy,Unforecasted Demand Spike,2982.85
20260621,40,13,223,185,38,121.24,22429.4,185.0,0.0,DAIR_BUTT_13,Dairy,Unforecasted Demand Spike,4607.12
20260621,40,66,85,76,9,45.9,3488.4,76.0,0.0,SNAC_CHIP_06,Snacks,Unforecasted Demand Spike,413.1
20260622,10,179,33,4,29,497.99,1991.96,4.0,0.0,STAP_EDIB_29,Staples,Delayed / Missing Inbound Replenishment,14441.71
20260622,13,215,7,0,7,69.23,0.0,0.0,0.0,HOUS_REPE_05,Household,Delayed / Missing Inbound Replenishment,484.61
20260622,14,38,60,53,7,48.32,2560.96,53.0,0.0,BEVE_TEA _08,Beverages,Unforecasted Demand Spike,338.24
20260622,14,93,25,21,4,62.66,1315.86,23.0,0.0,PACK_SAUC_03,Packaged Foods,Forecast Underestimation & Buffer Shortage,250.64
20260622,16,103,54,53,1,129.06,6840.18,53.0,0.0,PACK_SAUC_13,Packaged Foods,Unforecasted Demand Spike,129.06
20260622,17,104,40,36,4,98.3,3538.8,36.0,0.0,PACK_BREA_14,Packaged Foods,Forecast Underestimation & Buffer Shortage,393.2
20260622,21,290,4,3,1,240.2,720.6,3.0,0.0,PET _PET _20,Pet Care,Delayed / Missing Inbound Replenishment,240.2
20260622,22,19,82,74,8,189.48,14021.52,74.0,0.0,DAIR_CHEE_19,Dairy,Unforecasted Demand Spike,1515.84
20260622,22,192,5,3,2,357.65,1072.95,3.0,0.0,PERS_HAIR_12,Personal Care,Delayed / Missing Inbound Replenishment,715.3
20260622,22,222,9,5,4,214.26,1071.3,5.0,0.0,HOUS_DISH_12,Household,Forecast Underestimation & Buffer Shortage,857.04
20260622,23,107,24,0,24,60.31,0.0,0.0,0.0,PACK_PAST_17,Packaged Foods,Delayed / Missing Inbound Replenishment,1447.44
20260622,29,114,28,23,5,58.62,1348.26,23.0,0.0,PACK_BREA_24,Packaged Foods,Forecast Underestimation & Buffer Shortage,293.1
20260622,29,168,30,22,8,166.75,3668.5,22.0,0.0,STAP_DALS_18,Staples,Forecast Underestimation & Buffer Shortage,1334.0
20260622,31,191,8,7,1,184.94,1294.58,7.0,0.0,PERS_SOAP_11,Personal Care,Forecast Underestimation & Buffer Shortage,184.94
20260622,39,16,40,28,12,137.79,3858.12,28.0,0.0,DAIR_MILK_16,Dairy,Forecast Underestimation & Buffer Shortage,1653.48
20260623,17,100,91,84,7,109.11,9165.24,84.0,0.0,PACK_READ_10,Packaged Foods,Unforecasted Demand Spike,763.77
20260623,26,89,38,30,8,50.88,1526.4,30.0,0.0,SNAC_CHOC_29,Snacks,Forecast Underestimation & Buffer Shortage,407.04
20260624,22,59,43,42,1,48.81,2050.02,42.0,0.0,BEVE_ENER_29,Beverages,Unforecasted Demand Spike,48.81
20260625,22,51,46,22,24,82.5,1815.0,22.0,0.0,BEVE_JUIC_21,Beverages,Unforecasted Demand Spike,1980.0
20260625,23,273,4,3,1,256.39,769.17,3.0,0.0,PET _PET _03,Pet Care,Delayed / Missing Inbound Replenishment,256.39
20260626,9,219,13,9,4,246.3,2216.7,9.0,0.0,HOUS_DISP_09,Household,Forecast Underestimation & Buffer Shortage,985.2
20260626,28,203,9,6,3,316.94,1901.64,6.0,0.0,PERS_ORAL_23,Personal Care,Forecast Underestimation & Buffer Shortage,950.82
20260626,29,219,54,31,23,246.3,7635.3,31.0,0.0,HOUS_DISP_09,Household,Unforecasted Demand Spike,5664.9
20260626,35,198,39,33,6,51.82,1710.06,33.0,0.0,PERS_ORAL_18,Personal Care,Forecast Underestimation & Buffer Shortage,310.92
20260627,7,200,29,28,1,118.26,3311.28,28.0,0.0,PERS_SANI_20,Personal Care,Forecast Underestimation & Buffer Shortage,118.26
20260627,10,77,253,249,4,54.3,13520.7,249.0,0.0,SNAC_BISC_17,Snacks,Unforecasted Demand Spike,217.2
20260627,10,200,10,9,1,118.26,1064.34,9.0,0.0,PERS_SANI_20,Personal Care,Forecast Underestimation & Buffer Shortage,118.26
20260627,12,260,41,35,6,105.12,3679.2,35.0,0.0,BABY_BABY_20,Baby Care,Unforecasted Demand Spike,630.72
20260627,14,146,175,152,23,35.06,5329.12,152.0,0.0,FRUI_FRES_26,Fruits & Vegetables,Unforecasted Demand Spike,806.38
20260627,18,28,41,14,27,39.17,548.38,14.0,0.0,DAIR_BUTT_28,Dairy,Unforecasted Demand Spike,1057.59
20260627,19,209,8,7,1,108.95,762.65,7.0,0.0,PERS_SKIN_29,Personal Care,Forecast Underestimation & Buffer Shortage,108.95
20260627,19,223,28,25,3,209.86,5246.5,25.0,0.0,HOUS_CLEA_13,Household,Forecast Underestimation & Buffer Shortage,629.58
20260627,22,231,10,9,1,259.78,2338.02,9.0,0.0,HOUS_DETE_21,Household,Forecast Underestimation & Buffer Shortage,259.78
20260627,22,264,30,27,3,127.0,3429.0,27.0,0.0,BABY_BABY_24,Baby Care,Forecast Underestimation & Buffer Shortage,381.0
20260627,22,295,18,11,7,153.09,1683.99,11.0,0.0,PET _DOG _25,Pet Care,Forecast Underestimation & Buffer Shortage,1071.63
20260627,23,181,47,29,18,226.19,6559.51,29.0,0.0,PERS_SOAP_01,Personal Care,Unforecasted Demand Spike,4071.42
20260627,23,244,134,122,12,106.9,13041.8,122.0,0.0,BABY_BABY_04,Baby Care,Unforecasted Demand Spike,1282.8
20260627,25,2,290,269,21,47.2,12696.8,81.0,188.0,DAIR_CURD_02,Dairy,Unforecasted Demand Spike,991.2
20260627,26,82,78,70,8,163.96,11477.2,70.0,0.0,SNAC_BISC_22,Snacks,Unforecasted Demand Spike,1311.68
20260627,26,156,48,24,24,342.35,8216.4,24.0,0.0,STAP_ATTA_06,Staples,Unforecasted Demand Spike,8216.4
20260627,29,208,17,7,10,249.0,1743.0,7.0,0.0,PERS_ORAL_28,Personal Care,Forecast Underestimation & Buffer Shortage,2490.0
20260627,39,129,181,161,20,73.51,11835.11,161.0,0.0,FRUI_SEAS_09,Fruits & Vegetables,Unforecasted Demand Spike,1470.2
20260628,1,203,11,9,2,316.94,2852.46,9.0,0.0,PERS_ORAL_23,Personal Care,Forecast Underestimation & Buffer Shortage,633.88
20260628,3,92,41,39,2,52.51,2047.89,39.0,0.0,PACK_PAST_02,Packaged Foods,Unforecasted Demand Spike,105.02
20260628,8,226,15,14,1,300.71,4209.94,14.0,0.0,HOUS_DETE_16,Household,Forecast Underestimation & Buffer Shortage,300.71
20260628,12,52,144,121,23,138.55,16764.55,121.0,0.0,BEVE_COLD_22,Beverages,Unforecasted Demand Spike,3186.65
20260628,12,198,33,31,2,51.82,1606.42,31.0,0.0,PERS_ORAL_18,Personal Care,Forecast Underestimation & Buffer Shortage,103.64
20260628,16,64,122,98,24,46.19,4526.62,98.0,0.0,SNAC_CHOC_04,Snacks,Unforecasted Demand Spike,1108.56
20260628,16,127,82,35,47,116.97,4093.95,35.0,0.0,FRUI_EXOT_07,Fruits & Vegetables,Unforecasted Demand Spike,5497.59
20260628,19,266,24,15,9,106.13,1591.95,15.0,0.0,BABY_BABY_26,Baby Care,Forecast Underestimation & Buffer Shortage,955.17
20260628,21,32,356,295,61,101.75,30016.25,295.0,0.0,BEVE_COLD_02,Beverages,Unforecasted Demand Spike,6206.75
20260628,21,212,38,37,1,148.46,5493.02,37.0,0.0,HOUS_DISH_02,Household,Forecast Underestimation & Buffer Shortage,148.46
20260628,23,46,114,110,4,32.07,3527.7,110.0,0.0,BEVE_JUIC_16,Beverages,Unforecasted Demand Spike,128.28
20260628,23,131,227,200,27,100.09,20018.0,200.0,0.0,FRUI_FRES_11,Fruits & Vegetables,Unforecasted Demand Spike,2702.43
20260628,23,185,14,7,7,218.07,1526.49,7.0,0.0,PERS_SANI_05,Personal Care,Forecast Underestimation & Buffer Shortage,1526.49
20260628,26,261,63,58,5,419.38,24324.04,58.0,0.0,BABY_DIAP_21,Baby Care,Unforecasted Demand Spike,2096.9
20260628,28,99,25,23,2,156.42,3597.66,23.0,0.0,PACK_BREA_09,Packaged Foods,Forecast Underestimation & Buffer Shortage,312.84
20260628,29,73,128,120,8,92.13,11055.6,120.0,0.0,SNAC_NAMK_13,Snacks,Unforecasted Demand Spike,737.04
20260628,29,136,52,9,43,104.61,941.49,9.0,0.0,FRUI_FRES_16,Fruits & Vegetables,Unforecasted Demand Spike,4498.23
20260628,29,280,19,16,3,252.36,4037.76,16.0,0.0,PET _CAT _10,Pet Care,Forecast Underestimation & Buffer Shortage,757.08
20260628,29,298,38,35,3,544.35,19052.25,35.0,0.0,PET _PET _28,Pet Care,Forecast Underestimation & Buffer Shortage,1633.05
20260628,35,48,67,32,35,54.7,1750.4,32.0,0.0,BEVE_TEA _18,Beverages,Unforecasted Demand Spike,1914.5
20260628,39,107,31,29,2,60.31,1748.99,29.0,0.0,PACK_PAST_17,Packaged Foods,Forecast Underestimation & Buffer Shortage,120.62
20260628,40,94,31,25,6,81.81,2045.25,25.0,0.0,PACK_BREA_04,Packaged Foods,Forecast Underestimation & Buffer Shortage,490.86
20260628,40,161,24,20,4,425.67,8513.4,20.0,0.0,STAP_ATTA_11,Staples,Forecast Underestimation & Buffer Shortage,1702.68
20260629,1,154,24,14,10,215.59,3018.26,14.0,0.0,STAP_EDIB_04,Staples,Forecast Underestimation & Buffer Shortage,2155.9
20260629,9,88,57,53,4,137.62,7293.86,53.0,0.0,SNAC_NAMK_28,Snacks,Unforecasted Demand Spike,550.48
20260629,10,106,29,22,7,210.34,4627.48,22.0,0.0,PACK_NOOD_16,Packaged Foods,Forecast Underestimation & Buffer Shortage,1472.38
20260629,10,235,10,9,1,297.9,2681.1,9.0,0.0,HOUS_REPE_25,Household,Forecast Underestimation & Buffer Shortage,297.9
20260629,16,258,18,16,2,552.29,8836.64,16.0,0.0,BABY_BABY_18,Baby Care,Forecast Underestimation & Buffer Shortage,1104.58
20260629,17,85,35,28,7,172.15,4820.2,28.0,0.0,SNAC_NUTS_25,Snacks,Forecast Underestimation & Buffer Shortage,1205.05
20260629,21,212,7,0,7,148.46,0.0,0.0,0.0,HOUS_DISH_02,Household,Delayed / Missing Inbound Replenishment,1039.22
20260629,22,282,6,2,4,378.42,756.84,2.0,0.0,PET _PET _12,Pet Care,Delayed / Missing Inbound Replenishment,1513.68
20260629,23,17,183,147,36,108.57,15959.79,147.0,0.0,DAIR_CURD_17,Dairy,Unforecasted Demand Spike,3908.52
20260629,25,30,62,13,49,165.95,2157.35,13.0,0.0,DAIR_PANE_30,Dairy,Unforecasted Demand Spike,8131.55
20260629,26,261,16,0,16,419.38,0.0,0.0,0.0,BABY_DIAP_21,Baby Care,Delayed / Missing Inbound Replenishment,6710.08
