transfer_id,city_id,source_store_id,source_store_name,destination_store_id,destination_store_name,sku_id,sku_name,category,recommended_quantity,source_doc_before,source_doc_after,destination_doc_before,destination_doc_after,destination_risk_score,hours_to_stockout,transfer_distance_km,transfer_cost,projected_source_stock,projected_destination_stock,estimated_lost_sales_avoided,reason
1,2,15,DEL_DS_05,16,DEL_DS_06,35,BEVE_WATE_05,Beverages,204,7.68,3.26,0.0,2.51,100,0.0,4.65,26.98,150,204,25814.31,Destination projected to breach safety stock within 0.0h (DoC: 0.0d). Source retains surplus stock above protection threshold (Post-transfer DoC: 3.3d). Distance is 4.7km within configured limit.
2,4,33,HYD_DS_03,35,HYD_DS_05,61,SNAC_CHIP_01,Snacks,240,16.55,11.41,0.17,3.27,95,3.1,2.64,23.95,532,253,3507.65,Destination projected to breach safety stock within 3.1h (DoC: 0.2d). Source retains surplus stock above protection threshold (Post-transfer DoC: 11.4d). Distance is 2.6km within configured limit.
3,3,21,MUM_DS_01,25,MUM_DS_05,30,DAIR_PANE_30,Dairy,120,4.62,3.1,0.0,1.34,92,0.0,8.62,32.93,243,120,19914.0,Destination projected to breach safety stock within 0.0h (DoC: 0.0d). Source retains surplus stock above protection threshold (Post-transfer DoC: 3.1d). Distance is 8.6km within configured limit.
4,4,33,HYD_DS_03,35,HYD_DS_05,257,BABY_DIAP_17,Baby Care,126,14.56,8.7,0.0,3.37,92,0.0,2.64,23.95,187,126,25417.5,Destination projected to breach safety stock within 0.0h (DoC: 0.0d). Source retains surplus stock above protection threshold (Post-transfer DoC: 8.7d). Distance is 2.6km within configured limit.
5,1,4,BEN_DS_04,1,BEN_DS_01,154,STAP_EDIB_04,Staples,132,13.18,8.22,0.0,3.51,92,0.0,1.33,22.0,219,132,16384.84,Destination projected to breach safety stock within 0.0h (DoC: 0.0d). Source retains surplus stock above protection threshold (Post-transfer DoC: 8.2d). Distance is 1.3km within configured limit.
6,3,29,MUM_DS_09,21,MUM_DS_01,27,DAIR_CURD_27,Dairy,232,9.6,6.45,0.0,3.49,92,0.0,7.23,30.85,475,232,13742.89,Destination projected to breach safety stock within 0.0h (DoC: 0.0d). Source retains surplus stock above protection threshold (Post-transfer DoC: 6.5d). Distance is 7.2km within configured limit.
7,2,13,DEL_DS_03,19,DEL_DS_09,46,BEVE_JUIC_16,Beverages,240,6.97,3.03,0.0,2.48,92,0.0,1.71,22.57,185,240,6221.58,Destination projected to breach safety stock within 0.0h (DoC: 0.0d). Source retains surplus stock above protection threshold (Post-transfer DoC: 3.0d). Distance is 1.7km within configured limit.
8,3,26,MUM_DS_06,22,MUM_DS_02,63,SNAC_NAMK_03,Snacks,256,11.55,8.04,0.24,3.42,89,4.3,7.34,31.01,587,275,25357.5,Destination projected to breach safety stock within 4.3h (DoC: 0.2d). Source retains surplus stock above protection threshold (Post-transfer DoC: 8.0d). Distance is 7.3km within configured limit.
9,1,2,BEN_DS_02,3,BEN_DS_03,96,PACK_NOOD_06,Packaged Foods,84,7.15,4.41,0.11,3.14,86,2.0,4.77,27.16,135,87,10117.52,Destination projected to breach safety stock within 2.0h (DoC: 0.1d). Source retains surplus stock above protection threshold (Post-transfer DoC: 4.4d). Distance is 4.8km within configured limit.
10,3,25,MUM_DS_05,29,MUM_DS_09,203,PERS_ORAL_23,Personal Care,30,13.75,10.0,0.0,3.16,86,0.0,4.46,26.69,80,30,6021.86,Destination projected to breach safety stock within 0.0h (DoC: 0.0d). Source retains surplus stock above protection threshold (Post-transfer DoC: 10.0d). Distance is 4.5km within configured limit.
11,2,13,DEL_DS_03,14,DEL_DS_04,237,HOUS_DISH_27,Household,28,8.02,3.62,0.0,3.38,86,0.0,9.45,34.17,23,28,4071.84,Destination projected to breach safety stock within 0.0h (DoC: 0.0d). Source retains surplus stock above protection threshold (Post-transfer DoC: 3.6d). Distance is 9.4km within configured limit.
12,2,15,DEL_DS_05,16,DEL_DS_06,252,BABY_BABY_12,Baby Care,136,22.15,16.95,0.15,3.45,85,2.7,4.65,26.98,443,142,49797.51,Destination projected to breach safety stock within 2.7h (DoC: 0.1d). Source retains surplus stock above protection threshold (Post-transfer DoC: 16.9d). Distance is 4.7km within configured limit.
13,4,39,HYD_DS_09,32,HYD_DS_02,155,STAP_SPIC_05,Staples,52,22.31,19.29,0.31,3.55,85,5.6,2.84,24.27,332,57,14633.85,Destination projected to breach safety stock within 5.6h (DoC: 0.3d). Source retains surplus stock above protection threshold (Post-transfer DoC: 19.3d). Distance is 2.8km within configured limit.
14,4,38,HYD_DS_08,39,HYD_DS_09,80,SNAC_NUTS_20,Snacks,276,8.38,3.5,0.12,3.5,84,2.2,1.62,22.43,198,286,17999.0,Destination projected to breach safety stock within 2.2h (DoC: 0.1d). Source retains surplus stock above protection threshold (Post-transfer DoC: 3.5d). Distance is 1.6km within configured limit.
15,1,4,BEN_DS_04,1,BEN_DS_01,257,BABY_DIAP_17,Baby Care,48,5.25,4.01,0.26,1.51,83,4.7,1.33,22.0,155,58,16267.2,Destination projected to breach safety stock within 4.7h (DoC: 0.3d). Source retains surplus stock above protection threshold (Post-transfer DoC: 4.0d). Distance is 1.3km within configured limit.
16,3,24,MUM_DS_04,22,MUM_DS_02,219,HOUS_DISP_09,Household,48,19.48,14.32,0.07,3.38,83,1.3,6.53,29.79,133,49,7142.7,Destination projected to breach safety stock within 1.3h (DoC: 0.1d). Source retains surplus stock above protection threshold (Post-transfer DoC: 14.3d). Distance is 6.5km within configured limit.
17,2,18,DEL_DS_08,12,DEL_DS_02,122,FRUI_EXOT_02,Fruits & Vegetables,248,9.66,5.76,0.4,3.49,82,7.2,0.72,21.08,366,280,18025.56,Destination projected to breach safety stock within 7.2h (DoC: 0.4d). Source retains surplus stock above protection threshold (Post-transfer DoC: 5.8d). Distance is 0.7km within configured limit.
18,2,16,DEL_DS_06,14,DEL_DS_04,169,STAP_EDIB_19,Staples,84,8.53,5.1,0.34,3.52,82,6.1,7.3,30.96,125,93,16537.59,Destination projected to breach safety stock within 6.1h (DoC: 0.3d). Source retains surplus stock above protection threshold (Post-transfer DoC: 5.1d). Distance is 7.3km within configured limit.
19,2,13,DEL_DS_03,19,DEL_DS_09,66,SNAC_CHIP_06,Snacks,200,6.87,2.97,0.3,2.83,82,5.4,1.71,22.57,152,224,7298.1,Destination projected to breach safety stock within 5.4h (DoC: 0.3d). Source retains surplus stock above protection threshold (Post-transfer DoC: 3.0d). Distance is 1.7km within configured limit.
20,1,9,BEN_DS_09,8,BEN_DS_08,65,SNAC_NUTS_05,Snacks,120,4.78,3.02,0.33,2.21,81,5.9,2.21,23.31,207,141,16111.2,Destination projected to breach safety stock within 5.9h (DoC: 0.3d). Source retains surplus stock above protection threshold (Post-transfer DoC: 3.0d). Distance is 2.2km within configured limit.
21,4,33,HYD_DS_03,35,HYD_DS_05,191,PERS_SOAP_11,Personal Care,24,10.54,7.21,0.09,2.19,81,1.6,2.64,23.95,52,25,4253.62,Destination projected to breach safety stock within 1.6h (DoC: 0.1d). Source retains surplus stock above protection threshold (Post-transfer DoC: 7.2d). Distance is 2.6km within configured limit.
22,1,6,BEN_DS_06,9,BEN_DS_09,267,BABY_BABY_27,Baby Care,60,6.73,3.19,0.32,2.71,80,5.8,2.25,23.37,54,68,10547.82,Destination projected to breach safety stock within 5.8h (DoC: 0.3d). Source retains surplus stock above protection threshold (Post-transfer DoC: 3.2d). Distance is 2.2km within configured limit.
23,3,23,MUM_DS_03,22,MUM_DS_02,84,SNAC_CHOC_24,Snacks,72,4.47,3.03,0.15,1.48,78,2.7,5.8,28.7,152,80,3077.28,Destination projected to breach safety stock within 2.7h (DoC: 0.1d). Source retains surplus stock above protection threshold (Post-transfer DoC: 3.0d). Distance is 5.8km within configured limit.
24,3,29,MUM_DS_09,21,MUM_DS_01,166,STAP_ATTA_16,Staples,72,15.36,12.72,0.41,3.34,76,7.4,7.23,30.85,346,82,12443.0,Destination projected to breach safety stock within 7.4h (DoC: 0.4d). Source retains surplus stock above protection threshold (Post-transfer DoC: 12.7d). Distance is 7.2km within configured limit.
25,3,25,MUM_DS_05,29,MUM_DS_09,158,STAP_DALS_08,Staples,30,4.27,3.29,0.33,1.14,76,5.9,4.46,26.69,101,42,1963.5,Destination projected to breach safety stock within 5.9h (DoC: 0.3d). Source retains surplus stock above protection threshold (Post-transfer DoC: 3.3d). Distance is 4.5km within configured limit.
26,3,25,MUM_DS_05,29,MUM_DS_09,41,BEVE_JUIC_11,Beverages,144,5.87,3.52,0.38,2.46,73,6.8,4.46,26.69,215,170,14536.62,Destination projected to breach safety stock within 6.8h (DoC: 0.4d). Source retains surplus stock above protection threshold (Post-transfer DoC: 3.5d). Distance is 4.5km within configured limit.
27,3,23,MUM_DS_03,22,MUM_DS_02,36,BEVE_JUIC_06,Beverages,54,4.06,2.99,0.98,1.8,73,17.6,5.8,28.7,152,119,5256.36,Destination projected to breach safety stock within 17.6h (DoC: 1.0d). Source retains surplus stock above protection threshold (Post-transfer DoC: 3.0d). Distance is 5.8km within configured limit.
28,4,34,HYD_DS_04,39,HYD_DS_09,237,HOUS_DISH_27,Household,20,6.17,3.16,0.25,2.77,73,4.5,2.24,23.36,21,22,3832.32,Destination projected to breach safety stock within 4.5h (DoC: 0.2d). Source retains surplus stock above protection threshold (Post-transfer DoC: 3.2d). Distance is 2.2km within configured limit.
29,2,15,DEL_DS_05,16,DEL_DS_06,50,BEVE_WATE_20,Beverages,84,5.81,3.24,0.77,2.32,72,13.9,4.65,26.98,106,126,10017.84,Destination projected to breach safety stock within 13.9h (DoC: 0.8d). Source retains surplus stock above protection threshold (Post-transfer DoC: 3.2d). Distance is 4.7km within configured limit.
30,3,21,MUM_DS_01,29,MUM_DS_09,214,HOUS_DISP_04,Household,40,8.03,4.61,0.32,3.5,72,5.8,7.23,30.85,54,44,5625.62,Destination projected to breach safety stock within 5.8h (DoC: 0.3d). Source retains surplus stock above protection threshold (Post-transfer DoC: 4.6d). Distance is 7.2km within configured limit.
31,4,33,HYD_DS_03,35,HYD_DS_05,117,PACK_PAST_27,Packaged Foods,36,5.07,3.38,0.32,1.45,71,5.8,2.64,23.95,72,46,5505.12,Destination projected to breach safety stock within 5.8h (DoC: 0.3d). Source retains surplus stock above protection threshold (Post-transfer DoC: 3.4d). Distance is 2.6km within configured limit.
32,2,19,DEL_DS_09,17,DEL_DS_07,91,PACK_NOOD_01,Packaged Foods,48,13.15,10.43,0.43,3.03,71,7.7,4.44,26.65,184,56,8886.66,Destination projected to breach safety stock within 7.7h (DoC: 0.4d). Source retains surplus stock above protection threshold (Post-transfer DoC: 10.4d). Distance is 4.4km within configured limit.
33,3,24,MUM_DS_04,23,MUM_DS_03,119,PACK_BREA_29,Packaged Foods,84,11.23,7.08,0.43,3.4,71,7.7,0.92,21.38,143,96,6697.5,Destination projected to breach safety stock within 7.7h (DoC: 0.4d). Source retains surplus stock above protection threshold (Post-transfer DoC: 7.1d). Distance is 0.9km within configured limit.
34,3,29,MUM_DS_09,25,MUM_DS_05,194,PERS_SKIN_14,Personal Care,24,5.19,3.21,0.27,2.42,70,4.9,4.46,26.69,39,27,8399.83,Destination projected to breach safety stock within 4.9h (DoC: 0.3d). Source retains surplus stock above protection threshold (Post-transfer DoC: 3.2d). Distance is 4.5km within configured limit.
35,4,37,HYD_DS_07,40,HYD_DS_10,107,PACK_PAST_17,Packaged Foods,72,16.24,12.58,0.86,3.25,70,15.5,6.03,29.05,247,98,3678.91,Destination projected to breach safety stock within 15.5h (DoC: 0.9d). Source retains surplus stock above protection threshold (Post-transfer DoC: 12.6d). Distance is 6.0km within configured limit.
36,3,26,MUM_DS_06,23,MUM_DS_03,35,BEVE_WATE_05,Beverages,180,10.7,8.03,1.01,3.44,69,18.2,3.81,25.72,541,255,23597.13,Destination projected to breach safety stock within 18.2h (DoC: 1.0d). Source retains surplus stock above protection threshold (Post-transfer DoC: 8.0d). Distance is 3.8km within configured limit.
37,1,4,BEN_DS_04,10,BEN_DS_10,290,PET _PET _20,Pet Care,8,5.31,3.38,0.56,2.05,69,10.1,1.13,21.7,14,11,1921.6,Destination projected to breach safety stock within 10.1h (DoC: 0.6d). Source retains surplus stock above protection threshold (Post-transfer DoC: 3.4d). Distance is 1.1km within configured limit.
38,1,1,BEN_DS_01,10,BEN_DS_10,273,PET _PET _03,Pet Care,8,19.05,16.81,0.44,2.22,69,7.9,2.42,23.63,60,10,2051.12,Destination projected to breach safety stock within 7.9h (DoC: 0.4d). Source retains surplus stock above protection threshold (Post-transfer DoC: 16.8d). Distance is 2.4km within configured limit.
39,2,20,DEL_DS_10,19,DEL_DS_09,162,STAP_RICE_12,Staples,108,16.34,12.78,0.53,3.23,68,9.5,2.12,23.18,388,129,14801.6,Destination projected to breach safety stock within 9.5h (DoC: 0.5d). Source retains surplus stock above protection threshold (Post-transfer DoC: 12.8d). Distance is 2.1km within configured limit.
40,4,38,HYD_DS_08,39,HYD_DS_09,127,FRUI_EXOT_07,Fruits & Vegetables,144,8.49,4.79,0.49,3.12,68,8.8,1.62,22.43,186,171,12866.7,Destination projected to breach safety stock within 8.8h (DoC: 0.5d). Source retains surplus stock above protection threshold (Post-transfer DoC: 4.8d). Distance is 1.6km within configured limit.
41,3,30,MUM_DS_10,26,MUM_DS_06,218,HOUS_CLEA_08,Household,12,13.19,9.89,0.53,2.66,68,9.5,2.99,24.48,36,15,870.24,Destination projected to breach safety stock within 9.5h (DoC: 0.5d). Source retains surplus stock above protection threshold (Post-transfer DoC: 9.9d). Distance is 3.0km within configured limit.
42,2,16,DEL_DS_06,14,DEL_DS_04,156,STAP_ATTA_06,Staples,96,12.48,9.61,0.61,3.52,66,11.0,7.3,30.96,322,116,22595.1,Destination projected to breach safety stock within 11.0h (DoC: 0.6d). Source retains surplus stock above protection threshold (Post-transfer DoC: 9.6d). Distance is 7.3km within configured limit.
43,4,34,HYD_DS_04,38,HYD_DS_08,49,BEVE_ENER_19,Beverages,168,7.24,4.58,0.71,3.42,66,12.8,1.26,21.89,290,212,5245.2,Destination projected to breach safety stock within 12.8h (DoC: 0.7d). Source retains surplus stock above protection threshold (Post-transfer DoC: 4.6d). Distance is 1.3km within configured limit.
44,3,23,MUM_DS_03,21,MUM_DS_01,32,BEVE_COLD_02,Beverages,152,4.33,2.81,0.8,2.18,65,14.4,8.81,33.21,283,240,15466.0,Destination projected to breach safety stock within 14.4h (DoC: 0.8d). Source retains surplus stock above protection threshold (Post-transfer DoC: 2.8d). Distance is 8.8km within configured limit.
45,1,4,BEN_DS_04,10,BEN_DS_10,137,FRUI_EXOT_17,Fruits & Vegetables,204,5.51,3.02,0.54,2.57,65,9.7,1.13,21.7,248,258,5123.49,Destination projected to breach safety stock within 9.7h (DoC: 0.5d). Source retains surplus stock above protection threshold (Post-transfer DoC: 3.0d). Distance is 1.1km within configured limit.
46,3,24,MUM_DS_04,23,MUM_DS_03,216,HOUS_DETE_06,Household,24,8.95,5.93,0.53,2.64,65,9.5,0.92,21.38,47,30,4789.98,Destination projected to breach safety stock within 9.5h (DoC: 0.5d). Source retains surplus stock above protection threshold (Post-transfer DoC: 5.9d). Distance is 0.9km within configured limit.
47,2,16,DEL_DS_06,14,DEL_DS_04,221,HOUS_DETE_11,Household,16,9.6,7.41,0.59,2.95,65,10.6,7.3,30.96,54,20,2934.4,Destination projected to breach safety stock within 10.6h (DoC: 0.6d). Source retains surplus stock above protection threshold (Post-transfer DoC: 7.4d). Distance is 7.3km within configured limit.
48,2,16,DEL_DS_06,14,DEL_DS_04,274,PET _PET _04,Pet Care,24,14.96,12.66,0.53,3.1,64,9.5,7.3,30.96,132,29,4144.47,Destination projected to breach safety stock within 9.5h (DoC: 0.5d). Source retains surplus stock above protection threshold (Post-transfer DoC: 12.7d). Distance is 7.3km within configured limit.
49,3,26,MUM_DS_06,23,MUM_DS_03,73,SNAC_NAMK_13,Snacks,264,10.18,7.32,0.58,3.45,63,10.4,3.81,25.72,673,317,16951.92,Destination projected to breach safety stock within 10.4h (DoC: 0.6d). Source retains surplus stock above protection threshold (Post-transfer DoC: 7.3d). Distance is 3.8km within configured limit.
50,1,8,BEN_DS_08,9,BEN_DS_09,75,SNAC_NUTS_15,Snacks,96,11.26,8.37,0.96,3.26,63,17.3,2.21,23.31,278,136,7216.44,Destination projected to breach safety stock within 17.3h (DoC: 1.0d). Source retains surplus stock above protection threshold (Post-transfer DoC: 8.4d). Distance is 2.2km within configured limit.
51,3,29,MUM_DS_09,21,MUM_DS_01,116,PACK_NOOD_26,Packaged Foods,48,4.07,2.94,0.54,1.71,63,9.7,7.23,30.85,124,70,4174.08,Destination projected to breach safety stock within 9.7h (DoC: 0.5d). Source retains surplus stock above protection threshold (Post-transfer DoC: 2.9d). Distance is 7.2km within configured limit.
52,3,26,MUM_DS_06,23,MUM_DS_03,61,SNAC_CHIP_01,Snacks,216,10.98,8.23,0.77,3.44,63,13.9,3.81,25.72,648,278,3666.06,Destination projected to breach safety stock within 13.9h (DoC: 0.8d). Source retains surplus stock above protection threshold (Post-transfer DoC: 8.2d). Distance is 3.8km within configured limit.
53,2,15,DEL_DS_05,16,DEL_DS_06,135,FRUI_CUT _15,Fruits & Vegetables,216,7.59,3.26,0.63,3.5,62,11.3,4.65,26.98,163,263,16915.02,Destination projected to breach safety stock within 11.3h (DoC: 0.6d). Source retains surplus stock above protection threshold (Post-transfer DoC: 3.3d). Distance is 4.7km within configured limit.
54,3,24,MUM_DS_04,22,MUM_DS_02,139,FRUI_SEAS_19,Fruits & Vegetables,272,10.9,6.6,0.65,3.49,62,11.7,6.53,29.79,418,334,15849.6,Destination projected to breach safety stock within 11.7h (DoC: 0.7d). Source retains surplus stock above protection threshold (Post-transfer DoC: 6.6d). Distance is 6.5km within configured limit.
55,2,13,DEL_DS_03,14,DEL_DS_04,11,DAIR_MILK_11,Dairy,152,12.86,9.32,1.21,3.5,61,21.8,9.45,34.17,400,232,28584.36,Destination projected to breach safety stock within 21.8h (DoC: 1.2d). Source retains surplus stock above protection threshold (Post-transfer DoC: 9.3d). Distance is 9.4km within configured limit.
56,3,27,MUM_DS_07,29,MUM_DS_09,29,DAIR_CHEE_29,Dairy,80,5.32,3.02,0.45,2.03,61,8.1,16.7,45.05,105,103,18356.0,Destination projected to breach safety stock within 8.1h (DoC: 0.5d). Source retains surplus stock above protection threshold (Post-transfer DoC: 3.0d). Distance is 16.7km within configured limit.
57,3,24,MUM_DS_04,23,MUM_DS_03,51,BEVE_JUIC_21,Beverages,152,8.26,4.22,0.55,3.45,61,9.9,0.92,21.38,159,181,8662.5,Destination projected to breach safety stock within 9.9h (DoC: 0.6d). Source retains surplus stock above protection threshold (Post-transfer DoC: 4.2d). Distance is 0.9km within configured limit.
58,1,4,BEN_DS_04,10,BEN_DS_10,136,FRUI_FRES_16,Fruits & Vegetables,36,4.1,3.04,0.38,1.35,61,6.8,1.13,21.7,103,50,3765.96,Destination projected to breach safety stock within 6.8h (DoC: 0.4d). Source retains surplus stock above protection threshold (Post-transfer DoC: 3.0d). Distance is 1.1km within configured limit.
59,1,4,BEN_DS_04,1,BEN_DS_01,66,SNAC_CHIP_06,Snacks,160,5.45,2.86,0.4,2.89,61,7.2,1.33,22.0,177,186,5921.1,Destination projected to breach safety stock within 7.2h (DoC: 0.4d). Source retains surplus stock above protection threshold (Post-transfer DoC: 2.9d). Distance is 1.3km within configured limit.
60,4,34,HYD_DS_04,38,HYD_DS_08,272,PET _CAT _02,Pet Care,12,14.01,11.42,1.08,3.66,61,19.4,1.26,21.89,53,17,5693.4,Destination projected to breach safety stock within 19.4h (DoC: 1.1d). Source retains surplus stock above protection threshold (Post-transfer DoC: 11.4d). Distance is 1.3km within configured limit.
61,1,10,BEN_DS_10,4,BEN_DS_04,250,BABY_BABY_10,Baby Care,48,14.35,12.47,1.37,3.19,61,24.7,1.13,21.7,317,84,9795.36,Destination projected to breach safety stock within 24.7h (DoC: 1.4d). Source retains surplus stock above protection threshold (Post-transfer DoC: 12.5d). Distance is 1.1km within configured limit.
62,3,25,MUM_DS_05,29,MUM_DS_09,51,BEVE_JUIC_21,Beverages,156,6.84,3.51,0.61,3.49,60,11.0,4.46,26.69,164,189,8992.5,Destination projected to breach safety stock within 11.0h (DoC: 0.6d). Source retains surplus stock above protection threshold (Post-transfer DoC: 3.5d). Distance is 4.5km within configured limit.
63,3,29,MUM_DS_09,21,MUM_DS_01,289,PET _PET _19,Pet Care,24,7.09,4.79,0.67,3.33,60,12.1,7.23,30.85,50,30,8623.08,Destination projected to breach safety stock within 12.1h (DoC: 0.7d). Source retains surplus stock above protection threshold (Post-transfer DoC: 4.8d). Distance is 7.2km within configured limit.
64,3,27,MUM_DS_07,28,MUM_DS_08,266,BABY_BABY_26,Baby Care,24,5.49,3.88,0.6,2.05,60,10.8,1.68,22.52,58,34,2547.12,Destination projected to breach safety stock within 10.8h (DoC: 0.6d). Source retains surplus stock above protection threshold (Post-transfer DoC: 3.9d). Distance is 1.7km within configured limit.
65,2,13,DEL_DS_03,19,DEL_DS_09,36,BEVE_JUIC_06,Beverages,72,4.95,2.99,0.91,2.28,59,16.4,1.71,22.57,110,120,7008.48,Destination projected to breach safety stock within 16.4h (DoC: 0.9d). Source retains surplus stock above protection threshold (Post-transfer DoC: 3.0d). Distance is 1.7km within configured limit.
66,1,2,BEN_DS_02,3,BEN_DS_03,173,STAP_DALS_23,Staples,48,5.49,3.26,0.83,3.16,59,14.9,4.77,27.16,70,65,2900.52,Destination projected to breach safety stock within 14.9h (DoC: 0.8d). Source retains surplus stock above protection threshold (Post-transfer DoC: 3.3d). Distance is 4.8km within configured limit.
67,1,9,BEN_DS_09,4,BEN_DS_04,198,PERS_ORAL_18,Personal Care,24,5.4,3.2,0.52,2.62,59,9.4,3.22,24.82,35,30,1191.86,Destination projected to breach safety stock within 9.4h (DoC: 0.5d). Source retains surplus stock above protection threshold (Post-transfer DoC: 3.2d). Distance is 3.2km within configured limit.
68,2,16,DEL_DS_06,14,DEL_DS_04,39,BEVE_ENER_09,Beverages,48,4.1,3.2,1.64,2.42,58,29.5,7.3,30.96,171,148,4583.52,Destination projected to breach safety stock within 29.5h (DoC: 1.6d). Source retains surplus stock above protection threshold (Post-transfer DoC: 3.2d). Distance is 7.3km within configured limit.
69,3,28,MUM_DS_08,21,MUM_DS_01,187,PERS_HAIR_07,Personal Care,12,8.55,6.36,0.7,2.38,57,12.6,8.05,32.08,35,17,4094.52,Destination projected to breach safety stock within 12.6h (DoC: 0.7d). Source retains surplus stock above protection threshold (Post-transfer DoC: 6.4d). Distance is 8.1km within configured limit.
70,1,2,BEN_DS_02,3,BEN_DS_03,256,BABY_BABY_16,Baby Care,72,8.0,5.82,1.23,3.25,56,22.1,4.77,27.16,192,116,31815.36,Destination projected to breach safety stock within 22.1h (DoC: 1.2d). Source retains surplus stock above protection threshold (Post-transfer DoC: 5.8d). Distance is 4.8km within configured limit.
71,1,6,BEN_DS_06,9,BEN_DS_09,129,FRUI_SEAS_09,Fruits & Vegetables,72,5.43,3.13,0.6,2.4,56,10.8,2.25,23.37,98,96,5292.72,Destination projected to breach safety stock within 10.8h (DoC: 0.6d). Source retains surplus stock above protection threshold (Post-transfer DoC: 3.1d). Distance is 2.2km within configured limit.
72,3,28,MUM_DS_08,21,MUM_DS_01,121,FRUI_FRES_01,Fruits & Vegetables,192,8.19,5.05,0.7,3.41,56,12.6,8.05,32.08,309,242,3807.02,Destination projected to breach safety stock within 12.6h (DoC: 0.7d). Source retains surplus stock above protection threshold (Post-transfer DoC: 5.0d). Distance is 8.1km within configured limit.
73,3,23,MUM_DS_03,25,MUM_DS_05,121,FRUI_FRES_01,Fruits & Vegetables,160,7.53,5.41,1.52,3.44,56,27.4,11.98,37.97,409,287,4289.6,Destination projected to breach safety stock within 27.4h (DoC: 1.5d). Source retains surplus stock above protection threshold (Post-transfer DoC: 5.4d). Distance is 12.0km within configured limit.
74,3,24,MUM_DS_04,23,MUM_DS_03,250,BABY_BABY_10,Baby Care,72,12.41,8.61,0.86,3.43,54,15.5,0.92,21.38,163,96,11427.92,Destination projected to breach safety stock within 15.5h (DoC: 0.9d). Source retains surplus stock above protection threshold (Post-transfer DoC: 8.6d). Distance is 0.9km within configured limit.
75,4,37,HYD_DS_07,40,HYD_DS_10,214,HOUS_DISP_04,Household,24,13.0,10.0,0.83,3.04,54,14.9,6.03,29.05,80,33,4760.14,Destination projected to breach safety stock within 14.9h (DoC: 0.8d). Source retains surplus stock above protection threshold (Post-transfer DoC: 10.0d). Distance is 6.0km within configured limit.
76,1,8,BEN_DS_08,2,BEN_DS_02,199,PERS_SKIN_19,Personal Care,8,23.38,21.71,0.96,2.5,54,17.3,6.72,30.08,104,13,2012.16,Destination projected to breach safety stock within 17.3h (DoC: 1.0d). Source retains surplus stock above protection threshold (Post-transfer DoC: 21.7d). Distance is 6.7km within configured limit.
77,1,5,BEN_DS_05,7,BEN_DS_07,73,SNAC_NAMK_13,Snacks,96,4.75,3.43,1.66,2.61,54,29.9,3.79,25.68,249,263,8844.48,Destination projected to breach safety stock within 29.9h (DoC: 1.7d). Source retains surplus stock above protection threshold (Post-transfer DoC: 3.4d). Distance is 3.8km within configured limit.
78,2,12,DEL_DS_02,16,DEL_DS_06,219,HOUS_DISP_09,Household,24,9.44,7.49,0.71,2.42,53,12.8,5.1,27.65,92,34,5911.2,Destination projected to breach safety stock within 12.8h (DoC: 0.7d). Source retains surplus stock above protection threshold (Post-transfer DoC: 7.5d). Distance is 5.1km within configured limit.
79,2,11,DEL_DS_01,12,DEL_DS_02,273,PET _PET _03,Pet Care,8,12.32,10.08,1.04,2.71,53,18.7,1.24,21.85,36,13,2051.12,Destination projected to breach safety stock within 18.7h (DoC: 1.0d). Source retains surplus stock above protection threshold (Post-transfer DoC: 10.1d). Distance is 1.2km within configured limit.
80,4,38,HYD_DS_08,40,HYD_DS_10,141,FRUI_FRES_21,Fruits & Vegetables,176,10.22,6.3,0.55,3.46,53,9.9,6.81,30.22,283,209,2358.29,Destination projected to breach safety stock within 9.9h (DoC: 0.6d). Source retains surplus stock above protection threshold (Post-transfer DoC: 6.3d). Distance is 6.8km within configured limit.
81,3,28,MUM_DS_08,27,MUM_DS_07,114,PACK_BREA_24,Packaged Foods,48,5.14,3.3,1.59,3.37,52,28.6,1.68,22.52,86,91,2813.76,Destination projected to breach safety stock within 28.6h (DoC: 1.6d). Source retains surplus stock above protection threshold (Post-transfer DoC: 3.3d). Distance is 1.7km within configured limit.
82,4,37,HYD_DS_07,40,HYD_DS_10,290,PET _PET _20,Pet Care,8,8.63,6.25,0.85,2.55,51,15.3,6.03,29.05,21,12,1921.6,Destination projected to breach safety stock within 15.3h (DoC: 0.8d). Source retains surplus stock above protection threshold (Post-transfer DoC: 6.2d). Distance is 6.0km within configured limit.
83,2,11,DEL_DS_01,17,DEL_DS_07,10,DAIR_PANE_10,Dairy,104,5.08,2.97,0.5,2.22,50,9.0,6.55,29.83,146,134,10836.8,Destination projected to breach safety stock within 9.0h (DoC: 0.5d). Source retains surplus stock above protection threshold (Post-transfer DoC: 3.0d). Distance is 6.6km within configured limit.
84,1,8,BEN_DS_08,3,BEN_DS_03,27,DAIR_CURD_27,Dairy,156,10.66,8.17,0.88,3.46,50,15.8,9.38,34.06,511,209,12502.93,Destination projected to breach safety stock within 15.8h (DoC: 0.9d). Source retains surplus stock above protection threshold (Post-transfer DoC: 8.2d). Distance is 9.4km within configured limit.
85,4,34,HYD_DS_04,39,HYD_DS_09,274,PET _PET _04,Pet Care,12,22.34,20.8,1.02,2.37,50,18.4,2.24,23.36,162,21,2617.56,Destination projected to breach safety stock within 18.4h (DoC: 1.0d). Source retains surplus stock above protection threshold (Post-transfer DoC: 20.8d). Distance is 2.2km within configured limit.
86,1,1,BEN_DS_01,10,BEN_DS_10,220,HOUS_REPE_10,Household,12,7.78,5.91,0.94,2.56,50,16.9,2.42,23.63,38,19,3073.56,Destination projected to breach safety stock within 16.9h (DoC: 0.9d). Source retains surplus stock above protection threshold (Post-transfer DoC: 5.9d). Distance is 2.4km within configured limit.
87,3,30,MUM_DS_10,26,MUM_DS_06,207,PERS_HAIR_27,Personal Care,12,7.69,4.4,0.96,3.26,50,17.3,2.99,24.48,16,17,1762.31,Destination projected to breach safety stock within 17.3h (DoC: 1.0d). Source retains surplus stock above protection threshold (Post-transfer DoC: 4.4d). Distance is 3.0km within configured limit.
88,2,13,DEL_DS_03,19,DEL_DS_09,259,BABY_BABY_19,Baby Care,36,11.12,8.24,1.39,3.06,50,25.0,1.71,22.57,103,66,13025.88,Destination projected to breach safety stock within 25.0h (DoC: 1.4d). Source retains surplus stock above protection threshold (Post-transfer DoC: 8.2d). Distance is 1.7km within configured limit.
89,3,23,MUM_DS_03,22,MUM_DS_02,249,BABY_DIAP_09,Baby Care,24,4.03,3.14,0.74,1.59,49,13.3,5.8,28.7,84,45,12005.28,Destination projected to breach safety stock within 13.3h (DoC: 0.7d). Source retains surplus stock above protection threshold (Post-transfer DoC: 3.1d). Distance is 5.8km within configured limit.
90,3,30,MUM_DS_10,26,MUM_DS_06,189,PERS_SKIN_09,Personal Care,24,6.39,3.5,0.72,2.89,49,13.0,2.99,24.48,29,32,2865.34,Destination projected to breach safety stock within 13.0h (DoC: 0.7d). Source retains surplus stock above protection threshold (Post-transfer DoC: 3.5d). Distance is 3.0km within configured limit.
91,4,38,HYD_DS_08,34,HYD_DS_04,213,HOUS_CLEA_03,Household,6,12.56,11.11,1.36,2.53,49,24.5,1.26,21.89,46,13,1460.04,Destination projected to breach safety stock within 24.5h (DoC: 1.4d). Source retains surplus stock above protection threshold (Post-transfer DoC: 11.1d). Distance is 1.3km within configured limit.
92,3,27,MUM_DS_07,28,MUM_DS_08,252,BABY_BABY_12,Baby Care,80,24.99,22.16,1.06,3.47,48,19.1,1.68,22.52,627,115,40197.99,Destination projected to breach safety stock within 19.1h (DoC: 1.1d). Source retains surplus stock above protection threshold (Post-transfer DoC: 22.2d). Distance is 1.7km within configured limit.
93,1,9,BEN_DS_09,6,BEN_DS_06,149,FRUI_SEAS_29,Fruits & Vegetables,120,6.45,4.35,0.74,3.36,48,13.3,2.25,23.37,248,154,9566.16,Destination projected to breach safety stock within 13.3h (DoC: 0.7d). Source retains surplus stock above protection threshold (Post-transfer DoC: 4.3d). Distance is 2.2km within configured limit.
94,1,5,BEN_DS_05,7,BEN_DS_07,275,PET _DOG _05,Pet Care,24,8.75,5.75,0.81,3.25,48,14.6,3.79,25.68,46,32,7194.2,Destination projected to breach safety stock within 14.6h (DoC: 0.8d). Source retains surplus stock above protection threshold (Post-transfer DoC: 5.8d). Distance is 3.8km within configured limit.
95,2,13,DEL_DS_03,19,DEL_DS_09,158,STAP_DALS_08,Staples,84,10.81,7.09,0.93,3.44,48,16.7,1.71,22.57,160,115,4385.15,Destination projected to breach safety stock within 16.7h (DoC: 0.9d). Source retains surplus stock above protection threshold (Post-transfer DoC: 7.1d). Distance is 1.7km within configured limit.
96,2,18,DEL_DS_08,12,DEL_DS_02,59,BEVE_ENER_29,Beverages,120,13.93,10.93,0.83,3.52,48,14.9,0.72,21.08,438,157,4392.9,Destination projected to breach safety stock within 14.9h (DoC: 0.8d). Source retains surplus stock above protection threshold (Post-transfer DoC: 10.9d). Distance is 0.7km within configured limit.
97,3,27,MUM_DS_07,28,MUM_DS_08,224,HOUS_DISP_14,Household,24,9.3,6.79,1.66,3.56,48,29.9,1.68,22.52,65,45,3147.36,Destination projected to breach safety stock within 29.9h (DoC: 1.7d). Source retains surplus stock above protection threshold (Post-transfer DoC: 6.8d). Distance is 1.7km within configured limit.
98,2,13,DEL_DS_03,19,DEL_DS_09,30,DAIR_PANE_30,Dairy,48,4.08,3.22,1.79,2.3,47,32.2,1.71,22.57,179,216,7965.6,Destination projected to breach safety stock within 32.2h (DoC: 1.8d). Source retains surplus stock above protection threshold (Post-transfer DoC: 3.2d). Distance is 1.7km within configured limit.
99,3,30,MUM_DS_10,26,MUM_DS_06,4,DAIR_CHEE_04,Dairy,176,6.09,3.19,1.02,3.1,46,18.4,2.99,24.48,194,262,10792.34,Destination projected to breach safety stock within 18.4h (DoC: 1.0d). Source retains surplus stock above protection threshold (Post-transfer DoC: 3.2d). Distance is 3.0km within configured limit.
100,2,15,DEL_DS_05,16,DEL_DS_06,126,FRUI_FRES_06,Fruits & Vegetables,160,18.96,15.42,1.17,3.47,45,21.1,4.65,26.98,697,241,8987.74,Destination projected to breach safety stock within 21.1h (DoC: 1.2d). Source retains surplus stock above protection threshold (Post-transfer DoC: 15.4d). Distance is 4.7km within configured limit.
101,3,24,MUM_DS_04,23,MUM_DS_03,26,DAIR_MILK_26,Dairy,126,15.07,11.63,0.96,3.43,45,17.3,0.92,21.38,426,175,8055.63,Destination projected to breach safety stock within 17.3h (DoC: 1.0d). Source retains surplus stock above protection threshold (Post-transfer DoC: 11.6d). Distance is 0.9km within configured limit.
102,3,23,MUM_DS_03,22,MUM_DS_02,268,BABY_BABY_28,Baby Care,32,4.67,3.13,1.04,2.43,45,18.7,5.8,28.7,65,56,4137.28,Destination projected to breach safety stock within 18.7h (DoC: 1.0d). Source retains surplus stock above protection threshold (Post-transfer DoC: 3.1d). Distance is 5.8km within configured limit.
103,3,25,MUM_DS_05,29,MUM_DS_09,140,FRUI_CUT _20,Fruits & Vegetables,80,4.94,2.99,1.24,2.75,44,22.3,4.46,26.69,122,146,4367.2,Destination projected to breach safety stock within 22.3h (DoC: 1.2d). Source retains surplus stock above protection threshold (Post-transfer DoC: 3.0d). Distance is 4.5km within configured limit.
104,2,13,DEL_DS_03,20,DEL_DS_10,254,BABY_BABY_14,Baby Care,24,10.55,9.04,0.96,2.49,44,17.3,3.18,24.77,144,39,4263.84,Destination projected to breach safety stock within 17.3h (DoC: 1.0d). Source retains surplus stock above protection threshold (Post-transfer DoC: 9.0d). Distance is 3.2km within configured limit.
105,3,23,MUM_DS_03,22,MUM_DS_02,234,HOUS_DISP_24,Household,24,6.57,4.03,0.95,3.22,44,17.1,5.8,28.7,38,34,1206.7,Destination projected to breach safety stock within 17.1h (DoC: 0.9d). Source retains surplus stock above protection threshold (Post-transfer DoC: 4.0d). Distance is 5.8km within configured limit.
106,1,8,BEN_DS_08,9,BEN_DS_09,34,BEVE_ENER_04,Beverages,72,4.25,2.81,0.59,1.92,43,10.6,2.21,23.31,140,104,4492.8,Destination projected to breach safety stock within 10.6h (DoC: 0.6d). Source retains surplus stock above protection threshold (Post-transfer DoC: 2.8d). Distance is 2.2km within configured limit.
107,1,7,BEN_DS_07,3,BEN_DS_03,66,SNAC_CHIP_06,Snacks,96,4.4,3.12,0.61,2.12,43,11.0,7.2,30.79,234,135,4406.4,Destination projected to breach safety stock within 11.0h (DoC: 0.6d). Source retains surplus stock above protection threshold (Post-transfer DoC: 3.1d). Distance is 7.2km within configured limit.
108,3,21,MUM_DS_01,29,MUM_DS_09,239,HOUS_DISP_29,Household,6,5.34,3.82,0.86,2.16,43,15.5,7.23,30.85,15,10,769.14,Destination projected to breach safety stock within 15.5h (DoC: 0.9d). Source retains surplus stock above protection threshold (Post-transfer DoC: 3.8d). Distance is 7.2km within configured limit.
109,4,38,HYD_DS_08,34,HYD_DS_04,263,BABY_BABY_23,Baby Care,36,10.96,8.68,1.79,3.41,43,32.2,1.26,21.89,137,76,13989.6,Destination projected to breach safety stock within 32.2h (DoC: 1.8d). Source retains surplus stock above protection threshold (Post-transfer DoC: 8.7d). Distance is 1.3km within configured limit.
110,4,37,HYD_DS_07,40,HYD_DS_10,19,DAIR_CHEE_19,Dairy,192,7.54,4.4,1.04,3.43,42,18.7,6.03,29.05,269,275,30506.28,Destination projected to breach safety stock within 18.7h (DoC: 1.0d). Source retains surplus stock above protection threshold (Post-transfer DoC: 4.4d). Distance is 6.0km within configured limit.
111,2,15,DEL_DS_05,16,DEL_DS_06,102,PACK_PAST_12,Packaged Foods,60,5.59,3.11,1.27,2.66,42,22.9,4.65,26.98,75,115,6181.8,Destination projected to breach safety stock within 22.9h (DoC: 1.3d). Source retains surplus stock above protection threshold (Post-transfer DoC: 3.1d). Distance is 4.7km within configured limit.
112,2,15,DEL_DS_05,16,DEL_DS_06,177,STAP_RICE_27,Staples,68,6.84,3.23,0.95,3.35,42,17.1,4.65,26.98,61,95,6496.86,Destination projected to breach safety stock within 17.1h (DoC: 0.9d). Source retains surplus stock above protection threshold (Post-transfer DoC: 3.2d). Distance is 4.7km within configured limit.
113,3,29,MUM_DS_09,25,MUM_DS_05,233,HOUS_CLEA_23,Household,30,10.82,8.7,1.02,3.36,42,18.4,4.46,26.69,123,43,4210.18,Destination projected to breach safety stock within 18.4h (DoC: 1.0d). Source retains surplus stock above protection threshold (Post-transfer DoC: 8.7d). Distance is 4.5km within configured limit.
114,3,30,MUM_DS_10,26,MUM_DS_06,125,FRUI_CUT _05,Fruits & Vegetables,104,6.79,3.17,0.81,3.38,42,14.6,2.99,24.48,91,137,4154.12,Destination projected to breach safety stock within 14.6h (DoC: 0.8d). Source retains surplus stock above protection threshold (Post-transfer DoC: 3.2d). Distance is 3.0km within configured limit.
115,2,11,DEL_DS_01,18,DEL_DS_08,28,DAIR_BUTT_28,Dairy,72,8.59,6.67,1.72,3.21,42,31.0,1.25,21.87,250,155,2820.24,Destination projected to breach safety stock within 31.0h (DoC: 1.7d). Source retains surplus stock above protection threshold (Post-transfer DoC: 6.7d). Distance is 1.2km within configured limit.
116,3,24,MUM_DS_04,22,MUM_DS_02,16,DAIR_MILK_16,Dairy,132,16.0,12.57,1.03,3.37,41,18.5,6.53,29.79,483,190,15570.27,Destination projected to breach safety stock within 18.5h (DoC: 1.0d). Source retains surplus stock above protection threshold (Post-transfer DoC: 12.6d). Distance is 6.5km within configured limit.
117,3,25,MUM_DS_05,29,MUM_DS_09,143,FRUI_DAIL_23,Fruits & Vegetables,240,6.97,4.61,1.08,3.38,41,19.4,4.46,26.69,470,353,10149.3,Destination projected to breach safety stock within 19.4h (DoC: 1.1d). Source retains surplus stock above protection threshold (Post-transfer DoC: 4.6d). Distance is 4.5km within configured limit.
118,2,15,DEL_DS_05,16,DEL_DS_06,99,PACK_BREA_09,Packaged Foods,36,5.98,3.03,0.8,2.7,41,14.4,4.65,26.98,37,51,5631.12,Destination projected to breach safety stock within 14.4h (DoC: 0.8d). Source retains surplus stock above protection threshold (Post-transfer DoC: 3.0d). Distance is 4.7km within configured limit.
119,3,21,MUM_DS_01,29,MUM_DS_09,215,HOUS_REPE_05,Household,32,8.35,5.48,0.8,3.36,41,14.4,7.23,30.85,61,42,1730.75,Destination projected to breach safety stock within 14.4h (DoC: 0.8d). Source retains surplus stock above protection threshold (Post-transfer DoC: 5.5d). Distance is 7.2km within configured limit.
120,3,24,MUM_DS_04,22,MUM_DS_02,18,DAIR_BUTT_18,Dairy,132,8.87,4.61,0.79,3.52,40,14.2,6.53,29.79,143,170,19714.28,Destination projected to breach safety stock within 14.2h (DoC: 0.8d). Source retains surplus stock above protection threshold (Post-transfer DoC: 4.6d). Distance is 6.5km within configured limit.
121,1,5,BEN_DS_05,7,BEN_DS_07,146,FRUI_FRES_26,Fruits & Vegetables,144,6.12,2.78,0.48,3.36,40,8.6,3.79,25.68,120,168,3506.0,Destination projected to breach safety stock within 8.6h (DoC: 0.5d). Source retains surplus stock above protection threshold (Post-transfer DoC: 2.8d). Distance is 3.8km within configured limit.
122,4,36,HYD_DS_06,32,HYD_DS_02,237,HOUS_DISH_27,Household,8,4.59,2.92,0.97,2.08,40,17.5,5.16,27.74,14,15,1916.16,Destination projected to breach safety stock within 17.5h (DoC: 1.0d). Source retains surplus stock above protection threshold (Post-transfer DoC: 2.9d). Distance is 5.2km within configured limit.
123,4,38,HYD_DS_08,39,HYD_DS_09,294,PET _PET _24,Pet Care,8,13.4,10.9,1.27,3.31,40,22.9,1.62,22.43,35,13,617.12,Destination projected to breach safety stock within 22.9h (DoC: 1.3d). Source retains surplus stock above protection threshold (Post-transfer DoC: 10.9d). Distance is 1.6km within configured limit.
124,2,15,DEL_DS_05,12,DEL_DS_02,130,FRUI_CUT _10,Fruits & Vegetables,136,5.72,3.01,0.96,2.88,39,17.3,1.69,22.53,151,204,6280.48,Destination projected to breach safety stock within 17.3h (DoC: 1.0d). Source retains surplus stock above protection threshold (Post-transfer DoC: 3.0d). Distance is 1.7km within configured limit.
125,3,24,MUM_DS_04,22,MUM_DS_02,189,PERS_SKIN_09,Personal Care,30,7.13,3.17,1.38,3.45,39,24.8,6.53,29.79,24,50,3612.82,Destination projected to breach safety stock within 24.8h (DoC: 1.4d). Source retains surplus stock above protection threshold (Post-transfer DoC: 3.2d). Distance is 6.5km within configured limit.
126,1,3,BEN_DS_03,2,BEN_DS_02,259,BABY_BABY_19,Baby Care,24,5.07,3.45,1.05,2.53,38,18.9,4.77,27.16,51,41,8683.92,Destination projected to breach safety stock within 18.9h (DoC: 1.1d). Source retains surplus stock above protection threshold (Post-transfer DoC: 3.5d). Distance is 4.8km within configured limit.
127,1,9,BEN_DS_09,8,BEN_DS_08,276,PET _CAT _06,Pet Care,12,5.33,3.73,1.29,3.22,38,23.2,2.21,23.31,28,20,5036.16,Destination projected to breach safety stock within 23.2h (DoC: 1.3d). Source retains surplus stock above protection threshold (Post-transfer DoC: 3.7d). Distance is 2.2km within configured limit.
128,3,23,MUM_DS_03,22,MUM_DS_02,121,FRUI_FRES_01,Fruits & Vegetables,184,7.53,2.98,1.11,3.36,38,20.0,5.8,28.7,225,275,4396.84,Destination projected to breach safety stock within 20.0h (DoC: 1.1d). Source retains surplus stock above protection threshold (Post-transfer DoC: 3.0d). Distance is 5.8km within configured limit.
129,2,13,DEL_DS_03,19,DEL_DS_09,295,PET _DOG _25,Pet Care,24,7.59,4.74,0.69,2.77,38,12.4,1.71,22.57,40,32,3674.16,Destination projected to breach safety stock within 12.4h (DoC: 0.7d). Source retains surplus stock above protection threshold (Post-transfer DoC: 4.7d). Distance is 1.7km within configured limit.
130,1,5,BEN_DS_05,7,BEN_DS_07,101,PACK_NOOD_11,Packaged Foods,84,9.96,7.14,1.64,3.47,38,29.5,3.79,25.68,212,159,10998.12,Destination projected to breach safety stock within 29.5h (DoC: 1.6d). Source retains surplus stock above protection threshold (Post-transfer DoC: 7.1d). Distance is 3.8km within configured limit.
131,2,13,DEL_DS_03,19,DEL_DS_09,12,DAIR_CURD_12,Dairy,168,6.98,4.43,1.77,3.47,38,31.9,1.71,22.57,292,344,24124.8,Destination projected to breach safety stock within 31.9h (DoC: 1.8d). Source retains surplus stock above protection threshold (Post-transfer DoC: 4.4d). Distance is 1.7km within configured limit.
132,1,4,BEN_DS_04,5,BEN_DS_05,90,SNAC_NUTS_30,Snacks,126,7.33,5.16,1.13,3.44,37,20.3,4.94,27.41,299,188,19537.1,Destination projected to breach safety stock within 20.3h (DoC: 1.1d). Source retains surplus stock above protection threshold (Post-transfer DoC: 5.2d). Distance is 4.9km within configured limit.
133,1,1,BEN_DS_01,10,BEN_DS_10,128,FRUI_DAIL_08,Fruits & Vegetables,96,9.81,7.55,1.17,3.3,37,21.1,2.42,23.63,321,149,9221.03,Destination projected to breach safety stock within 21.1h (DoC: 1.2d). Source retains surplus stock above protection threshold (Post-transfer DoC: 7.5d). Distance is 2.4km within configured limit.
134,4,37,HYD_DS_07,40,HYD_DS_10,7,DAIR_CURD_07,Dairy,72,4.43,3.21,1.46,2.26,37,26.3,6.03,29.05,189,203,11159.28,Destination projected to breach safety stock within 26.3h (DoC: 1.5d). Source retains surplus stock above protection threshold (Post-transfer DoC: 3.2d). Distance is 6.0km within configured limit.
135,1,4,BEN_DS_04,10,BEN_DS_10,248,BABY_BABY_08,Baby Care,60,5.91,3.34,1.1,3.44,36,19.8,1.13,21.7,78,88,24733.8,Destination projected to breach safety stock within 19.8h (DoC: 1.1d). Source retains surplus stock above protection threshold (Post-transfer DoC: 3.3d). Distance is 1.1km within configured limit.
136,3,30,MUM_DS_10,26,MUM_DS_06,8,DAIR_BUTT_08,Dairy,184,11.11,8.1,1.32,3.51,36,23.8,2.99,24.48,495,295,23369.32,Destination projected to breach safety stock within 23.8h (DoC: 1.3d). Source retains surplus stock above protection threshold (Post-transfer DoC: 8.1d). Distance is 3.0km within configured limit.
137,3,23,MUM_DS_03,22,MUM_DS_02,1,DAIR_MILK_01,Dairy,120,4.29,2.94,1.21,2.48,36,21.8,5.8,28.7,261,234,11427.6,Destination projected to breach safety stock within 21.8h (DoC: 1.2d). Source retains surplus stock above protection threshold (Post-transfer DoC: 2.9d). Distance is 5.8km within configured limit.
138,3,23,MUM_DS_03,29,MUM_DS_09,5,DAIR_PANE_05,Dairy,104,6.66,4.32,1.29,3.45,36,23.2,13.77,40.66,192,166,9127.7,Destination projected to breach safety stock within 23.2h (DoC: 1.3d). Source retains surplus stock above protection threshold (Post-transfer DoC: 4.3d). Distance is 13.8km within configured limit.
139,3,24,MUM_DS_04,22,MUM_DS_02,130,FRUI_CUT _10,Fruits & Vegetables,112,4.93,2.92,1.28,2.65,36,23.0,6.53,29.79,163,217,5172.16,Destination projected to breach safety stock within 23.0h (DoC: 1.3d). Source retains surplus stock above protection threshold (Post-transfer DoC: 2.9d). Distance is 6.5km within configured limit.
140,2,18,DEL_DS_08,12,DEL_DS_02,38,BEVE_TEA _08,Beverages,120,5.47,3.31,1.24,3.12,36,22.3,0.72,21.08,184,199,5798.4,Destination projected to breach safety stock within 22.3h (DoC: 1.2d). Source retains surplus stock above protection threshold (Post-transfer DoC: 3.3d). Distance is 0.7km within configured limit.
141,3,21,MUM_DS_01,23,MUM_DS_03,189,PERS_SKIN_09,Personal Care,30,7.43,4.54,0.94,3.5,36,16.9,8.81,33.21,47,41,2989.92,Destination projected to breach safety stock within 16.9h (DoC: 0.9d). Source retains surplus stock above protection threshold (Post-transfer DoC: 4.5d). Distance is 8.8km within configured limit.
142,3,30,MUM_DS_10,26,MUM_DS_06,16,DAIR_MILK_16,Dairy,84,15.63,13.38,1.95,3.36,36,35.1,2.99,24.48,499,200,11574.36,Destination projected to breach safety stock within 35.1h (DoC: 1.9d). Source retains surplus stock above protection threshold (Post-transfer DoC: 13.4d). Distance is 3.0km within configured limit.
143,2,18,DEL_DS_08,17,DEL_DS_07,159,STAP_EDIB_09,Staples,32,4.23,3.1,1.11,2.07,35,20.0,5.99,28.99,88,69,17929.92,Destination projected to breach safety stock within 20.0h (DoC: 1.1d). Source retains surplus stock above protection threshold (Post-transfer DoC: 3.1d). Distance is 6.0km within configured limit.
144,3,28,MUM_DS_08,21,MUM_DS_01,262,BABY_BABY_22,Baby Care,84,6.97,4.4,1.19,3.47,35,21.4,8.05,32.08,144,128,27635.3,Destination projected to breach safety stock within 21.4h (DoC: 1.2d). Source retains surplus stock above protection threshold (Post-transfer DoC: 4.4d). Distance is 8.1km within configured limit.
145,4,37,HYD_DS_07,40,HYD_DS_10,68,SNAC_NAMK_08,Snacks,108,12.22,9.4,1.32,3.48,35,23.8,6.03,29.05,359,174,17874.0,Destination projected to breach safety stock within 23.8h (DoC: 1.3d). Source retains surplus stock above protection threshold (Post-transfer DoC: 9.4d). Distance is 6.0km within configured limit.
146,3,26,MUM_DS_06,22,MUM_DS_02,6,DAIR_MILK_06,Dairy,156,4.41,2.81,1.31,2.77,35,23.6,7.34,31.01,275,297,7940.4,Destination projected to breach safety stock within 23.6h (DoC: 1.3d). Source retains surplus stock above protection threshold (Post-transfer DoC: 2.8d). Distance is 7.3km within configured limit.
147,3,26,MUM_DS_06,22,MUM_DS_02,37,BEVE_COLD_07,Beverages,76,4.48,2.85,1.33,2.8,35,23.9,7.34,31.01,133,145,7112.84,Destination projected to breach safety stock within 23.9h (DoC: 1.3d). Source retains surplus stock above protection threshold (Post-transfer DoC: 2.9d). Distance is 7.3km within configured limit.
148,1,9,BEN_DS_09,1,BEN_DS_01,131,FRUI_FRES_11,Fruits & Vegetables,102,5.17,2.8,0.62,2.97,35,11.2,2.56,23.83,121,129,8707.83,Destination projected to breach safety stock within 11.2h (DoC: 0.6d). Source retains surplus stock above protection threshold (Post-transfer DoC: 2.8d). Distance is 2.6km within configured limit.
149,1,9,BEN_DS_09,1,BEN_DS_01,272,PET _CAT _02,Pet Care,6,9.19,7.93,1.46,2.71,35,26.3,2.56,23.83,38,13,3416.04,Destination projected to breach safety stock within 26.3h (DoC: 1.5d). Source retains surplus stock above protection threshold (Post-transfer DoC: 7.9d). Distance is 2.6km within configured limit.
150,3,28,MUM_DS_08,21,MUM_DS_01,4,DAIR_CHEE_04,Dairy,164,8.37,5.9,1.37,3.48,35,24.7,8.05,32.08,393,271,9962.16,Destination projected to breach safety stock within 24.7h (DoC: 1.4d). Source retains surplus stock above protection threshold (Post-transfer DoC: 5.9d). Distance is 8.1km within configured limit.
151,3,28,MUM_DS_08,21,MUM_DS_01,69,SNAC_CHOC_09,Snacks,72,5.32,3.14,1.34,3.22,35,24.1,8.05,32.08,104,123,3586.32,Destination projected to breach safety stock within 24.1h (DoC: 1.3d). Source retains surplus stock above protection threshold (Post-transfer DoC: 3.1d). Distance is 8.1km within configured limit.
152,3,28,MUM_DS_08,29,MUM_DS_09,2,DAIR_CURD_02,Dairy,76,4.33,2.91,1.37,2.35,35,24.7,15.06,42.59,155,182,3587.2,Destination projected to breach safety stock within 24.7h (DoC: 1.4d). Source retains surplus stock above protection threshold (Post-transfer DoC: 2.9d). Distance is 15.1km within configured limit.
153,3,25,MUM_DS_05,29,MUM_DS_09,149,FRUI_SEAS_29,Fruits & Vegetables,168,8.97,6.2,0.88,3.23,34,15.8,4.46,26.69,377,231,14869.14,Destination projected to breach safety stock within 15.8h (DoC: 0.9d). Source retains surplus stock above protection threshold (Post-transfer DoC: 6.2d). Distance is 4.5km within configured limit.
154,3,24,MUM_DS_04,23,MUM_DS_03,192,PERS_HAIR_12,Personal Care,8,9.79,7.93,1.33,2.5,34,23.9,0.92,21.38,34,17,2861.2,Destination projected to breach safety stock within 23.9h (DoC: 1.3d). Source retains surplus stock above protection threshold (Post-transfer DoC: 7.9d). Distance is 0.9km within configured limit.
155,3,23,MUM_DS_03,21,MUM_DS_01,193,PERS_ORAL_13,Personal Care,8,5.04,3.54,1.25,2.92,34,22.5,8.81,33.21,19,14,995.28,Destination projected to breach safety stock within 22.5h (DoC: 1.2d). Source retains surplus stock above protection threshold (Post-transfer DoC: 3.5d). Distance is 8.8km within configured limit.
156,1,9,BEN_DS_09,8,BEN_DS_08,40,BEVE_WATE_10,Beverages,136,8.11,6.17,1.44,3.52,34,25.9,2.21,23.31,433,230,17957.48,Destination projected to breach safety stock within 25.9h (DoC: 1.4d). Source retains surplus stock above protection threshold (Post-transfer DoC: 6.2d). Distance is 2.2km within configured limit.
157,2,13,DEL_DS_03,14,DEL_DS_04,12,DAIR_CURD_12,Dairy,72,6.98,3.34,1.47,2.17,34,26.5,9.45,34.17,220,222,10339.2,Destination projected to breach safety stock within 26.5h (DoC: 1.5d). Source retains surplus stock above protection threshold (Post-transfer DoC: 3.3d). Distance is 9.4km within configured limit.
158,3,24,MUM_DS_04,22,MUM_DS_02,32,BEVE_COLD_02,Beverages,216,6.65,3.59,1.44,3.46,34,25.9,6.53,29.79,253,370,21774.5,Destination projected to breach safety stock within 25.9h (DoC: 1.4d). Source retains surplus stock above protection threshold (Post-transfer DoC: 3.6d). Distance is 6.5km within configured limit.
159,3,29,MUM_DS_09,25,MUM_DS_05,39,BEVE_ENER_09,Beverages,96,5.38,3.7,1.42,3.39,34,25.6,4.46,26.69,212,165,9167.04,Destination projected to breach safety stock within 25.6h (DoC: 1.4d). Source retains surplus stock above protection threshold (Post-transfer DoC: 3.7d). Distance is 4.5km within configured limit.
160,3,27,MUM_DS_07,29,MUM_DS_09,6,DAIR_MILK_06,Dairy,222,6.47,3.32,1.4,3.48,34,25.2,16.7,45.05,234,371,10841.7,Destination projected to breach safety stock within 25.2h (DoC: 1.4d). Source retains surplus stock above protection threshold (Post-transfer DoC: 3.3d). Distance is 16.7km within configured limit.
161,3,24,MUM_DS_04,29,MUM_DS_09,32,BEVE_COLD_02,Beverages,56,6.65,2.79,1.42,1.94,34,25.6,14.23,41.34,197,206,5698.0,Destination projected to breach safety stock within 25.6h (DoC: 1.4d). Source retains surplus stock above protection threshold (Post-transfer DoC: 2.8d). Distance is 14.2km within configured limit.
162,3,26,MUM_DS_06,30,MUM_DS_10,36,BEVE_JUIC_06,Beverages,72,5.11,3.64,1.41,3.49,34,25.4,2.99,24.48,178,121,6813.8,Destination projected to breach safety stock within 25.4h (DoC: 1.4d). Source retains surplus stock above protection threshold (Post-transfer DoC: 3.6d). Distance is 3.0km within configured limit.
163,3,24,MUM_DS_04,23,MUM_DS_03,88,SNAC_NAMK_28,Snacks,156,11.65,8.49,1.22,3.48,33,22.0,0.92,21.38,419,240,18991.56,Destination projected to breach safety stock within 22.0h (DoC: 1.2d). Source retains surplus stock above protection threshold (Post-transfer DoC: 8.5d). Distance is 0.9km within configured limit.
164,2,15,DEL_DS_05,16,DEL_DS_06,158,STAP_DALS_08,Staples,78,12.5,9.05,1.21,3.46,33,21.8,4.65,26.98,205,120,4581.5,Destination projected to breach safety stock within 21.8h (DoC: 1.2d). Source retains surplus stock above protection threshold (Post-transfer DoC: 9.1d). Distance is 4.7km within configured limit.
165,1,6,BEN_DS_06,7,BEN_DS_07,274,PET _PET _04,Pet Care,12,20.33,18.52,1.22,2.56,33,22.0,5.39,28.09,123,23,2617.56,Destination projected to breach safety stock within 22.0h (DoC: 1.2d). Source retains surplus stock above protection threshold (Post-transfer DoC: 18.5d). Distance is 5.4km within configured limit.
166,4,35,HYD_DS_05,33,HYD_DS_03,237,HOUS_DISH_27,Household,8,4.47,3.32,1.0,2.6,33,18.0,2.64,23.95,23,13,1916.16,Destination projected to breach safety stock within 18.0h (DoC: 1.0d). Source retains surplus stock above protection threshold (Post-transfer DoC: 3.3d). Distance is 2.6km within configured limit.
167,3,24,MUM_DS_04,22,MUM_DS_02,239,HOUS_DISP_29,Household,12,14.01,10.1,1.01,3.45,33,18.2,6.53,29.79,31,17,1281.9,Destination projected to breach safety stock within 18.2h (DoC: 1.0d). Source retains surplus stock above protection threshold (Post-transfer DoC: 10.1d). Distance is 6.5km within configured limit.
168,2,15,DEL_DS_05,16,DEL_DS_06,12,DAIR_CURD_12,Dairy,168,7.18,4.61,1.88,3.43,33,33.8,4.65,26.98,301,371,24124.8,Destination projected to breach safety stock within 33.8h (DoC: 1.9d). Source retains surplus stock above protection threshold (Post-transfer DoC: 4.6d). Distance is 4.7km within configured limit.
169,3,29,MUM_DS_09,21,MUM_DS_01,65,SNAC_NUTS_05,Snacks,144,5.86,4.13,1.5,3.44,33,27.0,7.23,30.85,344,255,19333.44,Destination projected to breach safety stock within 27.0h (DoC: 1.5d). Source retains surplus stock above protection threshold (Post-transfer DoC: 4.1d). Distance is 7.2km within configured limit.
170,3,27,MUM_DS_07,28,MUM_DS_08,164,STAP_EDIB_14,Staples,28,13.24,10.88,1.38,3.41,33,24.8,1.68,22.52,129,47,10274.32,Destination projected to breach safety stock within 24.8h (DoC: 1.4d). Source retains surplus stock above protection threshold (Post-transfer DoC: 10.9d). Distance is 1.7km within configured limit.
171,3,28,MUM_DS_08,29,MUM_DS_09,10,DAIR_PANE_10,Dairy,144,5.67,3.04,1.47,3.47,33,26.5,15.06,42.59,166,250,15004.8,Destination projected to breach safety stock within 26.5h (DoC: 1.5d). Source retains surplus stock above protection threshold (Post-transfer DoC: 3.0d). Distance is 15.1km within configured limit.
172,3,23,MUM_DS_03,29,MUM_DS_09,33,BEVE_TEA _03,Beverages,96,4.5,2.87,1.49,3.02,33,26.8,13.77,40.66,169,190,6946.56,Destination projected to breach safety stock within 26.8h (DoC: 1.5d). Source retains surplus stock above protection threshold (Post-transfer DoC: 2.9d). Distance is 13.8km within configured limit.
173,3,25,MUM_DS_05,29,MUM_DS_09,62,SNAC_BISC_02,Snacks,72,4.45,3.3,1.55,2.55,33,27.9,4.46,26.69,206,184,11070.0,Destination projected to breach safety stock within 27.9h (DoC: 1.6d). Source retains surplus stock above protection threshold (Post-transfer DoC: 3.3d). Distance is 4.5km within configured limit.
174,4,34,HYD_DS_04,40,HYD_DS_10,36,BEVE_JUIC_06,Beverages,84,8.95,6.78,1.5,3.39,33,27.0,8.04,32.06,263,151,8176.56,Destination projected to breach safety stock within 27.0h (DoC: 1.5d). Source retains surplus stock above protection threshold (Post-transfer DoC: 6.8d). Distance is 8.0km within configured limit.
175,3,25,MUM_DS_05,29,MUM_DS_09,187,PERS_HAIR_07,Personal Care,12,12.08,10.31,1.32,2.75,32,23.8,4.46,26.69,70,23,4094.52,Destination projected to breach safety stock within 23.8h (DoC: 1.3d). Source retains surplus stock above protection threshold (Post-transfer DoC: 10.3d). Distance is 4.5km within configured limit.
176,1,4,BEN_DS_04,10,BEN_DS_10,279,PET _DOG _09,Pet Care,24,12.39,10.23,1.02,3.05,32,18.4,1.13,21.7,114,36,5805.36,Destination projected to breach safety stock within 18.4h (DoC: 1.0d). Source retains surplus stock above protection threshold (Post-transfer DoC: 10.2d). Distance is 1.1km within configured limit.
177,1,3,BEN_DS_03,2,BEN_DS_02,181,PERS_SOAP_01,Personal Care,12,4.76,3.64,1.03,2.06,32,18.5,4.77,27.16,39,24,2714.28,Destination projected to breach safety stock within 18.5h (DoC: 1.0d). Source retains surplus stock above protection threshold (Post-transfer DoC: 3.6d). Distance is 4.8km within configured limit.
178,3,24,MUM_DS_04,23,MUM_DS_03,224,HOUS_DISP_14,Household,24,13.26,10.74,1.22,3.04,32,22.0,0.92,21.38,102,40,3147.36,Destination projected to breach safety stock within 22.0h (DoC: 1.2d). Source retains surplus stock above protection threshold (Post-transfer DoC: 10.7d). Distance is 0.9km within configured limit.
179,4,33,HYD_DS_03,31,HYD_DS_01,141,FRUI_FRES_21,Fruits & Vegetables,128,6.7,3.55,0.93,3.45,32,16.7,4.03,26.05,144,175,1987.98,Destination projected to breach safety stock within 16.7h (DoC: 0.9d). Source retains surplus stock above protection threshold (Post-transfer DoC: 3.5d). Distance is 4.0km within configured limit.
180,1,6,BEN_DS_06,8,BEN_DS_08,193,PERS_ORAL_13,Personal Care,8,8.11,6.14,1.09,2.84,32,19.6,2.88,24.32,25,13,995.28,Destination projected to breach safety stock within 19.6h (DoC: 1.1d). Source retains surplus stock above protection threshold (Post-transfer DoC: 6.1d). Distance is 2.9km within configured limit.
181,1,4,BEN_DS_04,1,BEN_DS_01,61,SNAC_CHIP_01,Snacks,120,8.21,6.44,1.64,3.33,32,29.5,1.33,22.0,436,236,2715.6,Destination projected to breach safety stock within 29.5h (DoC: 1.6d). Source retains surplus stock above protection threshold (Post-transfer DoC: 6.4d). Distance is 1.3km within configured limit.
182,1,10,BEN_DS_10,4,BEN_DS_04,65,SNAC_NUTS_05,Snacks,96,4.42,3.11,1.6,3.04,32,28.8,1.13,21.7,227,203,12888.96,Destination projected to breach safety stock within 28.8h (DoC: 1.6d). Source retains surplus stock above protection threshold (Post-transfer DoC: 3.1d). Distance is 1.1km within configured limit.
183,2,16,DEL_DS_06,14,DEL_DS_04,38,BEVE_TEA _08,Beverages,120,8.06,6.29,1.56,3.35,32,28.1,7.3,30.96,427,225,5798.4,Destination projected to breach safety stock within 28.1h (DoC: 1.6d). Source retains surplus stock above protection threshold (Post-transfer DoC: 6.3d). Distance is 7.3km within configured limit.
184,2,16,DEL_DS_06,14,DEL_DS_04,68,SNAC_NAMK_08,Snacks,78,4.37,3.03,1.6,2.99,32,28.8,7.3,30.96,176,167,13941.72,Destination projected to breach safety stock within 28.8h (DoC: 1.6d). Source retains surplus stock above protection threshold (Post-transfer DoC: 3.0d). Distance is 7.3km within configured limit.
185,2,15,DEL_DS_05,16,DEL_DS_06,36,BEVE_JUIC_06,Beverages,96,9.46,6.63,1.56,3.43,32,28.1,4.65,26.98,225,176,9344.64,Destination projected to breach safety stock within 28.1h (DoC: 1.6d). Source retains surplus stock above protection threshold (Post-transfer DoC: 6.6d). Distance is 4.7km within configured limit.
186,2,20,DEL_DS_10,17,DEL_DS_07,163,STAP_DALS_13,Staples,40,11.54,9.09,1.45,3.39,32,26.1,3.43,25.15,148,70,13530.8,Destination projected to breach safety stock within 26.1h (DoC: 1.4d). Source retains surplus stock above protection threshold (Post-transfer DoC: 9.1d). Distance is 3.4km within configured limit.
187,2,12,DEL_DS_02,18,DEL_DS_08,220,HOUS_REPE_10,Household,12,12.34,10.81,1.47,3.42,32,26.5,0.72,21.08,85,21,3073.56,Destination projected to breach safety stock within 26.5h (DoC: 1.5d). Source retains surplus stock above protection threshold (Post-transfer DoC: 10.8d). Distance is 0.7km within configured limit.
188,3,23,MUM_DS_03,22,MUM_DS_02,5,DAIR_PANE_05,Dairy,56,6.66,3.06,1.56,2.74,32,28.1,5.8,28.7,136,130,5269.6,Destination projected to breach safety stock within 28.1h (DoC: 1.6d). Source retains surplus stock above protection threshold (Post-transfer DoC: 3.1d). Distance is 5.8km within configured limit.
189,3,23,MUM_DS_03,22,MUM_DS_02,107,PACK_PAST_17,Packaged Foods,60,11.54,9.8,1.36,3.36,32,24.5,5.8,28.7,338,101,3618.6,Destination projected to breach safety stock within 24.5h (DoC: 1.4d). Source retains surplus stock above protection threshold (Post-transfer DoC: 9.8d). Distance is 5.8km within configured limit.
190,3,28,MUM_DS_08,23,MUM_DS_03,67,SNAC_BISC_07,Snacks,144,5.66,3.25,1.56,3.47,32,28.1,11.06,36.59,195,262,16413.12,Destination projected to breach safety stock within 28.1h (DoC: 1.6d). Source retains surplus stock above protection threshold (Post-transfer DoC: 3.2d). Distance is 11.1km within configured limit.
191,3,24,MUM_DS_04,25,MUM_DS_05,64,SNAC_CHOC_04,Snacks,152,6.32,3.88,1.6,3.5,32,28.8,12.66,38.99,241,280,7020.88,Destination projected to breach safety stock within 28.8h (DoC: 1.6d). Source retains surplus stock above protection threshold (Post-transfer DoC: 3.9d). Distance is 12.7km within configured limit.
192,3,27,MUM_DS_07,28,MUM_DS_08,63,SNAC_NAMK_03,Snacks,120,7.77,5.45,1.58,3.48,32,28.4,1.68,22.52,282,220,18900.0,Destination projected to breach safety stock within 28.4h (DoC: 1.6d). Source retains surplus stock above protection threshold (Post-transfer DoC: 5.5d). Distance is 1.7km within configured limit.
193,3,21,MUM_DS_01,28,MUM_DS_08,218,HOUS_CLEA_08,Household,6,17.08,15.84,1.45,2.9,32,26.1,8.05,32.08,77,12,435.12,Destination projected to breach safety stock within 26.1h (DoC: 1.4d). Source retains surplus stock above protection threshold (Post-transfer DoC: 15.8d). Distance is 8.1km within configured limit.
194,3,21,MUM_DS_01,29,MUM_DS_09,66,SNAC_CHIP_06,Snacks,64,4.01,3.23,1.61,2.44,32,29.0,7.23,30.85,264,187,2937.6,Destination projected to breach safety stock within 29.0h (DoC: 1.6d). Source retains surplus stock above protection threshold (Post-transfer DoC: 3.2d). Distance is 7.2km within configured limit.
195,3,21,MUM_DS_01,29,MUM_DS_09,55,BEVE_WATE_25,Beverages,120,4.54,2.99,0.99,2.33,31,17.8,7.23,30.85,232,208,9189.6,Destination projected to breach safety stock within 17.8h (DoC: 1.0d). Source retains surplus stock above protection threshold (Post-transfer DoC: 3.0d). Distance is 7.2km within configured limit.
196,3,30,MUM_DS_10,26,MUM_DS_06,55,BEVE_WATE_25,Beverages,72,4.35,3.1,1.0,1.89,31,18.0,2.99,24.48,178,153,5513.76,Destination projected to breach safety stock within 18.0h (DoC: 1.0d). Source retains surplus stock above protection threshold (Post-transfer DoC: 3.1d). Distance is 3.0km within configured limit.
197,1,6,BEN_DS_06,3,BEN_DS_03,56,BEVE_JUIC_26,Beverages,192,6.69,3.75,1.0,3.51,31,18.0,8.08,32.12,245,268,5697.72,Destination projected to breach safety stock within 18.0h (DoC: 1.0d). Source retains surplus stock above protection threshold (Post-transfer DoC: 3.8d). Distance is 8.1km within configured limit.
198,3,28,MUM_DS_08,21,MUM_DS_01,140,FRUI_CUT _20,Fruits & Vegetables,48,4.41,3.07,1.0,2.18,31,18.0,8.05,32.08,110,89,2620.32,Destination projected to breach safety stock within 18.0h (DoC: 1.0d). Source retains surplus stock above protection threshold (Post-transfer DoC: 3.1d). Distance is 8.1km within configured limit.
199,1,3,BEN_DS_03,2,BEN_DS_02,135,FRUI_CUT _15,Fruits & Vegetables,148,11.96,10.22,1.37,3.46,31,24.7,4.77,27.16,870,245,15906.84,Destination projected to breach safety stock within 24.7h (DoC: 1.4d). Source retains surplus stock above protection threshold (Post-transfer DoC: 10.2d). Distance is 4.8km within configured limit.
200,1,6,BEN_DS_06,2,BEN_DS_02,219,HOUS_DISP_09,Household,24,22.23,19.53,1.48,3.57,31,26.6,7.03,30.54,173,41,5664.9,Destination projected to breach safety stock within 26.6h (DoC: 1.5d). Source retains surplus stock above protection threshold (Post-transfer DoC: 19.5d). Distance is 7.0km within configured limit.
201,1,2,BEN_DS_02,3,BEN_DS_03,36,BEVE_JUIC_06,Beverages,78,4.7,3.06,1.67,3.4,31,30.1,4.77,27.16,146,153,7592.52,Destination projected to breach safety stock within 30.1h (DoC: 1.7d). Source retains surplus stock above protection threshold (Post-transfer DoC: 3.1d). Distance is 4.8km within configured limit.
202,2,12,DEL_DS_02,15,DEL_DS_05,236,HOUS_DETE_26,Household,12,8.45,7.39,1.54,3.08,31,27.7,1.69,22.53,84,24,1051.08,Destination projected to breach safety stock within 27.7h (DoC: 1.5d). Source retains surplus stock above protection threshold (Post-transfer DoC: 7.4d). Distance is 1.7km within configured limit.
203,2,15,DEL_DS_05,16,DEL_DS_06,37,BEVE_COLD_07,Beverages,52,4.63,2.94,1.72,2.83,31,31.0,4.65,26.98,90,132,4866.68,Destination projected to breach safety stock within 31.0h (DoC: 1.7d). Source retains surplus stock above protection threshold (Post-transfer DoC: 2.9d). Distance is 4.7km within configured limit.
204,2,13,DEL_DS_03,16,DEL_DS_06,130,FRUI_CUT _10,Fruits & Vegetables,120,5.18,2.88,1.71,3.29,31,30.8,7.66,31.49,151,249,5541.6,Destination projected to breach safety stock within 30.8h (DoC: 1.7d). Source retains surplus stock above protection threshold (Post-transfer DoC: 2.9d). Distance is 7.7km within configured limit.
205,3,28,MUM_DS_08,21,MUM_DS_01,125,FRUI_CUT _05,Fruits & Vegetables,48,4.32,2.87,1.73,2.93,31,31.1,8.05,32.08,95,117,2431.68,Destination projected to breach safety stock within 31.1h (DoC: 1.7d). Source retains surplus stock above protection threshold (Post-transfer DoC: 2.9d). Distance is 8.1km within configured limit.
206,3,24,MUM_DS_04,22,MUM_DS_02,9,DAIR_CHEE_09,Dairy,88,9.6,6.97,1.67,3.42,31,30.1,6.53,29.79,233,172,14705.68,Destination projected to breach safety stock within 30.1h (DoC: 1.7d). Source retains surplus stock above protection threshold (Post-transfer DoC: 7.0d). Distance is 6.5km within configured limit.
207,3,24,MUM_DS_04,22,MUM_DS_02,40,BEVE_WATE_10,Beverages,152,15.02,12.43,1.7,3.48,31,30.6,6.53,29.79,728,298,20836.16,Destination projected to breach safety stock within 30.6h (DoC: 1.7d). Source retains surplus stock above protection threshold (Post-transfer DoC: 12.4d). Distance is 6.5km within configured limit.
208,3,30,MUM_DS_10,23,MUM_DS_03,124,FRUI_SEAS_04,Fruits & Vegetables,114,5.88,3.33,1.73,3.45,31,31.1,5.93,28.9,149,228,6996.18,Destination projected to breach safety stock within 31.1h (DoC: 1.7d). Source retains surplus stock above protection threshold (Post-transfer DoC: 3.3d). Distance is 5.9km within configured limit.
209,3,28,MUM_DS_08,25,MUM_DS_05,10,DAIR_PANE_10,Dairy,8,5.67,2.89,1.73,1.86,31,31.1,16.59,44.89,158,115,833.6,Destination projected to breach safety stock within 31.1h (DoC: 1.7d). Source retains surplus stock above protection threshold (Post-transfer DoC: 2.9d). Distance is 16.6km within configured limit.
210,3,30,MUM_DS_10,26,MUM_DS_06,10,DAIR_PANE_10,Dairy,112,5.29,2.9,1.71,3.41,31,30.8,2.99,24.48,136,225,11670.4,Destination projected to breach safety stock within 30.8h (DoC: 1.7d). Source retains surplus stock above protection threshold (Post-transfer DoC: 2.9d). Distance is 3.0km within configured limit.
211,3,30,MUM_DS_10,26,MUM_DS_06,32,BEVE_COLD_02,Beverages,160,5.18,2.88,1.73,3.36,31,31.1,2.99,24.48,201,329,16280.0,Destination projected to breach safety stock within 31.1h (DoC: 1.7d). Source retains surplus stock above protection threshold (Post-transfer DoC: 2.9d). Distance is 3.0km within configured limit.
212,3,30,MUM_DS_10,26,MUM_DS_06,126,FRUI_FRES_06,Fruits & Vegetables,120,11.46,8.88,1.73,3.47,31,31.1,2.99,24.48,413,239,7759.2,Destination projected to breach safety stock within 31.1h (DoC: 1.7d). Source retains surplus stock above protection threshold (Post-transfer DoC: 8.9d). Distance is 3.0km within configured limit.
213,3,27,MUM_DS_07,28,MUM_DS_08,32,BEVE_COLD_02,Beverages,168,5.28,2.89,1.66,3.51,31,29.9,1.68,22.52,203,319,17094.0,Destination projected to breach safety stock within 29.9h (DoC: 1.7d). Source retains surplus stock above protection threshold (Post-transfer DoC: 2.9d). Distance is 1.7km within configured limit.
214,3,24,MUM_DS_04,23,MUM_DS_03,25,DAIR_PANE_25,Dairy,216,11.51,8.09,1.06,3.5,30,19.1,0.92,21.38,511,310,33070.62,Destination projected to breach safety stock within 19.1h (DoC: 1.1d). Source retains surplus stock above protection threshold (Post-transfer DoC: 8.1d). Distance is 0.9km within configured limit.
215,1,5,BEN_DS_05,7,BEN_DS_07,87,SNAC_BISC_27,Snacks,180,8.95,6.13,1.1,3.41,30,19.8,3.79,25.68,392,266,31454.28,Destination projected to breach safety stock within 19.8h (DoC: 1.1d). Source retains surplus stock above protection threshold (Post-transfer DoC: 6.1d). Distance is 3.8km within configured limit.
216,3,26,MUM_DS_06,22,MUM_DS_02,73,SNAC_NAMK_13,Snacks,216,10.18,4.97,1.22,3.38,30,22.0,7.34,31.01,457,339,18518.13,Destination projected to breach safety stock within 22.0h (DoC: 1.2d). Source retains surplus stock above protection threshold (Post-transfer DoC: 5.0d). Distance is 7.3km within configured limit.
217,2,11,DEL_DS_01,18,DEL_DS_08,145,FRUI_CUT _25,Fruits & Vegetables,108,5.13,2.93,1.05,2.98,30,18.9,1.25,21.87,144,167,7153.92,Destination projected to breach safety stock within 18.9h (DoC: 1.1d). Source retains surplus stock above protection threshold (Post-transfer DoC: 2.9d). Distance is 1.2km within configured limit.
218,1,9,BEN_DS_09,4,BEN_DS_04,3,DAIR_BUTT_03,Dairy,120,8.19,6.7,1.78,3.32,30,32.0,3.22,24.82,540,258,8481.6,Destination projected to breach safety stock within 32.0h (DoC: 1.8d). Source retains surplus stock above protection threshold (Post-transfer DoC: 6.7d). Distance is 3.2km within configured limit.
219,1,7,BEN_DS_07,5,BEN_DS_05,70,SNAC_NUTS_10,Snacks,84,8.36,6.96,1.81,3.43,30,32.6,3.79,25.68,416,178,10871.28,Destination projected to breach safety stock within 32.6h (DoC: 1.8d). Source retains surplus stock above protection threshold (Post-transfer DoC: 7.0d). Distance is 3.8km within configured limit.
220,1,4,BEN_DS_04,8,BEN_DS_08,33,BEVE_TEA _03,Beverages,80,5.02,3.41,1.8,3.45,30,32.4,5.42,28.13,170,167,5788.8,Destination projected to breach safety stock within 32.4h (DoC: 1.8d). Source retains surplus stock above protection threshold (Post-transfer DoC: 3.4d). Distance is 5.4km within configured limit.
221,2,19,DEL_DS_09,14,DEL_DS_04,130,FRUI_CUT _10,Fruits & Vegetables,128,4.72,2.91,1.75,3.49,30,31.5,11.08,36.62,205,257,5911.04,Destination projected to breach safety stock within 31.5h (DoC: 1.8d). Source retains surplus stock above protection threshold (Post-transfer DoC: 2.9d). Distance is 11.1km within configured limit.
222,2,15,DEL_DS_05,16,DEL_DS_06,2,DAIR_CURD_02,Dairy,108,5.37,2.99,1.76,3.39,30,31.7,4.65,26.98,135,224,5097.6,Destination projected to breach safety stock within 31.7h (DoC: 1.8d). Source retains surplus stock above protection threshold (Post-transfer DoC: 3.0d). Distance is 4.7km within configured limit.
223,2,18,DEL_DS_08,16,DEL_DS_06,33,BEVE_TEA _03,Beverages,72,4.55,3.04,1.74,2.94,30,31.3,5.55,28.33,145,176,5209.92,Destination projected to breach safety stock within 31.3h (DoC: 1.7d). Source retains surplus stock above protection threshold (Post-transfer DoC: 3.0d). Distance is 5.6km within configured limit.
224,2,12,DEL_DS_02,18,DEL_DS_08,68,SNAC_NAMK_08,Snacks,78,7.11,5.66,1.81,3.49,30,32.6,0.72,21.08,304,162,13941.72,Destination projected to breach safety stock within 32.6h (DoC: 1.8d). Source retains surplus stock above protection threshold (Post-transfer DoC: 5.7d). Distance is 0.7km within configured limit.
225,2,13,DEL_DS_03,19,DEL_DS_09,233,HOUS_CLEA_23,Household,24,7.05,4.53,1.55,3.4,30,27.9,1.71,22.57,43,44,3886.32,Destination projected to breach safety stock within 27.9h (DoC: 1.6d). Source retains surplus stock above protection threshold (Post-transfer DoC: 4.5d). Distance is 1.7km within configured limit.
226,2,13,DEL_DS_03,20,DEL_DS_10,1,DAIR_MILK_01,Dairy,104,6.39,4.71,1.81,3.48,30,32.6,3.18,24.77,291,217,9903.92,Destination projected to breach safety stock within 32.6h (DoC: 1.8d). Source retains surplus stock above protection threshold (Post-transfer DoC: 4.7d). Distance is 3.2km within configured limit.
227,3,26,MUM_DS_06,23,MUM_DS_03,2,DAIR_CURD_02,Dairy,112,5.1,3.38,1.79,3.47,30,32.2,3.81,25.72,221,232,5286.4,Destination projected to breach safety stock within 32.2h (DoC: 1.8d). Source retains surplus stock above protection threshold (Post-transfer DoC: 3.4d). Distance is 3.8km within configured limit.
228,3,24,MUM_DS_04,23,MUM_DS_03,3,DAIR_BUTT_03,Dairy,144,5.08,2.96,1.75,3.28,30,31.5,0.92,21.38,201,309,10177.92,Destination projected to breach safety stock within 31.5h (DoC: 1.8d). Source retains surplus stock above protection threshold (Post-transfer DoC: 3.0d). Distance is 0.9km within configured limit.
229,3,21,MUM_DS_01,23,MUM_DS_03,130,FRUI_CUT _10,Fruits & Vegetables,124,4.66,2.91,1.74,3.41,30,31.3,8.81,33.21,207,254,5726.32,Destination projected to breach safety stock within 31.3h (DoC: 1.7d). Source retains surplus stock above protection threshold (Post-transfer DoC: 2.9d). Distance is 8.8km within configured limit.
230,3,30,MUM_DS_10,26,MUM_DS_06,33,BEVE_TEA _03,Beverages,48,4.25,3.07,1.77,2.6,30,31.9,2.99,24.48,125,150,3473.28,Destination projected to breach safety stock within 31.9h (DoC: 1.8d). Source retains surplus stock above protection threshold (Post-transfer DoC: 3.1d). Distance is 3.0km within configured limit.
231,3,27,MUM_DS_07,28,MUM_DS_08,6,DAIR_MILK_06,Dairy,36,6.47,2.81,1.82,2.27,30,32.8,1.68,22.52,198,181,1832.4,Destination projected to breach safety stock within 32.8h (DoC: 1.8d). Source retains surplus stock above protection threshold (Post-transfer DoC: 2.8d). Distance is 1.7km within configured limit.
232,3,27,MUM_DS_07,28,MUM_DS_08,34,BEVE_ENER_04,Beverages,96,5.77,3.87,1.74,3.46,30,31.3,1.68,22.52,196,193,5990.4,Destination projected to breach safety stock within 31.3h (DoC: 1.7d). Source retains surplus stock above protection threshold (Post-transfer DoC: 3.9d). Distance is 1.7km within configured limit.
233,3,25,MUM_DS_05,29,MUM_DS_09,40,BEVE_WATE_10,Beverages,148,11.55,9.55,1.77,3.49,30,31.9,4.46,26.69,709,301,20287.84,Destination projected to breach safety stock within 31.9h (DoC: 1.8d). Source retains surplus stock above protection threshold (Post-transfer DoC: 9.6d). Distance is 4.5km within configured limit.
234,4,32,HYD_DS_02,37,HYD_DS_07,95,PACK_READ_05,Packaged Foods,24,6.34,5.02,1.38,2.65,30,24.8,9.52,34.28,91,50,3202.32,Destination projected to breach safety stock within 24.8h (DoC: 1.4d). Source retains surplus stock above protection threshold (Post-transfer DoC: 5.0d). Distance is 9.5km within configured limit.
235,4,38,HYD_DS_08,39,HYD_DS_09,276,PET _CAT _06,Pet Care,12,19.33,17.2,1.51,3.16,30,27.2,1.62,22.43,97,23,5036.16,Destination projected to breach safety stock within 27.2h (DoC: 1.5d). Source retains surplus stock above protection threshold (Post-transfer DoC: 17.2d). Distance is 1.6km within configured limit.
236,1,5,BEN_DS_05,7,BEN_DS_07,179,STAP_EDIB_29,Staples,72,7.19,4.88,1.28,3.1,29,23.0,3.79,25.68,152,123,35855.28,Destination projected to breach safety stock within 23.0h (DoC: 1.3d). Source retains surplus stock above protection threshold (Post-transfer DoC: 4.9d). Distance is 3.8km within configured limit.
237,3,24,MUM_DS_04,26,MUM_DS_06,72,SNAC_BISC_12,Snacks,144,6.39,3.34,1.11,3.4,29,20.0,3.19,24.78,157,214,21648.06,Destination projected to breach safety stock within 20.0h (DoC: 1.1d). Source retains surplus stock above protection threshold (Post-transfer DoC: 3.3d). Distance is 3.2km within configured limit.
238,2,13,DEL_DS_03,19,DEL_DS_09,106,PACK_NOOD_16,Packaged Foods,80,7.31,4.18,1.14,3.49,29,20.5,1.71,22.57,107,119,14513.46,Destination projected to breach safety stock within 20.5h (DoC: 1.1d). Source retains surplus stock above protection threshold (Post-transfer DoC: 4.2d). Distance is 1.7km within configured limit.
239,4,34,HYD_DS_04,39,HYD_DS_09,142,FRUI_EXOT_22,Fruits & Vegetables,80,4.6,3.11,1.11,2.33,29,20.0,2.24,23.36,166,153,5120.0,Destination projected to breach safety stock within 20.0h (DoC: 1.1d). Source retains surplus stock above protection threshold (Post-transfer DoC: 3.1d). Distance is 2.2km within configured limit.
240,3,30,MUM_DS_10,26,MUM_DS_06,98,PACK_SAUC_08,Packaged Foods,24,5.39,3.52,1.14,2.5,29,20.5,2.99,24.48,45,44,5333.28,Destination projected to breach safety stock within 20.5h (DoC: 1.1d). Source retains surplus stock above protection threshold (Post-transfer DoC: 3.5d). Distance is 3.0km within configured limit.
241,3,25,MUM_DS_05,29,MUM_DS_09,71,SNAC_CHIP_11,Snacks,132,7.83,5.09,1.17,3.52,29,21.1,4.46,26.69,245,198,7708.86,Destination projected to breach safety stock within 21.1h (DoC: 1.2d). Source retains surplus stock above protection threshold (Post-transfer DoC: 5.1d). Distance is 4.5km within configured limit.
242,3,23,MUM_DS_03,22,MUM_DS_02,157,STAP_RICE_07,Staples,30,4.42,3.13,1.17,2.34,29,21.1,5.8,28.7,73,60,4297.5,Destination projected to breach safety stock within 21.1h (DoC: 1.2d). Source retains surplus stock above protection threshold (Post-transfer DoC: 3.1d). Distance is 5.8km within configured limit.
243,2,20,DEL_DS_10,17,DEL_DS_07,74,SNAC_CHOC_14,Snacks,120,7.56,4.37,1.13,3.5,29,20.3,3.43,25.15,164,177,6844.2,Destination projected to breach safety stock within 20.3h (DoC: 1.1d). Source retains surplus stock above protection threshold (Post-transfer DoC: 4.4d). Distance is 3.4km within configured limit.
244,2,18,DEL_DS_08,12,DEL_DS_02,22,DAIR_CURD_22,Dairy,84,4.63,2.95,1.12,2.61,29,20.2,0.72,21.08,147,147,4514.16,Destination projected to breach safety stock within 20.2h (DoC: 1.1d). Source retains surplus stock above protection threshold (Post-transfer DoC: 3.0d). Distance is 0.7km within configured limit.
245,3,24,MUM_DS_04,22,MUM_DS_02,134,FRUI_SEAS_14,Fruits & Vegetables,144,6.33,3.08,1.19,3.38,29,21.4,6.53,29.79,136,222,4971.12,Destination projected to breach safety stock within 21.4h (DoC: 1.2d). Source retains surplus stock above protection threshold (Post-transfer DoC: 3.1d). Distance is 6.5km within configured limit.
246,1,7,BEN_DS_07,5,BEN_DS_05,128,FRUI_DAIL_08,Fruits & Vegetables,48,4.8,3.71,1.86,3.2,29,33.5,3.79,25.68,162,114,4863.84,Destination projected to breach safety stock within 33.5h (DoC: 1.9d). Source retains surplus stock above protection threshold (Post-transfer DoC: 3.7d). Distance is 3.8km within configured limit.
247,1,5,BEN_DS_05,7,BEN_DS_07,106,PACK_NOOD_16,Packaged Foods,64,8.45,6.1,1.75,3.52,29,31.5,3.79,25.68,166,127,13461.76,Destination projected to breach safety stock within 31.5h (DoC: 1.8d). Source retains surplus stock above protection threshold (Post-transfer DoC: 6.1d). Distance is 3.8km within configured limit.
248,1,6,BEN_DS_06,9,BEN_DS_09,38,BEVE_TEA _08,Beverages,96,6.19,4.48,1.85,3.44,29,33.3,2.25,23.37,251,208,4638.72,Destination projected to breach safety stock within 33.3h (DoC: 1.9d). Source retains surplus stock above protection threshold (Post-transfer DoC: 4.5d). Distance is 2.2km within configured limit.
249,1,8,BEN_DS_08,9,BEN_DS_09,70,SNAC_NUTS_10,Snacks,96,5.51,3.69,1.85,3.45,29,33.3,2.21,23.31,195,207,12424.32,Destination projected to breach safety stock within 33.3h (DoC: 1.9d). Source retains surplus stock above protection threshold (Post-transfer DoC: 3.7d). Distance is 2.2km within configured limit.
250,2,18,DEL_DS_08,12,DEL_DS_02,127,FRUI_EXOT_07,Fruits & Vegetables,72,7.23,5.73,1.85,3.14,29,33.3,0.72,21.08,275,175,8421.84,Destination projected to breach safety stock within 33.3h (DoC: 1.9d). Source retains surplus stock above protection threshold (Post-transfer DoC: 5.7d). Distance is 0.7km within configured limit.
251,2,13,DEL_DS_03,14,DEL_DS_04,5,DAIR_PANE_05,Dairy,64,4.98,3.0,1.83,3.32,29,32.9,9.45,34.17,97,143,6022.4,Destination projected to breach safety stock within 32.9h (DoC: 1.8d). Source retains surplus stock above protection threshold (Post-transfer DoC: 3.0d). Distance is 9.4km within configured limit.
252,2,16,DEL_DS_06,14,DEL_DS_04,32,BEVE_COLD_02,Beverages,152,4.43,2.89,1.87,3.46,29,33.7,7.3,30.96,285,330,15466.0,Destination projected to breach safety stock within 33.7h (DoC: 1.9d). Source retains surplus stock above protection threshold (Post-transfer DoC: 2.9d). Distance is 7.3km within configured limit.
253,2,16,DEL_DS_06,14,DEL_DS_04,66,SNAC_CHIP_06,Snacks,112,4.42,2.89,1.89,3.49,29,34.0,7.3,30.96,210,245,5140.8,Destination projected to breach safety stock within 34.0h (DoC: 1.9d). Source retains surplus stock above protection threshold (Post-transfer DoC: 2.9d). Distance is 7.3km within configured limit.
254,2,16,DEL_DS_06,14,DEL_DS_04,122,FRUI_EXOT_02,Fruits & Vegetables,120,6.75,5.4,1.88,3.46,29,33.8,7.3,30.96,481,263,13435.2,Destination projected to breach safety stock within 33.8h (DoC: 1.9d). Source retains surplus stock above protection threshold (Post-transfer DoC: 5.4d). Distance is 7.3km within configured limit.
255,2,12,DEL_DS_02,16,DEL_DS_06,3,DAIR_BUTT_03,Dairy,144,4.93,3.23,1.83,3.42,29,32.9,5.1,27.65,274,310,10177.92,Destination projected to breach safety stock within 32.9h (DoC: 1.8d). Source retains surplus stock above protection threshold (Post-transfer DoC: 3.2d). Distance is 5.1km within configured limit.
256,2,15,DEL_DS_05,16,DEL_DS_06,125,FRUI_CUT _05,Fruits & Vegetables,32,4.45,3.27,1.9,2.67,29,34.2,4.65,26.98,89,111,1621.12,Destination projected to breach safety stock within 34.2h (DoC: 1.9d). Source retains surplus stock above protection threshold (Post-transfer DoC: 3.3d). Distance is 4.7km within configured limit.
257,2,11,DEL_DS_01,18,DEL_DS_08,1,DAIR_MILK_01,Dairy,112,5.07,3.28,1.85,3.44,29,33.3,1.25,21.87,205,243,10665.76,Destination projected to breach safety stock within 33.3h (DoC: 1.9d). Source retains surplus stock above protection threshold (Post-transfer DoC: 3.3d). Distance is 1.2km within configured limit.
258,2,13,DEL_DS_03,19,DEL_DS_09,139,FRUI_SEAS_19,Fruits & Vegetables,176,6.34,3.48,1.41,3.48,29,25.4,1.71,22.57,215,296,14033.5,Destination projected to breach safety stock within 25.4h (DoC: 1.4d). Source retains surplus stock above protection threshold (Post-transfer DoC: 3.5d). Distance is 1.7km within configured limit.
259,3,23,MUM_DS_03,22,MUM_DS_02,65,SNAC_NUTS_05,Snacks,120,7.97,6.46,1.89,3.3,29,34.0,5.8,28.7,515,281,16111.2,Destination projected to breach safety stock within 34.0h (DoC: 1.9d). Source retains surplus stock above protection threshold (Post-transfer DoC: 6.5d). Distance is 5.8km within configured limit.
260,3,23,MUM_DS_03,22,MUM_DS_02,255,BABY_BABY_15,Baby Care,42,9.07,7.2,1.42,3.28,29,25.6,5.8,28.7,162,74,21001.26,Destination projected to breach safety stock within 25.6h (DoC: 1.4d). Source retains surplus stock above protection threshold (Post-transfer DoC: 7.2d). Distance is 5.8km within configured limit.
261,3,30,MUM_DS_10,26,MUM_DS_06,34,BEVE_ENER_04,Beverages,96,5.41,3.18,1.9,3.52,29,34.2,2.99,24.48,137,209,5990.4,Destination projected to breach safety stock within 34.2h (DoC: 1.9d). Source retains surplus stock above protection threshold (Post-transfer DoC: 3.2d). Distance is 3.0km within configured limit.
262,3,24,MUM_DS_04,29,MUM_DS_09,7,DAIR_CURD_07,Dairy,144,6.53,4.26,1.84,3.41,29,33.1,14.23,41.34,269,313,22318.56,Destination projected to breach safety stock within 33.1h (DoC: 1.8d). Source retains surplus stock above protection threshold (Post-transfer DoC: 4.3d). Distance is 14.2km within configured limit.
263,4,38,HYD_DS_08,39,HYD_DS_09,67,SNAC_BISC_07,Snacks,120,5.74,3.25,1.88,3.49,29,33.8,1.62,22.43,156,260,13677.6,Destination projected to breach safety stock within 33.8h (DoC: 1.9d). Source retains surplus stock above protection threshold (Post-transfer DoC: 3.2d). Distance is 1.6km within configured limit.
264,3,24,MUM_DS_04,22,MUM_DS_02,20,DAIR_PANE_20,Dairy,186,6.59,3.22,1.27,3.47,28,22.9,6.53,29.79,178,294,23720.1,Destination projected to breach safety stock within 22.9h (DoC: 1.3d). Source retains surplus stock above protection threshold (Post-transfer DoC: 3.2d). Distance is 6.5km within configured limit.
265,3,24,MUM_DS_04,29,MUM_DS_09,270,BABY_BABY_30,Baby Care,36,6.44,3.35,1.26,3.16,28,22.7,14.23,41.34,39,60,21352.32,Destination projected to breach safety stock within 22.7h (DoC: 1.3d). Source retains surplus stock above protection threshold (Post-transfer DoC: 3.4d). Distance is 14.2km within configured limit.
266,3,23,MUM_DS_03,29,MUM_DS_09,13,DAIR_BUTT_13,Dairy,116,4.29,2.83,1.29,2.66,28,23.2,13.77,40.66,225,225,14063.84,Destination projected to breach safety stock within 23.2h (DoC: 1.3d). Source retains surplus stock above protection threshold (Post-transfer DoC: 2.8d). Distance is 13.8km within configured limit.
267,1,6,BEN_DS_06,7,BEN_DS_07,78,SNAC_NAMK_18,Snacks,162,6.39,3.7,1.24,3.44,28,22.3,5.39,28.09,223,253,19726.92,Destination projected to breach safety stock within 22.3h (DoC: 1.2d). Source retains surplus stock above protection threshold (Post-transfer DoC: 3.7d). Distance is 5.4km within configured limit.
268,3,25,MUM_DS_05,29,MUM_DS_09,18,DAIR_BUTT_18,Dairy,48,4.08,2.93,1.24,2.26,28,22.3,4.46,26.69,123,106,9755.52,Destination projected to breach safety stock within 22.3h (DoC: 1.2d). Source retains surplus stock above protection threshold (Post-transfer DoC: 2.9d). Distance is 4.5km within configured limit.
269,3,27,MUM_DS_07,28,MUM_DS_08,24,DAIR_CHEE_24,Dairy,168,16.44,14.04,1.26,3.43,28,22.7,1.68,22.52,983,266,16076.6,Destination projected to breach safety stock within 22.7h (DoC: 1.3d). Source retains surplus stock above protection threshold (Post-transfer DoC: 14.0d). Distance is 1.7km within configured limit.
270,4,37,HYD_DS_07,40,HYD_DS_10,161,STAP_ATTA_11,Staples,16,4.59,3.28,1.2,2.15,28,21.6,6.03,29.05,40,36,6810.72,Destination projected to breach safety stock within 21.6h (DoC: 1.2d). Source retains surplus stock above protection threshold (Post-transfer DoC: 3.3d). Distance is 6.0km within configured limit.
271,3,24,MUM_DS_04,23,MUM_DS_03,265,BABY_DIAP_25,Baby Care,54,4.83,3.07,1.27,2.51,28,22.9,0.92,21.38,94,109,8818.2,Destination projected to breach safety stock within 22.9h (DoC: 1.3d). Source retains surplus stock above protection threshold (Post-transfer DoC: 3.1d). Distance is 0.9km within configured limit.
272,3,30,MUM_DS_10,22,MUM_DS_02,23,DAIR_BUTT_23,Dairy,96,4.39,2.97,1.27,2.17,28,22.9,10.31,35.47,201,232,5484.48,Destination projected to breach safety stock within 22.9h (DoC: 1.3d). Source retains surplus stock above protection threshold (Post-transfer DoC: 3.0d). Distance is 10.3km within configured limit.
273,3,30,MUM_DS_10,26,MUM_DS_06,96,PACK_NOOD_06,Packaged Foods,60,5.95,3.32,1.21,3.03,28,21.8,2.99,24.48,76,100,10840.2,Destination projected to breach safety stock within 21.8h (DoC: 1.2d). Source retains surplus stock above protection threshold (Post-transfer DoC: 3.3d). Distance is 3.0km within configured limit.
274,3,23,MUM_DS_03,22,MUM_DS_02,115,PACK_READ_25,Packaged Foods,42,5.12,3.09,1.2,3.06,28,21.6,5.8,28.7,64,69,9950.22,Destination projected to breach safety stock within 21.6h (DoC: 1.2d). Source retains surplus stock above protection threshold (Post-transfer DoC: 3.1d). Distance is 5.8km within configured limit.
275,1,4,BEN_DS_04,8,BEN_DS_08,259,BABY_BABY_19,Baby Care,12,4.87,4.13,1.25,2.09,28,22.5,5.42,28.13,67,30,4341.96,Destination projected to breach safety stock within 22.5h (DoC: 1.2d). Source retains surplus stock above protection threshold (Post-transfer DoC: 4.1d). Distance is 5.4km within configured limit.
276,1,9,BEN_DS_09,8,BEN_DS_08,176,STAP_ATTA_26,Staples,30,7.38,5.31,1.27,3.39,28,22.9,2.21,23.31,77,48,8220.63,Destination projected to breach safety stock within 22.9h (DoC: 1.3d). Source retains surplus stock above protection threshold (Post-transfer DoC: 5.3d). Distance is 2.2km within configured limit.
277,2,18,DEL_DS_08,12,DEL_DS_02,98,PACK_SAUC_08,Packaged Foods,12,4.04,3.23,1.2,1.92,28,21.6,0.72,21.08,48,32,2666.64,Destination projected to breach safety stock within 21.6h (DoC: 1.2d). Source retains surplus stock above protection threshold (Post-transfer DoC: 3.2d). Distance is 0.7km within configured limit.
278,3,23,MUM_DS_03,22,MUM_DS_02,103,PACK_SAUC_13,Packaged Foods,32,4.56,3.12,1.22,2.47,28,22.0,5.8,28.7,69,63,4129.92,Destination projected to breach safety stock within 22.0h (DoC: 1.2d). Source retains surplus stock above protection threshold (Post-transfer DoC: 3.1d). Distance is 5.8km within configured limit.
279,3,29,MUM_DS_09,21,MUM_DS_01,49,BEVE_ENER_19,Beverages,168,6.95,5.0,1.21,3.39,28,21.8,7.23,30.85,431,261,6514.2,Destination projected to breach safety stock within 21.8h (DoC: 1.2d). Source retains surplus stock above protection threshold (Post-transfer DoC: 5.0d). Distance is 7.2km within configured limit.
280,3,23,MUM_DS_03,29,MUM_DS_09,300,PET _CAT _30,Pet Care,6,4.07,3.5,1.22,1.75,28,22.0,13.77,40.66,37,20,1695.12,Destination projected to breach safety stock within 22.0h (DoC: 1.2d). Source retains surplus stock above protection threshold (Post-transfer DoC: 3.5d). Distance is 13.8km within configured limit.
281,2,12,DEL_DS_02,15,DEL_DS_05,51,BEVE_JUIC_21,Beverages,76,9.84,8.23,1.26,3.45,28,22.7,1.69,22.53,388,120,5775.0,Destination projected to breach safety stock within 22.7h (DoC: 1.3d). Source retains surplus stock above protection threshold (Post-transfer DoC: 8.2d). Distance is 1.7km within configured limit.
282,3,21,MUM_DS_01,29,MUM_DS_09,92,PACK_PAST_02,Packaged Foods,56,4.55,2.87,1.27,2.78,28,22.9,7.23,30.85,96,103,2940.56,Destination projected to breach safety stock within 22.9h (DoC: 1.3d). Source retains surplus stock above protection threshold (Post-transfer DoC: 2.9d). Distance is 7.2km within configured limit.
283,2,13,DEL_DS_03,17,DEL_DS_07,146,FRUI_FRES_26,Fruits & Vegetables,96,5.6,3.06,1.27,3.04,28,22.9,6.08,29.12,116,165,3365.76,Destination projected to breach safety stock within 22.9h (DoC: 1.3d). Source retains surplus stock above protection threshold (Post-transfer DoC: 3.1d). Distance is 6.1km within configured limit.
284,1,9,BEN_DS_09,8,BEN_DS_08,94,PACK_BREA_04,Packaged Foods,24,4.03,2.95,1.22,2.35,28,22.0,2.21,23.31,65,50,1963.44,Destination projected to breach safety stock within 22.0h (DoC: 1.2d). Source retains surplus stock above protection threshold (Post-transfer DoC: 3.0d). Distance is 2.2km within configured limit.
285,1,4,BEN_DS_04,10,BEN_DS_10,297,PET _PET _27,Pet Care,28,6.09,3.55,1.01,3.17,28,18.2,1.13,21.7,39,41,3361.54,Destination projected to breach safety stock within 18.2h (DoC: 1.0d). Source retains surplus stock above protection threshold (Post-transfer DoC: 3.5d). Distance is 1.1km within configured limit.
286,3,24,MUM_DS_04,22,MUM_DS_02,141,FRUI_FRES_21,Fruits & Vegetables,92,4.75,2.93,1.21,2.4,28,21.8,6.53,29.79,148,185,1793.08,Destination projected to breach safety stock within 21.8h (DoC: 1.2d). Source retains surplus stock above protection threshold (Post-transfer DoC: 2.9d). Distance is 6.5km within configured limit.
287,4,39,HYD_DS_09,37,HYD_DS_07,114,PACK_BREA_24,Packaged Foods,48,6.55,4.93,1.24,3.45,28,22.3,9.5,34.25,147,75,2579.28,Destination projected to breach safety stock within 22.3h (DoC: 1.2d). Source retains surplus stock above protection threshold (Post-transfer DoC: 4.9d). Distance is 9.5km within configured limit.
288,2,13,DEL_DS_03,20,DEL_DS_10,202,PERS_HAIR_22,Personal Care,24,6.2,3.63,0.75,2.99,28,13.5,3.18,24.77,34,32,1333.42,Destination projected to breach safety stock within 13.5h (DoC: 0.8d). Source retains surplus stock above protection threshold (Post-transfer DoC: 3.6d). Distance is 3.2km within configured limit.
289,1,6,BEN_DS_06,8,BEN_DS_08,1,DAIR_MILK_01,Dairy,104,5.3,3.59,1.98,3.5,28,35.6,2.88,24.32,218,239,9903.92,Destination projected to breach safety stock within 35.6h (DoC: 2.0d). Source retains surplus stock above protection threshold (Post-transfer DoC: 3.6d). Distance is 2.9km within configured limit.
290,1,6,BEN_DS_06,8,BEN_DS_08,2,DAIR_CURD_02,Dairy,84,5.32,3.49,1.91,3.5,28,34.4,2.88,24.32,160,185,3964.8,Destination projected to breach safety stock within 34.4h (DoC: 1.9d). Source retains surplus stock above protection threshold (Post-transfer DoC: 3.5d). Distance is 2.9km within configured limit.
291,1,9,BEN_DS_09,8,BEN_DS_08,7,DAIR_CURD_07,Dairy,96,5.2,3.93,1.99,3.4,28,35.8,2.21,23.31,297,231,14879.04,Destination projected to breach safety stock within 35.8h (DoC: 2.0d). Source retains surplus stock above protection threshold (Post-transfer DoC: 3.9d). Distance is 2.2km within configured limit.
292,1,5,BEN_DS_05,10,BEN_DS_10,37,BEVE_COLD_07,Beverages,68,6.08,4.17,1.91,3.43,28,34.4,3.82,25.73,149,153,6364.12,Destination projected to breach safety stock within 34.4h (DoC: 1.9d). Source retains surplus stock above protection threshold (Post-transfer DoC: 4.2d). Distance is 3.8km within configured limit.
293,2,18,DEL_DS_08,12,DEL_DS_02,5,DAIR_PANE_05,Dairy,40,4.17,3.1,1.98,2.9,28,35.6,0.72,21.08,115,126,3764.0,Destination projected to breach safety stock within 35.6h (DoC: 2.0d). Source retains surplus stock above protection threshold (Post-transfer DoC: 3.1d). Distance is 0.7km within configured limit.
294,2,13,DEL_DS_03,14,DEL_DS_04,1,DAIR_MILK_01,Dairy,104,6.39,3.03,2.0,3.25,28,36.0,9.45,34.17,187,270,9903.92,Destination projected to breach safety stock within 36.0h (DoC: 2.0d). Source retains surplus stock above protection threshold (Post-transfer DoC: 3.0d). Distance is 9.4km within configured limit.
295,2,13,DEL_DS_03,14,DEL_DS_04,33,BEVE_TEA _03,Beverages,88,6.77,4.66,1.91,3.45,28,34.4,9.45,34.17,194,197,6367.68,Destination projected to breach safety stock within 34.4h (DoC: 1.9d). Source retains surplus stock above protection threshold (Post-transfer DoC: 4.7d). Distance is 9.4km within configured limit.
296,2,20,DEL_DS_10,17,DEL_DS_07,34,BEVE_ENER_04,Beverages,90,5.02,3.03,1.96,3.51,28,35.3,3.43,25.15,137,204,5616.0,Destination projected to breach safety stock within 35.3h (DoC: 2.0d). Source retains surplus stock above protection threshold (Post-transfer DoC: 3.0d). Distance is 3.4km within configured limit.
297,2,15,DEL_DS_05,18,DEL_DS_08,67,SNAC_BISC_07,Snacks,92,5.69,3.78,1.93,3.48,28,34.7,2.4,23.6,183,207,10486.16,Destination projected to breach safety stock within 34.7h (DoC: 1.9d). Source retains surplus stock above protection threshold (Post-transfer DoC: 3.8d). Distance is 2.4km within configured limit.
298,2,18,DEL_DS_08,19,DEL_DS_09,2,DAIR_CURD_02,Dairy,96,5.69,3.87,1.93,3.45,28,34.7,6.62,29.94,205,218,4531.2,Destination projected to breach safety stock within 34.7h (DoC: 1.9d). Source retains surplus stock above protection threshold (Post-transfer DoC: 3.9d). Distance is 6.6km within configured limit.
299,2,20,DEL_DS_10,19,DEL_DS_09,125,FRUI_CUT _05,Fruits & Vegetables,56,6.62,4.71,1.99,3.44,28,35.8,2.12,23.18,138,133,2836.96,Destination projected to breach safety stock within 35.8h (DoC: 2.0d). Source retains surplus stock above protection threshold (Post-transfer DoC: 4.7d). Distance is 2.1km within configured limit.
300,2,13,DEL_DS_03,19,DEL_DS_09,126,FRUI_FRES_06,Fruits & Vegetables,96,9.84,7.84,1.92,3.4,28,34.6,1.71,22.57,375,221,6207.36,Destination projected to breach safety stock within 34.6h (DoC: 1.9d). Source retains surplus stock above protection threshold (Post-transfer DoC: 7.8d). Distance is 1.7km within configured limit.
301,2,19,DEL_DS_09,20,DEL_DS_10,123,FRUI_DAIL_03,Fruits & Vegetables,48,11.53,10.37,1.98,3.47,28,35.6,2.12,23.18,432,112,3904.32,Destination projected to breach safety stock within 35.6h (DoC: 2.0d). Source retains surplus stock above protection threshold (Post-transfer DoC: 10.4d). Distance is 2.1km within configured limit.
302,3,24,MUM_DS_04,21,MUM_DS_01,7,DAIR_CURD_07,Dairy,72,6.53,3.12,1.98,2.85,28,35.6,8.86,33.29,197,235,11159.28,Destination projected to breach safety stock within 35.6h (DoC: 2.0d). Source retains surplus stock above protection threshold (Post-transfer DoC: 3.1d). Distance is 8.9km within configured limit.
303,3,30,MUM_DS_10,26,MUM_DS_06,3,DAIR_BUTT_03,Dairy,72,4.3,3.14,1.92,2.72,28,34.6,2.99,24.48,196,245,5088.96,Destination projected to breach safety stock within 34.6h (DoC: 1.9d). Source retains surplus stock above protection threshold (Post-transfer DoC: 3.1d). Distance is 3.0km within configured limit.
304,3,30,MUM_DS_10,26,MUM_DS_06,7,DAIR_CURD_07,Dairy,120,5.59,3.53,1.91,3.35,28,34.4,2.99,24.48,205,279,18598.8,Destination projected to breach safety stock within 34.4h (DoC: 1.9d). Source retains surplus stock above protection threshold (Post-transfer DoC: 3.5d). Distance is 3.0km within configured limit.
305,3,30,MUM_DS_10,26,MUM_DS_06,70,SNAC_NUTS_10,Snacks,96,8.03,5.92,2.0,3.46,28,36.0,2.99,24.48,269,227,12424.32,Destination projected to breach safety stock within 36.0h (DoC: 2.0d). Source retains surplus stock above protection threshold (Post-transfer DoC: 5.9d). Distance is 3.0km within configured limit.
306,4,33,HYD_DS_03,35,HYD_DS_05,33,BEVE_TEA _03,Beverages,72,7.48,5.31,1.98,3.45,28,35.6,2.64,23.95,176,169,5209.92,Destination projected to breach safety stock within 35.6h (DoC: 2.0d). Source retains surplus stock above protection threshold (Post-transfer DoC: 5.3d). Distance is 2.6km within configured limit.
307,4,32,HYD_DS_02,39,HYD_DS_09,6,DAIR_MILK_06,Dairy,138,6.03,4.19,2.0,3.48,28,36.0,2.84,24.27,314,325,7024.2,Destination projected to breach safety stock within 36.0h (DoC: 2.0d). Source retains surplus stock above protection threshold (Post-transfer DoC: 4.2d). Distance is 2.8km within configured limit.
308,4,34,HYD_DS_04,39,HYD_DS_09,63,SNAC_NAMK_03,Snacks,104,16.42,14.55,1.93,3.41,28,34.7,2.24,23.36,813,240,16380.0,Destination projected to breach safety stock within 34.7h (DoC: 1.9d). Source retains surplus stock above protection threshold (Post-transfer DoC: 14.6d). Distance is 2.2km within configured limit.
309,3,25,MUM_DS_05,29,MUM_DS_09,265,BABY_DIAP_25,Baby Care,66,4.65,2.96,1.3,2.79,27,23.4,4.46,26.69,116,124,10777.8,Destination projected to breach safety stock within 23.4h (DoC: 1.3d). Source retains surplus stock above protection threshold (Post-transfer DoC: 3.0d). Distance is 4.5km within configured limit.
310,2,15,DEL_DS_05,16,DEL_DS_06,139,FRUI_SEAS_19,Fruits & Vegetables,184,16.09,12.88,1.31,3.45,27,23.6,4.65,26.98,739,297,14281.15,Destination projected to breach safety stock within 23.6h (DoC: 1.3d). Source retains surplus stock above protection threshold (Post-transfer DoC: 12.9d). Distance is 4.7km within configured limit.
311,3,30,MUM_DS_10,26,MUM_DS_06,100,PACK_READ_10,Packaged Foods,80,6.28,3.55,1.33,3.22,27,23.9,2.99,24.48,104,136,8728.8,Destination projected to breach safety stock within 23.9h (DoC: 1.3d). Source retains surplus stock above protection threshold (Post-transfer DoC: 3.5d). Distance is 3.0km within configured limit.
312,2,13,DEL_DS_03,19,DEL_DS_09,120,PACK_READ_30,Packaged Foods,48,7.82,5.7,1.3,2.83,27,23.4,1.71,22.57,129,89,5624.16,Destination projected to breach safety stock within 23.4h (DoC: 1.3d). Source retains surplus stock above protection threshold (Post-transfer DoC: 5.7d). Distance is 1.7km within configured limit.
313,4,37,HYD_DS_07,40,HYD_DS_10,71,SNAC_CHIP_11,Snacks,102,6.83,4.12,1.3,3.48,27,23.4,6.03,29.05,155,163,6412.68,Destination projected to breach safety stock within 23.4h (DoC: 1.3d). Source retains surplus stock above protection threshold (Post-transfer DoC: 4.1d). Distance is 6.0km within configured limit.
314,3,29,MUM_DS_09,21,MUM_DS_01,279,PET _DOG _09,Pet Care,24,7.07,5.34,1.33,3.31,27,23.9,7.23,30.85,74,40,5805.36,Destination projected to breach safety stock within 23.9h (DoC: 1.3d). Source retains surplus stock above protection threshold (Post-transfer DoC: 5.3d). Distance is 7.2km within configured limit.
315,3,30,MUM_DS_10,22,MUM_DS_02,137,FRUI_EXOT_17,Fruits & Vegetables,216,6.17,3.27,1.32,3.34,27,23.8,10.31,35.47,243,358,5480.35,Destination projected to breach safety stock within 23.8h (DoC: 1.3d). Source retains surplus stock above protection threshold (Post-transfer DoC: 3.3d). Distance is 10.3km within configured limit.
316,4,38,HYD_DS_08,39,HYD_DS_09,46,BEVE_JUIC_16,Beverages,168,14.64,11.8,1.31,3.36,27,23.6,1.62,22.43,697,276,5291.55,Destination projected to breach safety stock within 23.6h (DoC: 1.3d). Source retains surplus stock above protection threshold (Post-transfer DoC: 11.8d). Distance is 1.6km within configured limit.
317,2,20,DEL_DS_10,17,DEL_DS_07,28,DAIR_BUTT_28,Dairy,48,4.51,3.21,1.33,2.36,27,23.9,3.43,25.15,118,110,1880.16,Destination projected to breach safety stock within 23.9h (DoC: 1.3d). Source retains surplus stock above protection threshold (Post-transfer DoC: 3.2d). Distance is 3.4km within configured limit.
318,2,15,DEL_DS_05,16,DEL_DS_06,215,HOUS_REPE_05,Household,28,9.71,5.71,1.13,3.57,27,20.3,4.65,26.98,40,41,1592.29,Destination projected to breach safety stock within 20.3h (DoC: 1.1d). Source retains surplus stock above protection threshold (Post-transfer DoC: 5.7d). Distance is 4.7km within configured limit.
319,1,5,BEN_DS_05,7,BEN_DS_07,149,FRUI_SEAS_29,Fruits & Vegetables,120,7.31,4.86,1.36,3.32,27,24.5,3.79,25.68,239,203,12477.6,Destination projected to breach safety stock within 24.5h (DoC: 1.4d). Source retains surplus stock above protection threshold (Post-transfer DoC: 4.9d). Distance is 3.8km within configured limit.
320,2,16,DEL_DS_06,14,DEL_DS_04,259,BABY_BABY_19,Baby Care,36,7.89,5.75,1.36,3.48,27,24.5,7.3,30.96,97,59,12302.22,Destination projected to breach safety stock within 24.5h (DoC: 1.4d). Source retains surplus stock above protection threshold (Post-transfer DoC: 5.8d). Distance is 7.3km within configured limit.
321,2,11,DEL_DS_01,19,DEL_DS_09,258,BABY_BABY_18,Baby Care,24,5.57,3.76,1.34,2.73,27,24.1,7.75,31.62,50,47,13254.96,Destination projected to breach safety stock within 24.1h (DoC: 1.3d). Source retains surplus stock above protection threshold (Post-transfer DoC: 3.8d). Distance is 7.7km within configured limit.
322,3,29,MUM_DS_09,21,MUM_DS_01,48,BEVE_TEA _18,Beverages,66,4.15,3.06,1.37,2.6,27,24.7,7.23,30.85,186,140,3610.2,Destination projected to breach safety stock within 24.7h (DoC: 1.4d). Source retains surplus stock above protection threshold (Post-transfer DoC: 3.1d). Distance is 7.2km within configured limit.
323,3,23,MUM_DS_03,22,MUM_DS_02,58,BEVE_TEA _28,Beverages,96,4.51,3.22,1.34,2.53,27,24.1,5.8,28.7,238,205,9590.4,Destination projected to breach safety stock within 24.1h (DoC: 1.3d). Source retains surplus stock above protection threshold (Post-transfer DoC: 3.2d). Distance is 5.8km within configured limit.
324,3,24,MUM_DS_04,29,MUM_DS_09,20,DAIR_PANE_20,Dairy,24,6.59,2.79,1.35,1.64,27,24.3,14.23,41.34,154,135,3348.72,Destination projected to breach safety stock within 24.3h (DoC: 1.4d). Source retains surplus stock above protection threshold (Post-transfer DoC: 2.8d). Distance is 14.2km within configured limit.
325,3,25,MUM_DS_05,29,MUM_DS_09,111,PACK_NOOD_21,Packaged Foods,52,4.99,2.95,1.35,3.06,27,24.3,4.46,26.69,75,93,7716.8,Destination projected to breach safety stock within 24.3h (DoC: 1.4d). Source retains surplus stock above protection threshold (Post-transfer DoC: 3.0d). Distance is 4.5km within configured limit.
326,3,26,MUM_DS_06,30,MUM_DS_10,263,BABY_BABY_23,Baby Care,36,5.62,4.01,1.35,3.47,27,24.3,2.99,24.48,90,59,13212.4,Destination projected to breach safety stock within 24.3h (DoC: 1.4d). Source retains surplus stock above protection threshold (Post-transfer DoC: 4.0d). Distance is 3.0km within configured limit.
327,4,37,HYD_DS_07,40,HYD_DS_10,14,DAIR_CHEE_14,Dairy,168,7.89,5.17,1.35,3.44,27,24.3,6.03,29.05,319,277,30903.12,Destination projected to breach safety stock within 24.3h (DoC: 1.4d). Source retains surplus stock above protection threshold (Post-transfer DoC: 5.2d). Distance is 6.0km within configured limit.
328,1,2,BEN_DS_02,3,BEN_DS_03,262,BABY_BABY_22,Baby Care,42,4.25,3.07,1.45,2.67,26,26.1,4.77,27.16,110,92,15684.9,Destination projected to breach safety stock within 26.1h (DoC: 1.4d). Source retains surplus stock above protection threshold (Post-transfer DoC: 3.1d). Distance is 4.8km within configured limit.
329,1,8,BEN_DS_08,6,BEN_DS_06,246,BABY_BABY_06,Baby Care,54,5.86,4.18,1.45,3.42,26,26.1,2.88,24.32,134,94,8766.9,Destination projected to breach safety stock within 26.1h (DoC: 1.4d). Source retains surplus stock above protection threshold (Post-transfer DoC: 4.2d). Distance is 2.9km within configured limit.
330,1,6,BEN_DS_06,8,BEN_DS_08,174,STAP_EDIB_24,Staples,66,12.43,10.13,1.41,3.36,26,25.4,2.88,24.32,290,114,33770.22,Destination projected to breach safety stock within 25.4h (DoC: 1.4d). Source retains surplus stock above protection threshold (Post-transfer DoC: 10.1d). Distance is 2.9km within configured limit.
331,2,11,DEL_DS_01,12,DEL_DS_02,28,DAIR_BUTT_28,Dairy,72,8.59,4.75,1.7,3.11,26,30.6,1.24,21.85,178,159,2820.24,Destination projected to breach safety stock within 30.6h (DoC: 1.7d). Source retains surplus stock above protection threshold (Post-transfer DoC: 4.8d). Distance is 1.2km within configured limit.
332,2,13,DEL_DS_03,14,DEL_DS_04,85,SNAC_NUTS_25,Snacks,72,5.8,3.07,1.42,3.29,26,25.6,9.45,34.17,81,127,12394.8,Destination projected to breach safety stock within 25.6h (DoC: 1.4d). Source retains surplus stock above protection threshold (Post-transfer DoC: 3.1d). Distance is 9.4km within configured limit.
333,2,15,DEL_DS_05,16,DEL_DS_06,159,STAP_EDIB_09,Staples,76,6.94,3.74,1.43,3.51,26,25.7,4.65,26.98,89,128,40902.63,Destination projected to breach safety stock within 25.7h (DoC: 1.4d). Source retains surplus stock above protection threshold (Post-transfer DoC: 3.7d). Distance is 4.7km within configured limit.
334,3,29,MUM_DS_09,21,MUM_DS_01,28,DAIR_BUTT_28,Dairy,48,4.03,3.14,1.41,2.35,26,25.4,7.23,30.85,170,120,1880.16,Destination projected to breach safety stock within 25.4h (DoC: 1.4d). Source retains surplus stock above protection threshold (Post-transfer DoC: 3.1d). Distance is 7.2km within configured limit.
335,3,28,MUM_DS_08,21,MUM_DS_01,106,PACK_NOOD_16,Packaged Foods,64,9.14,6.95,1.45,3.3,26,26.1,8.05,32.08,203,114,13461.76,Destination projected to breach safety stock within 26.1h (DoC: 1.4d). Source retains surplus stock above protection threshold (Post-transfer DoC: 7.0d). Distance is 8.1km within configured limit.
336,3,23,MUM_DS_03,22,MUM_DS_02,21,DAIR_MILK_21,Dairy,144,4.66,3.0,1.43,2.95,26,25.7,5.8,28.7,261,280,8565.12,Destination projected to breach safety stock within 25.7h (DoC: 1.4d). Source retains surplus stock above protection threshold (Post-transfer DoC: 3.0d). Distance is 5.8km within configured limit.
337,3,23,MUM_DS_03,22,MUM_DS_02,46,BEVE_JUIC_16,Beverages,96,4.18,3.08,1.44,2.44,26,25.9,5.8,28.7,268,235,3078.72,Destination projected to breach safety stock within 25.9h (DoC: 1.4d). Source retains surplus stock above protection threshold (Post-transfer DoC: 3.1d). Distance is 5.8km within configured limit.
338,3,29,MUM_DS_09,22,MUM_DS_02,152,STAP_RICE_02,Staples,90,4.97,2.93,1.41,3.5,26,25.4,16.11,44.16,129,151,20116.14,Destination projected to breach safety stock within 25.4h (DoC: 1.4d). Source retains surplus stock above protection threshold (Post-transfer DoC: 2.9d). Distance is 16.1km within configured limit.
339,3,24,MUM_DS_04,22,MUM_DS_02,165,STAP_SPIC_15,Staples,24,4.1,3.05,1.39,2.1,26,25.0,6.53,29.79,70,71,7124.16,Destination projected to breach safety stock within 25.0h (DoC: 1.4d). Source retains surplus stock above protection threshold (Post-transfer DoC: 3.0d). Distance is 6.5km within configured limit.
340,3,24,MUM_DS_04,22,MUM_DS_02,172,STAP_RICE_22,Staples,48,5.29,3.04,1.38,2.82,26,24.8,6.53,29.79,65,94,21186.72,Destination projected to breach safety stock within 24.8h (DoC: 1.4d). Source retains surplus stock above protection threshold (Post-transfer DoC: 3.0d). Distance is 6.5km within configured limit.
341,3,30,MUM_DS_10,23,MUM_DS_03,133,FRUI_DAIL_13,Fruits & Vegetables,156,6.68,3.7,1.42,3.47,26,25.6,5.93,28.9,194,264,13639.95,Destination projected to breach safety stock within 25.6h (DoC: 1.4d). Source retains surplus stock above protection threshold (Post-transfer DoC: 3.7d). Distance is 5.9km within configured limit.
342,3,21,MUM_DS_01,25,MUM_DS_05,268,BABY_BABY_28,Baby Care,32,10.35,8.66,1.42,3.17,26,25.6,8.62,32.93,164,58,4137.28,Destination projected to breach safety stock within 25.6h (DoC: 1.4d). Source retains surplus stock above protection threshold (Post-transfer DoC: 8.7d). Distance is 8.6km within configured limit.
343,3,24,MUM_DS_04,26,MUM_DS_06,171,STAP_ATTA_21,Staples,36,24.27,22.03,1.51,3.06,26,27.2,3.19,24.78,354,71,11852.28,Destination projected to breach safety stock within 27.2h (DoC: 1.5d). Source retains surplus stock above protection threshold (Post-transfer DoC: 22.0d). Distance is 3.2km within configured limit.
344,3,22,MUM_DS_02,26,MUM_DS_06,248,BABY_BABY_08,Baby Care,36,4.39,3.18,1.41,2.75,26,25.4,7.34,31.01,95,74,17123.4,Destination projected to breach safety stock within 25.4h (DoC: 1.4d). Source retains surplus stock above protection threshold (Post-transfer DoC: 3.2d). Distance is 7.3km within configured limit.
345,3,25,MUM_DS_05,29,MUM_DS_09,46,BEVE_JUIC_16,Beverages,120,4.53,3.07,1.38,2.63,26,24.8,4.46,26.69,253,252,3848.4,Destination projected to breach safety stock within 24.8h (DoC: 1.4d). Source retains surplus stock above protection threshold (Post-transfer DoC: 3.1d). Distance is 4.5km within configured limit.
346,3,25,MUM_DS_05,29,MUM_DS_09,53,BEVE_TEA _23,Beverages,128,4.43,3.0,1.46,2.83,26,26.3,4.46,26.69,270,264,4659.2,Destination projected to breach safety stock within 26.3h (DoC: 1.5d). Source retains surplus stock above protection threshold (Post-transfer DoC: 3.0d). Distance is 4.5km within configured limit.
347,3,28,MUM_DS_08,29,MUM_DS_09,131,FRUI_FRES_11,Fruits & Vegetables,54,4.25,2.89,1.43,2.44,26,25.7,15.06,42.59,115,130,5404.86,Destination projected to breach safety stock within 25.7h (DoC: 1.4d). Source retains surplus stock above protection threshold (Post-transfer DoC: 2.9d). Distance is 15.1km within configured limit.
348,3,21,MUM_DS_01,29,MUM_DS_09,172,STAP_RICE_22,Staples,40,4.54,3.16,1.4,2.62,26,25.2,7.23,30.85,92,86,17655.6,Destination projected to breach safety stock within 25.2h (DoC: 1.4d). Source retains surplus stock above protection threshold (Post-transfer DoC: 3.2d). Distance is 7.2km within configured limit.
349,3,24,MUM_DS_04,29,MUM_DS_09,175,STAP_SPIC_25,Staples,40,6.8,4.1,1.4,3.27,26,25.2,14.23,41.34,61,70,14133.2,Destination projected to breach safety stock within 25.2h (DoC: 1.4d). Source retains surplus stock above protection threshold (Post-transfer DoC: 4.1d). Distance is 14.2km within configured limit.
350,3,21,MUM_DS_01,29,MUM_DS_09,268,BABY_BABY_28,Baby Care,40,10.35,6.55,1.43,3.34,26,25.7,7.23,30.85,124,70,5171.6,Destination projected to breach safety stock within 25.7h (DoC: 1.4d). Source retains surplus stock above protection threshold (Post-transfer DoC: 6.5d). Distance is 7.2km within configured limit.
351,4,31,HYD_DS_01,35,HYD_DS_05,153,STAP_DALS_03,Staples,24,23.6,22.0,1.71,3.18,26,30.8,3.52,25.28,330,52,6291.84,Destination projected to breach safety stock within 30.8h (DoC: 1.7d). Source retains surplus stock above protection threshold (Post-transfer DoC: 22.0d). Distance is 3.5km within configured limit.
352,4,38,HYD_DS_08,37,HYD_DS_07,141,FRUI_FRES_21,Fruits & Vegetables,92,10.22,4.25,1.46,3.44,26,26.3,10.27,35.4,191,160,1793.08,Destination projected to breach safety stock within 26.3h (DoC: 1.5d). Source retains surplus stock above protection threshold (Post-transfer DoC: 4.2d). Distance is 10.3km within configured limit.
353,4,37,HYD_DS_07,40,HYD_DS_10,30,DAIR_PANE_30,Dairy,72,4.64,3.36,1.4,2.34,26,25.2,6.03,29.05,190,179,11948.4,Destination projected to breach safety stock within 25.2h (DoC: 1.4d). Source retains surplus stock above protection threshold (Post-transfer DoC: 3.4d). Distance is 6.0km within configured limit.
354,3,24,MUM_DS_04,23,MUM_DS_03,187,PERS_HAIR_07,Personal Care,12,13.64,11.57,1.33,2.77,25,23.9,0.92,21.38,67,23,4094.52,Destination projected to breach safety stock within 23.9h (DoC: 1.3d). Source retains surplus stock above protection threshold (Post-transfer DoC: 11.6d). Distance is 0.9km within configured limit.
355,1,4,BEN_DS_04,1,BEN_DS_01,23,DAIR_BUTT_23,Dairy,168,8.06,6.06,1.54,3.43,25,27.7,1.33,22.0,511,304,9597.84,Destination projected to breach safety stock within 27.7h (DoC: 1.5d). Source retains surplus stock above protection threshold (Post-transfer DoC: 6.1d). Distance is 1.3km within configured limit.
356,1,4,BEN_DS_04,1,BEN_DS_01,147,FRUI_EXOT_27,Fruits & Vegetables,104,5.25,3.17,1.47,3.43,25,26.5,1.33,22.0,158,182,2173.6,Destination projected to breach safety stock within 26.5h (DoC: 1.5d). Source retains surplus stock above protection threshold (Post-transfer DoC: 3.2d). Distance is 1.3km within configured limit.
357,1,2,BEN_DS_02,3,BEN_DS_03,47,BEVE_COLD_17,Beverages,72,4.62,3.36,1.52,2.88,25,27.4,4.77,27.16,192,153,7714.08,Destination projected to breach safety stock within 27.4h (DoC: 1.5d). Source retains surplus stock above protection threshold (Post-transfer DoC: 3.4d). Distance is 4.8km within configured limit.
358,1,1,BEN_DS_01,4,BEN_DS_04,80,SNAC_NUTS_20,Snacks,148,6.43,4.55,1.52,3.48,25,27.4,1.33,22.0,358,263,16243.0,Destination projected to breach safety stock within 27.4h (DoC: 1.5d). Source retains surplus stock above protection threshold (Post-transfer DoC: 4.5d). Distance is 1.3km within configured limit.
359,1,10,BEN_DS_10,4,BEN_DS_04,88,SNAC_NAMK_28,Snacks,114,11.72,9.89,1.48,3.5,25,26.6,1.13,21.7,616,198,15688.68,Destination projected to breach safety stock within 26.6h (DoC: 1.5d). Source retains surplus stock above protection threshold (Post-transfer DoC: 9.9d). Distance is 1.1km within configured limit.
360,1,8,BEN_DS_08,6,BEN_DS_06,27,DAIR_CURD_27,Dairy,92,10.66,6.7,1.5,3.48,25,27.0,2.88,24.32,419,162,9506.36,Destination projected to breach safety stock within 27.0h (DoC: 1.5d). Source retains surplus stock above protection threshold (Post-transfer DoC: 6.7d). Distance is 2.9km within configured limit.
361,1,5,BEN_DS_05,7,BEN_DS_07,27,DAIR_CURD_27,Dairy,124,8.21,5.85,1.48,3.51,25,26.6,3.79,25.68,307,214,12606.26,Destination projected to breach safety stock within 26.6h (DoC: 1.5d). Source retains surplus stock above protection threshold (Post-transfer DoC: 5.8d). Distance is 3.8km within configured limit.
362,1,4,BEN_DS_04,10,BEN_DS_10,239,HOUS_DISP_29,Household,6,6.37,4.46,1.53,2.84,25,27.5,1.13,21.7,14,13,769.14,Destination projected to breach safety stock within 27.5h (DoC: 1.5d). Source retains surplus stock above protection threshold (Post-transfer DoC: 4.5d). Distance is 1.1km within configured limit.
363,1,4,BEN_DS_04,10,BEN_DS_10,252,BABY_BABY_12,Baby Care,72,12.54,10.4,1.53,3.43,25,27.5,1.13,21.7,349,130,43197.84,Destination projected to breach safety stock within 27.5h (DoC: 1.5d). Source retains surplus stock above protection threshold (Post-transfer DoC: 10.4d). Distance is 1.1km within configured limit.
364,2,18,DEL_DS_08,12,DEL_DS_02,78,SNAC_NAMK_18,Snacks,72,4.23,3.1,1.49,2.45,25,26.8,0.72,21.08,197,184,9596.88,Destination projected to breach safety stock within 26.8h (DoC: 1.5d). Source retains surplus stock above protection threshold (Post-transfer DoC: 3.1d). Distance is 0.7km within configured limit.
365,2,11,DEL_DS_01,12,DEL_DS_02,91,PACK_NOOD_01,Packaged Foods,24,10.61,9.1,1.48,2.79,25,26.6,1.24,21.85,145,51,5764.32,Destination projected to breach safety stock within 26.6h (DoC: 1.5d). Source retains surplus stock above protection threshold (Post-transfer DoC: 9.1d). Distance is 1.2km within configured limit.
366,2,18,DEL_DS_08,12,DEL_DS_02,110,PACK_READ_20,Packaged Foods,72,14.51,12.35,1.49,3.39,25,26.8,0.72,21.08,412,128,3129.12,Destination projected to breach safety stock within 26.8h (DoC: 1.5d). Source retains surplus stock above protection threshold (Post-transfer DoC: 12.3d). Distance is 0.7km within configured limit.
367,2,16,DEL_DS_06,14,DEL_DS_04,94,PACK_BREA_04,Packaged Foods,48,4.9,3.03,1.53,3.42,25,27.5,7.3,30.96,78,87,3926.88,Destination projected to breach safety stock within 27.5h (DoC: 1.5d). Source retains surplus stock above protection threshold (Post-transfer DoC: 3.0d). Distance is 7.3km within configured limit.
368,2,16,DEL_DS_06,14,DEL_DS_04,171,STAP_ATTA_21,Staples,36,15.21,13.65,1.74,3.4,25,31.3,7.3,30.96,315,74,11852.28,Destination projected to breach safety stock within 31.3h (DoC: 1.7d). Source retains surplus stock above protection threshold (Post-transfer DoC: 13.7d). Distance is 7.3km within configured limit.
369,2,12,DEL_DS_02,15,DEL_DS_05,167,STAP_RICE_17,Staples,48,6.66,5.34,1.52,3.38,25,27.4,1.69,22.53,194,87,18621.6,Destination projected to breach safety stock within 27.4h (DoC: 1.5d). Source retains surplus stock above protection threshold (Post-transfer DoC: 5.3d). Distance is 1.7km within configured limit.
370,2,20,DEL_DS_10,19,DEL_DS_09,103,PACK_SAUC_13,Packaged Foods,24,4.51,2.94,1.54,2.67,25,27.7,2.12,23.18,45,57,3097.44,Destination projected to breach safety stock within 27.7h (DoC: 1.5d). Source retains surplus stock above protection threshold (Post-transfer DoC: 2.9d). Distance is 2.1km within configured limit.
371,3,29,MUM_DS_09,21,MUM_DS_01,88,SNAC_NAMK_28,Snacks,126,8.61,6.88,1.55,3.51,25,27.9,7.23,30.85,502,226,17340.12,Destination projected to breach safety stock within 27.9h (DoC: 1.6d). Source retains surplus stock above protection threshold (Post-transfer DoC: 6.9d). Distance is 7.2km within configured limit.
372,3,29,MUM_DS_09,21,MUM_DS_01,114,PACK_BREA_24,Packaged Foods,60,7.39,5.58,1.49,3.44,25,26.8,7.23,30.85,184,106,3517.2,Destination projected to breach safety stock within 26.8h (DoC: 1.5d). Source retains surplus stock above protection threshold (Post-transfer DoC: 5.6d). Distance is 7.2km within configured limit.
373,3,30,MUM_DS_10,22,MUM_DS_02,29,DAIR_CHEE_29,Dairy,56,4.64,2.97,1.47,2.55,25,26.5,10.31,35.47,100,132,12849.2,Destination projected to breach safety stock within 26.5h (DoC: 1.5d). Source retains surplus stock above protection threshold (Post-transfer DoC: 3.0d). Distance is 10.3km within configured limit.
374,3,24,MUM_DS_04,22,MUM_DS_02,91,PACK_NOOD_01,Packaged Foods,24,6.65,4.97,1.49,2.6,25,26.8,6.53,29.79,71,56,5764.32,Destination projected to breach safety stock within 26.8h (DoC: 1.5d). Source retains surplus stock above protection threshold (Post-transfer DoC: 5.0d). Distance is 6.5km within configured limit.
375,3,30,MUM_DS_10,22,MUM_DS_02,151,STAP_ATTA_01,Staples,60,5.35,3.11,1.49,2.9,25,26.8,10.31,35.47,83,123,24083.4,Destination projected to breach safety stock within 26.8h (DoC: 1.5d). Source retains surplus stock above protection threshold (Post-transfer DoC: 3.1d). Distance is 10.3km within configured limit.
376,3,23,MUM_DS_03,22,MUM_DS_02,243,BABY_BABY_03,Baby Care,48,8.37,6.14,1.47,3.48,25,26.5,5.8,28.7,132,83,25759.68,Destination projected to breach safety stock within 26.5h (DoC: 1.5d). Source retains surplus stock above protection threshold (Post-transfer DoC: 6.1d). Distance is 5.8km within configured limit.
377,3,23,MUM_DS_03,22,MUM_DS_02,246,BABY_BABY_06,Baby Care,48,4.06,2.85,1.5,2.64,25,27.0,5.8,28.7,114,111,7792.8,Destination projected to breach safety stock within 27.0h (DoC: 1.5d). Source retains surplus stock above protection threshold (Post-transfer DoC: 2.9d). Distance is 5.8km within configured limit.
378,3,21,MUM_DS_01,22,MUM_DS_02,251,BABY_BABY_11,Baby Care,52,4.65,3.01,1.55,2.98,25,27.9,13.34,40.01,96,108,8717.28,Destination projected to breach safety stock within 27.9h (DoC: 1.6d). Source retains surplus stock above protection threshold (Post-transfer DoC: 3.0d). Distance is 13.3km within configured limit.
379,3,24,MUM_DS_04,22,MUM_DS_02,263,BABY_BABY_23,Baby Care,16,4.17,3.26,1.49,2.1,25,26.8,6.53,29.79,57,55,6217.6,Destination projected to breach safety stock within 26.8h (DoC: 1.5d). Source retains surplus stock above protection threshold (Post-transfer DoC: 3.3d). Distance is 6.5km within configured limit.
380,3,23,MUM_DS_03,22,MUM_DS_02,272,PET _CAT _02,Pet Care,12,6.14,4.1,1.4,3.27,25,25.2,5.8,28.7,24,21,6832.08,Destination projected to breach safety stock within 25.2h (DoC: 1.4d). Source retains surplus stock above protection threshold (Post-transfer DoC: 4.1d). Distance is 5.8km within configured limit.
381,3,24,MUM_DS_04,23,MUM_DS_03,99,PACK_BREA_09,Packaged Foods,32,5.51,3.06,1.54,3.23,25,27.7,0.92,21.38,40,61,5005.44,Destination projected to breach safety stock within 27.7h (DoC: 1.5d). Source retains surplus stock above protection threshold (Post-transfer DoC: 3.1d). Distance is 0.9km within configured limit.
382,3,24,MUM_DS_04,23,MUM_DS_03,114,PACK_BREA_24,Packaged Foods,60,11.45,8.77,1.55,3.48,25,27.9,0.92,21.38,196,108,3517.2,Destination projected to breach safety stock within 27.9h (DoC: 1.6d). Source retains surplus stock above protection threshold (Post-transfer DoC: 8.8d). Distance is 0.9km within configured limit.
383,3,21,MUM_DS_01,23,MUM_DS_03,151,STAP_ATTA_01,Staples,72,6.85,4.83,1.47,3.29,25,26.5,8.81,33.21,173,130,28900.08,Destination projected to breach safety stock within 26.5h (DoC: 1.5d). Source retains surplus stock above protection threshold (Post-transfer DoC: 4.8d). Distance is 8.8km within configured limit.
384,3,29,MUM_DS_09,25,MUM_DS_05,26,DAIR_MILK_26,Dairy,90,7.83,6.19,1.53,3.46,25,27.5,4.46,26.69,340,161,7038.9,Destination projected to breach safety stock within 27.5h (DoC: 1.5d). Source retains surplus stock above protection threshold (Post-transfer DoC: 6.2d). Distance is 4.5km within configured limit.
385,3,21,MUM_DS_01,25,MUM_DS_05,269,BABY_DIAP_29,Baby Care,24,4.67,3.36,1.54,2.97,25,27.7,8.62,32.93,62,50,14053.2,Destination projected to breach safety stock within 27.7h (DoC: 1.5d). Source retains surplus stock above protection threshold (Post-transfer DoC: 3.4d). Distance is 8.6km within configured limit.
386,3,30,MUM_DS_10,26,MUM_DS_06,164,STAP_EDIB_14,Staples,32,15.32,12.49,1.52,3.45,25,27.4,2.99,24.48,141,57,11742.08,Destination projected to breach safety stock within 27.4h (DoC: 1.5d). Source retains surplus stock above protection threshold (Post-transfer DoC: 12.5d). Distance is 3.0km within configured limit.
387,3,30,MUM_DS_10,26,MUM_DS_06,244,BABY_BABY_04,Baby Care,56,6.36,3.78,1.53,3.4,25,27.5,2.99,24.48,82,102,5986.4,Destination projected to breach safety stock within 27.5h (DoC: 1.5d). Source retains surplus stock above protection threshold (Post-transfer DoC: 3.8d). Distance is 3.0km within configured limit.
388,3,28,MUM_DS_08,26,MUM_DS_06,251,BABY_BABY_11,Baby Care,64,5.36,3.1,1.55,3.43,25,27.9,11.43,37.15,88,117,10728.96,Destination projected to breach safety stock within 27.9h (DoC: 1.6d). Source retains surplus stock above protection threshold (Post-transfer DoC: 3.1d). Distance is 11.4km within configured limit.
389,3,21,MUM_DS_01,29,MUM_DS_09,95,PACK_READ_05,Packaged Foods,48,5.34,3.22,1.55,3.36,25,27.9,7.23,30.85,73,89,6404.64,Destination projected to breach safety stock within 27.9h (DoC: 1.6d). Source retains surplus stock above protection threshold (Post-transfer DoC: 3.2d). Distance is 7.2km within configured limit.
390,3,24,MUM_DS_04,29,MUM_DS_09,115,PACK_READ_25,Packaged Foods,30,5.23,3.2,1.52,2.91,25,27.4,14.23,41.34,47,63,7107.3,Destination projected to breach safety stock within 27.4h (DoC: 1.5d). Source retains surplus stock above protection threshold (Post-transfer DoC: 3.2d). Distance is 14.2km within configured limit.
391,3,27,MUM_DS_07,29,MUM_DS_09,146,FRUI_FRES_26,Fruits & Vegetables,96,5.55,3.08,1.49,3.1,25,26.8,16.7,45.05,120,185,3365.76,Destination projected to breach safety stock within 26.8h (DoC: 1.5d). Source retains surplus stock above protection threshold (Post-transfer DoC: 3.1d). Distance is 16.7km within configured limit.
392,4,38,HYD_DS_08,39,HYD_DS_09,55,BEVE_WATE_25,Beverages,144,6.28,3.64,1.47,3.4,25,26.5,1.62,22.43,198,253,11027.52,Destination projected to breach safety stock within 26.5h (DoC: 1.5d). Source retains surplus stock above protection threshold (Post-transfer DoC: 3.6d). Distance is 1.6km within configured limit.
393,4,34,HYD_DS_04,39,HYD_DS_09,139,FRUI_SEAS_19,Fruits & Vegetables,160,7.01,4.64,1.51,3.48,25,27.2,2.24,23.36,313,282,13208.0,Destination projected to breach safety stock within 27.2h (DoC: 1.5d). Source retains surplus stock above protection threshold (Post-transfer DoC: 4.6d). Distance is 2.2km within configured limit.
394,3,25,MUM_DS_05,29,MUM_DS_09,182,PERS_HAIR_02,Personal Care,24,5.42,3.32,1.05,2.73,24,18.9,4.46,26.69,38,39,1907.52,Destination projected to breach safety stock within 18.9h (DoC: 1.1d). Source retains surplus stock above protection threshold (Post-transfer DoC: 3.3d). Distance is 4.5km within configured limit.
395,1,4,BEN_DS_04,1,BEN_DS_01,187,PERS_HAIR_07,Personal Care,12,9.96,8.23,1.66,3.33,24,29.9,1.33,22.0,57,24,4094.52,Destination projected to breach safety stock within 29.9h (DoC: 1.7d). Source retains surplus stock above protection threshold (Post-transfer DoC: 8.2d). Distance is 1.3km within configured limit.
396,1,2,BEN_DS_02,3,BEN_DS_03,78,SNAC_NAMK_18,Snacks,90,4.27,3.08,1.62,2.92,24,29.2,4.77,27.16,232,202,11996.1,Destination projected to breach safety stock within 29.2h (DoC: 1.6d). Source retains surplus stock above protection threshold (Post-transfer DoC: 3.1d). Distance is 4.8km within configured limit.
397,1,8,BEN_DS_08,3,BEN_DS_03,93,PACK_SAUC_03,Packaged Foods,24,5.88,4.8,1.62,2.61,24,29.2,9.38,34.06,107,63,1503.84,Destination projected to breach safety stock within 29.2h (DoC: 1.6d). Source retains surplus stock above protection threshold (Post-transfer DoC: 4.8d). Distance is 9.4km within configured limit.
398,1,7,BEN_DS_07,5,BEN_DS_05,14,DAIR_CHEE_14,Dairy,120,5.6,4.17,1.62,3.32,24,29.2,3.79,25.68,348,234,22891.2,Destination projected to breach safety stock within 29.2h (DoC: 1.6d). Source retains surplus stock above protection threshold (Post-transfer DoC: 4.2d). Distance is 3.8km within configured limit.
399,1,10,BEN_DS_10,6,BEN_DS_06,259,BABY_BABY_19,Baby Care,12,8.98,8.22,1.59,2.6,24,28.6,4.07,26.1,131,31,4341.96,Destination projected to breach safety stock within 28.6h (DoC: 1.6d). Source retains surplus stock above protection threshold (Post-transfer DoC: 8.2d). Distance is 4.1km within configured limit.
400,1,9,BEN_DS_09,8,BEN_DS_08,250,BABY_BABY_10,Baby Care,36,15.97,14.49,1.56,3.21,24,28.1,2.21,23.31,352,70,7346.52,Destination projected to breach safety stock within 28.1h (DoC: 1.6d). Source retains surplus stock above protection threshold (Post-transfer DoC: 14.5d). Distance is 2.2km within configured limit.
401,1,4,BEN_DS_04,10,BEN_DS_10,142,FRUI_EXOT_22,Fruits & Vegetables,120,6.81,4.77,1.56,3.46,24,28.1,1.13,21.7,281,219,7680.0,Destination projected to breach safety stock within 28.1h (DoC: 1.6d). Source retains surplus stock above protection threshold (Post-transfer DoC: 4.8d). Distance is 1.1km within configured limit.
402,1,4,BEN_DS_04,10,BEN_DS_10,153,STAP_DALS_03,Staples,24,6.82,5.36,1.74,3.08,24,31.3,1.13,21.7,88,55,6291.84,Destination projected to breach safety stock within 31.3h (DoC: 1.7d). Source retains surplus stock above protection threshold (Post-transfer DoC: 5.4d). Distance is 1.1km within configured limit.
403,1,1,BEN_DS_01,10,BEN_DS_10,206,PERS_SOAP_26,Personal Care,12,5.75,3.59,1.52,3.54,24,27.4,2.42,23.63,20,21,1193.04,Destination projected to breach safety stock within 27.4h (DoC: 1.5d). Source retains surplus stock above protection threshold (Post-transfer DoC: 3.6d). Distance is 2.4km within configured limit.
404,2,11,DEL_DS_01,12,DEL_DS_02,138,FRUI_DAIL_18,Fruits & Vegetables,120,10.97,8.58,1.61,3.46,24,29.0,1.24,21.85,430,224,2720.4,Destination projected to breach safety stock within 29.0h (DoC: 1.6d). Source retains surplus stock above protection threshold (Post-transfer DoC: 8.6d). Distance is 1.2km within configured limit.
405,2,16,DEL_DS_06,14,DEL_DS_04,80,SNAC_NUTS_20,Snacks,160,5.02,3.18,1.59,3.49,24,28.6,7.3,30.96,276,293,17560.0,Destination projected to breach safety stock within 28.6h (DoC: 1.6d). Source retains surplus stock above protection threshold (Post-transfer DoC: 3.2d). Distance is 7.3km within configured limit.
406,2,13,DEL_DS_03,14,DEL_DS_04,260,BABY_BABY_20,Baby Care,64,6.82,3.93,1.63,3.43,24,29.3,9.45,34.17,87,122,6727.68,Destination projected to breach safety stock within 29.3h (DoC: 1.6d). Source retains surplus stock above protection threshold (Post-transfer DoC: 3.9d). Distance is 9.4km within configured limit.
407,2,12,DEL_DS_02,16,DEL_DS_06,15,DAIR_PANE_15,Dairy,104,4.68,3.01,1.59,3.1,24,28.6,5.1,27.65,188,213,5308.16,Destination projected to breach safety stock within 28.6h (DoC: 1.6d). Source retains surplus stock above protection threshold (Post-transfer DoC: 3.0d). Distance is 5.1km within configured limit.
408,2,15,DEL_DS_05,16,DEL_DS_06,22,DAIR_CURD_22,Dairy,96,5.59,3.19,1.61,3.19,24,29.0,4.65,26.98,127,194,5159.04,Destination projected to breach safety stock within 29.0h (DoC: 1.6d). Source retains surplus stock above protection threshold (Post-transfer DoC: 3.2d). Distance is 4.7km within configured limit.
409,2,15,DEL_DS_05,16,DEL_DS_06,45,BEVE_WATE_15,Beverages,168,15.0,12.28,1.57,3.43,24,28.3,4.65,26.98,759,310,18137.28,Destination projected to breach safety stock within 28.3h (DoC: 1.6d). Source retains surplus stock above protection threshold (Post-transfer DoC: 12.3d). Distance is 4.7km within configured limit.
410,2,12,DEL_DS_02,16,DEL_DS_06,75,SNAC_NUTS_15,Snacks,24,4.77,4.23,1.59,2.14,24,28.6,5.1,27.65,189,93,2061.84,Destination projected to breach safety stock within 28.6h (DoC: 1.6d). Source retains surplus stock above protection threshold (Post-transfer DoC: 4.2d). Distance is 5.1km within configured limit.
411,2,15,DEL_DS_05,16,DEL_DS_06,144,FRUI_SEAS_24,Fruits & Vegetables,136,5.67,2.96,1.63,3.31,24,29.3,4.65,26.98,148,268,5472.64,Destination projected to breach safety stock within 29.3h (DoC: 1.6d). Source retains surplus stock above protection threshold (Post-transfer DoC: 3.0d). Distance is 4.7km within configured limit.
412,2,20,DEL_DS_10,16,DEL_DS_06,260,BABY_BABY_20,Baby Care,48,5.21,3.15,1.57,3.08,24,28.3,7.41,31.11,73,98,5045.76,Destination projected to breach safety stock within 28.3h (DoC: 1.6d). Source retains surplus stock above protection threshold (Post-transfer DoC: 3.1d). Distance is 7.4km within configured limit.
413,2,15,DEL_DS_05,16,DEL_DS_06,267,BABY_BABY_27,Baby Care,36,5.72,3.4,1.59,3.15,24,28.6,4.65,26.98,53,73,7445.52,Destination projected to breach safety stock within 28.6h (DoC: 1.6d). Source retains surplus stock above protection threshold (Post-transfer DoC: 3.4d). Distance is 4.7km within configured limit.
414,2,12,DEL_DS_02,18,DEL_DS_08,55,BEVE_WATE_25,Beverages,120,8.59,7.03,1.59,3.38,24,28.6,0.72,21.08,540,227,9189.6,Destination projected to breach safety stock within 28.6h (DoC: 1.6d). Source retains surplus stock above protection threshold (Post-transfer DoC: 7.0d). Distance is 0.7km within configured limit.
415,2,20,DEL_DS_10,19,DEL_DS_09,96,PACK_NOOD_06,Packaged Foods,60,5.75,3.21,1.58,3.51,24,28.4,2.12,23.18,76,109,10840.2,Destination projected to breach safety stock within 28.4h (DoC: 1.6d). Source retains surplus stock above protection threshold (Post-transfer DoC: 3.2d). Distance is 2.1km within configured limit.
416,3,29,MUM_DS_09,21,MUM_DS_01,22,DAIR_CURD_22,Dairy,108,5.51,3.86,1.61,3.47,24,29.0,7.23,30.85,253,201,5803.92,Destination projected to breach safety stock within 29.0h (DoC: 1.6d). Source retains surplus stock above protection threshold (Post-transfer DoC: 3.9d). Distance is 7.2km within configured limit.
417,3,29,MUM_DS_09,21,MUM_DS_01,90,SNAC_NUTS_30,Snacks,126,7.78,6.09,1.59,3.5,24,28.6,7.23,30.85,455,231,22378.86,Destination projected to breach safety stock within 28.6h (DoC: 1.6d). Source retains surplus stock above protection threshold (Post-transfer DoC: 6.1d). Distance is 7.2km within configured limit.
418,3,28,MUM_DS_08,21,MUM_DS_01,98,PACK_SAUC_08,Packaged Foods,24,6.4,4.8,1.61,2.98,24,29.0,8.05,32.08,72,52,5333.28,Destination projected to breach safety stock within 29.0h (DoC: 1.6d). Source retains surplus stock above protection threshold (Post-transfer DoC: 4.8d). Distance is 8.1km within configured limit.
419,3,30,MUM_DS_10,22,MUM_DS_02,53,BEVE_TEA _23,Beverages,168,5.81,2.93,1.64,3.45,24,29.5,10.31,35.47,171,321,6115.2,Destination projected to breach safety stock within 29.5h (DoC: 1.6d). Source retains surplus stock above protection threshold (Post-transfer DoC: 2.9d). Distance is 10.3km within configured limit.
420,3,23,MUM_DS_03,22,MUM_DS_02,75,SNAC_NUTS_15,Snacks,72,10.73,9.09,1.59,3.21,24,28.6,5.8,28.7,398,143,6185.52,Destination projected to breach safety stock within 28.6h (DoC: 1.6d). Source retains surplus stock above protection threshold (Post-transfer DoC: 9.1d). Distance is 5.8km within configured limit.
421,3,23,MUM_DS_03,22,MUM_DS_02,154,STAP_EDIB_04,Staples,60,8.66,6.69,1.6,3.31,24,28.8,5.8,28.7,204,116,12935.4,Destination projected to breach safety stock within 28.8h (DoC: 1.6d). Source retains surplus stock above protection threshold (Post-transfer DoC: 6.7d). Distance is 5.8km within configured limit.
422,3,24,MUM_DS_04,22,MUM_DS_02,180,STAP_SPIC_30,Staples,76,6.78,3.93,1.58,3.51,24,28.4,6.53,29.79,105,138,24770.68,Destination projected to breach safety stock within 28.4h (DoC: 1.6d). Source retains surplus stock above protection threshold (Post-transfer DoC: 3.9d). Distance is 6.5km within configured limit.
423,3,30,MUM_DS_10,23,MUM_DS_03,20,DAIR_PANE_20,Dairy,132,5.35,2.88,1.57,3.25,24,28.3,5.93,28.9,154,255,18417.96,Destination projected to breach safety stock within 28.3h (DoC: 1.6d). Source retains surplus stock above protection threshold (Post-transfer DoC: 2.9d). Distance is 5.9km within configured limit.
424,3,24,MUM_DS_04,23,MUM_DS_03,42,BEVE_COLD_12,Beverages,168,6.48,3.92,1.63,3.47,24,29.3,0.92,21.38,257,317,9156.0,Destination projected to breach safety stock within 29.3h (DoC: 1.6d). Source retains surplus stock above protection threshold (Post-transfer DoC: 3.9d). Distance is 0.9km within configured limit.
425,3,24,MUM_DS_04,23,MUM_DS_03,56,BEVE_JUIC_26,Beverages,156,5.38,2.84,1.63,3.39,24,29.3,0.92,21.38,175,300,5809.44,Destination projected to breach safety stock within 29.3h (DoC: 1.6d). Source retains surplus stock above protection threshold (Post-transfer DoC: 2.8d). Distance is 0.9km within configured limit.
426,3,28,MUM_DS_08,23,MUM_DS_03,247,BABY_BABY_07,Baby Care,56,5.51,3.43,1.59,3.31,24,28.6,11.06,36.59,92,108,22632.96,Destination projected to breach safety stock within 28.6h (DoC: 1.6d). Source retains surplus stock above protection threshold (Post-transfer DoC: 3.4d). Distance is 11.1km within configured limit.
427,3,30,MUM_DS_10,23,MUM_DS_03,260,BABY_BABY_20,Baby Care,40,5.17,3.35,1.57,2.82,24,28.3,5.93,28.9,74,90,4204.8,Destination projected to breach safety stock within 28.3h (DoC: 1.6d). Source retains surplus stock above protection threshold (Post-transfer DoC: 3.4d). Distance is 5.9km within configured limit.
428,3,24,MUM_DS_04,23,MUM_DS_03,267,BABY_BABY_27,Baby Care,36,5.45,3.29,1.61,3.09,24,29.0,0.92,21.38,55,75,7445.52,Destination projected to breach safety stock within 29.0h (DoC: 1.6d). Source retains surplus stock above protection threshold (Post-transfer DoC: 3.3d). Distance is 0.9km within configured limit.
429,3,30,MUM_DS_10,26,MUM_DS_06,44,BEVE_ENER_14,Beverages,104,10.59,8.22,1.63,3.43,24,29.3,2.99,24.48,361,198,9796.8,Destination projected to breach safety stock within 29.3h (DoC: 1.6d). Source retains surplus stock above protection threshold (Post-transfer DoC: 8.2d). Distance is 3.0km within configured limit.
430,3,28,MUM_DS_08,26,MUM_DS_06,165,STAP_SPIC_15,Staples,54,5.84,3.65,1.57,3.34,24,28.3,11.43,37.15,90,102,16029.36,Destination projected to breach safety stock within 28.3h (DoC: 1.6d). Source retains surplus stock above protection threshold (Post-transfer DoC: 3.6d). Distance is 11.4km within configured limit.
431,3,30,MUM_DS_10,26,MUM_DS_06,258,BABY_BABY_18,Baby Care,24,5.1,3.27,1.62,2.91,24,29.2,2.99,24.48,43,54,13254.96,Destination projected to breach safety stock within 29.2h (DoC: 1.6d). Source retains surplus stock above protection threshold (Post-transfer DoC: 3.3d). Distance is 3.0km within configured limit.
432,3,27,MUM_DS_07,26,MUM_DS_06,270,BABY_BABY_30,Baby Care,28,7.78,5.36,1.59,3.45,24,28.6,11.43,37.14,62,52,16607.36,Destination projected to breach safety stock within 28.6h (DoC: 1.6d). Source retains surplus stock above protection threshold (Post-transfer DoC: 5.4d). Distance is 11.4km within configured limit.
433,3,28,MUM_DS_08,29,MUM_DS_09,93,PACK_SAUC_03,Packaged Foods,48,6.64,4.49,1.62,3.21,24,29.2,15.06,42.59,100,97,3007.68,Destination projected to breach safety stock within 29.2h (DoC: 1.6d). Source retains surplus stock above protection threshold (Post-transfer DoC: 4.5d). Distance is 15.1km within configured limit.
434,3,25,MUM_DS_05,29,MUM_DS_09,144,FRUI_SEAS_24,Fruits & Vegetables,160,9.02,6.69,1.58,3.43,24,28.4,4.46,26.69,458,296,6438.4,Destination projected to breach safety stock within 28.4h (DoC: 1.6d). Source retains surplus stock above protection threshold (Post-transfer DoC: 6.7d). Distance is 4.5km within configured limit.
435,4,38,HYD_DS_08,39,HYD_DS_09,270,BABY_BABY_30,Baby Care,24,5.45,3.2,1.59,3.12,24,28.6,1.62,22.43,34,49,14234.88,Destination projected to breach safety stock within 28.6h (DoC: 1.6d). Source retains surplus stock above protection threshold (Post-transfer DoC: 3.2d). Distance is 1.6km within configured limit.
436,4,37,HYD_DS_07,40,HYD_DS_10,148,FRUI_DAIL_28,Fruits & Vegetables,112,7.02,4.71,1.63,3.43,24,29.3,6.03,29.05,228,214,8462.72,Destination projected to breach safety stock within 29.3h (DoC: 1.6d). Source retains surplus stock above protection threshold (Post-transfer DoC: 4.7d). Distance is 6.0km within configured limit.
437,3,25,MUM_DS_05,29,MUM_DS_09,288,PET _CAT _18,Pet Care,12,5.29,3.42,1.14,2.5,23,20.5,4.46,26.69,22,22,3872.88,Destination projected to breach safety stock within 20.5h (DoC: 1.1d). Source retains surplus stock above protection threshold (Post-transfer DoC: 3.4d). Distance is 4.5km within configured limit.
438,1,4,BEN_DS_04,1,BEN_DS_01,74,SNAC_CHOC_14,Snacks,88,8.15,6.22,1.66,3.48,23,29.9,1.33,22.0,283,168,5904.8,Destination projected to breach safety stock within 29.9h (DoC: 1.7d). Source retains surplus stock above protection threshold (Post-transfer DoC: 6.2d). Distance is 1.3km within configured limit.
439,1,4,BEN_DS_04,1,BEN_DS_01,177,STAP_RICE_27,Staples,44,7.28,5.35,1.66,3.48,23,29.9,1.33,22.0,122,84,5015.12,Destination projected to breach safety stock within 29.9h (DoC: 1.7d). Source retains surplus stock above protection threshold (Post-transfer DoC: 5.3d). Distance is 1.3km within configured limit.
440,1,3,BEN_DS_03,2,BEN_DS_02,120,PACK_READ_30,Packaged Foods,48,7.94,6.24,1.71,3.29,23,30.8,4.77,27.16,176,100,5624.16,Destination projected to breach safety stock within 30.8h (DoC: 1.7d). Source retains surplus stock above protection threshold (Post-transfer DoC: 6.2d). Distance is 4.8km within configured limit.
441,1,5,BEN_DS_05,3,BEN_DS_03,152,STAP_RICE_02,Staples,66,7.64,5.53,1.66,3.47,23,29.9,10.82,36.23,173,127,15260.52,Destination projected to breach safety stock within 29.9h (DoC: 1.7d). Source retains surplus stock above protection threshold (Post-transfer DoC: 5.5d). Distance is 10.8km within configured limit.
442,1,5,BEN_DS_05,7,BEN_DS_07,142,FRUI_EXOT_22,Fruits & Vegetables,104,5.79,3.85,1.73,3.4,23,31.1,3.79,25.68,206,211,6656.0,Destination projected to breach safety stock within 31.1h (DoC: 1.7d). Source retains surplus stock above protection threshold (Post-transfer DoC: 3.9d). Distance is 3.8km within configured limit.
443,1,9,BEN_DS_09,8,BEN_DS_08,133,FRUI_DAIL_13,Fruits & Vegetables,102,7.21,5.65,1.73,3.47,23,31.1,2.21,23.31,371,204,9093.3,Destination projected to breach safety stock within 31.1h (DoC: 1.7d). Source retains surplus stock above protection threshold (Post-transfer DoC: 5.7d). Distance is 2.2km within configured limit.
444,1,4,BEN_DS_04,10,BEN_DS_10,72,SNAC_BISC_12,Snacks,108,9.04,7.08,1.66,3.47,23,29.9,1.13,21.7,390,207,18555.48,Destination projected to breach safety stock within 29.9h (DoC: 1.7d). Source retains surplus stock above protection threshold (Post-transfer DoC: 7.1d). Distance is 1.1km within configured limit.
445,1,4,BEN_DS_04,10,BEN_DS_10,264,BABY_BABY_24,Baby Care,32,5.58,3.64,1.69,3.43,23,30.4,1.13,21.7,60,63,4064.0,Destination projected to breach safety stock within 30.4h (DoC: 1.7d). Source retains surplus stock above protection threshold (Post-transfer DoC: 3.6d). Distance is 1.1km within configured limit.
446,2,16,DEL_DS_06,14,DEL_DS_04,60,BEVE_WATE_30,Beverages,80,8.12,6.36,1.72,3.48,23,31.0,7.3,30.96,289,158,11720.0,Destination projected to breach safety stock within 31.0h (DoC: 1.7d). Source retains surplus stock above protection threshold (Post-transfer DoC: 6.4d). Distance is 7.3km within configured limit.
447,2,16,DEL_DS_06,14,DEL_DS_04,108,PACK_SAUC_18,Packaged Foods,40,6.47,4.77,1.69,3.47,23,30.4,7.3,30.96,112,78,7773.2,Destination projected to breach safety stock within 30.4h (DoC: 1.7d). Source retains surplus stock above protection threshold (Post-transfer DoC: 4.8d). Distance is 7.3km within configured limit.
448,2,16,DEL_DS_06,14,DEL_DS_04,111,PACK_NOOD_21,Packaged Foods,48,6.3,4.61,1.67,3.45,23,30.1,7.3,30.96,131,93,7123.2,Destination projected to breach safety stock within 30.1h (DoC: 1.7d). Source retains surplus stock above protection threshold (Post-transfer DoC: 4.6d). Distance is 7.3km within configured limit.
449,2,15,DEL_DS_05,16,DEL_DS_06,101,PACK_NOOD_11,Packaged Foods,72,12.81,10.21,1.71,3.49,23,30.8,4.65,26.98,283,141,9426.96,Destination projected to breach safety stock within 30.8h (DoC: 1.7d). Source retains surplus stock above protection threshold (Post-transfer DoC: 10.2d). Distance is 4.7km within configured limit.
450,2,17,DEL_DS_07,16,DEL_DS_06,137,FRUI_EXOT_17,Fruits & Vegetables,168,4.81,2.95,1.73,3.42,23,31.1,10.39,35.58,267,340,4282.32,Destination projected to breach safety stock within 31.1h (DoC: 1.7d). Source retains surplus stock above protection threshold (Post-transfer DoC: 3.0d). Distance is 10.4km within configured limit.
451,2,12,DEL_DS_02,16,DEL_DS_06,152,STAP_RICE_02,Staples,66,4.61,2.9,1.71,3.34,23,30.8,5.1,27.65,112,135,15260.52,Destination projected to breach safety stock within 30.8h (DoC: 1.7d). Source retains surplus stock above protection threshold (Post-transfer DoC: 2.9d). Distance is 5.1km within configured limit.
452,2,18,DEL_DS_08,16,DEL_DS_06,254,BABY_BABY_14,Baby Care,24,10.26,8.92,1.67,2.73,23,30.1,5.55,28.33,160,62,4263.84,Destination projected to breach safety stock within 30.1h (DoC: 1.7d). Source retains surplus stock above protection threshold (Post-transfer DoC: 8.9d). Distance is 5.6km within configured limit.
453,2,20,DEL_DS_10,17,DEL_DS_07,79,SNAC_CHOC_19,Snacks,120,11.02,8.75,1.65,3.44,23,29.7,3.43,25.15,462,230,13291.2,Destination projected to breach safety stock within 29.7h (DoC: 1.6d). Source retains surplus stock above protection threshold (Post-transfer DoC: 8.8d). Distance is 3.4km within configured limit.
454,2,20,DEL_DS_10,17,DEL_DS_07,252,BABY_BABY_12,Baby Care,64,24.31,22.0,1.72,3.44,23,31.0,3.43,25.15,608,128,38398.08,Destination projected to breach safety stock within 31.0h (DoC: 1.7d). Source retains surplus stock above protection threshold (Post-transfer DoC: 22.0d). Distance is 3.4km within configured limit.
455,2,15,DEL_DS_05,18,DEL_DS_08,92,PACK_PAST_02,Packaged Foods,48,7.3,5.22,1.65,3.34,23,29.7,2.4,23.6,120,95,2520.48,Destination projected to breach safety stock within 29.7h (DoC: 1.6d). Source retains surplus stock above protection threshold (Post-transfer DoC: 5.2d). Distance is 2.4km within configured limit.
456,2,12,DEL_DS_02,18,DEL_DS_08,269,BABY_DIAP_29,Baby Care,24,5.16,3.8,1.69,3.26,23,30.4,0.72,21.08,67,50,14053.2,Destination projected to breach safety stock within 30.4h (DoC: 1.7d). Source retains surplus stock above protection threshold (Post-transfer DoC: 3.8d). Distance is 0.7km within configured limit.
457,2,19,DEL_DS_09,20,DEL_DS_10,14,DAIR_CHEE_14,Dairy,120,8.07,6.62,1.81,3.44,23,32.6,2.12,23.18,547,253,22891.2,Destination projected to breach safety stock within 32.6h (DoC: 1.8d). Source retains surplus stock above protection threshold (Post-transfer DoC: 6.6d). Distance is 2.1km within configured limit.
458,3,28,MUM_DS_08,21,MUM_DS_01,145,FRUI_CUT _25,Fruits & Vegetables,84,4.3,2.81,1.69,2.88,23,30.4,8.05,32.08,159,204,5564.16,Destination projected to breach safety stock within 30.4h (DoC: 1.7d). Source retains surplus stock above protection threshold (Post-transfer DoC: 2.8d). Distance is 8.1km within configured limit.
459,3,23,MUM_DS_03,22,MUM_DS_02,22,DAIR_CURD_22,Dairy,108,5.36,3.62,1.69,3.35,23,30.4,5.8,28.7,225,218,5803.92,Destination projected to breach safety stock within 30.4h (DoC: 1.7d). Source retains surplus stock above protection threshold (Post-transfer DoC: 3.6d). Distance is 5.8km within configured limit.
460,3,24,MUM_DS_04,22,MUM_DS_02,25,DAIR_PANE_25,Dairy,168,11.51,5.43,1.67,3.4,23,30.1,6.53,29.79,343,330,31212.72,Destination projected to breach safety stock within 30.1h (DoC: 1.7d). Source retains surplus stock above protection threshold (Post-transfer DoC: 5.4d). Distance is 6.5km within configured limit.
461,3,24,MUM_DS_04,22,MUM_DS_02,138,FRUI_DAIL_18,Fruits & Vegetables,132,11.13,8.42,1.67,3.44,23,30.1,6.53,29.79,411,257,2992.44,Destination projected to breach safety stock within 30.1h (DoC: 1.7d). Source retains surplus stock above protection threshold (Post-transfer DoC: 8.4d). Distance is 6.5km within configured limit.
462,3,28,MUM_DS_08,22,MUM_DS_02,270,BABY_BABY_30,Baby Care,32,8.04,5.57,1.65,3.54,23,29.7,16.85,45.28,72,60,18979.84,Destination projected to breach safety stock within 29.7h (DoC: 1.6d). Source retains surplus stock above protection threshold (Post-transfer DoC: 5.6d). Distance is 16.9km within configured limit.
463,3,26,MUM_DS_06,23,MUM_DS_03,15,DAIR_PANE_15,Dairy,104,4.59,2.99,1.73,3.3,23,31.1,3.81,25.72,193,219,5308.16,Destination projected to breach safety stock within 31.1h (DoC: 1.7d). Source retains surplus stock above protection threshold (Post-transfer DoC: 3.0d). Distance is 3.8km within configured limit.
464,3,28,MUM_DS_08,23,MUM_DS_03,137,FRUI_EXOT_17,Fruits & Vegetables,168,5.56,3.47,1.72,3.43,23,31.0,11.06,36.59,279,336,4282.32,Destination projected to breach safety stock within 31.0h (DoC: 1.7d). Source retains surplus stock above protection threshold (Post-transfer DoC: 3.5d). Distance is 11.1km within configured limit.
465,3,21,MUM_DS_01,23,MUM_DS_03,141,FRUI_FRES_21,Fruits & Vegetables,112,4.55,2.89,1.67,3.26,23,30.1,8.81,33.21,194,229,2182.88,Destination projected to breach safety stock within 30.1h (DoC: 1.7d). Source retains surplus stock above protection threshold (Post-transfer DoC: 2.9d). Distance is 8.8km within configured limit.
466,3,30,MUM_DS_10,23,MUM_DS_03,146,FRUI_FRES_26,Fruits & Vegetables,48,4.33,3.06,1.68,2.53,23,30.2,5.93,28.9,115,142,1682.88,Destination projected to breach safety stock within 30.2h (DoC: 1.7d). Source retains surplus stock above protection threshold (Post-transfer DoC: 3.1d). Distance is 5.9km within configured limit.
467,3,24,MUM_DS_04,23,MUM_DS_03,150,FRUI_CUT _30,Fruits & Vegetables,72,6.41,3.9,1.66,3.4,23,29.9,0.92,21.38,112,141,7044.48,Destination projected to breach safety stock within 29.9h (DoC: 1.7d). Source retains surplus stock above protection threshold (Post-transfer DoC: 3.9d). Distance is 0.9km within configured limit.
468,3,28,MUM_DS_08,23,MUM_DS_03,152,STAP_RICE_02,Staples,42,4.24,2.96,1.7,2.75,23,30.6,11.06,36.59,97,110,9711.24,Destination projected to breach safety stock within 30.6h (DoC: 1.7d). Source retains surplus stock above protection threshold (Post-transfer DoC: 3.0d). Distance is 11.1km within configured limit.
469,3,30,MUM_DS_10,23,MUM_DS_03,161,STAP_ATTA_11,Staples,32,5.71,3.14,1.66,3.43,23,29.9,5.93,28.9,39,62,13621.44,Destination projected to breach safety stock within 29.9h (DoC: 1.7d). Source retains surplus stock above protection threshold (Post-transfer DoC: 3.1d). Distance is 5.9km within configured limit.
470,3,24,MUM_DS_04,23,MUM_DS_03,162,STAP_RICE_12,Staples,72,17.7,15.3,1.68,3.42,23,30.2,0.92,21.38,459,142,13321.44,Destination projected to breach safety stock within 30.2h (DoC: 1.7d). Source retains surplus stock above protection threshold (Post-transfer DoC: 15.3d). Distance is 0.9km within configured limit.
471,3,24,MUM_DS_04,23,MUM_DS_03,175,STAP_SPIC_25,Staples,16,6.8,3.03,1.69,2.48,23,30.4,0.92,21.38,45,50,5653.28,Destination projected to breach safety stock within 30.4h (DoC: 1.7d). Source retains surplus stock above protection threshold (Post-transfer DoC: 3.0d). Distance is 0.9km within configured limit.
472,3,24,MUM_DS_04,23,MUM_DS_03,241,BABY_DIAP_01,Baby Care,66,6.57,4.2,1.72,3.39,23,31.0,0.92,21.38,117,134,35362.8,Destination projected to breach safety stock within 31.0h (DoC: 1.7d). Source retains surplus stock above protection threshold (Post-transfer DoC: 4.2d). Distance is 0.9km within configured limit.
473,3,29,MUM_DS_09,25,MUM_DS_05,49,BEVE_ENER_19,Beverages,132,6.95,3.47,1.65,3.41,23,29.7,4.46,26.69,299,256,5583.6,Destination projected to breach safety stock within 29.7h (DoC: 1.6d). Source retains surplus stock above protection threshold (Post-transfer DoC: 3.5d). Distance is 4.5km within configured limit.
474,3,23,MUM_DS_03,25,MUM_DS_05,113,PACK_SAUC_23,Packaged Foods,24,4.95,3.93,1.66,2.63,23,29.9,11.98,37.97,92,65,4817.76,Destination projected to breach safety stock within 29.9h (DoC: 1.7d). Source retains surplus stock above protection threshold (Post-transfer DoC: 3.9d). Distance is 12.0km within configured limit.
475,3,23,MUM_DS_03,25,MUM_DS_05,258,BABY_BABY_18,Baby Care,24,4.35,3.09,1.73,3.22,23,31.1,11.98,37.97,59,52,13254.96,Destination projected to breach safety stock within 31.1h (DoC: 1.7d). Source retains surplus stock above protection threshold (Post-transfer DoC: 3.1d). Distance is 12.0km within configured limit.
476,3,30,MUM_DS_10,26,MUM_DS_06,13,DAIR_BUTT_13,Dairy,140,6.82,4.2,1.66,3.47,23,29.9,2.99,24.48,224,269,16973.6,Destination projected to breach safety stock within 29.9h (DoC: 1.7d). Source retains surplus stock above protection threshold (Post-transfer DoC: 4.2d). Distance is 3.0km within configured limit.
477,3,30,MUM_DS_10,26,MUM_DS_06,26,DAIR_MILK_26,Dairy,90,6.93,4.3,1.65,3.45,23,29.7,2.99,24.48,147,172,7038.9,Destination projected to breach safety stock within 29.7h (DoC: 1.6d). Source retains surplus stock above protection threshold (Post-transfer DoC: 4.3d). Distance is 3.0km within configured limit.
478,3,30,MUM_DS_10,26,MUM_DS_06,27,DAIR_CURD_27,Dairy,120,11.62,9.08,1.73,3.5,23,31.1,2.99,24.48,428,238,12399.6,Destination projected to breach safety stock within 31.1h (DoC: 1.7d). Source retains surplus stock above protection threshold (Post-transfer DoC: 9.1d). Distance is 3.0km within configured limit.
479,3,30,MUM_DS_10,26,MUM_DS_06,53,BEVE_TEA _23,Beverages,8,5.81,2.79,1.67,1.76,23,30.1,2.99,24.48,163,167,291.2,Destination projected to breach safety stock within 30.1h (DoC: 1.7d). Source retains surplus stock above protection threshold (Post-transfer DoC: 2.8d). Distance is 3.0km within configured limit.
480,3,22,MUM_DS_02,26,MUM_DS_06,116,PACK_NOOD_26,Packaged Foods,48,4.1,2.93,1.67,2.9,23,30.1,7.34,31.01,120,113,4174.08,Destination projected to breach safety stock within 30.1h (DoC: 1.7d). Source retains surplus stock above protection threshold (Post-transfer DoC: 2.9d). Distance is 7.3km within configured limit.
481,3,30,MUM_DS_10,26,MUM_DS_06,157,STAP_RICE_07,Staples,36,6.6,4.4,1.73,3.28,23,31.1,2.99,24.48,72,76,5157.0,Destination projected to breach safety stock within 31.1h (DoC: 1.7d). Source retains surplus stock above protection threshold (Post-transfer DoC: 4.4d). Distance is 3.0km within configured limit.
482,3,22,MUM_DS_02,26,MUM_DS_06,175,STAP_SPIC_25,Staples,24,4.12,3.04,1.71,2.89,23,30.8,7.34,31.01,67,59,8479.92,Destination projected to breach safety stock within 30.8h (DoC: 1.7d). Source retains surplus stock above protection threshold (Post-transfer DoC: 3.0d). Distance is 7.3km within configured limit.
483,3,27,MUM_DS_07,26,MUM_DS_06,247,BABY_BABY_07,Baby Care,56,6.47,4.02,1.67,3.36,23,30.1,11.43,37.14,92,111,22632.96,Destination projected to breach safety stock within 30.1h (DoC: 1.7d). Source retains surplus stock above protection threshold (Post-transfer DoC: 4.0d). Distance is 11.4km within configured limit.
484,3,27,MUM_DS_07,28,MUM_DS_08,104,PACK_BREA_14,Packaged Foods,60,10.24,8.25,1.73,3.49,23,31.1,1.68,22.52,248,119,5898.0,Destination projected to breach safety stock within 31.1h (DoC: 1.7d). Source retains surplus stock above protection threshold (Post-transfer DoC: 8.2d). Distance is 1.7km within configured limit.
485,3,27,MUM_DS_07,28,MUM_DS_08,108,PACK_SAUC_18,Packaged Foods,36,5.06,2.84,1.67,3.54,23,30.1,1.68,22.52,46,68,6995.88,Destination projected to breach safety stock within 30.1h (DoC: 1.7d). Source retains surplus stock above protection threshold (Post-transfer DoC: 2.8d). Distance is 1.7km within configured limit.
486,3,27,MUM_DS_07,28,MUM_DS_08,149,FRUI_SEAS_29,Fruits & Vegetables,96,10.62,8.57,1.7,3.5,23,30.6,1.68,22.52,401,187,9982.08,Destination projected to breach safety stock within 30.6h (DoC: 1.7d). Source retains surplus stock above protection threshold (Post-transfer DoC: 8.6d). Distance is 1.7km within configured limit.
487,3,21,MUM_DS_01,29,MUM_DS_09,76,SNAC_CHIP_16,Snacks,96,4.73,2.95,1.73,3.35,23,31.1,7.23,30.85,159,198,6202.56,Destination projected to breach safety stock within 31.1h (DoC: 1.7d). Source retains surplus stock above protection threshold (Post-transfer DoC: 3.0d). Distance is 7.2km within configured limit.
488,3,25,MUM_DS_05,29,MUM_DS_09,82,SNAC_BISC_22,Snacks,124,5.09,2.92,1.67,3.51,23,30.1,4.46,26.69,167,237,20331.04,Destination projected to breach safety stock within 30.1h (DoC: 1.7d). Source retains surplus stock above protection threshold (Post-transfer DoC: 2.9d). Distance is 4.5km within configured limit.
489,3,25,MUM_DS_05,29,MUM_DS_09,86,SNAC_CHIP_26,Snacks,40,4.02,3.06,1.71,2.55,23,30.8,4.46,26.69,128,121,4541.6,Destination projected to breach safety stock within 30.8h (DoC: 1.7d). Source retains surplus stock above protection threshold (Post-transfer DoC: 3.1d). Distance is 4.5km within configured limit.
490,3,28,MUM_DS_08,29,MUM_DS_09,165,STAP_SPIC_15,Staples,18,5.84,2.92,1.73,2.3,23,31.1,15.06,42.59,72,73,5343.12,Destination projected to breach safety stock within 31.1h (DoC: 1.7d). Source retains surplus stock above protection threshold (Post-transfer DoC: 2.9d). Distance is 15.1km within configured limit.
491,4,39,HYD_DS_09,32,HYD_DS_02,42,BEVE_COLD_12,Beverages,120,4.87,3.47,1.69,3.46,23,30.4,2.84,24.27,299,234,6540.0,Destination projected to breach safety stock within 30.4h (DoC: 1.7d). Source retains surplus stock above protection threshold (Post-transfer DoC: 3.5d). Distance is 2.8km within configured limit.
492,4,38,HYD_DS_08,39,HYD_DS_09,91,PACK_NOOD_01,Packaged Foods,24,7.36,5.46,1.72,3.04,23,31.0,1.62,22.43,69,55,5764.32,Destination projected to breach safety stock within 31.0h (DoC: 1.7d). Source retains surplus stock above protection threshold (Post-transfer DoC: 5.5d). Distance is 1.6km within configured limit.
493,4,38,HYD_DS_08,39,HYD_DS_09,176,STAP_ATTA_26,Staples,24,5.5,3.44,1.71,3.29,23,30.8,1.62,22.43,40,50,6803.28,Destination projected to breach safety stock within 30.8h (DoC: 1.7d). Source retains surplus stock above protection threshold (Post-transfer DoC: 3.4d). Distance is 1.6km within configured limit.
494,4,38,HYD_DS_08,40,HYD_DS_10,95,PACK_READ_05,Packaged Foods,24,6.07,4.63,1.66,2.84,23,29.9,6.81,30.22,77,58,3202.32,Destination projected to breach safety stock within 29.9h (DoC: 1.7d). Source retains surplus stock above protection threshold (Post-transfer DoC: 4.6d). Distance is 6.8km within configured limit.
495,3,23,MUM_DS_03,22,MUM_DS_02,298,PET _PET _28,Pet Care,16,4.7,3.38,1.2,2.4,22,21.6,5.8,28.7,41,32,8709.6,Destination projected to breach safety stock within 21.6h (DoC: 1.2d). Source retains surplus stock above protection threshold (Post-transfer DoC: 3.4d). Distance is 5.8km within configured limit.
496,2,20,DEL_DS_10,17,DEL_DS_07,279,PET _DOG _09,Pet Care,24,6.89,4.13,1.29,3.24,22,23.2,3.43,25.15,36,40,5805.36,Destination projected to breach safety stock within 23.2h (DoC: 1.3d). Source retains surplus stock above protection threshold (Post-transfer DoC: 4.1d). Distance is 3.4km within configured limit.
497,2,15,DEL_DS_05,16,DEL_DS_06,237,HOUS_DISH_27,Household,12,5.7,3.63,1.28,2.68,22,23.0,4.65,26.98,21,23,2874.24,Destination projected to breach safety stock within 23.0h (DoC: 1.3d). Source retains surplus stock above protection threshold (Post-transfer DoC: 3.6d). Distance is 4.7km within configured limit.
498,3,28,MUM_DS_08,21,MUM_DS_01,240,HOUS_REPE_30,Household,12,15.2,12.35,1.23,3.7,22,22.1,8.05,32.08,52,18,2237.5,Destination projected to breach safety stock within 22.1h (DoC: 1.2d). Source retains surplus stock above protection threshold (Post-transfer DoC: 12.3d). Distance is 8.1km within configured limit.
499,1,6,BEN_DS_06,1,BEN_DS_01,76,SNAC_CHIP_16,Snacks,88,5.38,3.18,1.78,3.52,22,32.0,4.18,26.27,127,178,5685.68,Destination projected to breach safety stock within 32.0h (DoC: 1.8d). Source retains surplus stock above protection threshold (Post-transfer DoC: 3.2d). Distance is 4.2km within configured limit.
500,1,7,BEN_DS_07,3,BEN_DS_03,51,BEVE_JUIC_21,Beverages,76,8.52,6.93,1.79,3.5,22,32.2,7.2,30.79,331,156,6270.0,Destination projected to breach safety stock within 32.2h (DoC: 1.8d). Source retains surplus stock above protection threshold (Post-transfer DoC: 6.9d). Distance is 7.2km within configured limit.
501,1,2,BEN_DS_02,3,BEN_DS_03,101,PACK_NOOD_11,Packaged Foods,60,9.38,7.79,1.76,3.44,22,31.7,4.77,27.16,295,123,7855.8,Destination projected to breach safety stock within 31.7h (DoC: 1.8d). Source retains surplus stock above protection threshold (Post-transfer DoC: 7.8d). Distance is 4.8km within configured limit.
502,1,2,BEN_DS_02,3,BEN_DS_03,105,PACK_READ_15,Packaged Foods,48,13.05,11.67,1.77,3.19,22,31.9,4.77,27.16,406,108,8238.24,Destination projected to breach safety stock within 31.9h (DoC: 1.8d). Source retains surplus stock above protection threshold (Post-transfer DoC: 11.7d). Distance is 4.8km within configured limit.
503,1,2,BEN_DS_02,3,BEN_DS_03,266,BABY_BABY_26,Baby Care,24,5.2,3.92,1.76,3.13,22,31.7,4.77,27.16,73,55,2547.12,Destination projected to breach safety stock within 31.7h (DoC: 1.8d). Source retains surplus stock above protection threshold (Post-transfer DoC: 3.9d). Distance is 4.8km within configured limit.
504,1,10,BEN_DS_10,4,BEN_DS_04,15,DAIR_PANE_15,Dairy,88,4.68,3.27,1.8,3.4,22,32.4,1.13,21.7,204,187,4491.52,Destination projected to breach safety stock within 32.4h (DoC: 1.8d). Source retains surplus stock above protection threshold (Post-transfer DoC: 3.3d). Distance is 1.1km within configured limit.
505,1,7,BEN_DS_07,5,BEN_DS_05,16,DAIR_MILK_16,Dairy,72,11.35,9.84,1.76,3.51,22,31.7,3.79,25.68,468,144,9920.88,Destination projected to breach safety stock within 31.7h (DoC: 1.8d). Source retains surplus stock above protection threshold (Post-transfer DoC: 9.8d). Distance is 3.8km within configured limit.
506,1,5,BEN_DS_05,7,BEN_DS_07,143,FRUI_DAIL_23,Fruits & Vegetables,144,13.25,11.32,1.76,3.39,22,31.7,3.79,25.68,846,299,6959.52,Destination projected to breach safety stock within 31.7h (DoC: 1.8d). Source retains surplus stock above protection threshold (Post-transfer DoC: 11.3d). Distance is 3.8km within configured limit.
507,1,5,BEN_DS_05,10,BEN_DS_10,152,STAP_RICE_02,Staples,60,7.64,3.61,1.77,3.39,22,31.9,3.82,25.73,113,126,13873.2,Destination projected to breach safety stock within 31.9h (DoC: 1.8d). Source retains surplus stock above protection threshold (Post-transfer DoC: 3.6d). Distance is 3.8km within configured limit.
508,2,18,DEL_DS_08,12,DEL_DS_02,16,DAIR_MILK_16,Dairy,84,9.15,7.18,1.75,3.43,22,31.5,0.72,21.08,306,171,11574.36,Destination projected to breach safety stock within 31.5h (DoC: 1.8d). Source retains surplus stock above protection threshold (Post-transfer DoC: 7.2d). Distance is 0.7km within configured limit.
509,2,15,DEL_DS_05,12,DEL_DS_02,160,STAP_SPIC_10,Staples,60,8.37,5.99,1.82,3.43,22,32.8,1.69,22.53,151,128,10863.6,Destination projected to breach safety stock within 32.8h (DoC: 1.8d). Source retains surplus stock above protection threshold (Post-transfer DoC: 6.0d). Distance is 1.7km within configured limit.
510,2,11,DEL_DS_01,12,DEL_DS_02,247,BABY_BABY_07,Baby Care,48,6.43,4.35,1.74,3.29,22,31.3,1.24,21.85,100,102,19399.68,Destination projected to breach safety stock within 31.3h (DoC: 1.7d). Source retains surplus stock above protection threshold (Post-transfer DoC: 4.3d). Distance is 1.2km within configured limit.
511,2,18,DEL_DS_08,12,DEL_DS_02,253,BABY_DIAP_13,Baby Care,24,6.05,4.99,1.82,2.7,22,32.8,0.72,21.08,113,74,7671.12,Destination projected to breach safety stock within 32.8h (DoC: 1.8d). Source retains surplus stock above protection threshold (Post-transfer DoC: 5.0d). Distance is 0.7km within configured limit.
512,2,16,DEL_DS_06,14,DEL_DS_04,157,STAP_RICE_07,Staples,30,4.42,3.11,1.78,3.11,22,32.0,7.3,30.96,71,70,4297.5,Destination projected to breach safety stock within 32.0h (DoC: 1.8d). Source retains surplus stock above protection threshold (Post-transfer DoC: 3.1d). Distance is 7.3km within configured limit.
513,2,20,DEL_DS_10,14,DEL_DS_04,178,STAP_DALS_28,Staples,72,6.24,3.95,1.79,3.5,22,32.2,11.47,37.21,124,147,38326.32,Destination projected to breach safety stock within 32.2h (DoC: 1.8d). Source retains surplus stock above protection threshold (Post-transfer DoC: 4.0d). Distance is 11.5km within configured limit.
514,2,16,DEL_DS_06,14,DEL_DS_04,270,BABY_BABY_30,Baby Care,24,4.5,3.04,1.8,3.3,22,32.4,7.3,30.96,50,53,14234.88,Destination projected to breach safety stock within 32.4h (DoC: 1.8d). Source retains surplus stock above protection threshold (Post-transfer DoC: 3.0d). Distance is 7.3km within configured limit.
515,2,15,DEL_DS_05,16,DEL_DS_06,76,SNAC_CHIP_16,Snacks,96,5.82,3.26,1.82,3.49,22,32.8,4.65,26.98,122,200,6202.56,Destination projected to breach safety stock within 32.8h (DoC: 1.8d). Source retains surplus stock above protection threshold (Post-transfer DoC: 3.3d). Distance is 4.7km within configured limit.
516,2,12,DEL_DS_02,16,DEL_DS_06,103,PACK_SAUC_13,Packaged Foods,32,4.59,3.15,1.76,2.99,22,31.7,5.1,27.65,70,78,4129.92,Destination projected to breach safety stock within 31.7h (DoC: 1.8d). Source retains surplus stock above protection threshold (Post-transfer DoC: 3.1d). Distance is 5.1km within configured limit.
517,2,12,DEL_DS_02,16,DEL_DS_06,116,PACK_NOOD_26,Packaged Foods,64,6.81,5.1,1.82,3.42,22,32.8,5.1,27.65,191,137,5565.44,Destination projected to breach safety stock within 32.8h (DoC: 1.8d). Source retains surplus stock above protection threshold (Post-transfer DoC: 5.1d). Distance is 5.1km within configured limit.
518,2,15,DEL_DS_05,16,DEL_DS_06,119,PACK_BREA_29,Packaged Foods,48,9.08,6.49,1.75,3.46,22,31.5,4.65,26.98,120,97,5640.0,Destination projected to breach safety stock within 31.5h (DoC: 1.8d). Source retains surplus stock above protection threshold (Post-transfer DoC: 6.5d). Distance is 4.7km within configured limit.
519,2,15,DEL_DS_05,16,DEL_DS_06,131,FRUI_FRES_11,Fruits & Vegetables,42,4.23,2.95,1.82,2.67,22,32.8,4.65,26.98,97,132,4203.78,Destination projected to breach safety stock within 32.8h (DoC: 1.8d). Source retains surplus stock above protection threshold (Post-transfer DoC: 3.0d). Distance is 4.7km within configured limit.
520,2,15,DEL_DS_05,16,DEL_DS_06,136,FRUI_FRES_16,Fruits & Vegetables,68,7.52,4.9,1.74,3.43,22,31.3,4.65,26.98,127,138,7113.48,Destination projected to breach safety stock within 31.3h (DoC: 1.7d). Source retains surplus stock above protection threshold (Post-transfer DoC: 4.9d). Distance is 4.7km within configured limit.
521,2,20,DEL_DS_10,17,DEL_DS_07,23,DAIR_BUTT_23,Dairy,152,5.88,3.78,1.77,3.46,22,31.9,3.43,25.15,273,312,8683.76,Destination projected to breach safety stock within 31.9h (DoC: 1.8d). Source retains surplus stock above protection threshold (Post-transfer DoC: 3.8d). Distance is 3.4km within configured limit.
522,2,20,DEL_DS_10,17,DEL_DS_07,87,SNAC_BISC_27,Snacks,132,6.63,4.37,1.81,3.41,22,32.6,3.43,25.15,255,282,26615.16,Destination projected to breach safety stock within 32.6h (DoC: 1.8d). Source retains surplus stock above protection threshold (Post-transfer DoC: 4.4d). Distance is 3.4km within configured limit.
523,2,20,DEL_DS_10,17,DEL_DS_07,160,STAP_SPIC_10,Staples,40,4.61,3.11,1.82,3.01,22,32.8,3.43,25.15,83,101,7242.4,Destination projected to breach safety stock within 32.8h (DoC: 1.8d). Source retains surplus stock above protection threshold (Post-transfer DoC: 3.1d). Distance is 3.4km within configured limit.
524,2,11,DEL_DS_01,18,DEL_DS_08,172,STAP_RICE_22,Staples,40,5.09,3.26,1.78,3.4,22,32.0,1.25,21.87,71,84,17655.6,Destination projected to breach safety stock within 32.0h (DoC: 1.8d). Source retains surplus stock above protection threshold (Post-transfer DoC: 3.3d). Distance is 1.2km within configured limit.
525,2,13,DEL_DS_03,19,DEL_DS_09,11,DAIR_MILK_11,Dairy,96,12.86,7.08,1.79,3.46,22,32.2,1.71,22.57,304,199,20632.32,Destination projected to breach safety stock within 32.2h (DoC: 1.8d). Source retains surplus stock above protection threshold (Post-transfer DoC: 7.1d). Distance is 1.7km within configured limit.
526,2,13,DEL_DS_03,19,DEL_DS_09,176,STAP_ATTA_26,Staples,24,7.13,5.04,1.81,3.26,22,32.6,1.71,22.57,58,54,6803.28,Destination projected to breach safety stock within 32.6h (DoC: 1.8d). Source retains surplus stock above protection threshold (Post-transfer DoC: 5.0d). Distance is 1.7km within configured limit.
527,3,28,MUM_DS_08,21,MUM_DS_01,20,DAIR_PANE_20,Dairy,138,5.65,3.45,1.81,3.46,22,32.6,8.05,32.08,217,289,19255.14,Destination projected to breach safety stock within 32.6h (DoC: 1.8d). Source retains surplus stock above protection threshold (Post-transfer DoC: 3.5d). Distance is 8.1km within configured limit.
528,3,29,MUM_DS_09,21,MUM_DS_01,60,BEVE_WATE_30,Beverages,72,7.93,6.49,1.8,3.45,22,32.4,7.23,30.85,325,151,10548.0,Destination projected to breach safety stock within 32.4h (DoC: 1.8d). Source retains surplus stock above protection threshold (Post-transfer DoC: 6.5d). Distance is 7.2km within configured limit.
529,3,28,MUM_DS_08,21,MUM_DS_01,93,PACK_SAUC_03,Packaged Foods,24,6.64,3.41,1.74,2.65,22,31.3,8.05,32.08,76,70,1503.84,Destination projected to breach safety stock within 31.3h (DoC: 1.7d). Source retains surplus stock above protection threshold (Post-transfer DoC: 3.4d). Distance is 8.1km within configured limit.
530,3,28,MUM_DS_08,21,MUM_DS_01,113,PACK_SAUC_23,Packaged Foods,24,5.74,4.55,1.76,2.77,22,31.7,8.05,32.08,92,66,4817.76,Destination projected to breach safety stock within 31.7h (DoC: 1.8d). Source retains surplus stock above protection threshold (Post-transfer DoC: 4.5d). Distance is 8.1km within configured limit.
531,3,27,MUM_DS_07,21,MUM_DS_01,131,FRUI_FRES_11,Fruits & Vegetables,84,6.41,4.09,1.82,3.48,22,32.8,9.62,34.44,148,176,8407.56,Destination projected to breach safety stock within 32.8h (DoC: 1.8d). Source retains surplus stock above protection threshold (Post-transfer DoC: 4.1d). Distance is 9.6km within configured limit.
532,3,27,MUM_DS_07,21,MUM_DS_01,152,STAP_RICE_02,Staples,60,5.04,2.95,1.82,3.37,22,32.8,9.62,34.44,85,131,13873.2,Destination projected to breach safety stock within 32.8h (DoC: 1.8d). Source retains surplus stock above protection threshold (Post-transfer DoC: 3.0d). Distance is 9.6km within configured limit.
533,3,29,MUM_DS_09,21,MUM_DS_01,164,STAP_EDIB_14,Staples,28,8.94,7.36,1.74,3.43,22,31.3,7.23,30.85,131,57,10274.32,Destination projected to breach safety stock within 31.3h (DoC: 1.7d). Source retains surplus stock above protection threshold (Post-transfer DoC: 7.4d). Distance is 7.2km within configured limit.
534,3,23,MUM_DS_03,22,MUM_DS_02,47,BEVE_COLD_17,Beverages,120,8.62,6.73,1.82,3.47,22,32.8,5.8,28.7,427,253,12856.8,Destination projected to breach safety stock within 32.8h (DoC: 1.8d). Source retains surplus stock above protection threshold (Post-transfer DoC: 6.7d). Distance is 5.8km within configured limit.
535,3,23,MUM_DS_03,22,MUM_DS_02,95,PACK_READ_05,Packaged Foods,24,4.76,3.76,1.74,2.67,22,31.3,5.8,28.7,90,69,3202.32,Destination projected to breach safety stock within 31.3h (DoC: 1.7d). Source retains surplus stock above protection threshold (Post-transfer DoC: 3.8d). Distance is 5.8km within configured limit.
536,3,23,MUM_DS_03,22,MUM_DS_02,100,PACK_READ_10,Packaged Foods,72,8.85,7.14,1.82,3.39,22,32.8,5.8,28.7,301,156,7855.92,Destination projected to breach safety stock within 32.8h (DoC: 1.8d). Source retains surplus stock above protection threshold (Post-transfer DoC: 7.1d). Distance is 5.8km within configured limit.
537,3,23,MUM_DS_03,22,MUM_DS_02,167,STAP_RICE_17,Staples,60,4.62,3.14,1.8,3.25,22,32.4,5.8,28.7,127,134,23277.0,Destination projected to breach safety stock within 32.4h (DoC: 1.8d). Source retains surplus stock above protection threshold (Post-transfer DoC: 3.1d). Distance is 5.8km within configured limit.
538,3,24,MUM_DS_04,22,MUM_DS_02,244,BABY_BABY_04,Baby Care,28,4.36,3.23,1.8,2.66,22,32.4,6.53,29.79,80,87,2993.2,Destination projected to breach safety stock within 32.4h (DoC: 1.8d). Source retains surplus stock above protection threshold (Post-transfer DoC: 3.2d). Distance is 6.5km within configured limit.
539,3,24,MUM_DS_04,22,MUM_DS_02,258,BABY_BABY_18,Baby Care,24,6.45,4.59,1.77,2.98,22,31.9,6.53,29.79,59,59,13254.96,Destination projected to breach safety stock within 31.9h (DoC: 1.8d). Source retains surplus stock above protection threshold (Post-transfer DoC: 4.6d). Distance is 6.5km within configured limit.
540,3,25,MUM_DS_05,23,MUM_DS_03,116,PACK_NOOD_26,Packaged Foods,64,4.61,2.89,1.76,3.34,22,31.7,11.98,37.97,107,135,5565.44,Destination projected to breach safety stock within 31.7h (DoC: 1.8d). Source retains surplus stock above protection threshold (Post-transfer DoC: 2.9d). Distance is 12.0km within configured limit.
541,3,30,MUM_DS_10,23,MUM_DS_03,172,STAP_RICE_22,Staples,48,6.85,4.5,1.75,3.33,22,31.5,5.93,28.9,92,101,21186.72,Destination projected to breach safety stock within 31.5h (DoC: 1.8d). Source retains surplus stock above protection threshold (Post-transfer DoC: 4.5d). Distance is 5.9km within configured limit.
542,3,21,MUM_DS_01,24,MUM_DS_04,108,PACK_SAUC_18,Packaged Foods,32,4.82,3.31,1.82,3.53,22,32.8,8.86,33.29,70,66,6218.56,Destination projected to breach safety stock within 32.8h (DoC: 1.8d). Source retains surplus stock above protection threshold (Post-transfer DoC: 3.3d). Distance is 8.9km within configured limit.
543,3,29,MUM_DS_09,25,MUM_DS_05,12,DAIR_CURD_12,Dairy,144,7.86,6.47,1.77,3.39,22,31.9,4.46,26.69,671,302,20678.4,Destination projected to breach safety stock within 31.9h (DoC: 1.8d). Source retains surplus stock above protection threshold (Post-transfer DoC: 6.5d). Distance is 4.5km within configured limit.
544,3,24,MUM_DS_04,26,MUM_DS_06,77,SNAC_BISC_17,Snacks,96,6.35,4.06,1.82,3.51,22,32.8,3.19,24.78,170,199,5212.8,Destination projected to breach safety stock within 32.8h (DoC: 1.8d). Source retains surplus stock above protection threshold (Post-transfer DoC: 4.1d). Distance is 3.2km within configured limit.
545,3,21,MUM_DS_01,26,MUM_DS_06,161,STAP_ATTA_11,Staples,28,4.77,3.08,1.76,3.26,22,31.7,11.71,37.56,51,61,11918.76,Destination projected to breach safety stock within 31.7h (DoC: 1.8d). Source retains surplus stock above protection threshold (Post-transfer DoC: 3.1d). Distance is 11.7km within configured limit.
546,3,30,MUM_DS_10,26,MUM_DS_06,264,BABY_BABY_24,Baby Care,16,4.44,3.26,1.79,2.61,22,32.2,2.99,24.48,44,51,2032.0,Destination projected to breach safety stock within 32.2h (DoC: 1.8d). Source retains surplus stock above protection threshold (Post-transfer DoC: 3.3d). Distance is 3.0km within configured limit.
547,3,27,MUM_DS_07,28,MUM_DS_08,43,BEVE_TEA _13,Beverages,112,5.12,3.24,1.81,3.47,22,32.6,1.68,22.52,194,235,4819.36,Destination projected to breach safety stock within 32.6h (DoC: 1.8d). Source retains surplus stock above protection threshold (Post-transfer DoC: 3.2d). Distance is 1.7km within configured limit.
548,3,27,MUM_DS_07,28,MUM_DS_08,71,SNAC_CHIP_11,Snacks,72,12.55,10.58,1.75,3.45,22,31.5,1.68,22.52,387,146,4911.84,Destination projected to breach safety stock within 31.5h (DoC: 1.8d). Source retains surplus stock above protection threshold (Post-transfer DoC: 10.6d). Distance is 1.7km within configured limit.
549,3,25,MUM_DS_05,29,MUM_DS_09,99,PACK_BREA_09,Packaged Foods,32,4.89,3.09,1.79,3.42,22,32.2,4.46,26.69,55,67,5005.44,Destination projected to breach safety stock within 32.2h (DoC: 1.8d). Source retains surplus stock above protection threshold (Post-transfer DoC: 3.1d). Distance is 4.5km within configured limit.
550,3,25,MUM_DS_05,29,MUM_DS_09,157,STAP_RICE_07,Staples,42,5.24,3.22,1.76,3.43,22,31.7,4.46,26.69,67,86,6016.5,Destination projected to breach safety stock within 31.7h (DoC: 1.8d). Source retains surplus stock above protection threshold (Post-transfer DoC: 3.2d). Distance is 4.5km within configured limit.
551,4,33,HYD_DS_03,35,HYD_DS_05,138,FRUI_DAIL_18,Fruits & Vegetables,96,14.96,12.53,1.78,3.45,22,32.0,2.64,23.95,495,198,2176.32,Destination projected to breach safety stock within 32.0h (DoC: 1.8d). Source retains surplus stock above protection threshold (Post-transfer DoC: 12.5d). Distance is 2.6km within configured limit.
552,1,9,BEN_DS_09,1,BEN_DS_01,57,BEVE_COLD_27,Beverages,84,4.51,3.11,1.88,3.27,21,33.8,2.56,23.83,186,198,10399.2,Destination projected to breach safety stock within 33.8h (DoC: 1.9d). Source retains surplus stock above protection threshold (Post-transfer DoC: 3.1d). Distance is 2.6km within configured limit.
553,1,10,BEN_DS_10,4,BEN_DS_04,148,FRUI_DAIL_28,Fruits & Vegetables,96,6.64,5.21,1.87,3.46,21,33.7,1.13,21.7,350,209,7253.76,Destination projected to breach safety stock within 33.7h (DoC: 1.9d). Source retains surplus stock above protection threshold (Post-transfer DoC: 5.2d). Distance is 1.1km within configured limit.
554,1,5,BEN_DS_05,7,BEN_DS_07,151,STAP_ATTA_01,Staples,48,4.58,2.99,1.83,3.22,21,32.9,3.79,25.68,90,111,19266.72,Destination projected to breach safety stock within 32.9h (DoC: 1.8d). Source retains surplus stock above protection threshold (Post-transfer DoC: 3.0d). Distance is 3.8km within configured limit.
555,1,8,BEN_DS_08,9,BEN_DS_09,87,SNAC_BISC_27,Snacks,120,8.46,6.64,1.83,3.46,21,32.9,2.21,23.31,437,255,24195.6,Destination projected to breach safety stock within 32.9h (DoC: 1.8d). Source retains surplus stock above protection threshold (Post-transfer DoC: 6.6d). Distance is 2.2km within configured limit.
556,1,4,BEN_DS_04,10,BEN_DS_10,90,SNAC_NUTS_30,Snacks,102,7.33,3.4,1.89,3.44,21,34.0,1.13,21.7,197,226,18116.22,Destination projected to breach safety stock within 34.0h (DoC: 1.9d). Source retains surplus stock above protection threshold (Post-transfer DoC: 3.4d). Distance is 1.1km within configured limit.
557,1,4,BEN_DS_04,10,BEN_DS_10,102,PACK_PAST_12,Packaged Foods,24,4.17,3.34,1.89,2.56,21,34.0,1.13,21.7,97,92,2472.72,Destination projected to breach safety stock within 34.0h (DoC: 1.9d). Source retains surplus stock above protection threshold (Post-transfer DoC: 3.3d). Distance is 1.1km within configured limit.
558,1,5,BEN_DS_05,10,BEN_DS_10,131,FRUI_FRES_11,Fruits & Vegetables,72,4.88,2.96,1.9,3.46,21,34.2,3.82,25.73,111,160,7206.48,Destination projected to breach safety stock within 34.2h (DoC: 1.9d). Source retains surplus stock above protection threshold (Post-transfer DoC: 3.0d). Distance is 3.8km within configured limit.
559,2,18,DEL_DS_08,12,DEL_DS_02,251,BABY_BABY_11,Baby Care,36,4.31,3.0,1.89,3.01,21,34.0,0.72,21.08,83,97,6035.04,Destination projected to breach safety stock within 34.0h (DoC: 1.9d). Source retains surplus stock above protection threshold (Post-transfer DoC: 3.0d). Distance is 0.7km within configured limit.
560,2,16,DEL_DS_06,14,DEL_DS_04,77,SNAC_BISC_17,Snacks,88,4.49,2.95,1.84,3.43,21,33.1,7.3,30.96,169,190,4778.4,Destination projected to breach safety stock within 33.1h (DoC: 1.8d). Source retains surplus stock above protection threshold (Post-transfer DoC: 3.0d). Distance is 7.3km within configured limit.
561,2,12,DEL_DS_02,14,DEL_DS_04,99,PACK_BREA_09,Packaged Foods,28,4.8,3.2,1.88,3.43,21,33.8,11.9,37.85,56,62,4379.76,Destination projected to breach safety stock within 33.8h (DoC: 1.9d). Source retains surplus stock above protection threshold (Post-transfer DoC: 3.2d). Distance is 11.9km within configured limit.
562,2,16,DEL_DS_06,14,DEL_DS_04,141,FRUI_FRES_21,Fruits & Vegetables,96,4.29,2.91,1.85,3.29,21,33.3,7.3,30.96,204,219,1871.04,Destination projected to breach safety stock within 33.3h (DoC: 1.9d). Source retains surplus stock above protection threshold (Post-transfer DoC: 2.9d). Distance is 7.3km within configured limit.
563,2,16,DEL_DS_06,14,DEL_DS_04,161,STAP_ATTA_11,Staples,24,4.31,3.03,1.9,3.25,21,34.2,7.3,30.96,57,58,10216.08,Destination projected to breach safety stock within 34.2h (DoC: 1.9d). Source retains surplus stock above protection threshold (Post-transfer DoC: 3.0d). Distance is 7.3km within configured limit.
564,2,13,DEL_DS_03,14,DEL_DS_04,246,BABY_BABY_06,Baby Care,60,5.59,3.4,1.84,3.4,21,33.1,9.45,34.17,93,131,9741.0,Destination projected to breach safety stock within 33.1h (DoC: 1.8d). Source retains surplus stock above protection threshold (Post-transfer DoC: 3.4d). Distance is 9.4km within configured limit.
565,2,15,DEL_DS_05,16,DEL_DS_06,54,BEVE_ENER_24,Beverages,120,7.45,5.16,1.83,3.33,21,32.9,4.65,26.98,271,266,10244.4,Destination projected to breach safety stock within 32.9h (DoC: 1.8d). Source retains surplus stock above protection threshold (Post-transfer DoC: 5.2d). Distance is 4.7km within configured limit.
566,2,15,DEL_DS_05,16,DEL_DS_06,92,PACK_PAST_02,Packaged Foods,48,7.3,3.13,1.83,3.22,21,32.9,4.65,26.98,72,111,2520.48,Destination projected to breach safety stock within 32.9h (DoC: 1.8d). Source retains surplus stock above protection threshold (Post-transfer DoC: 3.1d). Distance is 4.7km within configured limit.
567,2,15,DEL_DS_05,16,DEL_DS_06,265,BABY_DIAP_25,Baby Care,66,6.93,4.53,1.83,3.43,21,32.9,4.65,26.98,125,141,10777.8,Destination projected to breach safety stock within 32.9h (DoC: 1.8d). Source retains surplus stock above protection threshold (Post-transfer DoC: 4.5d). Distance is 4.7km within configured limit.
568,2,20,DEL_DS_10,17,DEL_DS_07,12,DAIR_CURD_12,Dairy,132,17.4,15.48,1.9,3.4,21,34.2,3.43,25.15,1065,299,18955.2,Destination projected to breach safety stock within 34.2h (DoC: 1.9d). Source retains surplus stock above protection threshold (Post-transfer DoC: 15.5d). Distance is 3.4km within configured limit.
569,2,20,DEL_DS_10,17,DEL_DS_07,164,STAP_EDIB_14,Staples,24,12.41,10.3,1.84,3.36,21,33.1,3.43,25.15,117,53,8806.56,Destination projected to breach safety stock within 33.1h (DoC: 1.8d). Source retains surplus stock above protection threshold (Post-transfer DoC: 10.3d). Distance is 3.4km within configured limit.
570,2,20,DEL_DS_10,17,DEL_DS_07,257,BABY_DIAP_17,Baby Care,54,4.99,3.05,1.87,3.44,21,33.7,3.43,25.15,85,118,18300.6,Destination projected to breach safety stock within 33.7h (DoC: 1.9d). Source retains surplus stock above protection threshold (Post-transfer DoC: 3.0d). Distance is 3.4km within configured limit.
571,2,12,DEL_DS_02,18,DEL_DS_08,111,PACK_NOOD_21,Packaged Foods,36,4.9,3.5,1.88,3.46,21,33.8,0.72,21.08,90,79,5342.4,Destination projected to breach safety stock within 33.8h (DoC: 1.9d). Source retains surplus stock above protection threshold (Post-transfer DoC: 3.5d). Distance is 0.7km within configured limit.
572,2,11,DEL_DS_01,18,DEL_DS_08,115,PACK_READ_25,Packaged Foods,24,4.84,3.25,1.86,3.29,21,33.5,1.25,21.87,49,55,5685.84,Destination projected to breach safety stock within 33.5h (DoC: 1.9d). Source retains surplus stock above protection threshold (Post-transfer DoC: 3.2d). Distance is 1.2km within configured limit.
573,2,12,DEL_DS_02,18,DEL_DS_08,136,FRUI_FRES_16,Fruits & Vegetables,56,4.85,3.34,1.84,3.52,21,33.1,0.72,21.08,124,117,5858.16,Destination projected to breach safety stock within 33.1h (DoC: 1.8d). Source retains surplus stock above protection threshold (Post-transfer DoC: 3.3d). Distance is 0.7km within configured limit.
574,2,11,DEL_DS_01,18,DEL_DS_08,152,STAP_RICE_02,Staples,54,4.82,3.01,1.87,3.52,21,33.7,1.25,21.87,90,115,12485.88,Destination projected to breach safety stock within 33.7h (DoC: 1.9d). Source retains surplus stock above protection threshold (Post-transfer DoC: 3.0d). Distance is 1.2km within configured limit.
575,2,15,DEL_DS_05,18,DEL_DS_08,244,BABY_BABY_04,Baby Care,40,5.54,3.52,1.87,3.5,21,33.7,2.4,23.6,70,86,4276.0,Destination projected to breach safety stock within 33.7h (DoC: 1.9d). Source retains surplus stock above protection threshold (Post-transfer DoC: 3.5d). Distance is 2.4km within configured limit.
576,2,11,DEL_DS_01,18,DEL_DS_08,246,BABY_BABY_06,Baby Care,54,4.94,3.08,1.86,3.46,21,33.5,1.25,21.87,89,117,8766.9,Destination projected to breach safety stock within 33.5h (DoC: 1.9d). Source retains surplus stock above protection threshold (Post-transfer DoC: 3.1d). Distance is 1.2km within configured limit.
577,2,20,DEL_DS_10,19,DEL_DS_09,29,DAIR_CHEE_29,Dairy,56,4.53,3.05,1.89,3.11,21,34.0,2.12,23.18,116,143,12849.2,Destination projected to breach safety stock within 34.0h (DoC: 1.9d). Source retains surplus stock above protection threshold (Post-transfer DoC: 3.0d). Distance is 2.1km within configured limit.
578,2,20,DEL_DS_10,19,DEL_DS_09,174,STAP_EDIB_24,Staples,66,15.3,13.1,1.83,3.5,21,32.9,2.12,23.18,394,138,33770.22,Destination projected to breach safety stock within 32.9h (DoC: 1.8d). Source retains surplus stock above protection threshold (Post-transfer DoC: 13.1d). Distance is 2.1km within configured limit.
579,3,24,MUM_DS_04,21,MUM_DS_01,21,DAIR_MILK_21,Dairy,132,15.05,12.91,1.85,3.5,21,33.3,8.86,33.29,798,280,7851.36,Destination projected to breach safety stock within 33.3h (DoC: 1.9d). Source retains surplus stock above protection threshold (Post-transfer DoC: 12.9d). Distance is 8.9km within configured limit.
580,3,28,MUM_DS_08,21,MUM_DS_01,83,SNAC_NAMK_23,Snacks,112,4.44,2.86,1.89,3.2,21,34.0,8.05,32.08,202,274,17075.52,Destination projected to breach safety stock within 34.0h (DoC: 1.9d). Source retains surplus stock above protection threshold (Post-transfer DoC: 2.9d). Distance is 8.1km within configured limit.
581,3,28,MUM_DS_08,21,MUM_DS_01,247,BABY_BABY_07,Baby Care,8,5.51,3.13,1.87,2.12,21,33.7,8.05,32.08,84,66,3233.28,Destination projected to breach safety stock within 33.7h (DoC: 1.9d). Source retains surplus stock above protection threshold (Post-transfer DoC: 3.1d). Distance is 8.1km within configured limit.
582,3,23,MUM_DS_03,22,MUM_DS_02,94,PACK_BREA_04,Packaged Foods,24,4.47,3.57,1.9,2.75,21,34.2,5.8,28.7,95,78,1963.44,Destination projected to breach safety stock within 34.2h (DoC: 1.9d). Source retains surplus stock above protection threshold (Post-transfer DoC: 3.6d). Distance is 5.8km within configured limit.
583,3,24,MUM_DS_04,23,MUM_DS_03,52,BEVE_COLD_22,Beverages,48,7.05,5.33,1.86,3.08,21,33.5,0.92,21.38,149,121,6650.4,Destination projected to breach safety stock within 33.5h (DoC: 1.9d). Source retains surplus stock above protection threshold (Post-transfer DoC: 5.3d). Distance is 0.9km within configured limit.
584,3,21,MUM_DS_01,23,MUM_DS_03,53,BEVE_TEA _23,Beverages,144,4.59,2.89,1.84,3.48,21,33.1,8.81,33.21,245,306,5241.6,Destination projected to breach safety stock within 33.1h (DoC: 1.8d). Source retains surplus stock above protection threshold (Post-transfer DoC: 2.9d). Distance is 8.8km within configured limit.
585,3,24,MUM_DS_04,23,MUM_DS_03,92,PACK_PAST_02,Packaged Foods,56,5.14,2.94,1.85,3.46,21,33.3,0.92,21.38,75,120,2940.56,Destination projected to breach safety stock within 33.3h (DoC: 1.9d). Source retains surplus stock above protection threshold (Post-transfer DoC: 2.9d). Distance is 0.9km within configured limit.
586,3,24,MUM_DS_04,23,MUM_DS_03,180,STAP_SPIC_30,Staples,20,6.78,3.18,1.85,2.41,21,33.3,0.92,21.38,85,87,6518.6,Destination projected to breach safety stock within 33.3h (DoC: 1.9d). Source retains surplus stock above protection threshold (Post-transfer DoC: 3.2d). Distance is 0.9km within configured limit.
587,3,29,MUM_DS_09,25,MUM_DS_05,74,SNAC_CHOC_14,Snacks,72,5.74,4.48,1.87,3.39,21,33.7,4.46,26.69,257,161,4831.2,Destination projected to breach safety stock within 33.7h (DoC: 1.9d). Source retains surplus stock above protection threshold (Post-transfer DoC: 4.5d). Distance is 4.5km within configured limit.
588,3,21,MUM_DS_01,25,MUM_DS_05,85,SNAC_NUTS_25,Snacks,60,6.48,4.91,1.9,3.36,21,34.2,8.62,32.93,188,138,10329.0,Destination projected to breach safety stock within 34.2h (DoC: 1.9d). Source retains surplus stock above protection threshold (Post-transfer DoC: 4.9d). Distance is 8.6km within configured limit.
589,3,29,MUM_DS_09,25,MUM_DS_05,109,PACK_BREA_19,Packaged Foods,24,4.61,3.37,1.89,3.31,21,34.0,4.46,26.69,65,56,4952.16,Destination projected to breach safety stock within 34.0h (DoC: 1.9d). Source retains surplus stock above protection threshold (Post-transfer DoC: 3.4d). Distance is 4.5km within configured limit.
590,3,30,MUM_DS_10,26,MUM_DS_06,43,BEVE_TEA _13,Beverages,128,5.45,3.2,1.84,3.42,21,33.1,2.99,24.48,182,277,5507.84,Destination projected to breach safety stock within 33.1h (DoC: 1.8d). Source retains surplus stock above protection threshold (Post-transfer DoC: 3.2d). Distance is 3.0km within configured limit.
591,3,23,MUM_DS_03,26,MUM_DS_06,82,SNAC_BISC_22,Snacks,100,4.41,2.87,1.89,3.5,21,34.0,3.81,25.72,186,218,16396.0,Destination projected to breach safety stock within 34.0h (DoC: 1.9d). Source retains surplus stock above protection threshold (Post-transfer DoC: 2.9d). Distance is 3.8km within configured limit.
592,3,24,MUM_DS_04,26,MUM_DS_06,178,STAP_DALS_28,Staples,64,5.31,3.22,1.85,3.36,21,33.3,3.19,24.78,99,142,34067.84,Destination projected to breach safety stock within 33.3h (DoC: 1.9d). Source retains surplus stock above protection threshold (Post-transfer DoC: 3.2d). Distance is 3.2km within configured limit.
593,3,24,MUM_DS_04,26,MUM_DS_06,242,BABY_BABY_02,Baby Care,60,6.52,4.32,1.85,3.48,21,33.3,3.19,24.78,118,128,31888.2,Destination projected to breach safety stock within 33.3h (DoC: 1.9d). Source retains surplus stock above protection threshold (Post-transfer DoC: 4.3d). Distance is 3.2km within configured limit.
594,3,27,MUM_DS_07,28,MUM_DS_08,53,BEVE_TEA _23,Beverages,112,5.18,3.36,1.89,3.46,21,34.0,1.68,22.52,207,247,4076.8,Destination projected to breach safety stock within 34.0h (DoC: 1.9d). Source retains surplus stock above protection threshold (Post-transfer DoC: 3.4d). Distance is 1.7km within configured limit.
595,3,25,MUM_DS_05,29,MUM_DS_09,142,FRUI_EXOT_22,Fruits & Vegetables,64,4.19,3.26,1.83,2.69,21,32.9,4.46,26.69,225,199,4096.0,Destination projected to breach safety stock within 32.9h (DoC: 1.8d). Source retains surplus stock above protection threshold (Post-transfer DoC: 3.3d). Distance is 4.5km within configured limit.
596,3,24,MUM_DS_04,30,MUM_DS_10,171,STAP_ATTA_21,Staples,24,24.27,20.54,1.86,3.29,21,33.5,5.06,27.58,330,55,7901.52,Destination projected to breach safety stock within 33.5h (DoC: 1.9d). Source retains surplus stock above protection threshold (Post-transfer DoC: 20.5d). Distance is 5.1km within configured limit.
597,4,35,HYD_DS_05,33,HYD_DS_03,71,SNAC_CHIP_11,Snacks,48,4.9,3.79,1.84,3.41,21,33.1,2.64,23.95,164,104,3274.56,Destination projected to breach safety stock within 33.1h (DoC: 1.8d). Source retains surplus stock above protection threshold (Post-transfer DoC: 3.8d). Distance is 2.6km within configured limit.
598,4,33,HYD_DS_03,35,HYD_DS_05,76,SNAC_CHIP_16,Snacks,72,7.36,5.1,1.87,3.39,21,33.7,2.64,23.95,163,160,4651.92,Destination projected to breach safety stock within 33.7h (DoC: 1.9d). Source retains surplus stock above protection threshold (Post-transfer DoC: 5.1d). Distance is 2.6km within configured limit.
599,4,38,HYD_DS_08,39,HYD_DS_09,15,DAIR_PANE_15,Dairy,104,12.11,9.74,1.89,3.45,21,34.0,1.62,22.43,427,230,5308.16,Destination projected to breach safety stock within 34.0h (DoC: 1.9d). Source retains surplus stock above protection threshold (Post-transfer DoC: 9.7d). Distance is 1.6km within configured limit.
600,4,38,HYD_DS_08,39,HYD_DS_09,100,PACK_READ_10,Packaged Foods,64,6.35,4.06,1.84,3.47,21,33.1,1.62,22.43,113,136,6983.04,Destination projected to breach safety stock within 33.1h (DoC: 1.8d). Source retains surplus stock above protection threshold (Post-transfer DoC: 4.1d). Distance is 1.6km within configured limit.
601,4,38,HYD_DS_08,39,HYD_DS_09,111,PACK_NOOD_21,Packaged Foods,24,4.23,2.96,1.87,2.72,21,33.7,1.62,22.43,56,77,3561.6,Destination projected to breach safety stock within 33.7h (DoC: 1.9d). Source retains surplus stock above protection threshold (Post-transfer DoC: 3.0d). Distance is 1.6km within configured limit.
602,4,38,HYD_DS_08,39,HYD_DS_09,157,STAP_RICE_07,Staples,30,5.4,3.56,1.9,3.29,21,34.2,1.62,22.43,58,71,4297.5,Destination projected to breach safety stock within 34.2h (DoC: 1.9d). Source retains surplus stock above protection threshold (Post-transfer DoC: 3.6d). Distance is 1.6km within configured limit.
603,4,38,HYD_DS_08,40,HYD_DS_10,224,HOUS_DISP_14,Household,24,16.53,13.63,1.52,3.44,21,27.4,6.81,30.22,113,43,3147.36,Destination projected to breach safety stock within 27.4h (DoC: 1.5d). Source retains surplus stock above protection threshold (Post-transfer DoC: 13.6d). Distance is 6.8km within configured limit.
604,1,4,BEN_DS_04,1,BEN_DS_01,245,BABY_DIAP_05,Baby Care,36,5.43,4.12,1.96,3.25,20,35.3,1.33,22.0,113,91,17137.8,Destination projected to breach safety stock within 35.3h (DoC: 2.0d). Source retains surplus stock above protection threshold (Post-transfer DoC: 4.1d). Distance is 1.3km within configured limit.
605,1,8,BEN_DS_08,2,BEN_DS_02,177,STAP_RICE_27,Staples,40,8.42,6.59,1.91,3.44,20,34.4,6.72,30.08,144,90,4559.2,Destination projected to breach safety stock within 34.4h (DoC: 1.9d). Source retains surplus stock above protection threshold (Post-transfer DoC: 6.6d). Distance is 6.7km within configured limit.
606,1,4,BEN_DS_04,2,BEN_DS_02,242,BABY_BABY_02,Baby Care,36,4.23,3.09,1.94,2.95,20,34.9,11.15,36.73,97,105,19132.92,Destination projected to breach safety stock within 34.9h (DoC: 1.9d). Source retains surplus stock above protection threshold (Post-transfer DoC: 3.1d). Distance is 11.2km within configured limit.
607,1,2,BEN_DS_02,3,BEN_DS_03,90,SNAC_NUTS_30,Snacks,90,9.9,8.51,2.0,3.48,20,36.0,4.77,27.16,554,212,15984.9,Destination projected to breach safety stock within 36.0h (DoC: 2.0d). Source retains surplus stock above protection threshold (Post-transfer DoC: 8.5d). Distance is 4.8km within configured limit.
608,1,2,BEN_DS_02,3,BEN_DS_03,159,STAP_EDIB_09,Staples,48,5.63,4.15,1.93,3.45,20,34.7,4.77,27.16,135,109,26894.88,Destination projected to breach safety stock within 34.7h (DoC: 1.9d). Source retains surplus stock above protection threshold (Post-transfer DoC: 4.2d). Distance is 4.8km within configured limit.
609,1,9,BEN_DS_09,6,BEN_DS_06,146,FRUI_FRES_26,Fruits & Vegetables,48,4.02,3.06,1.97,2.99,20,35.5,2.25,23.37,152,140,1682.88,Destination projected to breach safety stock within 35.5h (DoC: 2.0d). Source retains surplus stock above protection threshold (Post-transfer DoC: 3.1d). Distance is 2.2km within configured limit.
610,1,9,BEN_DS_09,8,BEN_DS_08,45,BEVE_WATE_15,Beverages,108,11.86,10.49,1.93,3.41,20,34.7,2.21,23.31,824,249,11659.68,Destination projected to breach safety stock within 34.7h (DoC: 1.9d). Source retains surplus stock above protection threshold (Post-transfer DoC: 10.5d). Distance is 2.2km within configured limit.
611,1,6,BEN_DS_06,8,BEN_DS_08,76,SNAC_CHIP_16,Snacks,8,5.38,2.98,1.97,2.15,20,35.5,2.88,24.32,119,98,516.88,Destination projected to breach safety stock within 35.5h (DoC: 2.0d). Source retains surplus stock above protection threshold (Post-transfer DoC: 3.0d). Distance is 2.9km within configured limit.
612,1,9,BEN_DS_09,8,BEN_DS_08,106,PACK_NOOD_16,Packaged Foods,40,4.56,3.32,1.97,3.44,20,35.5,2.21,23.31,107,94,8413.6,Destination projected to breach safety stock within 35.5h (DoC: 2.0d). Source retains surplus stock above protection threshold (Post-transfer DoC: 3.3d). Distance is 2.2km within configured limit.
613,1,9,BEN_DS_09,8,BEN_DS_08,149,FRUI_SEAS_29,Fruits & Vegetables,72,6.45,3.08,1.97,3.33,20,35.5,2.21,23.31,176,176,7486.56,Destination projected to breach safety stock within 35.5h (DoC: 2.0d). Source retains surplus stock above protection threshold (Post-transfer DoC: 3.1d). Distance is 2.2km within configured limit.
614,1,5,BEN_DS_05,8,BEN_DS_08,161,STAP_ATTA_11,Staples,20,5.0,3.82,1.97,3.33,20,35.5,8.73,33.1,65,49,8513.4,Destination projected to breach safety stock within 35.5h (DoC: 2.0d). Source retains surplus stock above protection threshold (Post-transfer DoC: 3.8d). Distance is 8.7km within configured limit.
615,1,8,BEN_DS_08,9,BEN_DS_09,14,DAIR_CHEE_14,Dairy,96,4.67,3.35,1.99,3.21,20,35.8,2.21,23.31,244,253,18312.96,Destination projected to breach safety stock within 35.8h (DoC: 2.0d). Source retains surplus stock above protection threshold (Post-transfer DoC: 3.4d). Distance is 2.2km within configured limit.
616,1,8,BEN_DS_08,9,BEN_DS_09,73,SNAC_NAMK_13,Snacks,120,9.28,7.82,1.95,3.43,20,35.1,2.21,23.31,645,279,11055.6,Destination projected to breach safety stock within 35.1h (DoC: 1.9d). Source retains surplus stock above protection threshold (Post-transfer DoC: 7.8d). Distance is 2.2km within configured limit.
617,1,8,BEN_DS_08,9,BEN_DS_09,153,STAP_DALS_03,Staples,24,24.54,23.05,1.96,3.34,20,35.3,2.21,23.31,372,58,6291.84,Destination projected to breach safety stock within 35.3h (DoC: 2.0d). Source retains surplus stock above protection threshold (Post-transfer DoC: 23.1d). Distance is 2.2km within configured limit.
618,1,4,BEN_DS_04,10,BEN_DS_10,53,BEVE_TEA _23,Beverages,144,4.88,3.11,1.96,3.48,20,35.3,1.13,21.7,254,329,5241.6,Destination projected to breach safety stock within 35.3h (DoC: 2.0d). Source retains surplus stock above protection threshold (Post-transfer DoC: 3.1d). Distance is 1.1km within configured limit.
619,1,5,BEN_DS_05,10,BEN_DS_10,76,SNAC_CHIP_16,Snacks,80,5.98,4.15,1.99,3.49,20,35.8,3.82,25.73,181,186,5168.8,Destination projected to breach safety stock within 35.8h (DoC: 2.0d). Source retains surplus stock above protection threshold (Post-transfer DoC: 4.2d). Distance is 3.8km within configured limit.
620,1,4,BEN_DS_04,10,BEN_DS_10,83,SNAC_NAMK_23,Snacks,120,5.38,3.78,1.99,3.43,20,35.8,1.13,21.7,284,287,18295.2,Destination projected to breach safety stock within 35.8h (DoC: 2.0d). Source retains surplus stock above protection threshold (Post-transfer DoC: 3.8d). Distance is 1.1km within configured limit.
621,2,18,DEL_DS_08,12,DEL_DS_02,96,PACK_NOOD_06,Packaged Foods,48,5.4,3.58,1.95,3.45,20,35.1,0.72,21.08,94,110,8672.16,Destination projected to breach safety stock within 35.1h (DoC: 1.9d). Source retains surplus stock above protection threshold (Post-transfer DoC: 3.6d). Distance is 0.7km within configured limit.
622,2,18,DEL_DS_08,12,DEL_DS_02,178,STAP_DALS_28,Staples,64,5.65,3.8,1.93,3.5,20,34.7,0.72,21.08,132,143,34067.84,Destination projected to breach safety stock within 34.7h (DoC: 1.9d). Source retains surplus stock above protection threshold (Post-transfer DoC: 3.8d). Distance is 0.7km within configured limit.
623,2,19,DEL_DS_09,13,DEL_DS_03,262,BABY_BABY_22,Baby Care,42,5.57,4.41,1.97,3.53,20,35.5,1.71,22.57,159,95,15684.9,Destination projected to breach safety stock within 35.5h (DoC: 2.0d). Source retains surplus stock above protection threshold (Post-transfer DoC: 4.4d). Distance is 1.7km within configured limit.
624,2,13,DEL_DS_03,14,DEL_DS_04,101,PACK_NOOD_11,Packaged Foods,60,7.59,5.45,1.94,3.49,20,34.9,9.45,34.17,153,135,7855.8,Destination projected to breach safety stock within 34.9h (DoC: 1.9d). Source retains surplus stock above protection threshold (Post-transfer DoC: 5.5d). Distance is 9.4km within configured limit.
625,2,13,DEL_DS_03,14,DEL_DS_04,131,FRUI_FRES_11,Fruits & Vegetables,72,5.8,3.97,1.96,3.49,20,35.3,9.45,34.17,156,164,7206.48,Destination projected to breach safety stock within 35.3h (DoC: 2.0d). Source retains surplus stock above protection threshold (Post-transfer DoC: 4.0d). Distance is 9.4km within configured limit.
626,2,16,DEL_DS_06,14,DEL_DS_04,134,FRUI_SEAS_14,Fruits & Vegetables,88,4.4,2.93,1.92,3.41,20,34.6,7.3,30.96,176,202,3314.08,Destination projected to breach safety stock within 34.6h (DoC: 1.9d). Source retains surplus stock above protection threshold (Post-transfer DoC: 2.9d). Distance is 7.3km within configured limit.
627,2,16,DEL_DS_06,14,DEL_DS_04,145,FRUI_CUT _25,Fruits & Vegetables,96,4.47,3.07,1.93,3.38,20,34.7,7.3,30.96,210,223,6359.04,Destination projected to breach safety stock within 34.7h (DoC: 1.9d). Source retains surplus stock above protection threshold (Post-transfer DoC: 3.1d). Distance is 7.3km within configured limit.
628,2,16,DEL_DS_06,14,DEL_DS_04,151,STAP_ATTA_01,Staples,48,4.54,3.28,1.94,3.23,20,34.9,7.3,30.96,124,120,19266.72,Destination projected to breach safety stock within 34.9h (DoC: 1.9d). Source retains surplus stock above protection threshold (Post-transfer DoC: 3.3d). Distance is 7.3km within configured limit.
629,2,16,DEL_DS_06,14,DEL_DS_04,172,STAP_RICE_22,Staples,40,4.54,3.19,1.93,3.31,20,34.7,7.3,30.96,94,96,17655.6,Destination projected to breach safety stock within 34.7h (DoC: 1.9d). Source retains surplus stock above protection threshold (Post-transfer DoC: 3.2d). Distance is 7.3km within configured limit.
630,2,18,DEL_DS_08,16,DEL_DS_06,140,FRUI_CUT _20,Fruits & Vegetables,64,5.7,3.9,1.91,3.38,20,34.4,5.55,28.33,138,147,3493.76,Destination projected to breach safety stock within 34.4h (DoC: 1.9d). Source retains surplus stock above protection threshold (Post-transfer DoC: 3.9d). Distance is 5.6km within configured limit.
631,2,15,DEL_DS_05,16,DEL_DS_06,165,STAP_SPIC_15,Staples,42,8.47,6.41,1.96,3.36,20,35.3,4.65,26.98,131,101,12467.28,Destination projected to breach safety stock within 35.3h (DoC: 2.0d). Source retains surplus stock above protection threshold (Post-transfer DoC: 6.4d). Distance is 4.7km within configured limit.
632,2,20,DEL_DS_10,17,DEL_DS_07,26,DAIR_MILK_26,Dairy,72,15.67,13.67,1.96,3.52,20,35.3,3.43,25.15,491,163,5631.12,Destination projected to breach safety stock within 35.3h (DoC: 2.0d). Source retains surplus stock above protection threshold (Post-transfer DoC: 13.7d). Distance is 3.4km within configured limit.
633,2,12,DEL_DS_02,18,DEL_DS_08,150,FRUI_CUT _30,Fruits & Vegetables,48,4.42,3.22,1.93,3.43,20,34.7,0.72,21.08,129,110,4696.32,Destination projected to breach safety stock within 34.7h (DoC: 1.9d). Source retains surplus stock above protection threshold (Post-transfer DoC: 3.2d). Distance is 0.7km within configured limit.
634,2,15,DEL_DS_05,18,DEL_DS_08,160,STAP_SPIC_10,Staples,44,8.37,4.24,1.99,3.43,20,35.8,2.4,23.6,107,105,7966.64,Destination projected to breach safety stock within 35.8h (DoC: 2.0d). Source retains surplus stock above protection threshold (Post-transfer DoC: 4.2d). Distance is 2.4km within configured limit.
635,2,15,DEL_DS_05,18,DEL_DS_08,270,BABY_BABY_30,Baby Care,16,4.64,3.18,1.94,3.19,20,34.9,2.4,23.6,35,41,9489.92,Destination projected to breach safety stock within 34.9h (DoC: 1.9d). Source retains surplus stock above protection threshold (Post-transfer DoC: 3.2d). Distance is 2.4km within configured limit.
636,2,13,DEL_DS_03,19,DEL_DS_09,17,DAIR_CURD_17,Dairy,104,10.12,8.1,1.99,3.47,20,35.8,1.71,22.57,417,244,11291.28,Destination projected to breach safety stock within 35.8h (DoC: 2.0d). Source retains surplus stock above protection threshold (Post-transfer DoC: 8.1d). Distance is 1.7km within configured limit.
637,2,13,DEL_DS_03,19,DEL_DS_09,77,SNAC_BISC_17,Snacks,88,6.44,4.32,1.94,3.42,20,34.9,1.71,22.57,180,204,4778.4,Destination projected to breach safety stock within 34.9h (DoC: 1.9d). Source retains surplus stock above protection threshold (Post-transfer DoC: 4.3d). Distance is 1.7km within configured limit.
638,2,13,DEL_DS_03,19,DEL_DS_09,84,SNAC_CHOC_24,Snacks,48,4.76,3.32,1.91,2.93,20,34.4,1.71,22.57,111,138,2051.52,Destination projected to breach safety stock within 34.4h (DoC: 1.9d). Source retains surplus stock above protection threshold (Post-transfer DoC: 3.3d). Distance is 1.7km within configured limit.
639,2,13,DEL_DS_03,19,DEL_DS_09,131,FRUI_FRES_11,Fruits & Vegetables,36,5.8,3.05,1.96,2.73,20,35.3,1.71,22.57,120,127,3603.24,Destination projected to breach safety stock within 35.3h (DoC: 2.0d). Source retains surplus stock above protection threshold (Post-transfer DoC: 3.0d). Distance is 1.7km within configured limit.
640,2,15,DEL_DS_05,19,DEL_DS_09,242,BABY_BABY_02,Baby Care,54,5.28,3.2,2.0,3.49,20,36.0,8.67,33.0,83,127,28699.38,Destination projected to breach safety stock within 36.0h (DoC: 2.0d). Source retains surplus stock above protection threshold (Post-transfer DoC: 3.2d). Distance is 8.7km within configured limit.
641,2,20,DEL_DS_10,19,DEL_DS_09,265,BABY_DIAP_25,Baby Care,54,6.83,4.95,1.99,3.37,20,35.8,2.12,23.18,142,132,8818.2,Destination projected to breach safety stock within 35.8h (DoC: 2.0d). Source retains surplus stock above protection threshold (Post-transfer DoC: 5.0d). Distance is 2.1km within configured limit.
642,2,19,DEL_DS_09,20,DEL_DS_10,105,PACK_READ_15,Packaged Foods,36,12.65,11.65,1.95,3.28,20,35.1,2.12,23.18,421,89,6178.68,Destination projected to breach safety stock within 35.1h (DoC: 1.9d). Source retains surplus stock above protection threshold (Post-transfer DoC: 11.7d). Distance is 2.1km within configured limit.
643,3,28,MUM_DS_08,21,MUM_DS_01,134,FRUI_SEAS_14,Fruits & Vegetables,64,4.26,2.95,1.94,3.05,20,34.9,8.05,32.08,145,175,2410.24,Destination projected to breach safety stock within 34.9h (DoC: 1.9d). Source retains surplus stock above protection threshold (Post-transfer DoC: 3.0d). Distance is 8.1km within configured limit.
644,3,28,MUM_DS_08,21,MUM_DS_01,264,BABY_BABY_24,Baby Care,16,4.09,3.12,1.94,2.8,20,34.9,8.05,32.08,52,52,2032.0,Destination projected to breach safety stock within 34.9h (DoC: 1.9d). Source retains surplus stock above protection threshold (Post-transfer DoC: 3.1d). Distance is 8.1km within configured limit.
645,3,23,MUM_DS_03,22,MUM_DS_02,45,BEVE_WATE_15,Beverages,144,9.59,8.02,2.0,3.45,20,36.0,5.8,28.7,735,342,15546.24,Destination projected to breach safety stock within 36.0h (DoC: 2.0d). Source retains surplus stock above protection threshold (Post-transfer DoC: 8.0d). Distance is 5.8km within configured limit.
646,3,24,MUM_DS_04,22,MUM_DS_02,211,HOUS_DETE_01,Household,24,6.56,3.53,1.42,3.42,20,25.6,6.53,29.79,28,41,4672.32,Destination projected to breach safety stock within 25.6h (DoC: 1.4d). Source retains surplus stock above protection threshold (Post-transfer DoC: 3.5d). Distance is 6.5km within configured limit.
647,3,24,MUM_DS_04,22,MUM_DS_02,269,BABY_DIAP_29,Baby Care,12,4.21,3.36,1.91,2.52,20,34.4,6.53,29.79,47,50,7026.6,Destination projected to breach safety stock within 34.4h (DoC: 1.9d). Source retains surplus stock above protection threshold (Post-transfer DoC: 3.4d). Distance is 6.5km within configured limit.
648,3,26,MUM_DS_06,22,MUM_DS_02,288,PET _CAT _18,Pet Care,12,4.93,3.33,1.41,2.82,20,25.4,7.34,31.01,25,24,3872.88,Destination projected to breach safety stock within 25.4h (DoC: 1.4d). Source retains surplus stock above protection threshold (Post-transfer DoC: 3.3d). Distance is 7.3km within configured limit.
649,3,30,MUM_DS_10,23,MUM_DS_03,80,SNAC_NUTS_20,Snacks,144,5.7,3.34,1.91,3.5,20,34.4,5.93,28.9,204,316,15804.0,Destination projected to breach safety stock within 34.4h (DoC: 1.9d). Source retains surplus stock above protection threshold (Post-transfer DoC: 3.3d). Distance is 5.9km within configured limit.
650,3,24,MUM_DS_04,23,MUM_DS_03,148,FRUI_DAIL_28,Fruits & Vegetables,112,7.8,5.65,1.96,3.5,20,35.3,0.92,21.38,294,254,8462.72,Destination projected to breach safety stock within 35.3h (DoC: 2.0d). Source retains surplus stock above protection threshold (Post-transfer DoC: 5.7d). Distance is 0.9km within configured limit.
651,3,24,MUM_DS_04,23,MUM_DS_03,230,HOUS_REPE_20,Household,8,8.12,5.88,1.38,2.96,20,24.8,0.92,21.38,21,15,632.32,Destination projected to breach safety stock within 24.8h (DoC: 1.4d). Source retains surplus stock above protection threshold (Post-transfer DoC: 5.9d). Distance is 0.9km within configured limit.
652,3,22,MUM_DS_02,25,MUM_DS_05,15,DAIR_PANE_15,Dairy,80,4.07,2.96,2.0,3.27,20,36.0,12.82,39.24,213,206,4083.2,Destination projected to breach safety stock within 36.0h (DoC: 2.0d). Source retains surplus stock above protection threshold (Post-transfer DoC: 3.0d). Distance is 12.8km within configured limit.
653,3,28,MUM_DS_08,25,MUM_DS_05,20,DAIR_PANE_20,Dairy,36,5.65,2.88,1.92,2.41,20,34.6,16.59,44.89,181,178,5023.08,Destination projected to breach safety stock within 34.6h (DoC: 1.9d). Source retains surplus stock above protection threshold (Post-transfer DoC: 2.9d). Distance is 16.6km within configured limit.
654,3,30,MUM_DS_10,26,MUM_DS_06,28,DAIR_BUTT_28,Dairy,72,6.3,4.17,1.99,3.4,20,35.8,2.99,24.48,141,174,2820.24,Destination projected to breach safety stock within 35.8h (DoC: 2.0d). Source retains surplus stock above protection threshold (Post-transfer DoC: 4.2d). Distance is 3.0km within configured limit.
655,3,27,MUM_DS_07,26,MUM_DS_06,92,PACK_PAST_02,Packaged Foods,48,5.18,3.29,1.93,3.34,20,34.7,11.43,37.14,84,114,2520.48,Destination projected to breach safety stock within 34.7h (DoC: 1.9d). Source retains surplus stock above protection threshold (Post-transfer DoC: 3.3d). Distance is 11.4km within configured limit.
656,3,30,MUM_DS_10,26,MUM_DS_06,150,FRUI_CUT _30,Fruits & Vegetables,56,5.06,2.99,1.97,3.38,20,35.5,2.99,24.48,81,134,5479.04,Destination projected to breach safety stock within 35.5h (DoC: 2.0d). Source retains surplus stock above protection threshold (Post-transfer DoC: 3.0d). Distance is 3.0km within configured limit.
657,3,30,MUM_DS_10,26,MUM_DS_06,267,BABY_BABY_27,Baby Care,24,4.95,3.39,1.93,2.93,20,34.7,2.99,24.48,52,70,4963.68,Destination projected to breach safety stock within 34.7h (DoC: 1.9d). Source retains surplus stock above protection threshold (Post-transfer DoC: 3.4d). Distance is 3.0km within configured limit.
658,3,30,MUM_DS_10,27,MUM_DS_07,138,FRUI_DAIL_18,Fruits & Vegetables,72,10.17,8.63,1.96,3.44,20,35.3,9.25,33.88,403,167,1632.24,Destination projected to breach safety stock within 35.3h (DoC: 2.0d). Source retains surplus stock above protection threshold (Post-transfer DoC: 8.6d). Distance is 9.3km within configured limit.
659,3,27,MUM_DS_07,28,MUM_DS_08,142,FRUI_EXOT_22,Fruits & Vegetables,96,7.9,5.94,1.97,3.44,20,35.5,1.68,22.52,291,224,6144.0,Destination projected to breach safety stock within 35.5h (DoC: 2.0d). Source retains surplus stock above protection threshold (Post-transfer DoC: 5.9d). Distance is 1.7km within configured limit.
660,3,27,MUM_DS_07,28,MUM_DS_08,175,STAP_SPIC_25,Staples,24,5.58,3.84,1.94,3.39,20,34.9,1.68,22.52,53,56,8479.92,Destination projected to breach safety stock within 34.9h (DoC: 1.9d). Source retains surplus stock above protection threshold (Post-transfer DoC: 3.8d). Distance is 1.7km within configured limit.
661,3,28,MUM_DS_08,29,MUM_DS_09,30,DAIR_PANE_30,Dairy,120,9.68,7.85,1.93,3.31,20,34.7,15.06,42.59,515,289,19914.0,Destination projected to breach safety stock within 34.7h (DoC: 1.9d). Source retains surplus stock above protection threshold (Post-transfer DoC: 7.8d). Distance is 15.1km within configured limit.
662,3,25,MUM_DS_05,29,MUM_DS_09,198,PERS_ORAL_18,Personal Care,20,4.64,3.01,1.44,2.87,20,25.9,4.46,26.69,37,40,1036.4,Destination projected to breach safety stock within 25.9h (DoC: 1.4d). Source retains surplus stock above protection threshold (Post-transfer DoC: 3.0d). Distance is 4.5km within configured limit.
663,3,25,MUM_DS_05,29,MUM_DS_09,285,PET _PET _15,Pet Care,8,4.67,3.69,1.43,2.19,20,25.7,4.46,26.69,30,23,4031.2,Destination projected to breach safety stock within 25.7h (DoC: 1.4d). Source retains surplus stock above protection threshold (Post-transfer DoC: 3.7d). Distance is 4.5km within configured limit.
664,4,35,HYD_DS_05,31,HYD_DS_01,101,PACK_NOOD_11,Packaged Foods,42,5.61,4.42,1.99,3.38,20,35.8,3.52,25.28,156,102,5499.06,Destination projected to breach safety stock within 35.8h (DoC: 2.0d). Source retains surplus stock above protection threshold (Post-transfer DoC: 4.4d). Distance is 3.5km within configured limit.
665,4,35,HYD_DS_05,33,HYD_DS_03,49,BEVE_ENER_19,Beverages,60,6.38,5.5,1.98,3.26,20,35.6,2.64,23.95,375,152,2538.0,Destination projected to breach safety stock within 35.6h (DoC: 2.0d). Source retains surplus stock above protection threshold (Post-transfer DoC: 5.5d). Distance is 2.6km within configured limit.
666,4,33,HYD_DS_03,35,HYD_DS_05,42,BEVE_COLD_12,Beverages,112,8.28,6.17,1.93,3.43,20,34.7,2.64,23.95,328,256,6104.0,Destination projected to breach safety stock within 34.7h (DoC: 1.9d). Source retains surplus stock above protection threshold (Post-transfer DoC: 6.2d). Distance is 2.6km within configured limit.
667,4,38,HYD_DS_08,39,HYD_DS_09,43,BEVE_TEA _13,Beverages,88,4.54,2.88,1.94,2.98,20,34.9,1.62,22.43,153,252,3786.64,Destination projected to breach safety stock within 34.9h (DoC: 1.9d). Source retains surplus stock above protection threshold (Post-transfer DoC: 2.9d). Distance is 1.6km within configured limit.
668,4,38,HYD_DS_08,39,HYD_DS_09,183,PERS_ORAL_03,Personal Care,12,6.83,4.78,1.38,2.65,20,24.8,1.62,22.43,28,25,4421.76,Destination projected to breach safety stock within 24.8h (DoC: 1.4d). Source retains surplus stock above protection threshold (Post-transfer DoC: 4.8d). Distance is 1.6km within configured limit.
669,4,38,HYD_DS_08,39,HYD_DS_09,189,PERS_SKIN_09,Personal Care,18,8.84,6.77,1.46,3.11,20,26.3,1.62,22.43,59,34,2242.44,Destination projected to breach safety stock within 26.3h (DoC: 1.5d). Source retains surplus stock above protection threshold (Post-transfer DoC: 6.8d). Distance is 1.6km within configured limit.
670,4,37,HYD_DS_07,40,HYD_DS_10,55,BEVE_WATE_25,Beverages,108,11.62,9.74,1.94,3.37,20,34.9,6.03,29.05,560,254,8270.64,Destination projected to breach safety stock within 34.9h (DoC: 1.9d). Source retains surplus stock above protection threshold (Post-transfer DoC: 9.7d). Distance is 6.0km within configured limit.
671,1,9,BEN_DS_09,8,BEN_DS_08,189,PERS_SKIN_09,Personal Care,12,4.6,3.37,1.5,2.7,19,27.0,2.21,23.31,33,27,1494.96,Destination projected to breach safety stock within 27.0h (DoC: 1.5d). Source retains surplus stock above protection threshold (Post-transfer DoC: 3.4d). Distance is 2.2km within configured limit.
672,2,15,DEL_DS_05,16,DEL_DS_06,285,PET _PET _15,Pet Care,8,4.07,2.86,1.48,2.27,19,26.6,4.65,26.98,19,23,4031.2,Destination projected to breach safety stock within 26.6h (DoC: 1.5d). Source retains surplus stock above protection threshold (Post-transfer DoC: 2.9d). Distance is 4.7km within configured limit.
673,2,15,DEL_DS_05,18,DEL_DS_08,199,PERS_SKIN_19,Personal Care,8,29.92,27.76,1.94,3.66,19,34.9,2.4,23.6,103,17,2012.16,Destination projected to breach safety stock within 34.9h (DoC: 1.9d). Source retains surplus stock above protection threshold (Post-transfer DoC: 27.8d). Distance is 2.4km within configured limit.
674,3,23,MUM_DS_03,22,MUM_DS_02,277,PET _PET _07,Pet Care,12,18.06,16.49,1.47,2.95,19,26.5,5.8,28.7,126,24,2789.28,Destination projected to breach safety stock within 26.5h (DoC: 1.5d). Source retains surplus stock above protection threshold (Post-transfer DoC: 16.5d). Distance is 5.8km within configured limit.
675,3,24,MUM_DS_04,23,MUM_DS_03,236,HOUS_DETE_26,Household,24,7.87,5.09,1.52,3.54,19,27.4,0.92,21.38,44,42,2102.16,Destination projected to breach safety stock within 27.4h (DoC: 1.5d). Source retains surplus stock above protection threshold (Post-transfer DoC: 5.1d). Distance is 0.9km within configured limit.
676,4,38,HYD_DS_08,39,HYD_DS_09,295,PET _DOG _25,Pet Care,12,5.12,3.62,1.49,2.54,19,26.8,1.62,22.43,29,29,1837.08,Destination projected to breach safety stock within 26.8h (DoC: 1.5d). Source retains surplus stock above protection threshold (Post-transfer DoC: 3.6d). Distance is 1.6km within configured limit.
677,1,6,BEN_DS_06,7,BEN_DS_07,298,PET _PET _28,Pet Care,16,7.13,5.16,1.64,3.09,18,29.5,5.39,28.09,42,34,8709.6,Destination projected to breach safety stock within 29.5h (DoC: 1.6d). Source retains surplus stock above protection threshold (Post-transfer DoC: 5.2d). Distance is 5.4km within configured limit.
678,2,18,DEL_DS_08,16,DEL_DS_06,198,PERS_ORAL_18,Personal Care,24,5.84,3.42,1.62,3.46,18,29.2,5.55,28.33,34,45,1243.68,Destination projected to breach safety stock within 29.2h (DoC: 1.6d). Source retains surplus stock above protection threshold (Post-transfer DoC: 3.4d). Distance is 5.6km within configured limit.
679,2,11,DEL_DS_01,16,DEL_DS_06,288,PET _CAT _18,Pet Care,12,6.91,4.79,1.62,3.12,18,29.2,6.28,29.41,27,25,3872.88,Destination projected to breach safety stock within 29.2h (DoC: 1.6d). Source retains surplus stock above protection threshold (Post-transfer DoC: 4.8d). Distance is 6.3km within configured limit.
680,3,30,MUM_DS_10,26,MUM_DS_06,226,HOUS_DETE_16,Household,24,5.75,3.15,1.56,3.42,18,28.1,2.99,24.48,29,44,7217.04,Destination projected to breach safety stock within 28.1h (DoC: 1.6d). Source retains surplus stock above protection threshold (Post-transfer DoC: 3.1d). Distance is 3.0km within configured limit.
681,4,38,HYD_DS_08,34,HYD_DS_04,294,PET _PET _24,Pet Care,8,13.4,8.41,1.58,3.69,18,28.4,1.26,21.89,27,14,617.12,Destination projected to breach safety stock within 28.4h (DoC: 1.6d). Source retains surplus stock above protection threshold (Post-transfer DoC: 8.4d). Distance is 1.3km within configured limit.
682,4,38,HYD_DS_08,39,HYD_DS_09,206,PERS_SOAP_26,Personal Care,8,12.75,10.75,1.64,3.09,18,29.5,1.62,22.43,43,17,795.36,Destination projected to breach safety stock within 29.5h (DoC: 1.6d). Source retains surplus stock above protection threshold (Post-transfer DoC: 10.8d). Distance is 1.6km within configured limit.
683,1,8,BEN_DS_08,9,BEN_DS_09,214,HOUS_DISP_04,Household,16,15.05,13.52,1.7,3.22,17,30.6,2.21,23.31,141,34,3461.92,Destination projected to breach safety stock within 30.6h (DoC: 1.7d). Source retains surplus stock above protection threshold (Post-transfer DoC: 13.5d). Distance is 2.2km within configured limit.
684,1,4,BEN_DS_04,10,BEN_DS_10,188,PERS_ORAL_08,Personal Care,8,5.5,3.67,1.7,3.4,17,30.6,1.13,21.7,16,16,1354.16,Destination projected to breach safety stock within 30.6h (DoC: 1.7d). Source retains surplus stock above protection threshold (Post-transfer DoC: 3.7d). Distance is 1.1km within configured limit.
685,2,18,DEL_DS_08,16,DEL_DS_06,182,PERS_HAIR_02,Personal Care,12,4.11,2.99,1.69,2.62,17,30.4,5.55,28.33,32,34,953.76,Destination projected to breach safety stock within 30.4h (DoC: 1.7d). Source retains surplus stock above protection threshold (Post-transfer DoC: 3.0d). Distance is 5.6km within configured limit.
686,2,12,DEL_DS_02,18,DEL_DS_08,189,PERS_SKIN_09,Personal Care,12,11.33,10.19,1.72,3.01,17,31.0,0.72,21.08,107,28,1494.96,Destination projected to breach safety stock within 31.0h (DoC: 1.7d). Source retains surplus stock above protection threshold (Post-transfer DoC: 10.2d). Distance is 0.7km within configured limit.
687,3,24,MUM_DS_04,25,MUM_DS_05,298,PET _PET _28,Pet Care,16,7.17,5.35,1.73,3.26,17,31.1,12.66,38.99,47,34,8709.6,Destination projected to breach safety stock within 31.1h (DoC: 1.7d). Source retains surplus stock above protection threshold (Post-transfer DoC: 5.3d). Distance is 12.7km within configured limit.
688,1,2,BEN_DS_02,3,BEN_DS_03,182,PERS_HAIR_02,Personal Care,18,4.87,3.33,1.82,3.45,16,32.8,4.77,27.16,39,38,1430.64,Destination projected to breach safety stock within 32.8h (DoC: 1.8d). Source retains surplus stock above protection threshold (Post-transfer DoC: 3.3d). Distance is 4.8km within configured limit.
689,2,13,DEL_DS_03,11,DEL_DS_01,198,PERS_ORAL_18,Personal Care,16,7.29,5.41,1.8,3.4,16,32.4,8.3,32.45,46,34,829.12,Destination projected to breach safety stock within 32.4h (DoC: 1.8d). Source retains surplus stock above protection threshold (Post-transfer DoC: 5.4d). Distance is 8.3km within configured limit.
690,2,18,DEL_DS_08,12,DEL_DS_02,275,PET _DOG _05,Pet Care,16,11.78,10.0,1.81,3.42,16,32.6,0.72,21.08,90,34,5755.36,Destination projected to breach safety stock within 32.6h (DoC: 1.8d). Source retains surplus stock above protection threshold (Post-transfer DoC: 10.0d). Distance is 0.7km within configured limit.
691,2,13,DEL_DS_03,14,DEL_DS_04,288,PET _CAT _18,Pet Care,12,7.29,4.99,1.75,3.36,16,31.5,9.45,34.17,26,25,3872.88,Destination projected to breach safety stock within 31.5h (DoC: 1.8d). Source retains surplus stock above protection threshold (Post-transfer DoC: 5.0d). Distance is 9.4km within configured limit.
692,2,12,DEL_DS_02,16,DEL_DS_06,188,PERS_ORAL_08,Personal Care,8,5.13,3.26,1.78,3.56,16,32.0,5.1,27.65,14,16,1354.16,Destination projected to breach safety stock within 32.0h (DoC: 1.8d). Source retains surplus stock above protection threshold (Post-transfer DoC: 3.3d). Distance is 5.1km within configured limit.
693,2,12,DEL_DS_02,18,DEL_DS_08,234,HOUS_DISP_24,Household,12,5.34,4.06,1.82,3.37,16,32.8,0.72,21.08,38,26,658.2,Destination projected to breach safety stock within 32.8h (DoC: 1.8d). Source retains surplus stock above protection threshold (Post-transfer DoC: 4.1d). Distance is 0.7km within configured limit.
694,3,23,MUM_DS_03,21,MUM_DS_01,295,PET _DOG _25,Pet Care,12,5.39,4.39,1.8,2.78,16,32.4,8.81,33.21,53,34,1837.08,Destination projected to breach safety stock within 32.4h (DoC: 1.8d). Source retains surplus stock above protection threshold (Post-transfer DoC: 4.4d). Distance is 8.8km within configured limit.
695,4,39,HYD_DS_09,32,HYD_DS_02,228,HOUS_CLEA_18,Household,8,4.36,3.53,1.8,2.91,16,32.4,2.84,24.27,34,21,1709.84,Destination projected to breach safety stock within 32.4h (DoC: 1.8d). Source retains surplus stock above protection threshold (Post-transfer DoC: 3.5d). Distance is 2.8km within configured limit.
696,4,39,HYD_DS_09,32,HYD_DS_02,293,PET _PET _23,Pet Care,12,11.9,10.9,1.76,3.01,16,31.7,2.84,24.27,130,29,5742.0,Destination projected to breach safety stock within 31.7h (DoC: 1.8d). Source retains surplus stock above protection threshold (Post-transfer DoC: 10.9d). Distance is 2.8km within configured limit.
697,4,37,HYD_DS_07,40,HYD_DS_10,288,PET _CAT _18,Pet Care,8,5.16,3.68,1.8,2.91,16,32.4,6.03,29.05,20,21,2581.92,Destination projected to breach safety stock within 32.4h (DoC: 1.8d). Source retains surplus stock above protection threshold (Post-transfer DoC: 3.7d). Distance is 6.0km within configured limit.
698,1,4,BEN_DS_04,1,BEN_DS_01,186,PERS_SOAP_06,Personal Care,16,5.71,3.92,1.85,3.58,15,33.3,1.33,22.0,35,33,3478.4,Destination projected to breach safety stock within 33.3h (DoC: 1.9d). Source retains surplus stock above protection threshold (Post-transfer DoC: 3.9d). Distance is 1.3km within configured limit.
699,1,3,BEN_DS_03,2,BEN_DS_02,233,HOUS_CLEA_23,Household,18,15.43,13.91,1.84,3.21,15,33.1,4.77,27.16,165,42,2914.74,Destination projected to breach safety stock within 33.1h (DoC: 1.8d). Source retains surplus stock above protection threshold (Post-transfer DoC: 13.9d). Distance is 4.8km within configured limit.
700,1,10,BEN_DS_10,5,BEN_DS_05,238,HOUS_CLEA_28,Household,12,8.13,7.16,1.84,3.21,15,33.1,3.82,25.73,89,28,2069.76,Destination projected to breach safety stock within 33.1h (DoC: 1.8d). Source retains surplus stock above protection threshold (Post-transfer DoC: 7.2d). Distance is 3.8km within configured limit.
701,1,5,BEN_DS_05,7,BEN_DS_07,279,PET _DOG _09,Pet Care,16,10.73,9.09,1.83,3.22,15,32.9,3.79,25.68,89,37,3870.24,Destination projected to breach safety stock within 32.9h (DoC: 1.8d). Source retains surplus stock above protection threshold (Post-transfer DoC: 9.1d). Distance is 3.8km within configured limit.
702,1,9,BEN_DS_09,8,BEN_DS_08,181,PERS_SOAP_01,Personal Care,12,5.62,4.58,1.85,3.01,15,33.3,2.21,23.31,53,31,2714.28,Destination projected to breach safety stock within 33.3h (DoC: 1.9d). Source retains surplus stock above protection threshold (Post-transfer DoC: 4.6d). Distance is 2.2km within configured limit.
703,1,4,BEN_DS_04,10,BEN_DS_10,211,HOUS_DETE_01,Household,6,4.29,3.61,1.83,2.41,15,32.9,1.13,21.7,32,25,1168.08,Destination projected to breach safety stock within 32.9h (DoC: 1.8d). Source retains surplus stock above protection threshold (Post-transfer DoC: 3.6d). Distance is 1.1km within configured limit.
704,2,13,DEL_DS_03,14,DEL_DS_04,285,PET _PET _15,Pet Care,8,5.12,3.92,1.87,2.61,15,33.7,9.45,34.17,26,28,4031.2,Destination projected to breach safety stock within 33.7h (DoC: 1.9d). Source retains surplus stock above protection threshold (Post-transfer DoC: 3.9d). Distance is 9.4km within configured limit.
705,3,25,MUM_DS_05,29,MUM_DS_09,238,HOUS_CLEA_28,Household,20,11.78,9.85,1.88,3.44,15,33.8,4.46,26.69,102,44,3449.6,Destination projected to breach safety stock within 33.8h (DoC: 1.9d). Source retains surplus stock above protection threshold (Post-transfer DoC: 9.8d). Distance is 4.5km within configured limit.
706,4,33,HYD_DS_03,35,HYD_DS_05,186,PERS_SOAP_06,Personal Care,8,6.75,5.44,1.84,2.76,15,33.1,2.64,23.95,33,24,1739.2,Destination projected to breach safety stock within 33.1h (DoC: 1.8d). Source retains surplus stock above protection threshold (Post-transfer DoC: 5.4d). Distance is 2.6km within configured limit.
707,4,38,HYD_DS_08,39,HYD_DS_09,279,PET _DOG _09,Pet Care,16,11.79,9.92,1.83,3.17,15,32.9,1.62,22.43,85,38,3870.24,Destination projected to breach safety stock within 32.9h (DoC: 1.8d). Source retains surplus stock above protection threshold (Post-transfer DoC: 9.9d). Distance is 1.6km within configured limit.
708,4,37,HYD_DS_07,40,HYD_DS_10,187,PERS_HAIR_07,Personal Care,12,11.0,8.6,1.86,3.57,15,33.5,6.03,29.05,43,25,4094.52,Destination projected to breach safety stock within 33.5h (DoC: 1.9d). Source retains surplus stock above protection threshold (Post-transfer DoC: 8.6d). Distance is 6.0km within configured limit.
709,1,4,BEN_DS_04,1,BEN_DS_01,182,PERS_HAIR_02,Personal Care,18,5.68,3.97,1.99,3.23,14,35.8,1.33,22.0,42,47,1430.64,Destination projected to breach safety stock within 35.8h (DoC: 2.0d). Source retains surplus stock above protection threshold (Post-transfer DoC: 4.0d). Distance is 1.3km within configured limit.
710,1,4,BEN_DS_04,1,BEN_DS_01,285,PET _PET _15,Pet Care,8,4.45,3.44,1.94,2.8,14,34.9,1.33,22.0,27,26,4031.2,Destination projected to breach safety stock within 34.9h (DoC: 1.9d). Source retains surplus stock above protection threshold (Post-transfer DoC: 3.4d). Distance is 1.3km within configured limit.
711,1,6,BEN_DS_06,7,BEN_DS_07,183,PERS_ORAL_03,Personal Care,12,5.54,3.69,1.95,3.41,14,35.1,5.39,28.09,24,28,4421.76,Destination projected to breach safety stock within 35.1h (DoC: 1.9d). Source retains surplus stock above protection threshold (Post-transfer DoC: 3.7d). Distance is 5.4km within configured limit.
712,1,1,BEN_DS_01,9,BEN_DS_09,183,PERS_ORAL_03,Personal Care,12,6.11,4.58,1.96,3.53,14,35.3,2.56,23.83,36,27,4421.76,Destination projected to breach safety stock within 35.3h (DoC: 2.0d). Source retains surplus stock above protection threshold (Post-transfer DoC: 4.6d). Distance is 2.6km within configured limit.
713,2,18,DEL_DS_08,12,DEL_DS_02,237,HOUS_DISH_27,Household,12,5.12,3.31,1.91,3.44,14,34.4,0.72,21.08,22,27,2874.24,Destination projected to breach safety stock within 34.4h (DoC: 1.9d). Source retains surplus stock above protection threshold (Post-transfer DoC: 3.3d). Distance is 0.7km within configured limit.
714,2,19,DEL_DS_09,13,DEL_DS_03,185,PERS_SANI_05,Personal Care,12,5.4,4.3,1.93,3.38,14,34.7,1.71,22.57,47,28,2616.84,Destination projected to breach safety stock within 34.7h (DoC: 1.9d). Source retains surplus stock above protection threshold (Post-transfer DoC: 4.3d). Distance is 1.7km within configured limit.
715,2,18,DEL_DS_08,16,DEL_DS_06,211,HOUS_DETE_01,Household,6,4.1,3.41,1.93,2.49,14,34.7,5.55,28.33,30,27,1168.08,Destination projected to breach safety stock within 34.7h (DoC: 1.9d). Source retains surplus stock above protection threshold (Post-transfer DoC: 3.4d). Distance is 5.6km within configured limit.
716,2,13,DEL_DS_03,19,DEL_DS_09,284,PET _CAT _14,Pet Care,6,4.6,3.28,1.94,2.83,14,34.9,1.71,22.57,15,19,2520.24,Destination projected to breach safety stock within 34.9h (DoC: 1.9d). Source retains surplus stock above protection threshold (Post-transfer DoC: 3.3d). Distance is 1.7km within configured limit.
717,3,23,MUM_DS_03,22,MUM_DS_02,209,PERS_SKIN_29,Personal Care,8,19.62,18.26,1.95,3.37,14,35.1,5.8,28.7,107,19,871.6,Destination projected to breach safety stock within 35.1h (DoC: 1.9d). Source retains surplus stock above protection threshold (Post-transfer DoC: 18.3d). Distance is 5.8km within configured limit.
718,3,26,MUM_DS_06,23,MUM_DS_03,211,HOUS_DETE_01,Household,12,4.58,3.52,1.97,3.1,14,35.5,3.81,25.72,40,33,2336.16,Destination projected to breach safety stock within 35.5h (DoC: 2.0d). Source retains surplus stock above protection threshold (Post-transfer DoC: 3.5d). Distance is 3.8km within configured limit.
719,3,23,MUM_DS_03,24,MUM_DS_04,237,HOUS_DISH_27,Household,8,4.78,3.85,2.0,3.23,14,36.0,0.92,21.38,33,21,1916.16,Destination projected to breach safety stock within 36.0h (DoC: 2.0d). Source retains surplus stock above protection threshold (Post-transfer DoC: 3.9d). Distance is 0.9km within configured limit.
720,4,38,HYD_DS_08,32,HYD_DS_02,300,PET _CAT _30,Pet Care,12,12.8,10.99,2.0,3.5,14,36.0,4.43,26.64,73,28,3390.24,Destination projected to breach safety stock within 36.0h (DoC: 2.0d). Source retains surplus stock above protection threshold (Post-transfer DoC: 11.0d). Distance is 4.4km within configured limit.
721,4,34,HYD_DS_04,39,HYD_DS_09,211,HOUS_DETE_01,Household,12,6.21,4.75,1.99,3.12,14,35.8,2.24,23.36,39,33,2336.16,Destination projected to breach safety stock within 35.8h (DoC: 2.0d). Source retains surplus stock above protection threshold (Post-transfer DoC: 4.8d). Distance is 2.2km within configured limit.
722,4,32,HYD_DS_02,39,HYD_DS_09,298,PET _PET _28,Pet Care,16,6.24,4.49,1.98,3.35,14,35.6,2.84,24.27,41,39,8709.6,Destination projected to breach safety stock within 35.6h (DoC: 2.0d). Source retains surplus stock above protection threshold (Post-transfer DoC: 4.5d). Distance is 2.8km within configured limit.
723,4,39,HYD_DS_09,40,HYD_DS_10,239,HOUS_DISP_29,Household,6,6.22,4.89,1.92,3.57,14,34.6,7.06,30.6,22,13,769.14,Destination projected to breach safety stock within 34.6h (DoC: 1.9d). Source retains surplus stock above protection threshold (Post-transfer DoC: 4.9d). Distance is 7.1km within configured limit.
