priority_rank,date_key,store_name,sku_id,sku_name,category,issue_type,risk_score,recommended_action,recommended_quantity,hours_to_stockout,expected_impact,source_store,destination_store,reason
1,20260629,DEL_DS_06,35,BEVE_WATE_05,Beverages,Inter-Store Misallocation / Impending Shortage,100,Redistribute Stock,204,0.0,"Avoids $25,814.31 lost sales; lifts DoC from 0.0 to 2.5d",DEL_DS_05,DEL_DS_06,Destination projected to breach safety stock within 0.0h (DoC: 0.0d). Source retains surplus stock above protection threshold (Post-transfer DoC: 3.3d). Distance is 4.7km within configured limit.
2,20260629,DEL_DS_06,35,BEVE_WATE_05,Beverages,Stock Below Reorder Point,100,Immediate Replenishment,732,0.0,"Protects $12,850.14 sales exposure; targets 732 units",Regional Distribution Center,DEL_DS_06,Projected inventory (0) breached ROP (408). Target: 732.
3,20260629,HYD_DS_05,61,SNAC_CHIP_01,Snacks,Inter-Store Misallocation / Impending Shortage,95,Redistribute Stock,240,3.1,"Avoids $3,507.65 lost sales; lifts DoC from 0.2 to 3.3d",HYD_DS_03,HYD_DS_05,Destination projected to breach safety stock within 3.1h (DoC: 0.2d). Source retains surplus stock above protection threshold (Post-transfer DoC: 11.4d). Distance is 2.6km within configured limit.
4,20260629,HYD_DS_05,61,SNAC_CHIP_01,Snacks,Stock Below Reorder Point,95,Immediate Replenishment,648,3.1,"Protects $1,749.07 sales exposure; targets 640 units",Regional Distribution Center,HYD_DS_05,Projected inventory (13) breached ROP (330). Target: 640.
5,20260629,MUM_DS_05,30,DAIR_PANE_30,Dairy,Inter-Store Misallocation / Impending Shortage,92,Redistribute Stock,120,0.0,"Avoids $19,914.00 lost sales; lifts DoC from 0.0 to 1.3d",MUM_DS_01,MUM_DS_05,Destination projected to breach safety stock within 0.0h (DoC: 0.0d). Source retains surplus stock above protection threshold (Post-transfer DoC: 3.1d). Distance is 8.6km within configured limit.
6,20260629,HYD_DS_05,257,BABY_DIAP_17,Baby Care,Inter-Store Misallocation / Impending Shortage,92,Redistribute Stock,126,0.0,"Avoids $25,417.50 lost sales; lifts DoC from 0.0 to 3.4d",HYD_DS_03,HYD_DS_05,Destination projected to breach safety stock within 0.0h (DoC: 0.0d). Source retains surplus stock above protection threshold (Post-transfer DoC: 8.7d). Distance is 2.6km within configured limit.
7,20260629,BEN_DS_01,154,STAP_EDIB_04,Staples,Inter-Store Misallocation / Impending Shortage,92,Redistribute Stock,132,0.0,"Avoids $16,384.84 lost sales; lifts DoC from 0.0 to 3.5d",BEN_DS_04,BEN_DS_01,Destination projected to breach safety stock within 0.0h (DoC: 0.0d). Source retains surplus stock above protection threshold (Post-transfer DoC: 8.2d). Distance is 1.3km within configured limit.
8,20260629,MUM_DS_01,27,DAIR_CURD_27,Dairy,Inter-Store Misallocation / Impending Shortage,92,Redistribute Stock,232,0.0,"Avoids $13,742.89 lost sales; lifts DoC from 0.0 to 3.5d",MUM_DS_09,MUM_DS_01,Destination projected to breach safety stock within 0.0h (DoC: 0.0d). Source retains surplus stock above protection threshold (Post-transfer DoC: 6.5d). Distance is 7.2km within configured limit.
9,20260629,DEL_DS_09,46,BEVE_JUIC_16,Beverages,Inter-Store Misallocation / Impending Shortage,92,Redistribute Stock,240,0.0,"Avoids $6,221.58 lost sales; lifts DoC from 0.0 to 2.5d",DEL_DS_03,DEL_DS_09,Destination projected to breach safety stock within 0.0h (DoC: 0.0d). Source retains surplus stock above protection threshold (Post-transfer DoC: 3.0d). Distance is 1.7km within configured limit.
10,20260629,MUM_DS_05,30,DAIR_PANE_30,Dairy,Stock Below Reorder Point,92,Immediate Replenishment,792,0.0,"Protects $14,840.91 sales exposure; targets 770 units",Regional Distribution Center,MUM_DS_05,Projected inventory (0) breached ROP (322). Target: 770.
11,20260629,HYD_DS_05,257,BABY_DIAP_17,Baby Care,Stock Below Reorder Point,92,Immediate Replenishment,324,0.0,"Protects $12,661.30 sales exposure; targets 324 units",Regional Distribution Center,HYD_DS_05,Projected inventory (0) breached ROP (137). Target: 324.
12,20260629,BEN_DS_01,154,STAP_EDIB_04,Staples,Stock Below Reorder Point,92,Immediate Replenishment,360,0.0,"Protects $8,114.81 sales exposure; targets 357 units",Regional Distribution Center,BEN_DS_01,Projected inventory (0) breached ROP (206). Target: 357.
13,20260629,MUM_DS_01,27,DAIR_CURD_27,Dairy,Stock Below Reorder Point,92,Immediate Replenishment,512,0.0,"Protects $6,871.44 sales exposure; targets 512 units",Regional Distribution Center,MUM_DS_01,Projected inventory (0) breached ROP (246). Target: 512.
14,20260629,DEL_DS_09,46,BEVE_JUIC_16,Beverages,Stock Below Reorder Point,92,Immediate Replenishment,840,0.0,"Protects $3,104.06 sales exposure; targets 819 units",Regional Distribution Center,DEL_DS_09,Projected inventory (0) breached ROP (335). Target: 819.
15,20260629,MUM_DS_02,63,SNAC_NAMK_03,Snacks,Inter-Store Misallocation / Impending Shortage,89,Redistribute Stock,256,4.3,"Avoids $25,357.50 lost sales; lifts DoC from 0.2 to 3.4d",MUM_DS_06,MUM_DS_02,Destination projected to breach safety stock within 4.3h (DoC: 0.2d). Source retains surplus stock above protection threshold (Post-transfer DoC: 8.0d). Distance is 7.3km within configured limit.
16,20260629,MUM_DS_02,63,SNAC_NAMK_03,Snacks,Stock Below Reorder Point,89,Immediate Replenishment,608,4.3,"Protects $12,656.70 sales exposure; targets 622 units",Regional Distribution Center,MUM_DS_02,Projected inventory (19) breached ROP (301). Target: 622.
17,20260629,MUM_DS_09,203,PERS_ORAL_23,Personal Care,Inter-Store Misallocation / Impending Shortage,86,Redistribute Stock,30,0.0,"Avoids $6,021.86 lost sales; lifts DoC from 0.0 to 3.2d",MUM_DS_05,MUM_DS_09,Destination projected to breach safety stock within 0.0h (DoC: 0.0d). Source retains surplus stock above protection threshold (Post-transfer DoC: 10.0d). Distance is 4.5km within configured limit.
18,20260629,DEL_DS_04,237,HOUS_DISH_27,Household,Inter-Store Misallocation / Impending Shortage,86,Redistribute Stock,28,0.0,"Avoids $4,071.84 lost sales; lifts DoC from 0.0 to 3.4d",DEL_DS_03,DEL_DS_04,Destination projected to breach safety stock within 0.0h (DoC: 0.0d). Source retains surplus stock above protection threshold (Post-transfer DoC: 3.6d). Distance is 9.4km within configured limit.
19,20260629,MUM_DS_09,203,PERS_ORAL_23,Personal Care,Stock Below Reorder Point,86,Immediate Replenishment,78,0.0,"Protects $3,010.93 sales exposure; targets 76 units",Regional Distribution Center,MUM_DS_09,Projected inventory (0) breached ROP (47). Target: 76.
20,20260629,DEL_DS_04,237,HOUS_DISH_27,Household,Stock Below Reorder Point,86,Immediate Replenishment,4,0.0,"Protects $1,985.62 sales exposure; targets 62 units",Regional Distribution Center,DEL_DS_04,Projected inventory (0) breached ROP (12). Target: 62. Scaled down to respect dark store physical capacity buffer.
21,20260629,MUM_DS_01,212,HOUS_DISH_02,Household,Stock Below Reorder Point,86,Immediate Replenishment,96,0.0,"Protects $1,590.01 sales exposure; targets 95 units",Regional Distribution Center,MUM_DS_01,Projected inventory (0) breached ROP (42). Target: 95.
22,20260629,BEN_DS_03,96,PACK_NOOD_06,Packaged Foods,Inter-Store Misallocation / Impending Shortage,86,Redistribute Stock,84,2.0,"Avoids $10,117.52 lost sales; lifts DoC from 0.1 to 3.1d",BEN_DS_02,BEN_DS_03,Destination projected to breach safety stock within 2.0h (DoC: 0.1d). Source retains surplus stock above protection threshold (Post-transfer DoC: 4.4d). Distance is 4.8km within configured limit.
23,20260629,BEN_DS_03,96,PACK_NOOD_06,Packaged Foods,Stock Below Reorder Point,86,Immediate Replenishment,216,2.0,"Protects $5,006.37 sales exposure; targets 209 units",Regional Distribution Center,BEN_DS_03,Projected inventory (3) breached ROP (57). Target: 209.
24,20260629,DEL_DS_06,252,BABY_BABY_12,Baby Care,Inter-Store Misallocation / Impending Shortage,85,Redistribute Stock,136,2.7,"Avoids $49,797.51 lost sales; lifts DoC from 0.1 to 3.5d",DEL_DS_05,DEL_DS_06,Destination projected to breach safety stock within 2.7h (DoC: 0.1d). Source retains surplus stock above protection threshold (Post-transfer DoC: 16.9d). Distance is 4.7km within configured limit.
25,20260629,DEL_DS_06,252,BABY_BABY_12,Baby Care,Stock Below Reorder Point,85,Immediate Replenishment,316,2.7,"Protects $24,724.76 sales exposure; targets 319 units",Regional Distribution Center,DEL_DS_06,Projected inventory (6) breached ROP (195). Target: 319.
26,20260629,HYD_DS_02,155,STAP_SPIC_05,Staples,Inter-Store Misallocation / Impending Shortage,85,Redistribute Stock,52,5.6,"Avoids $14,633.85 lost sales; lifts DoC from 0.3 to 3.5d",HYD_DS_09,HYD_DS_02,Destination projected to breach safety stock within 5.6h (DoC: 0.3d). Source retains surplus stock above protection threshold (Post-transfer DoC: 19.3d). Distance is 2.8km within configured limit.
27,20260629,HYD_DS_02,155,STAP_SPIC_05,Staples,Stock Below Reorder Point,85,Immediate Replenishment,4,5.6,"Protects $7,126.24 sales exposure; targets 150 units",Regional Distribution Center,HYD_DS_02,Projected inventory (5) breached ROP (102). Target: 150. Scaled down to respect dark store physical capacity buffer.
28,20260629,HYD_DS_09,80,SNAC_NUTS_20,Snacks,Inter-Store Misallocation / Impending Shortage,84,Redistribute Stock,276,2.2,"Avoids $17,999.00 lost sales; lifts DoC from 0.1 to 3.5d",HYD_DS_08,HYD_DS_09,Destination projected to breach safety stock within 2.2h (DoC: 0.1d). Source retains surplus stock above protection threshold (Post-transfer DoC: 3.5d). Distance is 1.6km within configured limit.
29,20260629,HYD_DS_09,80,SNAC_NUTS_20,Snacks,Stock Below Reorder Point,84,Immediate Replenishment,604,2.2,"Protects $8,976.45 sales exposure; targets 613 units",Regional Distribution Center,HYD_DS_09,Projected inventory (10) breached ROP (163). Target: 613.
30,20260629,MUM_DS_02,219,HOUS_DISP_09,Household,Inter-Store Misallocation / Impending Shortage,83,Redistribute Stock,48,1.3,"Avoids $7,142.70 lost sales; lifts DoC from 0.1 to 3.4d",MUM_DS_04,MUM_DS_02,Destination projected to breach safety stock within 1.3h (DoC: 0.1d). Source retains surplus stock above protection threshold (Post-transfer DoC: 14.3d). Distance is 6.5km within configured limit.
31,20260629,MUM_DS_02,219,HOUS_DISP_09,Household,Stock Below Reorder Point,83,Immediate Replenishment,120,1.3,"Protects $3,571.35 sales exposure; targets 114 units",Regional Distribution Center,MUM_DS_02,Projected inventory (1) breached ROP (56). Target: 114.
32,20260629,BEN_DS_01,257,BABY_DIAP_17,Baby Care,Inter-Store Misallocation / Impending Shortage,83,Redistribute Stock,48,4.7,"Avoids $16,267.20 lost sales; lifts DoC from 0.3 to 1.5d",BEN_DS_04,BEN_DS_01,Destination projected to breach safety stock within 4.7h (DoC: 0.3d). Source retains surplus stock above protection threshold (Post-transfer DoC: 4.0d). Distance is 1.3km within configured limit.
33,20260629,BEN_DS_01,257,BABY_DIAP_17,Baby Care,Stock Below Reorder Point,83,Immediate Replenishment,306,4.7,"Protects $13,047.65 sales exposure; targets 314 units",Regional Distribution Center,BEN_DS_01,Projected inventory (10) breached ROP (121). Target: 314.
34,20260629,DEL_DS_09,66,SNAC_CHIP_06,Snacks,Inter-Store Misallocation / Impending Shortage,82,Redistribute Stock,200,5.4,"Avoids $7,298.10 lost sales; lifts DoC from 0.3 to 2.8d",DEL_DS_03,DEL_DS_09,Destination projected to breach safety stock within 5.4h (DoC: 0.3d). Source retains surplus stock above protection threshold (Post-transfer DoC: 3.0d). Distance is 1.7km within configured limit.
35,20260629,DEL_DS_09,66,SNAC_CHIP_06,Snacks,Stock Below Reorder Point,82,Immediate Replenishment,72,5.4,"Protects $3,629.31 sales exposure; targets 594 units",Regional Distribution Center,DEL_DS_09,Projected inventory (24) breached ROP (80). Target: 594. Scaled down to respect dark store physical capacity buffer.
36,20260629,DEL_DS_04,169,STAP_EDIB_19,Staples,Inter-Store Misallocation / Impending Shortage,82,Redistribute Stock,84,6.1,"Avoids $16,537.59 lost sales; lifts DoC from 0.3 to 3.5d",DEL_DS_06,DEL_DS_04,Destination projected to breach safety stock within 6.1h (DoC: 0.3d). Source retains surplus stock above protection threshold (Post-transfer DoC: 5.1d). Distance is 7.3km within configured limit.
37,20260629,DEL_DS_04,169,STAP_EDIB_19,Staples,Stock Below Reorder Point,82,Immediate Replenishment,12,6.1,"Protects $8,246.95 sales exposure; targets 220 units",Regional Distribution Center,DEL_DS_04,Projected inventory (9) breached ROP (114). Target: 220. Scaled down to respect dark store physical capacity buffer.
38,20260629,DEL_DS_02,122,FRUI_EXOT_02,Fruits & Vegetables,Inter-Store Misallocation / Impending Shortage,82,Redistribute Stock,248,7.2,"Avoids $18,025.56 lost sales; lifts DoC from 0.4 to 3.5d",DEL_DS_08,DEL_DS_02,Destination projected to breach safety stock within 7.2h (DoC: 0.4d). Source retains surplus stock above protection threshold (Post-transfer DoC: 5.8d). Distance is 0.7km within configured limit.
39,20260629,DEL_DS_02,122,FRUI_EXOT_02,Fruits & Vegetables,Stock Below Reorder Point,82,Immediate Replenishment,8,7.2,"Protects $8,972.47 sales exposure; targets 619 units",Regional Distribution Center,DEL_DS_02,Projected inventory (32) breached ROP (219). Target: 619. Scaled down to respect dark store physical capacity buffer.
40,20260629,HYD_DS_05,191,PERS_SOAP_11,Personal Care,Inter-Store Misallocation / Impending Shortage,81,Redistribute Stock,24,1.6,"Avoids $4,253.62 lost sales; lifts DoC from 0.1 to 2.2d",HYD_DS_03,HYD_DS_05,Destination projected to breach safety stock within 1.6h (DoC: 0.1d). Source retains surplus stock above protection threshold (Post-transfer DoC: 7.2d). Distance is 2.6km within configured limit.
41,20260629,HYD_DS_05,191,PERS_SOAP_11,Personal Care,Stock Below Reorder Point,81,Immediate Replenishment,96,1.6,"Protects $2,113.86 sales exposure; targets 88 units",Regional Distribution Center,HYD_DS_05,Projected inventory (1) breached ROP (19). Target: 88.
42,20260629,BEN_DS_08,65,SNAC_NUTS_05,Snacks,Inter-Store Misallocation / Impending Shortage,81,Redistribute Stock,120,5.9,"Avoids $16,111.20 lost sales; lifts DoC from 0.3 to 2.2d",BEN_DS_09,BEN_DS_08,Destination projected to breach safety stock within 5.9h (DoC: 0.3d). Source retains surplus stock above protection threshold (Post-transfer DoC: 3.0d). Distance is 2.2km within configured limit.
43,20260629,BEN_DS_08,65,SNAC_NUTS_05,Snacks,Stock Below Reorder Point,81,Immediate Replenishment,480,5.9,"Protects $8,583.24 sales exposure; targets 482 units",Regional Distribution Center,BEN_DS_08,Projected inventory (21) breached ROP (130). Target: 482.
44,20260629,BEN_DS_09,267,BABY_BABY_27,Baby Care,Inter-Store Misallocation / Impending Shortage,80,Redistribute Stock,60,5.8,"Avoids $10,547.82 lost sales; lifts DoC from 0.3 to 2.7d",BEN_DS_06,BEN_DS_09,Destination projected to breach safety stock within 5.8h (DoC: 0.3d). Source retains surplus stock above protection threshold (Post-transfer DoC: 3.2d). Distance is 2.2km within configured limit.
45,20260629,BEN_DS_09,267,BABY_BABY_27,Baby Care,Stock Below Reorder Point,80,Immediate Replenishment,204,5.8,"Protects $5,184.98 sales exposure; targets 201 units",Regional Distribution Center,BEN_DS_09,Projected inventory (8) breached ROP (51). Target: 201.
46,20260629,MUM_DS_02,84,SNAC_CHOC_24,Snacks,Inter-Store Misallocation / Impending Shortage,78,Redistribute Stock,72,2.7,"Avoids $3,077.28 lost sales; lifts DoC from 0.1 to 1.5d",MUM_DS_03,MUM_DS_02,Destination projected to breach safety stock within 2.7h (DoC: 0.1d). Source retains surplus stock above protection threshold (Post-transfer DoC: 3.0d). Distance is 5.8km within configured limit.
47,20260629,MUM_DS_02,84,SNAC_CHOC_24,Snacks,Stock Below Reorder Point,78,Scheduled Replenishment,408,2.7,"Protects $2,304.97 sales exposure; targets 394 units",Regional Distribution Center,MUM_DS_02,Projected inventory (8) breached ROP (43). Target: 394.
48,20260629,MUM_DS_09,158,STAP_DALS_08,Staples,Inter-Store Misallocation / Impending Shortage,76,Redistribute Stock,30,5.9,"Avoids $1,963.50 lost sales; lifts DoC from 0.3 to 1.1d",MUM_DS_05,MUM_DS_09,Destination projected to breach safety stock within 5.9h (DoC: 0.3d). Source retains surplus stock above protection threshold (Post-transfer DoC: 3.3d). Distance is 4.5km within configured limit.
49,20260629,MUM_DS_09,158,STAP_DALS_08,Staples,Stock Below Reorder Point,76,Scheduled Replenishment,276,5.9,"Protects $2,412.49 sales exposure; targets 283 units",Regional Distribution Center,MUM_DS_09,Projected inventory (12) breached ROP (135). Target: 283.
50,20260629,MUM_DS_01,166,STAP_ATTA_16,Staples,Inter-Store Misallocation / Impending Shortage,76,Redistribute Stock,72,7.4,"Avoids $12,443.00 lost sales; lifts DoC from 0.4 to 3.3d",MUM_DS_09,MUM_DS_01,Destination projected to breach safety stock within 7.4h (DoC: 0.4d). Source retains surplus stock above protection threshold (Post-transfer DoC: 12.7d). Distance is 7.2km within configured limit.
51,20260629,MUM_DS_01,166,STAP_ATTA_16,Staples,Stock Below Reorder Point,76,Scheduled Replenishment,192,7.4,"Protects $6,114.49 sales exposure; targets 194 units",Regional Distribution Center,MUM_DS_01,Projected inventory (10) breached ROP (121). Target: 194.
52,20260629,HYD_DS_09,237,HOUS_DISH_27,Household,Inter-Store Misallocation / Impending Shortage,73,Redistribute Stock,20,4.5,"Avoids $3,832.32 lost sales; lifts DoC from 0.2 to 2.8d",HYD_DS_04,HYD_DS_09,Destination projected to breach safety stock within 4.5h (DoC: 0.2d). Source retains surplus stock above protection threshold (Post-transfer DoC: 3.2d). Distance is 2.2km within configured limit.
53,20260629,HYD_DS_09,237,HOUS_DISH_27,Household,Stock Below Reorder Point,73,Scheduled Replenishment,60,4.5,"Protects $1,899.39 sales exposure; targets 61 units",Regional Distribution Center,HYD_DS_09,Projected inventory (2) breached ROP (13). Target: 61.
54,20260629,MUM_DS_09,41,BEVE_JUIC_11,Beverages,Inter-Store Misallocation / Impending Shortage,73,Redistribute Stock,144,6.8,"Avoids $14,536.62 lost sales; lifts DoC from 0.4 to 2.5d",MUM_DS_05,MUM_DS_09,Destination projected to breach safety stock within 6.8h (DoC: 0.4d). Source retains surplus stock above protection threshold (Post-transfer DoC: 3.5d). Distance is 4.5km within configured limit.
55,20260629,MUM_DS_09,41,BEVE_JUIC_11,Beverages,Stock Below Reorder Point,73,Scheduled Replenishment,504,6.8,"Protects $7,237.98 sales exposure; targets 529 units",Regional Distribution Center,MUM_DS_09,Projected inventory (26) breached ROP (252). Target: 529.
56,20260629,MUM_DS_02,36,BEVE_JUIC_06,Beverages,Inter-Store Misallocation / Impending Shortage,73,Redistribute Stock,54,17.6,"Avoids $5,256.36 lost sales; lifts DoC from 1.0 to 1.8d",MUM_DS_03,MUM_DS_02,Destination projected to breach safety stock within 17.6h (DoC: 1.0d). Source retains surplus stock above protection threshold (Post-transfer DoC: 3.0d). Distance is 5.8km within configured limit.
57,20260629,MUM_DS_02,36,BEVE_JUIC_06,Beverages,Stock Below Reorder Point,73,Scheduled Replenishment,498,17.6,"Protects $6,424.44 sales exposure; targets 561 units",Regional Distribution Center,MUM_DS_02,Projected inventory (65) breached ROP (198). Target: 561.
58,20260629,MUM_DS_09,214,HOUS_DISP_04,Household,Inter-Store Misallocation / Impending Shortage,72,Redistribute Stock,40,5.8,"Avoids $5,625.62 lost sales; lifts DoC from 0.3 to 3.5d",MUM_DS_01,MUM_DS_09,Destination projected to breach safety stock within 5.8h (DoC: 0.3d). Source retains surplus stock above protection threshold (Post-transfer DoC: 4.6d). Distance is 7.2km within configured limit.
59,20260629,MUM_DS_09,214,HOUS_DISP_04,Household,Stock Below Reorder Point,72,Scheduled Replenishment,96,5.8,"Protects $2,719.77 sales exposure; targets 98 units",Regional Distribution Center,MUM_DS_09,Projected inventory (4) breached ROP (48). Target: 98.
60,20260629,HYD_DS_09,196,PERS_SOAP_16,Personal Care,Stock Below Reorder Point,72,Scheduled Replenishment,96,6.1,Protects $556.11 sales exposure; targets 47 units,Regional Distribution Center,HYD_DS_09,Projected inventory (2) breached ROP (11). Target: 47.
61,20260629,DEL_DS_06,50,BEVE_WATE_20,Beverages,Inter-Store Misallocation / Impending Shortage,72,Redistribute Stock,84,13.9,"Avoids $10,017.84 lost sales; lifts DoC from 0.8 to 2.3d",DEL_DS_05,DEL_DS_06,Destination projected to breach safety stock within 13.9h (DoC: 0.8d). Source retains surplus stock above protection threshold (Post-transfer DoC: 3.2d). Distance is 4.7km within configured limit.
62,20260629,DEL_DS_06,50,BEVE_WATE_20,Beverages,Stock Below Reorder Point,72,Scheduled Replenishment,438,13.9,"Protects $6,474.63 sales exposure; targets 477 units",Regional Distribution Center,DEL_DS_06,Projected inventory (42) breached ROP (259). Target: 477.
63,20260629,HYD_DS_05,117,PACK_PAST_27,Packaged Foods,Inter-Store Misallocation / Impending Shortage,71,Redistribute Stock,36,5.8,"Avoids $5,505.12 lost sales; lifts DoC from 0.3 to 1.4d",HYD_DS_03,HYD_DS_05,Destination projected to breach safety stock within 5.8h (DoC: 0.3d). Source retains surplus stock above protection threshold (Post-transfer DoC: 3.4d). Distance is 2.6km within configured limit.
64,20260629,HYD_DS_05,117,PACK_PAST_27,Packaged Foods,Stock Below Reorder Point,71,Scheduled Replenishment,228,5.8,"Protects $4,838.39 sales exposure; targets 236 units",Regional Distribution Center,HYD_DS_05,Projected inventory (10) breached ROP (62). Target: 236.
65,20260629,DEL_DS_07,91,PACK_NOOD_01,Packaged Foods,Inter-Store Misallocation / Impending Shortage,71,Redistribute Stock,48,7.7,"Avoids $8,886.66 lost sales; lifts DoC from 0.4 to 3.0d",DEL_DS_09,DEL_DS_07,Destination projected to breach safety stock within 7.7h (DoC: 0.4d). Source retains surplus stock above protection threshold (Post-transfer DoC: 10.4d). Distance is 4.4km within configured limit.
66,20260629,MUM_DS_03,119,PACK_BREA_29,Packaged Foods,Inter-Store Misallocation / Impending Shortage,71,Redistribute Stock,84,7.7,"Avoids $6,697.50 lost sales; lifts DoC from 0.4 to 3.4d",MUM_DS_04,MUM_DS_03,Destination projected to breach safety stock within 7.7h (DoC: 0.4d). Source retains surplus stock above protection threshold (Post-transfer DoC: 7.1d). Distance is 0.9km within configured limit.
67,20260629,DEL_DS_07,91,PACK_NOOD_01,Packaged Foods,Stock Below Reorder Point,71,Scheduled Replenishment,144,7.7,"Protects $4,443.33 sales exposure; targets 142 units",Regional Distribution Center,DEL_DS_07,Projected inventory (8) breached ROP (40). Target: 142.
68,20260629,MUM_DS_03,119,PACK_BREA_29,Packaged Foods,Stock Below Reorder Point,71,Scheduled Replenishment,204,7.7,"Protects $3,314.68 sales exposure; targets 216 units",Regional Distribution Center,MUM_DS_03,Projected inventory (12) breached ROP (103). Target: 216.
69,20260629,MUM_DS_05,194,PERS_SKIN_14,Personal Care,Inter-Store Misallocation / Impending Shortage,70,Redistribute Stock,24,4.9,"Avoids $8,399.83 lost sales; lifts DoC from 0.3 to 2.4d",MUM_DS_09,MUM_DS_05,Destination projected to breach safety stock within 4.9h (DoC: 0.3d). Source retains surplus stock above protection threshold (Post-transfer DoC: 3.2d). Distance is 4.5km within configured limit.
70,20260629,MUM_DS_05,194,PERS_SKIN_14,Personal Care,Stock Below Reorder Point,70,Scheduled Replenishment,84,4.9,"Protects $4,068.44 sales exposure; targets 84 units",Regional Distribution Center,MUM_DS_05,Projected inventory (3) breached ROP (29). Target: 84.
71,20260629,HYD_DS_10,107,PACK_PAST_17,Packaged Foods,Inter-Store Misallocation / Impending Shortage,70,Redistribute Stock,72,15.5,"Avoids $3,678.91 lost sales; lifts DoC from 0.9 to 3.2d",HYD_DS_07,HYD_DS_10,Destination projected to breach safety stock within 15.5h (DoC: 0.9d). Source retains surplus stock above protection threshold (Post-transfer DoC: 12.6d). Distance is 6.0km within configured limit.
72,20260629,HYD_DS_10,107,PACK_PAST_17,Packaged Foods,Stock Below Reorder Point,70,Scheduled Replenishment,240,15.5,"Protects $1,817.74 sales exposure; targets 265 units",Regional Distribution Center,HYD_DS_10,Projected inventory (26) breached ROP (145). Target: 265.
73,20260629,BEN_DS_10,273,PET _PET _03,Pet Care,Inter-Store Misallocation / Impending Shortage,69,Redistribute Stock,8,7.9,"Avoids $2,051.12 lost sales; lifts DoC from 0.4 to 2.2d",BEN_DS_01,BEN_DS_10,Destination projected to breach safety stock within 7.9h (DoC: 0.4d). Source retains surplus stock above protection threshold (Post-transfer DoC: 16.8d). Distance is 2.4km within configured limit.
74,20260629,BEN_DS_10,273,PET _PET _03,Pet Care,Stock Below Reorder Point,69,Scheduled Replenishment,40,7.9,"Protects $1,153.75 sales exposure; targets 36 units",Regional Distribution Center,BEN_DS_10,Projected inventory (2) breached ROP (22). Target: 36.
75,20260629,BEN_DS_10,290,PET _PET _20,Pet Care,Inter-Store Misallocation / Impending Shortage,69,Redistribute Stock,8,10.1,"Avoids $1,921.60 lost sales; lifts DoC from 0.6 to 2.0d",BEN_DS_04,BEN_DS_10,Destination projected to breach safety stock within 10.1h (DoC: 0.6d). Source retains surplus stock above protection threshold (Post-transfer DoC: 3.4d). Distance is 1.1km within configured limit.
76,20260629,BEN_DS_10,290,PET _PET _20,Pet Care,Stock Below Reorder Point,69,Scheduled Replenishment,48,10.1,"Protects $1,287.47 sales exposure; targets 45 units",Regional Distribution Center,BEN_DS_10,Projected inventory (3) breached ROP (18). Target: 45.
77,20260629,MUM_DS_03,35,BEVE_WATE_05,Beverages,Inter-Store Misallocation / Impending Shortage,69,Redistribute Stock,180,18.2,"Avoids $23,597.13 lost sales; lifts DoC from 1.0 to 3.4d",MUM_DS_06,MUM_DS_03,Destination projected to breach safety stock within 18.2h (DoC: 1.0d). Source retains surplus stock above protection threshold (Post-transfer DoC: 8.0d). Distance is 3.8km within configured limit.
78,20260629,MUM_DS_03,35,BEVE_WATE_05,Beverages,Stock Below Reorder Point,69,Scheduled Replenishment,540,18.2,"Protects $11,730.47 sales exposure; targets 614 units",Regional Distribution Center,MUM_DS_03,Projected inventory (75) breached ROP (318). Target: 614.
79,20260629,HYD_DS_09,127,FRUI_EXOT_07,Fruits & Vegetables,Inter-Store Misallocation / Impending Shortage,68,Redistribute Stock,144,8.8,"Avoids $12,866.70 lost sales; lifts DoC from 0.5 to 3.1d",HYD_DS_08,HYD_DS_09,Destination projected to breach safety stock within 8.8h (DoC: 0.5d). Source retains surplus stock above protection threshold (Post-transfer DoC: 4.8d). Distance is 1.6km within configured limit.
80,20260629,HYD_DS_09,127,FRUI_EXOT_07,Fruits & Vegetables,Stock Below Reorder Point,68,Scheduled Replenishment,384,8.8,"Protects $6,416.97 sales exposure; targets 410 units",Regional Distribution Center,HYD_DS_09,Projected inventory (27) breached ROP (108). Target: 410.
81,20260629,DEL_DS_09,162,STAP_RICE_12,Staples,Inter-Store Misallocation / Impending Shortage,68,Redistribute Stock,108,9.5,"Avoids $14,801.60 lost sales; lifts DoC from 0.5 to 3.2d",DEL_DS_10,DEL_DS_09,Destination projected to breach safety stock within 9.5h (DoC: 0.5d). Source retains surplus stock above protection threshold (Post-transfer DoC: 12.8d). Distance is 2.1km within configured limit.
82,20260629,MUM_DS_06,218,HOUS_CLEA_08,Household,Inter-Store Misallocation / Impending Shortage,68,Redistribute Stock,12,9.5,Avoids $870.24 lost sales; lifts DoC from 0.5 to 2.7d,MUM_DS_10,MUM_DS_06,Destination projected to breach safety stock within 9.5h (DoC: 0.5d). Source retains surplus stock above protection threshold (Post-transfer DoC: 9.9d). Distance is 3.0km within configured limit.
83,20260629,DEL_DS_09,162,STAP_RICE_12,Staples,Stock Below Reorder Point,68,Scheduled Replenishment,12,9.5,"Protects $7,387.85 sales exposure; targets 309 units",Regional Distribution Center,DEL_DS_09,Projected inventory (21) breached ROP (189). Target: 309. Scaled down to respect dark store physical capacity buffer.
84,20260629,MUM_DS_06,218,HOUS_CLEA_08,Household,Stock Below Reorder Point,68,Scheduled Replenishment,48,9.5,Protects $409.01 sales exposure; targets 46 units,Regional Distribution Center,MUM_DS_06,Projected inventory (3) breached ROP (29). Target: 46.
85,20260629,DEL_DS_04,156,STAP_ATTA_06,Staples,Inter-Store Misallocation / Impending Shortage,66,Redistribute Stock,96,11.0,"Avoids $22,595.10 lost sales; lifts DoC from 0.6 to 3.5d",DEL_DS_06,DEL_DS_04,Destination projected to breach safety stock within 11.0h (DoC: 0.6d). Source retains surplus stock above protection threshold (Post-transfer DoC: 9.6d). Distance is 7.3km within configured limit.
86,20260629,DEL_DS_04,156,STAP_ATTA_06,Staples,Stock Below Reorder Point,66,Scheduled Replenishment,12,11.0,"Protects $11,297.55 sales exposure; targets 257 units",Regional Distribution Center,DEL_DS_04,Projected inventory (20) breached ROP (158). Target: 257. Scaled down to respect dark store physical capacity buffer.
87,20260629,HYD_DS_08,49,BEVE_ENER_19,Beverages,Inter-Store Misallocation / Impending Shortage,66,Redistribute Stock,168,12.8,"Avoids $5,245.20 lost sales; lifts DoC from 0.7 to 3.4d",HYD_DS_04,HYD_DS_08,Destination projected to breach safety stock within 12.8h (DoC: 0.7d). Source retains surplus stock above protection threshold (Post-transfer DoC: 4.6d). Distance is 1.3km within configured limit.
88,20260629,HYD_DS_08,49,BEVE_ENER_19,Beverages,Stock Below Reorder Point,66,Scheduled Replenishment,456,12.8,"Protects $2,622.60 sales exposure; targets 495 units",Regional Distribution Center,HYD_DS_08,Projected inventory (44) breached ROP (154). Target: 495.
89,20260629,MUM_DS_03,216,HOUS_DETE_06,Household,Inter-Store Misallocation / Impending Shortage,65,Redistribute Stock,24,9.5,"Avoids $4,789.98 lost sales; lifts DoC from 0.5 to 2.6d",MUM_DS_04,MUM_DS_03,Destination projected to breach safety stock within 9.5h (DoC: 0.5d). Source retains surplus stock above protection threshold (Post-transfer DoC: 5.9d). Distance is 0.9km within configured limit.
90,20260629,MUM_DS_03,216,HOUS_DETE_06,Household,Stock Below Reorder Point,65,Scheduled Replenishment,96,9.5,"Protects $2,365.83 sales exposure; targets 90 units",Regional Distribution Center,MUM_DS_03,Projected inventory (6) breached ROP (56). Target: 90.
91,20260629,BEN_DS_10,137,FRUI_EXOT_17,Fruits & Vegetables,Inter-Store Misallocation / Impending Shortage,65,Redistribute Stock,204,9.7,"Avoids $5,123.49 lost sales; lifts DoC from 0.5 to 2.6d",BEN_DS_04,BEN_DS_10,Destination projected to breach safety stock within 9.7h (DoC: 0.5d). Source retains surplus stock above protection threshold (Post-transfer DoC: 3.0d). Distance is 1.1km within configured limit.
92,20260629,BEN_DS_10,137,FRUI_EXOT_17,Fruits & Vegetables,Stock Below Reorder Point,65,Scheduled Replenishment,720,9.7,"Protects $2,558.18 sales exposure; targets 767 units",Regional Distribution Center,BEN_DS_10,Projected inventory (54) breached ROP (165). Target: 767.
93,20260629,DEL_DS_04,221,HOUS_DETE_11,Household,Inter-Store Misallocation / Impending Shortage,65,Redistribute Stock,16,10.6,"Avoids $2,934.40 lost sales; lifts DoC from 0.6 to 3.0d",DEL_DS_06,DEL_DS_04,Destination projected to breach safety stock within 10.6h (DoC: 0.6d). Source retains surplus stock above protection threshold (Post-transfer DoC: 7.4d). Distance is 7.3km within configured limit.
94,20260629,DEL_DS_04,221,HOUS_DETE_11,Household,Stock Below Reorder Point,65,Scheduled Replenishment,8,10.6,"Protects $1,423.18 sales exposure; targets 55 units",Regional Distribution Center,DEL_DS_04,Projected inventory (4) breached ROP (28). Target: 55. Scaled down to respect dark store physical capacity buffer.
95,20260629,MUM_DS_01,32,BEVE_COLD_02,Beverages,Inter-Store Misallocation / Impending Shortage,65,Redistribute Stock,152,14.4,"Avoids $15,466.00 lost sales; lifts DoC from 0.8 to 2.2d",MUM_DS_03,MUM_DS_01,Destination projected to breach safety stock within 14.4h (DoC: 0.8d). Source retains surplus stock above protection threshold (Post-transfer DoC: 2.8d). Distance is 8.8km within configured limit.
96,20260629,MUM_DS_01,32,BEVE_COLD_02,Beverages,Stock Below Reorder Point,65,Scheduled Replenishment,768,14.4,"Protects $11,192.50 sales exposure; targets 855 units",Regional Distribution Center,MUM_DS_01,Projected inventory (88) breached ROP (140). Target: 855.
97,20260629,DEL_DS_04,274,PET _PET _04,Pet Care,Inter-Store Misallocation / Impending Shortage,64,Redistribute Stock,24,9.5,"Avoids $4,144.47 lost sales; lifts DoC from 0.5 to 3.1d",DEL_DS_06,DEL_DS_04,Destination projected to breach safety stock within 9.5h (DoC: 0.5d). Source retains surplus stock above protection threshold (Post-transfer DoC: 12.7d). Distance is 7.3km within configured limit.
98,20260629,DEL_DS_04,274,PET _PET _04,Pet Care,Stock Below Reorder Point,64,Scheduled Replenishment,12,9.5,"Protects $2,041.70 sales exposure; targets 74 units",Regional Distribution Center,DEL_DS_04,Projected inventory (5) breached ROP (46). Target: 74. Scaled down to respect dark store physical capacity buffer.
99,20260629,MUM_DS_01,116,PACK_NOOD_26,Packaged Foods,Inter-Store Misallocation / Impending Shortage,63,Redistribute Stock,48,9.7,"Avoids $4,174.08 lost sales; lifts DoC from 0.5 to 1.7d",MUM_DS_09,MUM_DS_01,Destination projected to breach safety stock within 9.7h (DoC: 0.5d). Source retains surplus stock above protection threshold (Post-transfer DoC: 2.9d). Distance is 7.2km within configured limit.
100,20260629,MUM_DS_01,116,PACK_NOOD_26,Packaged Foods,Stock Below Reorder Point,63,Scheduled Replenishment,296,9.7,"Protects $3,559.27 sales exposure; targets 311 units",Regional Distribution Center,MUM_DS_01,Projected inventory (22) breached ROP (65). Target: 311.
101,20260629,MUM_DS_03,73,SNAC_NAMK_13,Snacks,Inter-Store Misallocation / Impending Shortage,63,Redistribute Stock,264,10.4,"Avoids $16,951.92 lost sales; lifts DoC from 0.6 to 3.5d",MUM_DS_06,MUM_DS_03,Destination projected to breach safety stock within 10.4h (DoC: 0.6d). Source retains surplus stock above protection threshold (Post-transfer DoC: 7.3d). Distance is 3.8km within configured limit.
102,20260629,MUM_DS_03,73,SNAC_NAMK_13,Snacks,Stock Below Reorder Point,63,Scheduled Replenishment,672,10.4,"Protects $8,469.51 sales exposure; targets 703 units",Regional Distribution Center,MUM_DS_03,Projected inventory (53) breached ROP (335). Target: 703.
103,20260629,MUM_DS_03,61,SNAC_CHIP_01,Snacks,Inter-Store Misallocation / Impending Shortage,63,Redistribute Stock,216,13.9,"Avoids $3,666.06 lost sales; lifts DoC from 0.8 to 3.4d",MUM_DS_06,MUM_DS_03,Destination projected to breach safety stock within 13.9h (DoC: 0.8d). Source retains surplus stock above protection threshold (Post-transfer DoC: 8.2d). Distance is 3.8km within configured limit.
104,20260629,MUM_DS_03,61,SNAC_CHIP_01,Snacks,Stock Below Reorder Point,63,Scheduled Replenishment,576,13.9,"Protects $1,826.47 sales exposure; targets 620 units",Regional Distribution Center,MUM_DS_03,Projected inventory (62) breached ROP (298). Target: 620.
105,20260629,BEN_DS_09,75,SNAC_NUTS_15,Snacks,Inter-Store Misallocation / Impending Shortage,63,Redistribute Stock,96,17.3,"Avoids $7,216.44 lost sales; lifts DoC from 1.0 to 3.3d",BEN_DS_08,BEN_DS_09,Destination projected to breach safety stock within 17.3h (DoC: 1.0d). Source retains surplus stock above protection threshold (Post-transfer DoC: 8.4d). Distance is 2.2km within configured limit.
106,20260629,BEN_DS_09,75,SNAC_NUTS_15,Snacks,Stock Below Reorder Point,63,Scheduled Replenishment,312,17.3,"Protects $3,583.31 sales exposure; targets 347 units",Regional Distribution Center,BEN_DS_09,Projected inventory (40) breached ROP (181). Target: 347.
107,20260629,DEL_DS_06,135,FRUI_CUT _15,Fruits & Vegetables,Inter-Store Misallocation / Impending Shortage,62,Redistribute Stock,216,11.3,"Avoids $16,915.02 lost sales; lifts DoC from 0.6 to 3.5d",DEL_DS_05,DEL_DS_06,Destination projected to breach safety stock within 11.3h (DoC: 0.6d). Source retains surplus stock above protection threshold (Post-transfer DoC: 3.3d). Distance is 4.7km within configured limit.
108,20260629,DEL_DS_06,135,FRUI_CUT _15,Fruits & Vegetables,Stock Below Reorder Point,62,Scheduled Replenishment,532,11.3,"Protects $8,417.18 sales exposure; targets 578 units",Regional Distribution Center,DEL_DS_06,Projected inventory (47) breached ROP (278). Target: 578.
109,20260629,MUM_DS_02,139,FRUI_SEAS_19,Fruits & Vegetables,Inter-Store Misallocation / Impending Shortage,62,Redistribute Stock,272,11.7,"Avoids $15,849.60 lost sales; lifts DoC from 0.7 to 3.5d",MUM_DS_04,MUM_DS_02,Destination projected to breach safety stock within 11.7h (DoC: 0.7d). Source retains surplus stock above protection threshold (Post-transfer DoC: 6.6d). Distance is 6.5km within configured limit.
110,20260629,MUM_DS_02,139,FRUI_SEAS_19,Fruits & Vegetables,Stock Below Reorder Point,62,Scheduled Replenishment,680,11.7,"Protects $7,907.46 sales exposure; targets 738 units",Regional Distribution Center,MUM_DS_02,Projected inventory (62) breached ROP (355). Target: 738.
111,20260629,BEN_DS_10,136,FRUI_FRES_16,Fruits & Vegetables,Inter-Store Misallocation / Impending Shortage,61,Redistribute Stock,36,6.8,"Avoids $3,765.96 lost sales; lifts DoC from 0.4 to 1.4d",BEN_DS_04,BEN_DS_10,Destination projected to breach safety stock within 6.8h (DoC: 0.4d). Source retains surplus stock above protection threshold (Post-transfer DoC: 3.0d). Distance is 1.1km within configured limit.
112,20260629,BEN_DS_10,136,FRUI_FRES_16,Fruits & Vegetables,Stock Below Reorder Point,61,Scheduled Replenishment,260,6.8,"Protects $3,885.22 sales exposure; targets 273 units",Regional Distribution Center,BEN_DS_10,Projected inventory (14) breached ROP (51). Target: 273.
113,20260629,BEN_DS_01,66,SNAC_CHIP_06,Snacks,Inter-Store Misallocation / Impending Shortage,61,Redistribute Stock,160,7.2,"Avoids $5,921.10 lost sales; lifts DoC from 0.4 to 2.9d",BEN_DS_04,BEN_DS_01,Destination projected to breach safety stock within 7.2h (DoC: 0.4d). Source retains surplus stock above protection threshold (Post-transfer DoC: 2.9d). Distance is 1.3km within configured limit.
114,20260629,BEN_DS_01,66,SNAC_CHIP_06,Snacks,Stock Below Reorder Point,61,Scheduled Replenishment,448,7.2,"Protects $2,950.91 sales exposure; targets 470 units",Regional Distribution Center,BEN_DS_01,Projected inventory (26) breached ROP (52). Target: 470.
115,20260629,MUM_DS_09,29,DAIR_CHEE_29,Dairy,Inter-Store Misallocation / Impending Shortage,61,Redistribute Stock,80,8.1,"Avoids $18,356.00 lost sales; lifts DoC from 0.5 to 2.0d",MUM_DS_07,MUM_DS_09,Destination projected to breach safety stock within 8.1h (DoC: 0.5d). Source retains surplus stock above protection threshold (Post-transfer DoC: 3.0d). Distance is 16.7km within configured limit.
116,20260629,MUM_DS_09,29,DAIR_CHEE_29,Dairy,Stock Below Reorder Point,61,Scheduled Replenishment,360,8.1,"Protects $11,635.41 sales exposure; targets 377 units",Regional Distribution Center,MUM_DS_09,Projected inventory (23) breached ROP (73). Target: 377.
117,20260629,MUM_DS_03,51,BEVE_JUIC_21,Beverages,Inter-Store Misallocation / Impending Shortage,61,Redistribute Stock,152,9.9,"Avoids $8,662.50 lost sales; lifts DoC from 0.6 to 3.5d",MUM_DS_04,MUM_DS_03,Destination projected to breach safety stock within 9.9h (DoC: 0.6d). Source retains surplus stock above protection threshold (Post-transfer DoC: 4.2d). Distance is 0.9km within configured limit.
118,20260629,MUM_DS_03,51,BEVE_JUIC_21,Beverages,Stock Below Reorder Point,61,Scheduled Replenishment,368,9.9,"Protects $4,325.48 sales exposure; targets 397 units",Regional Distribution Center,MUM_DS_03,Projected inventory (29) breached ROP (134). Target: 397.
119,20260629,HYD_DS_08,272,PET _CAT _02,Pet Care,Inter-Store Misallocation / Impending Shortage,61,Redistribute Stock,12,19.4,"Avoids $5,693.40 lost sales; lifts DoC from 1.1 to 3.7d",HYD_DS_04,HYD_DS_08,Destination projected to breach safety stock within 19.4h (DoC: 1.1d). Source retains surplus stock above protection threshold (Post-transfer DoC: 11.4d). Distance is 1.3km within configured limit.
120,20260629,HYD_DS_08,272,PET _CAT _02,Pet Care,Stock Below Reorder Point,61,Scheduled Replenishment,42,19.4,"Protects $2,641.74 sales exposure; targets 43 units",Regional Distribution Center,HYD_DS_08,Projected inventory (5) breached ROP (24). Target: 43.
121,20260629,DEL_DS_04,11,DAIR_MILK_11,Dairy,Inter-Store Misallocation / Impending Shortage,61,Redistribute Stock,152,21.8,"Avoids $28,584.36 lost sales; lifts DoC from 1.2 to 3.5d",DEL_DS_03,DEL_DS_04,Destination projected to breach safety stock within 21.8h (DoC: 1.2d). Source retains surplus stock above protection threshold (Post-transfer DoC: 9.3d). Distance is 9.4km within configured limit.
122,20260629,DEL_DS_04,11,DAIR_MILK_11,Dairy,Stock Below Reorder Point,61,Scheduled Replenishment,8,21.8,"Protects $14,247.05 sales exposure; targets 577 units",Regional Distribution Center,DEL_DS_04,Projected inventory (80) breached ROP (311). Target: 577. Scaled down to respect dark store physical capacity buffer.
123,20260629,BEN_DS_04,250,BABY_BABY_10,Baby Care,Inter-Store Misallocation / Impending Shortage,61,Redistribute Stock,48,24.7,"Avoids $9,795.36 lost sales; lifts DoC from 1.4 to 3.2d",BEN_DS_10,BEN_DS_04,Destination projected to breach safety stock within 24.7h (DoC: 1.4d). Source retains surplus stock above protection threshold (Post-transfer DoC: 12.5d). Distance is 1.1km within configured limit.
124,20260629,BEN_DS_04,250,BABY_BABY_10,Baby Care,Stock Below Reorder Point,61,Scheduled Replenishment,216,24.7,Protects $0.00 sales exposure; targets 243 units,Regional Distribution Center,BEN_DS_04,Projected inventory (36) breached ROP (164). Target: 243.
125,20260629,MUM_DS_08,266,BABY_BABY_26,Baby Care,Inter-Store Misallocation / Impending Shortage,60,Redistribute Stock,24,10.8,"Avoids $2,547.12 lost sales; lifts DoC from 0.6 to 2.0d",MUM_DS_07,MUM_DS_08,Destination projected to breach safety stock within 10.8h (DoC: 0.6d). Source retains surplus stock above protection threshold (Post-transfer DoC: 3.9d). Distance is 1.7km within configured limit.
126,20260629,MUM_DS_08,266,BABY_BABY_26,Baby Care,Stock Below Reorder Point,60,Scheduled Replenishment,120,10.8,"Protects $1,758.57 sales exposure; targets 126 units",Regional Distribution Center,MUM_DS_08,Projected inventory (10) breached ROP (44). Target: 126.
127,20260629,MUM_DS_09,51,BEVE_JUIC_21,Beverages,Inter-Store Misallocation / Impending Shortage,60,Redistribute Stock,156,11.0,"Avoids $8,992.50 lost sales; lifts DoC from 0.6 to 3.5d",MUM_DS_05,MUM_DS_09,Destination projected to breach safety stock within 11.0h (DoC: 0.6d). Source retains surplus stock above protection threshold (Post-transfer DoC: 3.5d). Distance is 4.5km within configured limit.
128,20260629,MUM_DS_09,51,BEVE_JUIC_21,Beverages,Stock Below Reorder Point,60,Scheduled Replenishment,380,11.0,"Protects $4,472.32 sales exposure; targets 413 units",Regional Distribution Center,MUM_DS_09,Projected inventory (33) breached ROP (142). Target: 413.
129,20260629,MUM_DS_01,289,PET _PET _19,Pet Care,Inter-Store Misallocation / Impending Shortage,60,Redistribute Stock,24,12.1,"Avoids $8,623.08 lost sales; lifts DoC from 0.7 to 3.3d",MUM_DS_09,MUM_DS_01,Destination projected to breach safety stock within 12.1h (DoC: 0.7d). Source retains surplus stock above protection threshold (Post-transfer DoC: 4.8d). Distance is 7.2km within configured limit.
130,20260629,MUM_DS_01,289,PET _PET _19,Pet Care,Stock Below Reorder Point,60,Scheduled Replenishment,96,12.1,"Protects $4,311.54 sales exposure; targets 71 units",Regional Distribution Center,MUM_DS_01,Projected inventory (6) breached ROP (44). Target: 71.
131,20260629,BEN_DS_04,198,PERS_ORAL_18,Personal Care,Inter-Store Misallocation / Impending Shortage,59,Redistribute Stock,24,9.4,"Avoids $1,191.86 lost sales; lifts DoC from 0.5 to 2.6d",BEN_DS_09,BEN_DS_04,Destination projected to breach safety stock within 9.4h (DoC: 0.5d). Source retains surplus stock above protection threshold (Post-transfer DoC: 3.2d). Distance is 3.2km within configured limit.
132,20260629,BEN_DS_04,198,PERS_ORAL_18,Personal Care,Stock Below Reorder Point,59,Scheduled Replenishment,84,9.4,Protects $592.30 sales exposure; targets 88 units,Regional Distribution Center,BEN_DS_04,Projected inventory (6) breached ROP (19). Target: 88.
133,20260629,BEN_DS_03,173,STAP_DALS_23,Staples,Inter-Store Misallocation / Impending Shortage,59,Redistribute Stock,48,14.9,"Avoids $2,900.52 lost sales; lifts DoC from 0.8 to 3.2d",BEN_DS_02,BEN_DS_03,Destination projected to breach safety stock within 14.9h (DoC: 0.8d). Source retains surplus stock above protection threshold (Post-transfer DoC: 3.3d). Distance is 4.8km within configured limit.
134,20260629,BEN_DS_03,173,STAP_DALS_23,Staples,Stock Below Reorder Point,59,Scheduled Replenishment,168,14.9,"Protects $1,420.56 sales exposure; targets 162 units",Regional Distribution Center,BEN_DS_03,Projected inventory (17) breached ROP (101). Target: 162.
135,20260629,DEL_DS_09,36,BEVE_JUIC_06,Beverages,Inter-Store Misallocation / Impending Shortage,59,Redistribute Stock,72,16.4,"Avoids $7,008.48 lost sales; lifts DoC from 0.9 to 2.3d",DEL_DS_03,DEL_DS_09,Destination projected to breach safety stock within 16.4h (DoC: 0.9d). Source retains surplus stock above protection threshold (Post-transfer DoC: 3.0d). Distance is 1.7km within configured limit.
136,20260629,DEL_DS_04,39,BEVE_ENER_09,Beverages,Inter-Store Misallocation / Impending Shortage,58,Redistribute Stock,48,29.5,"Avoids $4,583.52 lost sales; lifts DoC from 1.6 to 2.4d",DEL_DS_06,DEL_DS_04,Destination projected to breach safety stock within 29.5h (DoC: 1.6d). Source retains surplus stock above protection threshold (Post-transfer DoC: 3.2d). Distance is 7.3km within configured limit.
137,20260629,MUM_DS_01,187,PERS_HAIR_07,Personal Care,Inter-Store Misallocation / Impending Shortage,57,Redistribute Stock,12,12.6,"Avoids $4,094.52 lost sales; lifts DoC from 0.7 to 2.4d",MUM_DS_08,MUM_DS_01,Destination projected to breach safety stock within 12.6h (DoC: 0.7d). Source retains surplus stock above protection threshold (Post-transfer DoC: 6.4d). Distance is 8.1km within configured limit.
138,20260629,MUM_DS_01,187,PERS_HAIR_07,Personal Care,Stock Below Reorder Point,57,Scheduled Replenishment,60,12.6,"Protects $2,436.24 sales exposure; targets 56 units",Regional Distribution Center,MUM_DS_01,Projected inventory (5) breached ROP (28). Target: 56.
139,20260629,BEN_DS_09,129,FRUI_SEAS_09,Fruits & Vegetables,Inter-Store Misallocation / Impending Shortage,56,Redistribute Stock,72,10.8,"Avoids $5,292.72 lost sales; lifts DoC from 0.6 to 2.4d",BEN_DS_06,BEN_DS_09,Destination projected to breach safety stock within 10.8h (DoC: 0.6d). Source retains surplus stock above protection threshold (Post-transfer DoC: 3.1d). Distance is 2.2km within configured limit.
140,20260629,BEN_DS_09,129,FRUI_SEAS_09,Fruits & Vegetables,Stock Below Reorder Point,56,Scheduled Replenishment,276,10.8,"Protects $2,935.25 sales exposure; targets 296 units",Regional Distribution Center,BEN_DS_09,Projected inventory (24) breached ROP (56). Target: 296.
141,20260629,MUM_DS_01,121,FRUI_FRES_01,Fruits & Vegetables,Inter-Store Misallocation / Impending Shortage,56,Redistribute Stock,192,12.6,"Avoids $3,807.02 lost sales; lifts DoC from 0.7 to 3.4d",MUM_DS_08,MUM_DS_01,Destination projected to breach safety stock within 12.6h (DoC: 0.7d). Source retains surplus stock above protection threshold (Post-transfer DoC: 5.0d). Distance is 8.1km within configured limit.
142,20260629,MUM_DS_01,121,FRUI_FRES_01,Fruits & Vegetables,Stock Below Reorder Point,56,Scheduled Replenishment,488,12.6,"Protects $1,901.63 sales exposure; targets 532 units",Regional Distribution Center,MUM_DS_01,Projected inventory (50) breached ROP (142). Target: 532.
143,20260629,BEN_DS_03,256,BABY_BABY_16,Baby Care,Inter-Store Misallocation / Impending Shortage,56,Redistribute Stock,72,22.1,"Avoids $31,815.36 lost sales; lifts DoC from 1.2 to 3.2d",BEN_DS_02,BEN_DS_03,Destination projected to breach safety stock within 22.1h (DoC: 1.2d). Source retains surplus stock above protection threshold (Post-transfer DoC: 5.8d). Distance is 4.8km within configured limit.
144,20260629,BEN_DS_03,256,BABY_BABY_16,Baby Care,Stock Below Reorder Point,56,Scheduled Replenishment,264,22.1,"Protects $15,779.53 sales exposure; targets 299 units",Regional Distribution Center,BEN_DS_03,Projected inventory (44) breached ROP (157). Target: 299.
145,20260629,MUM_DS_05,121,FRUI_FRES_01,Fruits & Vegetables,Inter-Store Misallocation / Impending Shortage,56,Redistribute Stock,160,27.4,"Avoids $4,289.60 lost sales; lifts DoC from 1.5 to 3.4d",MUM_DS_03,MUM_DS_05,Destination projected to breach safety stock within 27.4h (DoC: 1.5d). Source retains surplus stock above protection threshold (Post-transfer DoC: 5.4d). Distance is 12.0km within configured limit.
146,20260629,MUM_DS_05,121,FRUI_FRES_01,Fruits & Vegetables,Stock Below Reorder Point,56,Scheduled Replenishment,576,27.4,Protects $0.00 sales exposure; targets 700 units,Regional Distribution Center,MUM_DS_05,Projected inventory (127) breached ROP (242). Target: 700.
147,20260629,HYD_DS_10,214,HOUS_DISP_04,Household,Inter-Store Misallocation / Impending Shortage,54,Redistribute Stock,24,14.9,"Avoids $4,760.14 lost sales; lifts DoC from 0.8 to 3.0d",HYD_DS_07,HYD_DS_10,Destination projected to breach safety stock within 14.9h (DoC: 0.8d). Source retains surplus stock above protection threshold (Post-transfer DoC: 10.0d). Distance is 6.0km within configured limit.
148,20260629,HYD_DS_10,214,HOUS_DISP_04,Household,Stock Below Reorder Point,54,Scheduled Replenishment,80,14.9,"Protects $2,349.78 sales exposure; targets 87 units",Regional Distribution Center,HYD_DS_10,Projected inventory (9) breached ROP (43). Target: 87.
149,20260629,MUM_DS_03,250,BABY_BABY_10,Baby Care,Inter-Store Misallocation / Impending Shortage,54,Redistribute Stock,72,15.5,"Avoids $11,427.92 lost sales; lifts DoC from 0.9 to 3.4d",MUM_DS_04,MUM_DS_03,Destination projected to breach safety stock within 15.5h (DoC: 0.9d). Source retains surplus stock above protection threshold (Post-transfer DoC: 8.6d). Distance is 0.9km within configured limit.
150,20260629,MUM_DS_03,250,BABY_BABY_10,Baby Care,Stock Below Reorder Point,54,Scheduled Replenishment,204,15.5,"Protects $5,713.96 sales exposure; targets 217 units",Regional Distribution Center,MUM_DS_03,Projected inventory (24) breached ROP (133). Target: 217.
151,20260629,BEN_DS_02,199,PERS_SKIN_19,Personal Care,Inter-Store Misallocation / Impending Shortage,54,Redistribute Stock,8,17.3,"Avoids $2,012.16 lost sales; lifts DoC from 1.0 to 2.5d",BEN_DS_08,BEN_DS_02,Destination projected to breach safety stock within 17.3h (DoC: 1.0d). Source retains surplus stock above protection threshold (Post-transfer DoC: 21.7d). Distance is 6.7km within configured limit.
152,20260629,BEN_DS_02,199,PERS_SKIN_19,Personal Care,Stock Below Reorder Point,54,Scheduled Replenishment,40,17.3,"Protects $1,310.42 sales exposure; targets 43 units",Regional Distribution Center,BEN_DS_02,Projected inventory (5) breached ROP (27). Target: 43.
153,20260629,BEN_DS_07,73,SNAC_NAMK_13,Snacks,Inter-Store Misallocation / Impending Shortage,54,Redistribute Stock,96,29.9,"Avoids $8,844.48 lost sales; lifts DoC from 1.7 to 2.6d",BEN_DS_05,BEN_DS_07,Destination projected to breach safety stock within 29.9h (DoC: 1.7d). Source retains surplus stock above protection threshold (Post-transfer DoC: 3.4d). Distance is 3.8km within configured limit.
154,20260629,BEN_DS_07,73,SNAC_NAMK_13,Snacks,Stock Below Reorder Point,54,Scheduled Replenishment,768,29.9,Protects $0.00 sales exposure; targets 922 units,Regional Distribution Center,BEN_DS_07,Projected inventory (167) breached ROP (519). Target: 922.
155,20260629,HYD_DS_10,141,FRUI_FRES_21,Fruits & Vegetables,Inter-Store Misallocation / Impending Shortage,53,Redistribute Stock,176,9.9,"Avoids $2,358.29 lost sales; lifts DoC from 0.6 to 3.5d",HYD_DS_08,HYD_DS_10,Destination projected to breach safety stock within 9.9h (DoC: 0.6d). Source retains surplus stock above protection threshold (Post-transfer DoC: 6.3d). Distance is 6.8km within configured limit.
156,20260629,HYD_DS_10,141,FRUI_FRES_21,Fruits & Vegetables,Stock Below Reorder Point,53,Scheduled Replenishment,416,9.9,"Protects $1,176.42 sales exposure; targets 448 units",Regional Distribution Center,HYD_DS_10,Projected inventory (33) breached ROP (86). Target: 448.
157,20260629,DEL_DS_06,219,HOUS_DISP_09,Household,Inter-Store Misallocation / Impending Shortage,53,Redistribute Stock,24,12.8,"Avoids $5,911.20 lost sales; lifts DoC from 0.7 to 2.4d",DEL_DS_02,DEL_DS_06,Destination projected to breach safety stock within 12.8h (DoC: 0.7d). Source retains surplus stock above protection threshold (Post-transfer DoC: 7.5d). Distance is 5.1km within configured limit.
158,20260629,DEL_DS_06,219,HOUS_DISP_09,Household,Stock Below Reorder Point,53,Scheduled Replenishment,120,12.8,"Protects $3,465.44 sales exposure; targets 109 units",Regional Distribution Center,DEL_DS_06,Projected inventory (10) breached ROP (53). Target: 109.
159,20260629,MUM_DS_05,286,PET _PET _16,Pet Care,Stock Below Reorder Point,53,Scheduled Replenishment,72,17.5,"Protects $3,750.57 sales exposure; targets 67 units",Regional Distribution Center,MUM_DS_05,Projected inventory (8) breached ROP (42). Target: 67.
160,20260629,DEL_DS_02,273,PET _PET _03,Pet Care,Inter-Store Misallocation / Impending Shortage,53,Redistribute Stock,8,18.7,"Avoids $2,051.12 lost sales; lifts DoC from 1.0 to 2.7d",DEL_DS_01,DEL_DS_02,Destination projected to breach safety stock within 18.7h (DoC: 1.0d). Source retains surplus stock above protection threshold (Post-transfer DoC: 10.1d). Distance is 1.2km within configured limit.
161,20260629,MUM_DS_07,114,PACK_BREA_24,Packaged Foods,Inter-Store Misallocation / Impending Shortage,52,Redistribute Stock,48,28.6,"Avoids $2,813.76 lost sales; lifts DoC from 1.6 to 3.4d",MUM_DS_08,MUM_DS_07,Destination projected to breach safety stock within 28.6h (DoC: 1.6d). Source retains surplus stock above protection threshold (Post-transfer DoC: 3.3d). Distance is 1.7km within configured limit.
162,20260629,HYD_DS_10,290,PET _PET _20,Pet Care,Inter-Store Misallocation / Impending Shortage,51,Redistribute Stock,8,15.3,"Avoids $1,921.60 lost sales; lifts DoC from 0.8 to 2.5d",HYD_DS_07,HYD_DS_10,Destination projected to breach safety stock within 15.3h (DoC: 0.8d). Source retains surplus stock above protection threshold (Post-transfer DoC: 6.2d). Distance is 6.0km within configured limit.
163,20260629,HYD_DS_10,290,PET _PET _20,Pet Care,Stock Below Reorder Point,51,Scheduled Replenishment,40,15.3,"Protects $1,131.34 sales exposure; targets 37 units",Regional Distribution Center,HYD_DS_10,Projected inventory (4) breached ROP (14). Target: 37.
164,20260629,DEL_DS_07,10,DAIR_PANE_10,Dairy,Inter-Store Misallocation / Impending Shortage,50,Redistribute Stock,104,9.0,"Avoids $10,836.80 lost sales; lifts DoC from 0.5 to 2.2d",DEL_DS_01,DEL_DS_07,Destination projected to breach safety stock within 9.0h (DoC: 0.5d). Source retains surplus stock above protection threshold (Post-transfer DoC: 3.0d). Distance is 6.6km within configured limit.
165,20260629,DEL_DS_07,10,DAIR_PANE_10,Dairy,Stock Below Reorder Point,50,Scheduled Replenishment,416,9.0,"Protects $6,296.81 sales exposure; targets 441 units",Regional Distribution Center,DEL_DS_07,Projected inventory (30) breached ROP (48). Target: 441.
166,20260629,BEN_DS_03,27,DAIR_CURD_27,Dairy,Inter-Store Misallocation / Impending Shortage,50,Redistribute Stock,156,15.8,"Avoids $12,502.93 lost sales; lifts DoC from 0.9 to 3.5d",BEN_DS_08,BEN_DS_03,Destination projected to breach safety stock within 15.8h (DoC: 0.9d). Source retains surplus stock above protection threshold (Post-transfer DoC: 8.2d). Distance is 9.4km within configured limit.
167,20260629,BEN_DS_03,27,DAIR_CURD_27,Dairy,Stock Below Reorder Point,50,Scheduled Replenishment,412,15.8,"Protects $6,237.00 sales exposure; targets 464 units",Regional Distribution Center,BEN_DS_03,Projected inventory (53) breached ROP (223). Target: 464.
168,20260629,BEN_DS_10,220,HOUS_REPE_10,Household,Inter-Store Misallocation / Impending Shortage,50,Redistribute Stock,12,16.9,"Avoids $3,073.56 lost sales; lifts DoC from 0.9 to 2.6d",BEN_DS_01,BEN_DS_10,Destination projected to breach safety stock within 16.9h (DoC: 0.9d). Source retains surplus stock above protection threshold (Post-transfer DoC: 5.9d). Distance is 2.4km within configured limit.
169,20260629,BEN_DS_10,220,HOUS_REPE_10,Household,Stock Below Reorder Point,50,Scheduled Replenishment,60,16.9,"Protects $1,903.05 sales exposure; targets 60 units",Regional Distribution Center,BEN_DS_10,Projected inventory (7) breached ROP (30). Target: 60.
170,20260629,MUM_DS_06,207,PERS_HAIR_27,Personal Care,Inter-Store Misallocation / Impending Shortage,50,Redistribute Stock,12,17.3,"Avoids $1,762.31 lost sales; lifts DoC from 1.0 to 3.3d",MUM_DS_10,MUM_DS_06,Destination projected to breach safety stock within 17.3h (DoC: 1.0d). Source retains surplus stock above protection threshold (Post-transfer DoC: 4.4d). Distance is 3.0km within configured limit.
171,20260629,MUM_DS_06,207,PERS_HAIR_27,Personal Care,Stock Below Reorder Point,50,Scheduled Replenishment,42,17.3,Protects $834.69 sales exposure; targets 42 units,Regional Distribution Center,MUM_DS_06,Projected inventory (5) breached ROP (21). Target: 42.
172,20260629,HYD_DS_09,274,PET _PET _04,Pet Care,Inter-Store Misallocation / Impending Shortage,50,Redistribute Stock,12,18.4,"Avoids $2,617.56 lost sales; lifts DoC from 1.0 to 2.4d",HYD_DS_04,HYD_DS_09,Destination projected to breach safety stock within 18.4h (DoC: 1.0d). Source retains surplus stock above protection threshold (Post-transfer DoC: 20.8d). Distance is 2.2km within configured limit.
173,20260629,HYD_DS_09,274,PET _PET _04,Pet Care,Stock Below Reorder Point,50,Scheduled Replenishment,72,18.4,"Protects $1,932.63 sales exposure; targets 72 units",Regional Distribution Center,HYD_DS_09,Projected inventory (9) breached ROP (45). Target: 72.
174,20260629,DEL_DS_09,259,BABY_BABY_19,Baby Care,Inter-Store Misallocation / Impending Shortage,50,Redistribute Stock,36,25.0,"Avoids $13,025.88 lost sales; lifts DoC from 1.4 to 3.1d",DEL_DS_03,DEL_DS_09,Destination projected to breach safety stock within 25.0h (DoC: 1.4d). Source retains surplus stock above protection threshold (Post-transfer DoC: 8.2d). Distance is 1.7km within configured limit.
175,20260629,MUM_DS_06,189,PERS_SKIN_09,Personal Care,Inter-Store Misallocation / Impending Shortage,49,Redistribute Stock,24,13.0,"Avoids $2,865.34 lost sales; lifts DoC from 0.7 to 2.9d",MUM_DS_10,MUM_DS_06,Destination projected to breach safety stock within 13.0h (DoC: 0.7d). Source retains surplus stock above protection threshold (Post-transfer DoC: 3.5d). Distance is 3.0km within configured limit.
176,20260629,MUM_DS_06,189,PERS_SKIN_09,Personal Care,Stock Below Reorder Point,49,Scheduled Replenishment,78,13.0,"Protects $1,379.10 sales exposure; targets 85 units",Regional Distribution Center,MUM_DS_06,Projected inventory (8) breached ROP (30). Target: 85.
177,20260629,MUM_DS_02,249,BABY_DIAP_09,Baby Care,Inter-Store Misallocation / Impending Shortage,49,Redistribute Stock,24,13.3,"Avoids $12,005.28 lost sales; lifts DoC from 0.7 to 1.6d",MUM_DS_03,MUM_DS_02,Destination projected to breach safety stock within 13.3h (DoC: 0.7d). Source retains surplus stock above protection threshold (Post-transfer DoC: 3.1d). Distance is 5.8km within configured limit.
178,20260629,MUM_DS_02,249,BABY_DIAP_09,Baby Care,Stock Below Reorder Point,49,Scheduled Replenishment,200,13.3,"Protects $14,151.22 sales exposure; targets 214 units",Regional Distribution Center,MUM_DS_02,Projected inventory (21) breached ROP (72). Target: 214.
179,20260629,HYD_DS_04,213,HOUS_CLEA_03,Household,Inter-Store Misallocation / Impending Shortage,49,Redistribute Stock,6,24.5,"Avoids $1,460.04 lost sales; lifts DoC from 1.4 to 2.5d",HYD_DS_08,HYD_DS_04,Destination projected to breach safety stock within 24.5h (DoC: 1.4d). Source retains surplus stock above protection threshold (Post-transfer DoC: 11.1d). Distance is 1.3km within configured limit.
180,20260629,HYD_DS_04,213,HOUS_CLEA_03,Household,Stock Below Reorder Point,49,Scheduled Replenishment,42,24.5,Protects $0.00 sales exposure; targets 44 units,Regional Distribution Center,HYD_DS_04,Projected inventory (7) breached ROP (24). Target: 44.
181,20260629,BEN_DS_06,149,FRUI_SEAS_29,Fruits & Vegetables,Inter-Store Misallocation / Impending Shortage,48,Redistribute Stock,120,13.3,"Avoids $9,566.16 lost sales; lifts DoC from 0.7 to 3.4d",BEN_DS_09,BEN_DS_06,Destination projected to breach safety stock within 13.3h (DoC: 0.7d). Source retains surplus stock above protection threshold (Post-transfer DoC: 4.3d). Distance is 2.2km within configured limit.
182,20260629,BEN_DS_06,149,FRUI_SEAS_29,Fruits & Vegetables,Stock Below Reorder Point,48,Scheduled Replenishment,312,13.3,"Protects $4,768.52 sales exposure; targets 346 units",Regional Distribution Center,BEN_DS_06,Projected inventory (34) breached ROP (93). Target: 346.
183,20260629,BEN_DS_07,275,PET _DOG _05,Pet Care,Inter-Store Misallocation / Impending Shortage,48,Redistribute Stock,24,14.6,"Avoids $7,194.20 lost sales; lifts DoC from 0.8 to 3.2d",BEN_DS_05,BEN_DS_07,Destination projected to breach safety stock within 14.6h (DoC: 0.8d). Source retains surplus stock above protection threshold (Post-transfer DoC: 5.8d). Distance is 3.8km within configured limit.
184,20260629,BEN_DS_07,275,PET _DOG _05,Pet Care,Stock Below Reorder Point,48,Scheduled Replenishment,72,14.6,"Protects $3,546.74 sales exposure; targets 77 units",Regional Distribution Center,BEN_DS_07,Projected inventory (8) breached ROP (37). Target: 77.
185,20260629,DEL_DS_02,59,BEVE_ENER_29,Beverages,Inter-Store Misallocation / Impending Shortage,48,Redistribute Stock,120,14.9,"Avoids $4,392.90 lost sales; lifts DoC from 0.8 to 3.5d",DEL_DS_08,DEL_DS_02,Destination projected to breach safety stock within 14.9h (DoC: 0.8d). Source retains surplus stock above protection threshold (Post-transfer DoC: 10.9d). Distance is 0.7km within configured limit.
186,20260629,DEL_DS_09,158,STAP_DALS_08,Staples,Inter-Store Misallocation / Impending Shortage,48,Redistribute Stock,84,16.7,"Avoids $4,385.15 lost sales; lifts DoC from 0.9 to 3.4d",DEL_DS_03,DEL_DS_09,Destination projected to breach safety stock within 16.7h (DoC: 0.9d). Source retains surplus stock above protection threshold (Post-transfer DoC: 7.1d). Distance is 1.7km within configured limit.
187,20260629,MUM_DS_08,252,BABY_BABY_12,Baby Care,Inter-Store Misallocation / Impending Shortage,48,Redistribute Stock,80,19.1,"Avoids $40,197.99 lost sales; lifts DoC from 1.1 to 3.5d",MUM_DS_07,MUM_DS_08,Destination projected to breach safety stock within 19.1h (DoC: 1.1d). Source retains surplus stock above protection threshold (Post-transfer DoC: 22.2d). Distance is 1.7km within configured limit.
188,20260629,MUM_DS_08,252,BABY_BABY_12,Baby Care,Stock Below Reorder Point,48,Scheduled Replenishment,224,19.1,"Protects $19,883.01 sales exposure; targets 259 units",Regional Distribution Center,MUM_DS_08,Projected inventory (35) breached ROP (160). Target: 259.
189,20260629,MUM_DS_08,224,HOUS_DISP_14,Household,Inter-Store Misallocation / Impending Shortage,48,Redistribute Stock,24,29.9,"Avoids $3,147.36 lost sales; lifts DoC from 1.7 to 3.6d",MUM_DS_07,MUM_DS_08,Destination projected to breach safety stock within 29.9h (DoC: 1.7d). Source retains surplus stock above protection threshold (Post-transfer DoC: 6.8d). Distance is 1.7km within configured limit.
190,20260629,MUM_DS_08,224,HOUS_DISP_14,Household,Stock Below Reorder Point,48,Scheduled Replenishment,96,29.9,Protects $0.00 sales exposure; targets 116 units,Regional Distribution Center,MUM_DS_08,Projected inventory (21) breached ROP (65). Target: 116.
191,20260629,DEL_DS_09,30,DAIR_PANE_30,Dairy,Inter-Store Misallocation / Impending Shortage,47,Redistribute Stock,48,32.2,"Avoids $7,965.60 lost sales; lifts DoC from 1.8 to 2.3d",DEL_DS_03,DEL_DS_09,Destination projected to breach safety stock within 32.2h (DoC: 1.8d). Source retains surplus stock above protection threshold (Post-transfer DoC: 3.2d). Distance is 1.7km within configured limit.
192,20260629,MUM_DS_06,4,DAIR_CHEE_04,Dairy,Inter-Store Misallocation / Impending Shortage,46,Redistribute Stock,176,18.4,"Avoids $10,792.34 lost sales; lifts DoC from 1.0 to 3.1d",MUM_DS_10,MUM_DS_06,Destination projected to breach safety stock within 18.4h (DoC: 1.0d). Source retains surplus stock above protection threshold (Post-transfer DoC: 3.2d). Distance is 3.0km within configured limit.
193,20260629,MUM_DS_06,4,DAIR_CHEE_04,Dairy,Stock Below Reorder Point,46,Scheduled Replenishment,556,18.4,"Protects $5,391.70 sales exposure; targets 642 units",Regional Distribution Center,MUM_DS_06,Projected inventory (86) breached ROP (219). Target: 642.
194,20260629,MUM_DS_03,26,DAIR_MILK_26,Dairy,Inter-Store Misallocation / Impending Shortage,45,Redistribute Stock,126,17.3,"Avoids $8,055.63 lost sales; lifts DoC from 1.0 to 3.4d",MUM_DS_04,MUM_DS_03,Destination projected to breach safety stock within 17.3h (DoC: 1.0d). Source retains surplus stock above protection threshold (Post-transfer DoC: 11.6d). Distance is 0.9km within configured limit.
195,20260629,MUM_DS_03,26,DAIR_MILK_26,Dairy,Stock Below Reorder Point,45,Scheduled Replenishment,348,17.3,"Protects $3,994.18 sales exposure; targets 392 units",Regional Distribution Center,MUM_DS_03,Projected inventory (49) breached ROP (188). Target: 392.
196,20260629,MUM_DS_02,268,BABY_BABY_28,Baby Care,Inter-Store Misallocation / Impending Shortage,45,Redistribute Stock,32,18.7,"Avoids $4,137.28 lost sales; lifts DoC from 1.0 to 2.4d",MUM_DS_03,MUM_DS_02,Destination projected to breach safety stock within 18.7h (DoC: 1.0d). Source retains surplus stock above protection threshold (Post-transfer DoC: 3.1d). Distance is 5.8km within configured limit.
197,20260629,MUM_DS_02,268,BABY_BABY_28,Baby Care,Stock Below Reorder Point,45,Scheduled Replenishment,160,18.7,"Protects $2,973.67 sales exposure; targets 178 units",Regional Distribution Center,MUM_DS_02,Projected inventory (24) breached ROP (63). Target: 178.
198,20260629,DEL_DS_06,126,FRUI_FRES_06,Fruits & Vegetables,Inter-Store Misallocation / Impending Shortage,45,Redistribute Stock,160,21.1,"Avoids $8,987.74 lost sales; lifts DoC from 1.2 to 3.5d",DEL_DS_05,DEL_DS_06,Destination projected to breach safety stock within 21.1h (DoC: 1.2d). Source retains surplus stock above protection threshold (Post-transfer DoC: 15.4d). Distance is 4.7km within configured limit.
199,20260629,DEL_DS_06,126,FRUI_FRES_06,Fruits & Vegetables,Stock Below Reorder Point,45,Scheduled Replenishment,456,21.1,"Protects $4,484.82 sales exposure; targets 535 units",Regional Distribution Center,DEL_DS_06,Projected inventory (81) breached ROP (258). Target: 535.
200,20260629,MUM_DS_02,234,HOUS_DISP_24,Household,Inter-Store Misallocation / Impending Shortage,44,Redistribute Stock,24,17.1,"Avoids $1,206.70 lost sales; lifts DoC from 0.9 to 3.2d",MUM_DS_03,MUM_DS_02,Destination projected to breach safety stock within 17.1h (DoC: 0.9d). Source retains surplus stock above protection threshold (Post-transfer DoC: 4.0d). Distance is 5.8km within configured limit.
201,20260629,MUM_DS_02,234,HOUS_DISP_24,Household,Stock Below Reorder Point,44,Scheduled Replenishment,72,17.1,Protects $579.76 sales exposure; targets 82 units,Regional Distribution Center,MUM_DS_02,Projected inventory (10) breached ROP (40). Target: 82.
202,20260629,DEL_DS_10,254,BABY_BABY_14,Baby Care,Inter-Store Misallocation / Impending Shortage,44,Redistribute Stock,24,17.3,"Avoids $4,263.84 lost sales; lifts DoC from 1.0 to 2.5d",DEL_DS_03,DEL_DS_10,Destination projected to breach safety stock within 17.3h (DoC: 1.0d). Source retains surplus stock above protection threshold (Post-transfer DoC: 9.0d). Distance is 3.2km within configured limit.
203,20260629,MUM_DS_09,140,FRUI_CUT _20,Fruits & Vegetables,Inter-Store Misallocation / Impending Shortage,44,Redistribute Stock,80,22.3,"Avoids $4,367.20 lost sales; lifts DoC from 1.2 to 2.8d",MUM_DS_05,MUM_DS_09,Destination projected to breach safety stock within 22.3h (DoC: 1.2d). Source retains surplus stock above protection threshold (Post-transfer DoC: 3.0d). Distance is 4.5km within configured limit.
204,20260629,MUM_DS_09,140,FRUI_CUT _20,Fruits & Vegetables,Stock Below Reorder Point,44,Scheduled Replenishment,360,22.3,"Protects $2,897.09 sales exposure; targets 420 units",Regional Distribution Center,MUM_DS_09,Projected inventory (66) breached ROP (102). Target: 420.
205,20260629,BEN_DS_09,34,BEVE_ENER_04,Beverages,Inter-Store Misallocation / Impending Shortage,43,Redistribute Stock,72,10.6,"Avoids $4,492.80 lost sales; lifts DoC from 0.6 to 1.9d",BEN_DS_08,BEN_DS_09,Destination projected to breach safety stock within 10.6h (DoC: 0.6d). Source retains surplus stock above protection threshold (Post-transfer DoC: 2.8d). Distance is 2.2km within configured limit.
206,20260629,BEN_DS_09,34,BEVE_ENER_04,Beverages,Stock Below Reorder Point,43,Scheduled Replenishment,366,10.6,"Protects $3,387.70 sales exposure; targets 397 units",Regional Distribution Center,BEN_DS_09,Projected inventory (32) breached ROP (44). Target: 397.
207,20260629,BEN_DS_03,66,SNAC_CHIP_06,Snacks,Inter-Store Misallocation / Impending Shortage,43,Redistribute Stock,96,11.0,"Avoids $4,406.40 lost sales; lifts DoC from 0.6 to 2.1d",BEN_DS_07,BEN_DS_03,Destination projected to breach safety stock within 11.0h (DoC: 0.6d). Source retains surplus stock above protection threshold (Post-transfer DoC: 3.1d). Distance is 7.2km within configured limit.
208,20260629,BEN_DS_03,66,SNAC_CHIP_06,Snacks,Stock Below Reorder Point,43,Scheduled Replenishment,432,11.0,"Protects $2,927.96 sales exposure; targets 464 units",Regional Distribution Center,BEN_DS_03,Projected inventory (39) breached ROP (49). Target: 464.
209,20260629,MUM_DS_09,239,HOUS_DISP_29,Household,Inter-Store Misallocation / Impending Shortage,43,Redistribute Stock,6,15.5,Avoids $769.14 lost sales; lifts DoC from 0.9 to 2.2d,MUM_DS_01,MUM_DS_09,Destination projected to breach safety stock within 15.5h (DoC: 0.9d). Source retains surplus stock above protection threshold (Post-transfer DoC: 3.8d). Distance is 7.2km within configured limit.
210,20260629,MUM_DS_09,239,HOUS_DISP_29,Household,Stock Below Reorder Point,43,Scheduled Replenishment,36,15.5,Protects $594.80 sales exposure; targets 36 units,Regional Distribution Center,MUM_DS_09,Projected inventory (4) breached ROP (8). Target: 36.
211,20260629,BEN_DS_03,212,HOUS_DISH_02,Household,Stock Below Reorder Point,43,Scheduled Replenishment,48,16.2,"Protects $1,315.36 sales exposure; targets 69 units",Regional Distribution Center,BEN_DS_03,Projected inventory (8) breached ROP (24). Target: 69. Scaled down to respect dark store physical capacity buffer.
212,20260629,BEN_DS_01,282,PET _PET _12,Pet Care,Stock Below Reorder Point,43,Scheduled Replenishment,48,22.9,"Protects $2,081.31 sales exposure; targets 45 units",Regional Distribution Center,BEN_DS_01,Projected inventory (7) breached ROP (23). Target: 45.
213,20260629,HYD_DS_04,263,BABY_BABY_23,Baby Care,Inter-Store Misallocation / Impending Shortage,43,Redistribute Stock,36,32.2,"Avoids $13,989.60 lost sales; lifts DoC from 1.8 to 3.4d",HYD_DS_08,HYD_DS_04,Destination projected to breach safety stock within 32.2h (DoC: 1.8d). Source retains surplus stock above protection threshold (Post-transfer DoC: 8.7d). Distance is 1.3km within configured limit.
214,20260629,HYD_DS_04,263,BABY_BABY_23,Baby Care,Stock Below Reorder Point,43,Scheduled Replenishment,152,32.2,Protects $0.00 sales exposure; targets 192 units,Regional Distribution Center,HYD_DS_04,Projected inventory (40) breached ROP (80). Target: 192.
215,20260629,MUM_DS_06,125,FRUI_CUT _05,Fruits & Vegetables,Inter-Store Misallocation / Impending Shortage,42,Redistribute Stock,104,14.6,"Avoids $4,154.12 lost sales; lifts DoC from 0.8 to 3.4d",MUM_DS_10,MUM_DS_06,Destination projected to breach safety stock within 14.6h (DoC: 0.8d). Source retains surplus stock above protection threshold (Post-transfer DoC: 3.2d). Distance is 3.0km within configured limit.
216,20260629,MUM_DS_06,125,FRUI_CUT _05,Fruits & Vegetables,Stock Below Reorder Point,42,Scheduled Replenishment,272,14.6,"Protects $2,055.28 sales exposure; targets 301 units",Regional Distribution Center,MUM_DS_06,Projected inventory (33) breached ROP (58). Target: 301.
217,20260629,DEL_DS_06,177,STAP_RICE_27,Staples,Inter-Store Misallocation / Impending Shortage,42,Redistribute Stock,68,17.1,"Avoids $6,496.86 lost sales; lifts DoC from 0.9 to 3.4d",DEL_DS_05,DEL_DS_06,Destination projected to breach safety stock within 17.1h (DoC: 0.9d). Source retains surplus stock above protection threshold (Post-transfer DoC: 3.2d). Distance is 4.7km within configured limit.
218,20260629,DEL_DS_06,177,STAP_RICE_27,Staples,Stock Below Reorder Point,42,Scheduled Replenishment,192,17.1,"Protects $3,232.47 sales exposure; targets 216 units",Regional Distribution Center,DEL_DS_06,Projected inventory (27) breached ROP (74). Target: 216.
219,20260629,MUM_DS_05,233,HOUS_CLEA_23,Household,Inter-Store Misallocation / Impending Shortage,42,Redistribute Stock,30,18.4,"Avoids $4,210.18 lost sales; lifts DoC from 1.0 to 3.4d",MUM_DS_09,MUM_DS_05,Destination projected to breach safety stock within 18.4h (DoC: 1.0d). Source retains surplus stock above protection threshold (Post-transfer DoC: 8.7d). Distance is 4.5km within configured limit.
220,20260629,MUM_DS_05,233,HOUS_CLEA_23,Household,Stock Below Reorder Point,42,Scheduled Replenishment,90,18.4,"Protects $2,071.08 sales exposure; targets 100 units",Regional Distribution Center,MUM_DS_05,Projected inventory (13) breached ROP (62). Target: 100.
221,20260629,HYD_DS_10,19,DAIR_CHEE_19,Dairy,Inter-Store Misallocation / Impending Shortage,42,Redistribute Stock,192,18.7,"Avoids $30,506.28 lost sales; lifts DoC from 1.0 to 3.4d",HYD_DS_07,HYD_DS_10,Destination projected to breach safety stock within 18.7h (DoC: 1.0d). Source retains surplus stock above protection threshold (Post-transfer DoC: 4.4d). Distance is 6.0km within configured limit.
222,20260629,HYD_DS_10,19,DAIR_CHEE_19,Dairy,Stock Below Reorder Point,42,Scheduled Replenishment,552,18.7,"Protects $15,184.93 sales exposure; targets 615 units",Regional Distribution Center,HYD_DS_10,Projected inventory (83) breached ROP (295). Target: 615.
223,20260629,DEL_DS_06,102,PACK_PAST_12,Packaged Foods,Inter-Store Misallocation / Impending Shortage,42,Redistribute Stock,60,22.9,"Avoids $6,181.80 lost sales; lifts DoC from 1.3 to 2.7d",DEL_DS_05,DEL_DS_06,Destination projected to breach safety stock within 22.9h (DoC: 1.3d). Source retains surplus stock above protection threshold (Post-transfer DoC: 3.1d). Distance is 4.7km within configured limit.
224,20260629,DEL_DS_06,102,PACK_PAST_12,Packaged Foods,Stock Below Reorder Point,42,Scheduled Replenishment,288,22.9,"Protects $4,460.17 sales exposure; targets 343 units",Regional Distribution Center,DEL_DS_06,Projected inventory (55) breached ROP (83). Target: 343.
225,20260629,DEL_DS_08,28,DAIR_BUTT_28,Dairy,Inter-Store Misallocation / Impending Shortage,42,Redistribute Stock,72,31.0,"Avoids $2,820.24 lost sales; lifts DoC from 1.7 to 3.2d",DEL_DS_01,DEL_DS_08,Destination projected to breach safety stock within 31.0h (DoC: 1.7d). Source retains surplus stock above protection threshold (Post-transfer DoC: 6.7d). Distance is 1.2km within configured limit.
226,20260629,DEL_DS_08,28,DAIR_BUTT_28,Dairy,Stock Below Reorder Point,42,Scheduled Replenishment,336,31.0,Protects $0.00 sales exposure; targets 407 units,Regional Distribution Center,DEL_DS_08,Projected inventory (83) breached ROP (165). Target: 407.
227,20260629,BEN_DS_06,75,SNAC_NUTS_15,Snacks,Stock Below Reorder Point,42,Scheduled Replenishment,264,39.2,Protects $0.00 sales exposure; targets 335 units,Regional Distribution Center,BEN_DS_06,Projected inventory (80) breached ROP (188). Target: 335.
228,20260629,DEL_DS_06,99,PACK_BREA_09,Packaged Foods,Inter-Store Misallocation / Impending Shortage,41,Redistribute Stock,36,14.4,"Avoids $5,631.12 lost sales; lifts DoC from 0.8 to 2.7d",DEL_DS_05,DEL_DS_06,Destination projected to breach safety stock within 14.4h (DoC: 0.8d). Source retains surplus stock above protection threshold (Post-transfer DoC: 3.0d). Distance is 4.7km within configured limit.
229,20260629,MUM_DS_09,215,HOUS_REPE_05,Household,Inter-Store Misallocation / Impending Shortage,41,Redistribute Stock,32,14.4,"Avoids $1,730.75 lost sales; lifts DoC from 0.8 to 3.4d",MUM_DS_01,MUM_DS_09,Destination projected to breach safety stock within 14.4h (DoC: 0.8d). Source retains surplus stock above protection threshold (Post-transfer DoC: 5.5d). Distance is 7.2km within configured limit.
230,20260629,DEL_DS_06,99,PACK_BREA_09,Packaged Foods,Stock Below Reorder Point,41,Scheduled Replenishment,128,14.4,"Protects $2,950.08 sales exposure; targets 142 units",Regional Distribution Center,DEL_DS_06,Projected inventory (15) breached ROP (28). Target: 142.
231,20260629,MUM_DS_09,215,HOUS_REPE_05,Household,Stock Below Reorder Point,41,Scheduled Replenishment,88,14.4,Protects $865.38 sales exposure; targets 95 units,Regional Distribution Center,MUM_DS_09,Projected inventory (10) breached ROP (32). Target: 95.
232,20260629,MUM_DS_06,205,PERS_SANI_25,Personal Care,Stock Below Reorder Point,41,Scheduled Replenishment,36,18.0,Protects $522.52 sales exposure; targets 31 units,Regional Distribution Center,MUM_DS_06,Projected inventory (4) breached ROP (11). Target: 31.
233,20260629,MUM_DS_02,16,DAIR_MILK_16,Dairy,Inter-Store Misallocation / Impending Shortage,41,Redistribute Stock,132,18.5,"Avoids $15,570.27 lost sales; lifts DoC from 1.0 to 3.4d",MUM_DS_04,MUM_DS_02,Destination projected to breach safety stock within 18.5h (DoC: 1.0d). Source retains surplus stock above protection threshold (Post-transfer DoC: 12.6d). Distance is 6.5km within configured limit.
234,20260629,MUM_DS_02,16,DAIR_MILK_16,Dairy,Stock Below Reorder Point,41,Scheduled Replenishment,384,18.5,"Protects $7,775.49 sales exposure; targets 433 units",Regional Distribution Center,MUM_DS_02,Projected inventory (58) breached ROP (207). Target: 433.
235,20260629,MUM_DS_09,143,FRUI_DAIL_23,Fruits & Vegetables,Inter-Store Misallocation / Impending Shortage,41,Redistribute Stock,240,19.4,"Avoids $10,149.30 lost sales; lifts DoC from 1.1 to 3.4d",MUM_DS_05,MUM_DS_09,Destination projected to breach safety stock within 19.4h (DoC: 1.1d). Source retains surplus stock above protection threshold (Post-transfer DoC: 4.6d). Distance is 4.5km within configured limit.
236,20260629,MUM_DS_09,143,FRUI_DAIL_23,Fruits & Vegetables,Stock Below Reorder Point,41,Scheduled Replenishment,696,19.4,"Protects $5,053.87 sales exposure; targets 805 units",Regional Distribution Center,MUM_DS_09,Projected inventory (113) breached ROP (387). Target: 805.
237,20260629,BEN_DS_07,146,FRUI_FRES_26,Fruits & Vegetables,Inter-Store Misallocation / Impending Shortage,40,Redistribute Stock,144,8.6,"Avoids $3,506.00 lost sales; lifts DoC from 0.5 to 3.4d",BEN_DS_05,BEN_DS_07,Destination projected to breach safety stock within 8.6h (DoC: 0.5d). Source retains surplus stock above protection threshold (Post-transfer DoC: 2.8d). Distance is 3.8km within configured limit.
238,20260629,BEN_DS_07,146,FRUI_FRES_26,Fruits & Vegetables,Stock Below Reorder Point,40,Scheduled Replenishment,360,8.6,"Protects $1,753.00 sales exposure; targets 363 units",Regional Distribution Center,BEN_DS_07,Projected inventory (24) breached ROP (38). Target: 363.
239,20260629,MUM_DS_02,18,DAIR_BUTT_18,Dairy,Inter-Store Misallocation / Impending Shortage,40,Redistribute Stock,132,14.2,"Avoids $19,714.28 lost sales; lifts DoC from 0.8 to 3.5d",MUM_DS_04,MUM_DS_02,Destination projected to breach safety stock within 14.2h (DoC: 0.8d). Source retains surplus stock above protection threshold (Post-transfer DoC: 4.6d). Distance is 6.5km within configured limit.
240,20260629,MUM_DS_02,18,DAIR_BUTT_18,Dairy,Stock Below Reorder Point,40,Scheduled Replenishment,324,14.2,"Protects $9,814.46 sales exposure; targets 361 units",Regional Distribution Center,MUM_DS_02,Projected inventory (38) breached ROP (95). Target: 361.
241,20260629,HYD_DS_02,237,HOUS_DISH_27,Household,Inter-Store Misallocation / Impending Shortage,40,Redistribute Stock,8,17.5,"Avoids $1,916.16 lost sales; lifts DoC from 1.0 to 2.1d",HYD_DS_06,HYD_DS_02,Destination projected to breach safety stock within 17.5h (DoC: 1.0d). Source retains surplus stock above protection threshold (Post-transfer DoC: 2.9d). Distance is 5.2km within configured limit.
242,20260629,HYD_DS_09,294,PET _PET _24,Pet Care,Inter-Store Misallocation / Impending Shortage,40,Redistribute Stock,8,22.9,Avoids $617.12 lost sales; lifts DoC from 1.3 to 3.3d,HYD_DS_08,HYD_DS_09,Destination projected to breach safety stock within 22.9h (DoC: 1.3d). Source retains surplus stock above protection threshold (Post-transfer DoC: 10.9d). Distance is 1.6km within configured limit.
243,20260629,HYD_DS_09,294,PET _PET _24,Pet Care,Stock Below Reorder Point,40,Scheduled Replenishment,32,22.9,Protects $303.16 sales exposure; targets 32 units,Regional Distribution Center,HYD_DS_09,Projected inventory (5) breached ROP (16). Target: 32.
244,20260629,DEL_DS_02,130,FRUI_CUT _10,Fruits & Vegetables,Inter-Store Misallocation / Impending Shortage,39,Redistribute Stock,136,17.3,"Avoids $6,280.48 lost sales; lifts DoC from 1.0 to 2.9d",DEL_DS_05,DEL_DS_02,Destination projected to breach safety stock within 17.3h (DoC: 1.0d). Source retains surplus stock above protection threshold (Post-transfer DoC: 3.0d). Distance is 1.7km within configured limit.
245,20260629,MUM_DS_02,189,PERS_SKIN_09,Personal Care,Inter-Store Misallocation / Impending Shortage,39,Redistribute Stock,30,24.8,"Avoids $3,612.82 lost sales; lifts DoC from 1.4 to 3.5d",MUM_DS_04,MUM_DS_02,Destination projected to breach safety stock within 24.8h (DoC: 1.4d). Source retains surplus stock above protection threshold (Post-transfer DoC: 3.2d). Distance is 6.5km within configured limit.
246,20260629,MUM_DS_02,189,PERS_SKIN_09,Personal Care,Stock Below Reorder Point,39,Scheduled Replenishment,102,24.8,Protects $0.00 sales exposure; targets 118 units,Regional Distribution Center,MUM_DS_02,Projected inventory (20) breached ROP (45). Target: 118.
247,20260629,DEL_DS_09,295,PET _DOG _25,Pet Care,Inter-Store Misallocation / Impending Shortage,38,Redistribute Stock,24,12.4,"Avoids $3,674.16 lost sales; lifts DoC from 0.7 to 2.8d",DEL_DS_03,DEL_DS_09,Destination projected to breach safety stock within 12.4h (DoC: 0.7d). Source retains surplus stock above protection threshold (Post-transfer DoC: 4.7d). Distance is 1.7km within configured limit.
248,20260629,BEN_DS_02,259,BABY_BABY_19,Baby Care,Inter-Store Misallocation / Impending Shortage,38,Redistribute Stock,24,18.9,"Avoids $8,683.92 lost sales; lifts DoC from 1.1 to 2.5d",BEN_DS_03,BEN_DS_02,Destination projected to breach safety stock within 18.9h (DoC: 1.1d). Source retains surplus stock above protection threshold (Post-transfer DoC: 3.5d). Distance is 4.8km within configured limit.
249,20260629,BEN_DS_02,259,BABY_BABY_19,Baby Care,Stock Below Reorder Point,38,Scheduled Replenishment,108,18.9,"Protects $5,865.26 sales exposure; targets 124 units",Regional Distribution Center,BEN_DS_02,Projected inventory (17) breached ROP (43). Target: 124.
250,20260629,MUM_DS_02,121,FRUI_FRES_01,Fruits & Vegetables,Inter-Store Misallocation / Impending Shortage,38,Redistribute Stock,184,20.0,"Avoids $4,396.84 lost sales; lifts DoC from 1.1 to 3.4d",MUM_DS_03,MUM_DS_02,Destination projected to breach safety stock within 20.0h (DoC: 1.1d). Source retains surplus stock above protection threshold (Post-transfer DoC: 3.0d). Distance is 5.8km within configured limit.
251,20260629,MUM_DS_02,121,FRUI_FRES_01,Fruits & Vegetables,Stock Below Reorder Point,38,Scheduled Replenishment,520,20.0,"Protects $2,192.79 sales exposure; targets 609 units",Regional Distribution Center,MUM_DS_02,Projected inventory (91) breached ROP (159). Target: 609.
252,20260629,BEN_DS_08,276,PET _CAT _06,Pet Care,Inter-Store Misallocation / Impending Shortage,38,Redistribute Stock,12,23.2,"Avoids $5,036.16 lost sales; lifts DoC from 1.3 to 3.2d",BEN_DS_09,BEN_DS_08,Destination projected to breach safety stock within 23.2h (DoC: 1.3d). Source retains surplus stock above protection threshold (Post-transfer DoC: 3.7d). Distance is 2.2km within configured limit.
253,20260629,BEN_DS_08,276,PET _CAT _06,Pet Care,Stock Below Reorder Point,38,Scheduled Replenishment,48,23.2,"Protects $2,606.21 sales exposure; targets 50 units",Regional Distribution Center,BEN_DS_08,Projected inventory (8) breached ROP (31). Target: 50.
254,20260629,BEN_DS_07,101,PACK_NOOD_11,Packaged Foods,Inter-Store Misallocation / Impending Shortage,38,Redistribute Stock,84,29.5,"Avoids $10,998.12 lost sales; lifts DoC from 1.6 to 3.5d",BEN_DS_05,BEN_DS_07,Destination projected to breach safety stock within 29.5h (DoC: 1.6d). Source retains surplus stock above protection threshold (Post-transfer DoC: 7.1d). Distance is 3.8km within configured limit.
255,20260629,BEN_DS_07,101,PACK_NOOD_11,Packaged Foods,Stock Below Reorder Point,38,Scheduled Replenishment,300,29.5,Protects $0.00 sales exposure; targets 374 units,Regional Distribution Center,BEN_DS_07,Projected inventory (75) breached ROP (144). Target: 374.
256,20260629,DEL_DS_09,12,DAIR_CURD_12,Dairy,Inter-Store Misallocation / Impending Shortage,38,Redistribute Stock,168,31.9,"Avoids $24,124.80 lost sales; lifts DoC from 1.8 to 3.5d",DEL_DS_03,DEL_DS_09,Destination projected to breach safety stock within 31.9h (DoC: 1.8d). Source retains surplus stock above protection threshold (Post-transfer DoC: 4.4d). Distance is 1.7km within configured limit.
257,20260629,BEN_DS_05,90,SNAC_NUTS_30,Snacks,Inter-Store Misallocation / Impending Shortage,37,Redistribute Stock,126,20.3,"Avoids $19,537.10 lost sales; lifts DoC from 1.1 to 3.4d",BEN_DS_04,BEN_DS_05,Destination projected to breach safety stock within 20.3h (DoC: 1.1d). Source retains surplus stock above protection threshold (Post-transfer DoC: 5.2d). Distance is 4.9km within configured limit.
258,20260629,BEN_DS_10,128,FRUI_DAIL_08,Fruits & Vegetables,Inter-Store Misallocation / Impending Shortage,37,Redistribute Stock,96,21.1,"Avoids $9,221.03 lost sales; lifts DoC from 1.2 to 3.3d",BEN_DS_01,BEN_DS_10,Destination projected to breach safety stock within 21.1h (DoC: 1.2d). Source retains surplus stock above protection threshold (Post-transfer DoC: 7.5d). Distance is 2.4km within configured limit.
259,20260629,BEN_DS_10,128,FRUI_DAIL_08,Fruits & Vegetables,Stock Below Reorder Point,37,Scheduled Replenishment,288,21.1,"Protects $4,574.04 sales exposure; targets 340 units",Regional Distribution Center,BEN_DS_10,Projected inventory (53) breached ROP (92). Target: 340.
260,20260629,HYD_DS_10,7,DAIR_CURD_07,Dairy,Inter-Store Misallocation / Impending Shortage,37,Redistribute Stock,72,26.3,"Avoids $11,159.28 lost sales; lifts DoC from 1.5 to 2.3d",HYD_DS_07,HYD_DS_10,Destination projected to breach safety stock within 26.3h (DoC: 1.5d). Source retains surplus stock above protection threshold (Post-transfer DoC: 3.2d). Distance is 6.0km within configured limit.
261,20260629,HYD_DS_10,7,DAIR_CURD_07,Dairy,Stock Below Reorder Point,37,Scheduled Replenishment,576,26.3,Protects $0.00 sales exposure; targets 698 units,Regional Distribution Center,HYD_DS_10,Projected inventory (131) breached ROP (160). Target: 698.
262,20260629,MUM_DS_03,189,PERS_SKIN_09,Personal Care,Inter-Store Misallocation / Impending Shortage,36,Redistribute Stock,30,16.9,"Avoids $2,989.92 lost sales; lifts DoC from 0.9 to 3.5d",MUM_DS_01,MUM_DS_03,Destination projected to breach safety stock within 16.9h (DoC: 0.9d). Source retains surplus stock above protection threshold (Post-transfer DoC: 4.5d). Distance is 8.8km within configured limit.
263,20260629,MUM_DS_03,189,PERS_SKIN_09,Personal Care,Stock Below Reorder Point,36,Scheduled Replenishment,78,16.9,"Protects $1,458.83 sales exposure; targets 89 units",Regional Distribution Center,MUM_DS_03,Projected inventory (11) breached ROP (31). Target: 89.
264,20260629,BEN_DS_10,248,BABY_BABY_08,Baby Care,Inter-Store Misallocation / Impending Shortage,36,Redistribute Stock,60,19.8,"Avoids $24,733.80 lost sales; lifts DoC from 1.1 to 3.4d",BEN_DS_04,BEN_DS_10,Destination projected to breach safety stock within 19.8h (DoC: 1.1d). Source retains surplus stock above protection threshold (Post-transfer DoC: 3.3d). Distance is 1.1km within configured limit.
265,20260629,BEN_DS_10,248,BABY_BABY_08,Baby Care,Stock Below Reorder Point,36,Scheduled Replenishment,168,19.8,"Protects $12,162.37 sales exposure; targets 195 units",Regional Distribution Center,BEN_DS_10,Projected inventory (28) breached ROP (68). Target: 195.
266,20260629,MUM_DS_02,1,DAIR_MILK_01,Dairy,Inter-Store Misallocation / Impending Shortage,36,Redistribute Stock,120,21.8,"Avoids $11,427.60 lost sales; lifts DoC from 1.2 to 2.5d",MUM_DS_03,MUM_DS_02,Destination projected to breach safety stock within 21.8h (DoC: 1.2d). Source retains surplus stock above protection threshold (Post-transfer DoC: 2.9d). Distance is 5.8km within configured limit.
267,20260629,MUM_DS_02,1,DAIR_MILK_01,Dairy,Stock Below Reorder Point,36,Scheduled Replenishment,592,21.8,"Protects $8,971.62 sales exposure; targets 700 units",Regional Distribution Center,MUM_DS_02,Projected inventory (114) breached ROP (135). Target: 700.
268,20260629,DEL_DS_02,38,BEVE_TEA _08,Beverages,Inter-Store Misallocation / Impending Shortage,36,Redistribute Stock,120,22.3,"Avoids $5,798.40 lost sales; lifts DoC from 1.2 to 3.1d",DEL_DS_08,DEL_DS_02,Destination projected to breach safety stock within 22.3h (DoC: 1.2d). Source retains surplus stock above protection threshold (Post-transfer DoC: 3.3d). Distance is 0.7km within configured limit.
269,20260629,MUM_DS_02,130,FRUI_CUT _10,Fruits & Vegetables,Inter-Store Misallocation / Impending Shortage,36,Redistribute Stock,112,23.0,"Avoids $5,172.16 lost sales; lifts DoC from 1.3 to 2.6d",MUM_DS_04,MUM_DS_02,Destination projected to breach safety stock within 23.0h (DoC: 1.3d). Source retains surplus stock above protection threshold (Post-transfer DoC: 2.9d). Distance is 6.5km within configured limit.
270,20260629,MUM_DS_02,130,FRUI_CUT _10,Fruits & Vegetables,Stock Below Reorder Point,36,Scheduled Replenishment,500,23.0,"Protects $3,777.06 sales exposure; targets 605 units",Regional Distribution Center,MUM_DS_02,Projected inventory (105) breached ROP (114). Target: 605.
271,20260629,MUM_DS_09,5,DAIR_PANE_05,Dairy,Inter-Store Misallocation / Impending Shortage,36,Redistribute Stock,104,23.2,"Avoids $9,127.70 lost sales; lifts DoC from 1.3 to 3.5d",MUM_DS_03,MUM_DS_09,Destination projected to breach safety stock within 23.2h (DoC: 1.3d). Source retains surplus stock above protection threshold (Post-transfer DoC: 4.3d). Distance is 13.8km within configured limit.
272,20260629,MUM_DS_09,5,DAIR_PANE_05,Dairy,Stock Below Reorder Point,36,Scheduled Replenishment,296,23.2,"Protects $4,529.97 sales exposure; targets 356 units",Regional Distribution Center,MUM_DS_09,Projected inventory (62) breached ROP (68). Target: 356.
273,20260629,MUM_DS_06,8,DAIR_BUTT_08,Dairy,Inter-Store Misallocation / Impending Shortage,36,Redistribute Stock,184,23.8,"Avoids $23,369.32 lost sales; lifts DoC from 1.3 to 3.5d",MUM_DS_10,MUM_DS_06,Destination projected to breach safety stock within 23.8h (DoC: 1.3d). Source retains surplus stock above protection threshold (Post-transfer DoC: 8.1d). Distance is 3.0km within configured limit.
274,20260629,MUM_DS_06,8,DAIR_BUTT_08,Dairy,Stock Below Reorder Point,36,Scheduled Replenishment,536,23.8,"Protects $11,634.88 sales exposure; targets 645 units",Regional Distribution Center,MUM_DS_06,Projected inventory (111) breached ROP (309). Target: 645.
275,20260629,MUM_DS_06,16,DAIR_MILK_16,Dairy,Inter-Store Misallocation / Impending Shortage,36,Redistribute Stock,84,35.1,"Avoids $11,574.36 lost sales; lifts DoC from 1.9 to 3.4d",MUM_DS_10,MUM_DS_06,Destination projected to breach safety stock within 35.1h (DoC: 1.9d). Source retains surplus stock above protection threshold (Post-transfer DoC: 13.4d). Distance is 3.0km within configured limit.
276,20260629,MUM_DS_06,16,DAIR_MILK_16,Dairy,Stock Below Reorder Point,36,Scheduled Replenishment,396,35.1,Protects $0.00 sales exposure; targets 502 units,Regional Distribution Center,MUM_DS_06,Projected inventory (116) breached ROP (264). Target: 502.
277,20260629,BEN_DS_01,131,FRUI_FRES_11,Fruits & Vegetables,Inter-Store Misallocation / Impending Shortage,35,Redistribute Stock,102,11.2,"Avoids $8,707.83 lost sales; lifts DoC from 0.6 to 3.0d",BEN_DS_09,BEN_DS_01,Destination projected to breach safety stock within 11.2h (DoC: 0.6d). Source retains surplus stock above protection threshold (Post-transfer DoC: 2.8d). Distance is 2.6km within configured limit.
278,20260629,BEN_DS_01,131,FRUI_FRES_11,Fruits & Vegetables,Stock Below Reorder Point,35,Scheduled Replenishment,294,11.2,"Protects $4,353.92 sales exposure; targets 317 units",Regional Distribution Center,BEN_DS_01,Projected inventory (27) breached ROP (34). Target: 317.
279,20260629,DEL_DS_07,159,STAP_EDIB_09,Staples,Inter-Store Misallocation / Impending Shortage,35,Redistribute Stock,32,20.0,"Avoids $17,929.92 lost sales; lifts DoC from 1.1 to 2.1d",DEL_DS_08,DEL_DS_07,Destination projected to breach safety stock within 20.0h (DoC: 1.1d). Source retains surplus stock above protection threshold (Post-transfer DoC: 3.1d). Distance is 6.0km within configured limit.
280,20260629,DEL_DS_07,159,STAP_EDIB_09,Staples,Stock Below Reorder Point,35,Scheduled Replenishment,220,20.0,"Protects $18,691.94 sales exposure; targets 255 units",Regional Distribution Center,DEL_DS_07,Projected inventory (37) breached ROP (88). Target: 255.
281,20260629,MUM_DS_01,262,BABY_BABY_22,Baby Care,Inter-Store Misallocation / Impending Shortage,35,Redistribute Stock,84,21.4,"Avoids $27,635.30 lost sales; lifts DoC from 1.2 to 3.5d",MUM_DS_08,MUM_DS_01,Destination projected to breach safety stock within 21.4h (DoC: 1.2d). Source retains surplus stock above protection threshold (Post-transfer DoC: 4.4d). Distance is 8.1km within configured limit.
282,20260629,MUM_DS_01,262,BABY_BABY_22,Baby Care,Stock Below Reorder Point,35,Scheduled Replenishment,240,21.4,"Protects $13,791.51 sales exposure; targets 284 units",Regional Distribution Center,MUM_DS_01,Projected inventory (44) breached ROP (99). Target: 284.
283,20260629,MUM_DS_02,6,DAIR_MILK_06,Dairy,Inter-Store Misallocation / Impending Shortage,35,Redistribute Stock,156,23.6,"Avoids $7,940.40 lost sales; lifts DoC from 1.3 to 2.8d",MUM_DS_06,MUM_DS_02,Destination projected to breach safety stock within 23.6h (DoC: 1.3d). Source retains surplus stock above protection threshold (Post-transfer DoC: 2.8d). Distance is 7.3km within configured limit.
284,20260629,HYD_DS_10,68,SNAC_NAMK_08,Snacks,Inter-Store Misallocation / Impending Shortage,35,Redistribute Stock,108,23.8,"Avoids $17,874.00 lost sales; lifts DoC from 1.3 to 3.5d",HYD_DS_07,HYD_DS_10,Destination projected to breach safety stock within 23.8h (DoC: 1.3d). Source retains surplus stock above protection threshold (Post-transfer DoC: 9.4d). Distance is 6.0km within configured limit.
285,20260629,HYD_DS_10,68,SNAC_NAMK_08,Snacks,Stock Below Reorder Point,35,Scheduled Replenishment,312,23.8,"Protects $8,937.00 sales exposure; targets 375 units",Regional Distribution Center,HYD_DS_10,Projected inventory (66) breached ROP (100). Target: 375.
286,20260629,MUM_DS_02,37,BEVE_COLD_07,Beverages,Inter-Store Misallocation / Impending Shortage,35,Redistribute Stock,76,23.9,"Avoids $7,112.84 lost sales; lifts DoC from 1.3 to 2.8d",MUM_DS_06,MUM_DS_02,Destination projected to breach safety stock within 23.9h (DoC: 1.3d). Source retains surplus stock above protection threshold (Post-transfer DoC: 2.9d). Distance is 7.3km within configured limit.
287,20260629,MUM_DS_01,69,SNAC_CHOC_09,Snacks,Inter-Store Misallocation / Impending Shortage,35,Redistribute Stock,72,24.1,"Avoids $3,586.32 lost sales; lifts DoC from 1.3 to 3.2d",MUM_DS_08,MUM_DS_01,Destination projected to breach safety stock within 24.1h (DoC: 1.3d). Source retains surplus stock above protection threshold (Post-transfer DoC: 3.1d). Distance is 8.1km within configured limit.
288,20260629,MUM_DS_01,69,SNAC_CHOC_09,Snacks,Stock Below Reorder Point,35,Scheduled Replenishment,240,24.1,Protects $0.00 sales exposure; targets 287 units,Regional Distribution Center,MUM_DS_01,Projected inventory (51) breached ROP (78). Target: 287.
289,20260629,MUM_DS_01,4,DAIR_CHEE_04,Dairy,Inter-Store Misallocation / Impending Shortage,35,Redistribute Stock,164,24.7,"Avoids $9,962.16 lost sales; lifts DoC from 1.4 to 3.5d",MUM_DS_08,MUM_DS_01,Destination projected to breach safety stock within 24.7h (DoC: 1.4d). Source retains surplus stock above protection threshold (Post-transfer DoC: 5.9d). Distance is 8.1km within configured limit.
290,20260629,MUM_DS_09,2,DAIR_CURD_02,Dairy,Inter-Store Misallocation / Impending Shortage,35,Redistribute Stock,76,24.7,"Avoids $3,587.20 lost sales; lifts DoC from 1.4 to 2.4d",MUM_DS_08,MUM_DS_09,Destination projected to breach safety stock within 24.7h (DoC: 1.4d). Source retains surplus stock above protection threshold (Post-transfer DoC: 2.9d). Distance is 15.1km within configured limit.
291,20260629,MUM_DS_01,4,DAIR_CHEE_04,Dairy,Stock Below Reorder Point,35,Scheduled Replenishment,484,24.7,Protects $0.00 sales exposure; targets 591 units,Regional Distribution Center,MUM_DS_01,Projected inventory (107) breached ROP (201). Target: 591.
292,20260629,MUM_DS_09,2,DAIR_CURD_02,Dairy,Stock Below Reorder Point,35,Scheduled Replenishment,488,24.7,Protects $0.00 sales exposure; targets 594 units,Regional Distribution Center,MUM_DS_09,Projected inventory (106) breached ROP (130). Target: 594.
293,20260629,BEN_DS_01,272,PET _CAT _02,Pet Care,Inter-Store Misallocation / Impending Shortage,35,Redistribute Stock,6,26.3,"Avoids $3,416.04 lost sales; lifts DoC from 1.5 to 2.7d",BEN_DS_09,BEN_DS_01,Destination projected to breach safety stock within 26.3h (DoC: 1.5d). Source retains surplus stock above protection threshold (Post-transfer DoC: 7.9d). Distance is 2.6km within configured limit.
294,20260629,BEN_DS_01,272,PET _CAT _02,Pet Care,Stock Below Reorder Point,35,Scheduled Replenishment,36,26.3,Protects $0.00 sales exposure; targets 39 units,Regional Distribution Center,BEN_DS_01,Projected inventory (7) breached ROP (20). Target: 39.
295,20260629,BEN_DS_02,282,PET _PET _12,Pet Care,Stock Below Reorder Point,35,Scheduled Replenishment,48,28.1,Protects $0.00 sales exposure; targets 42 units,Regional Distribution Center,BEN_DS_02,Projected inventory (8) breached ROP (22). Target: 42.
296,20260629,MUM_DS_08,261,BABY_DIAP_21,Baby Care,Stock Below Reorder Point,35,Scheduled Replenishment,128,45.4,Protects $0.00 sales exposure; targets 176 units,Regional Distribution Center,MUM_DS_08,Projected inventory (48) breached ROP (119). Target: 176.
297,20260629,MUM_DS_09,149,FRUI_SEAS_29,Fruits & Vegetables,Inter-Store Misallocation / Impending Shortage,34,Redistribute Stock,168,15.8,"Avoids $14,869.14 lost sales; lifts DoC from 0.9 to 3.2d",MUM_DS_05,MUM_DS_09,Destination projected to breach safety stock within 15.8h (DoC: 0.9d). Source retains surplus stock above protection threshold (Post-transfer DoC: 6.2d). Distance is 4.5km within configured limit.
298,20260629,MUM_DS_09,149,FRUI_SEAS_29,Fruits & Vegetables,Stock Below Reorder Point,34,Scheduled Replenishment,480,15.8,"Protects $7,434.57 sales exposure; targets 534 units",Regional Distribution Center,MUM_DS_09,Projected inventory (63) breached ROP (141). Target: 534.
299,20260629,MUM_DS_01,193,PERS_ORAL_13,Personal Care,Inter-Store Misallocation / Impending Shortage,34,Redistribute Stock,8,22.5,Avoids $995.28 lost sales; lifts DoC from 1.2 to 2.9d,MUM_DS_03,MUM_DS_01,Destination projected to breach safety stock within 22.5h (DoC: 1.2d). Source retains surplus stock above protection threshold (Post-transfer DoC: 3.5d). Distance is 8.8km within configured limit.
300,20260629,MUM_DS_01,193,PERS_ORAL_13,Personal Care,Stock Below Reorder Point,34,Scheduled Replenishment,32,22.5,Protects $595.92 sales exposure; targets 38 units,Regional Distribution Center,MUM_DS_01,Projected inventory (6) breached ROP (14). Target: 38.
301,20260629,MUM_DS_03,192,PERS_HAIR_12,Personal Care,Inter-Store Misallocation / Impending Shortage,34,Redistribute Stock,8,23.9,"Avoids $2,861.20 lost sales; lifts DoC from 1.3 to 2.5d",MUM_DS_04,MUM_DS_03,Destination projected to breach safety stock within 23.9h (DoC: 1.3d). Source retains surplus stock above protection threshold (Post-transfer DoC: 7.9d). Distance is 0.9km within configured limit.
302,20260629,MUM_DS_03,192,PERS_HAIR_12,Personal Care,Stock Below Reorder Point,34,Scheduled Replenishment,48,23.9,"Protects $2,428.44 sales exposure; targets 54 units",Regional Distribution Center,MUM_DS_03,Projected inventory (9) breached ROP (27). Target: 54.
303,20260629,MUM_DS_09,6,DAIR_MILK_06,Dairy,Inter-Store Misallocation / Impending Shortage,34,Redistribute Stock,222,25.2,"Avoids $10,841.70 lost sales; lifts DoC from 1.4 to 3.5d",MUM_DS_07,MUM_DS_09,Destination projected to breach safety stock within 25.2h (DoC: 1.4d). Source retains surplus stock above protection threshold (Post-transfer DoC: 3.3d). Distance is 16.7km within configured limit.
304,20260629,MUM_DS_10,36,BEVE_JUIC_06,Beverages,Inter-Store Misallocation / Impending Shortage,34,Redistribute Stock,72,25.4,"Avoids $6,813.80 lost sales; lifts DoC from 1.4 to 3.5d",MUM_DS_06,MUM_DS_10,Destination projected to breach safety stock within 25.4h (DoC: 1.4d). Source retains surplus stock above protection threshold (Post-transfer DoC: 3.6d). Distance is 3.0km within configured limit.
305,20260629,MUM_DS_10,36,BEVE_JUIC_06,Beverages,Stock Below Reorder Point,34,Scheduled Replenishment,12,25.4,Protects $0.00 sales exposure; targets 261 units,Regional Distribution Center,MUM_DS_10,Projected inventory (49) breached ROP (70). Target: 261. Scaled down to respect dark store physical capacity buffer.
306,20260629,MUM_DS_05,39,BEVE_ENER_09,Beverages,Inter-Store Misallocation / Impending Shortage,34,Redistribute Stock,96,25.6,"Avoids $9,167.04 lost sales; lifts DoC from 1.4 to 3.4d",MUM_DS_09,MUM_DS_05,Destination projected to breach safety stock within 25.6h (DoC: 1.4d). Source retains surplus stock above protection threshold (Post-transfer DoC: 3.7d). Distance is 4.5km within configured limit.
307,20260629,MUM_DS_09,32,BEVE_COLD_02,Beverages,Inter-Store Misallocation / Impending Shortage,34,Redistribute Stock,56,25.6,"Avoids $5,698.00 lost sales; lifts DoC from 1.4 to 1.9d",MUM_DS_04,MUM_DS_09,Destination projected to breach safety stock within 25.6h (DoC: 1.4d). Source retains surplus stock above protection threshold (Post-transfer DoC: 2.8d). Distance is 14.2km within configured limit.
308,20260629,MUM_DS_05,39,BEVE_ENER_09,Beverages,Stock Below Reorder Point,34,Scheduled Replenishment,304,25.6,Protects $0.00 sales exposure; targets 367 units,Regional Distribution Center,MUM_DS_05,Projected inventory (69) breached ROP (124). Target: 367.
309,20260629,BEN_DS_08,40,BEVE_WATE_10,Beverages,Inter-Store Misallocation / Impending Shortage,34,Redistribute Stock,136,25.9,"Avoids $17,957.48 lost sales; lifts DoC from 1.4 to 3.5d",BEN_DS_09,BEN_DS_08,Destination projected to breach safety stock within 25.9h (DoC: 1.4d). Source retains surplus stock above protection threshold (Post-transfer DoC: 6.2d). Distance is 2.2km within configured limit.
310,20260629,MUM_DS_02,32,BEVE_COLD_02,Beverages,Inter-Store Misallocation / Impending Shortage,34,Redistribute Stock,216,25.9,"Avoids $21,774.50 lost sales; lifts DoC from 1.4 to 3.5d",MUM_DS_04,MUM_DS_02,Destination projected to breach safety stock within 25.9h (DoC: 1.4d). Source retains surplus stock above protection threshold (Post-transfer DoC: 3.6d). Distance is 6.5km within configured limit.
311,20260629,BEN_DS_08,40,BEVE_WATE_10,Beverages,Stock Below Reorder Point,34,Scheduled Replenishment,412,25.9,Protects $0.00 sales exposure; targets 504 units,Regional Distribution Center,BEN_DS_08,Projected inventory (94) breached ROP (242). Target: 504.
312,20260629,DEL_DS_04,12,DAIR_CURD_12,Dairy,Inter-Store Misallocation / Impending Shortage,34,Redistribute Stock,72,26.5,"Avoids $10,339.20 lost sales; lifts DoC from 1.5 to 2.2d",DEL_DS_03,DEL_DS_04,Destination projected to breach safety stock within 26.5h (DoC: 1.5d). Source retains surplus stock above protection threshold (Post-transfer DoC: 3.3d). Distance is 9.4km within configured limit.
313,20260629,BEN_DS_02,252,BABY_BABY_12,Baby Care,Stock Below Reorder Point,34,Scheduled Replenishment,296,47.7,Protects $0.00 sales exposure; targets 410 units,Regional Distribution Center,BEN_DS_02,Projected inventory (116) breached ROP (279). Target: 410.
314,20260629,HYD_DS_03,237,HOUS_DISH_27,Household,Inter-Store Misallocation / Impending Shortage,33,Redistribute Stock,8,18.0,"Avoids $1,916.16 lost sales; lifts DoC from 1.0 to 2.6d",HYD_DS_05,HYD_DS_03,Destination projected to breach safety stock within 18.0h (DoC: 1.0d). Source retains surplus stock above protection threshold (Post-transfer DoC: 3.3d). Distance is 2.6km within configured limit.
315,20260629,HYD_DS_03,237,HOUS_DISH_27,Household,Stock Below Reorder Point,33,Scheduled Replenishment,36,18.0,"Protects $1,197.60 sales exposure; targets 38 units",Regional Distribution Center,HYD_DS_03,Projected inventory (5) breached ROP (8). Target: 38.
316,20260629,MUM_DS_02,239,HOUS_DISP_29,Household,Inter-Store Misallocation / Impending Shortage,33,Redistribute Stock,12,18.2,"Avoids $1,281.90 lost sales; lifts DoC from 1.0 to 3.5d",MUM_DS_04,MUM_DS_02,Destination projected to breach safety stock within 18.2h (DoC: 1.0d). Source retains surplus stock above protection threshold (Post-transfer DoC: 10.1d). Distance is 6.5km within configured limit.
317,20260629,MUM_DS_02,239,HOUS_DISP_29,Household,Stock Below Reorder Point,33,Scheduled Replenishment,36,18.2,Protects $631.98 sales exposure; targets 38 units,Regional Distribution Center,MUM_DS_02,Projected inventory (5) breached ROP (8). Target: 38.
318,20260629,DEL_DS_06,158,STAP_DALS_08,Staples,Inter-Store Misallocation / Impending Shortage,33,Redistribute Stock,78,21.8,"Avoids $4,581.50 lost sales; lifts DoC from 1.2 to 3.5d",DEL_DS_05,DEL_DS_06,Destination projected to breach safety stock within 21.8h (DoC: 1.2d). Source retains surplus stock above protection threshold (Post-transfer DoC: 9.1d). Distance is 4.7km within configured limit.
319,20260629,DEL_DS_06,158,STAP_DALS_08,Staples,Stock Below Reorder Point,33,Scheduled Replenishment,228,21.8,"Protects $2,271.77 sales exposure; targets 266 units",Regional Distribution Center,DEL_DS_06,Projected inventory (42) breached ROP (128). Target: 266.
320,20260629,MUM_DS_03,88,SNAC_NAMK_28,Snacks,Inter-Store Misallocation / Impending Shortage,33,Redistribute Stock,156,22.0,"Avoids $18,991.56 lost sales; lifts DoC from 1.2 to 3.5d",MUM_DS_04,MUM_DS_03,Destination projected to breach safety stock within 22.0h (DoC: 1.2d). Source retains surplus stock above protection threshold (Post-transfer DoC: 8.5d). Distance is 0.9km within configured limit.
321,20260629,BEN_DS_07,274,PET _PET _04,Pet Care,Inter-Store Misallocation / Impending Shortage,33,Redistribute Stock,12,22.0,"Avoids $2,617.56 lost sales; lifts DoC from 1.2 to 2.6d",BEN_DS_06,BEN_DS_07,Destination projected to breach safety stock within 22.0h (DoC: 1.2d). Source retains surplus stock above protection threshold (Post-transfer DoC: 18.5d). Distance is 5.4km within configured limit.
322,20260629,MUM_DS_03,88,SNAC_NAMK_28,Snacks,Stock Below Reorder Point,33,Scheduled Replenishment,450,22.0,"Protects $9,495.78 sales exposure; targets 529 units",Regional Distribution Center,MUM_DS_03,Projected inventory (84) breached ROP (253). Target: 529.
323,20260629,BEN_DS_07,274,PET _PET _04,Pet Care,Stock Below Reorder Point,33,Scheduled Replenishment,60,22.0,"Protects $1,963.17 sales exposure; targets 70 units",Regional Distribution Center,BEN_DS_07,Projected inventory (11) breached ROP (43). Target: 70.
324,20260629,MUM_DS_08,164,STAP_EDIB_14,Staples,Inter-Store Misallocation / Impending Shortage,33,Redistribute Stock,28,24.8,"Avoids $10,274.32 lost sales; lifts DoC from 1.4 to 3.4d",MUM_DS_07,MUM_DS_08,Destination projected to breach safety stock within 24.8h (DoC: 1.4d). Source retains surplus stock above protection threshold (Post-transfer DoC: 10.9d). Distance is 1.7km within configured limit.
325,20260629,MUM_DS_08,164,STAP_EDIB_14,Staples,Stock Below Reorder Point,33,Scheduled Replenishment,92,24.8,Protects $0.00 sales exposure; targets 108 units,Regional Distribution Center,MUM_DS_08,Projected inventory (19) breached ROP (53). Target: 108.
326,20260629,BEN_DS_01,289,PET _PET _19,Pet Care,Stock Below Reorder Point,33,Scheduled Replenishment,96,25.4,Protects $0.00 sales exposure; targets 68 units,Regional Distribution Center,BEN_DS_01,Projected inventory (12) breached ROP (42). Target: 68.
327,20260629,MUM_DS_09,10,DAIR_PANE_10,Dairy,Inter-Store Misallocation / Impending Shortage,33,Redistribute Stock,144,26.5,"Avoids $15,004.80 lost sales; lifts DoC from 1.5 to 3.5d",MUM_DS_08,MUM_DS_09,Destination projected to breach safety stock within 26.5h (DoC: 1.5d). Source retains surplus stock above protection threshold (Post-transfer DoC: 3.0d). Distance is 15.1km within configured limit.
328,20260629,MUM_DS_09,33,BEVE_TEA _03,Beverages,Inter-Store Misallocation / Impending Shortage,33,Redistribute Stock,96,26.8,"Avoids $6,946.56 lost sales; lifts DoC from 1.5 to 3.0d",MUM_DS_03,MUM_DS_09,Destination projected to breach safety stock within 26.8h (DoC: 1.5d). Source retains surplus stock above protection threshold (Post-transfer DoC: 2.9d). Distance is 13.8km within configured limit.
329,20260629,MUM_DS_01,65,SNAC_NUTS_05,Snacks,Inter-Store Misallocation / Impending Shortage,33,Redistribute Stock,144,27.0,"Avoids $19,333.44 lost sales; lifts DoC from 1.5 to 3.4d",MUM_DS_09,MUM_DS_01,Destination projected to breach safety stock within 27.0h (DoC: 1.5d). Source retains surplus stock above protection threshold (Post-transfer DoC: 4.1d). Distance is 7.2km within configured limit.
330,20260629,HYD_DS_10,36,BEVE_JUIC_06,Beverages,Inter-Store Misallocation / Impending Shortage,33,Redistribute Stock,84,27.0,"Avoids $8,176.56 lost sales; lifts DoC from 1.5 to 3.4d",HYD_DS_04,HYD_DS_10,Destination projected to breach safety stock within 27.0h (DoC: 1.5d). Source retains surplus stock above protection threshold (Post-transfer DoC: 6.8d). Distance is 8.0km within configured limit.
331,20260629,MUM_DS_01,65,SNAC_NUTS_05,Snacks,Stock Below Reorder Point,33,Scheduled Replenishment,456,27.0,Protects $0.00 sales exposure; targets 553 units,Regional Distribution Center,MUM_DS_01,Projected inventory (111) breached ROP (145). Target: 553.
332,20260629,HYD_DS_10,36,BEVE_JUIC_06,Beverages,Stock Below Reorder Point,33,Scheduled Replenishment,270,27.0,Protects $0.00 sales exposure; targets 335 units,Regional Distribution Center,HYD_DS_10,Projected inventory (67) breached ROP (90). Target: 335.
333,20260629,MUM_DS_09,62,SNAC_BISC_02,Snacks,Inter-Store Misallocation / Impending Shortage,33,Redistribute Stock,72,27.9,"Avoids $11,070.00 lost sales; lifts DoC from 1.6 to 2.5d",MUM_DS_05,MUM_DS_09,Destination projected to breach safety stock within 27.9h (DoC: 1.6d). Source retains surplus stock above protection threshold (Post-transfer DoC: 3.3d). Distance is 4.5km within configured limit.
334,20260629,MUM_DS_09,62,SNAC_BISC_02,Snacks,Stock Below Reorder Point,33,Scheduled Replenishment,432,27.9,Protects $0.00 sales exposure; targets 543 units,Regional Distribution Center,MUM_DS_09,Projected inventory (112) breached ROP (183). Target: 543.
335,20260629,DEL_DS_06,12,DAIR_CURD_12,Dairy,Inter-Store Misallocation / Impending Shortage,33,Redistribute Stock,168,33.8,"Avoids $24,124.80 lost sales; lifts DoC from 1.9 to 3.4d",DEL_DS_05,DEL_DS_06,Destination projected to breach safety stock within 33.8h (DoC: 1.9d). Source retains surplus stock above protection threshold (Post-transfer DoC: 4.6d). Distance is 4.7km within configured limit.
336,20260629,DEL_DS_06,12,DAIR_CURD_12,Dairy,Stock Below Reorder Point,33,Scheduled Replenishment,696,33.8,Protects $0.00 sales exposure; targets 891 units,Regional Distribution Center,DEL_DS_06,Projected inventory (203) breached ROP (459). Target: 891.
337,20260629,HYD_DS_05,168,STAP_DALS_18,Staples,Stock Below Reorder Point,33,Scheduled Replenishment,126,49.1,Protects $0.00 sales exposure; targets 364 units,Regional Distribution Center,HYD_DS_05,Projected inventory (238) breached ROP (247). Target: 364.
338,20260629,HYD_DS_01,141,FRUI_FRES_21,Fruits & Vegetables,Inter-Store Misallocation / Impending Shortage,32,Redistribute Stock,128,16.7,"Avoids $1,987.98 lost sales; lifts DoC from 0.9 to 3.5d",HYD_DS_03,HYD_DS_01,Destination projected to breach safety stock within 16.7h (DoC: 0.9d). Source retains surplus stock above protection threshold (Post-transfer DoC: 3.5d). Distance is 4.0km within configured limit.
339,20260629,BEN_DS_10,279,PET _DOG _09,Pet Care,Inter-Store Misallocation / Impending Shortage,32,Redistribute Stock,24,18.4,"Avoids $5,805.36 lost sales; lifts DoC from 1.0 to 3.0d",BEN_DS_04,BEN_DS_10,Destination projected to breach safety stock within 18.4h (DoC: 1.0d). Source retains surplus stock above protection threshold (Post-transfer DoC: 10.2d). Distance is 1.1km within configured limit.
340,20260629,BEN_DS_10,279,PET _DOG _09,Pet Care,Stock Below Reorder Point,32,Scheduled Replenishment,80,18.4,"Protects $2,851.88 sales exposure; targets 90 units",Regional Distribution Center,BEN_DS_10,Projected inventory (12) breached ROP (31). Target: 90.
341,20260629,BEN_DS_02,181,PERS_SOAP_01,Personal Care,Inter-Store Misallocation / Impending Shortage,32,Redistribute Stock,12,18.5,"Avoids $2,714.28 lost sales; lifts DoC from 1.0 to 2.1d",BEN_DS_03,BEN_DS_02,Destination projected to breach safety stock within 18.5h (DoC: 1.0d). Source retains surplus stock above protection threshold (Post-transfer DoC: 3.6d). Distance is 4.8km within configured limit.
342,20260629,BEN_DS_02,181,PERS_SOAP_01,Personal Care,Stock Below Reorder Point,32,Scheduled Replenishment,84,18.5,"Protects $2,632.85 sales exposure; targets 89 units",Regional Distribution Center,BEN_DS_02,Projected inventory (12) breached ROP (19). Target: 89.
343,20260629,BEN_DS_08,193,PERS_ORAL_13,Personal Care,Inter-Store Misallocation / Impending Shortage,32,Redistribute Stock,8,19.6,Avoids $995.28 lost sales; lifts DoC from 1.1 to 2.8d,BEN_DS_06,BEN_DS_08,Destination projected to breach safety stock within 19.6h (DoC: 1.1d). Source retains surplus stock above protection threshold (Post-transfer DoC: 6.1d). Distance is 2.9km within configured limit.
344,20260629,BEN_DS_08,193,PERS_ORAL_13,Personal Care,Stock Below Reorder Point,32,Scheduled Replenishment,32,19.6,Protects $568.55 sales exposure; targets 35 units,Regional Distribution Center,BEN_DS_08,Projected inventory (5) breached ROP (13). Target: 35.
345,20260629,MUM_DS_03,224,HOUS_DISP_14,Household,Inter-Store Misallocation / Impending Shortage,32,Redistribute Stock,24,22.0,"Avoids $3,147.36 lost sales; lifts DoC from 1.2 to 3.0d",MUM_DS_04,MUM_DS_03,Destination projected to breach safety stock within 22.0h (DoC: 1.2d). Source retains surplus stock above protection threshold (Post-transfer DoC: 10.7d). Distance is 0.9km within configured limit.
346,20260629,MUM_DS_03,224,HOUS_DISP_14,Household,Stock Below Reorder Point,32,Scheduled Replenishment,88,22.0,"Protects $1,723.18 sales exposure; targets 102 units",Regional Distribution Center,MUM_DS_03,Projected inventory (16) breached ROP (50). Target: 102.
347,20260629,MUM_DS_09,187,PERS_HAIR_07,Personal Care,Inter-Store Misallocation / Impending Shortage,32,Redistribute Stock,12,23.8,"Avoids $4,094.52 lost sales; lifts DoC from 1.3 to 2.8d",MUM_DS_05,MUM_DS_09,Destination projected to breach safety stock within 23.8h (DoC: 1.3d). Source retains surplus stock above protection threshold (Post-transfer DoC: 10.3d). Distance is 4.5km within configured limit.
348,20260629,MUM_DS_09,187,PERS_HAIR_07,Personal Care,Stock Below Reorder Point,32,Scheduled Replenishment,60,23.8,"Protects $2,852.52 sales exposure; targets 66 units",Regional Distribution Center,MUM_DS_09,Projected inventory (11) breached ROP (33). Target: 66.
349,20260629,MUM_DS_02,107,PACK_PAST_17,Packaged Foods,Inter-Store Misallocation / Impending Shortage,32,Redistribute Stock,60,24.5,"Avoids $3,618.60 lost sales; lifts DoC from 1.4 to 3.4d",MUM_DS_03,MUM_DS_02,Destination projected to breach safety stock within 24.5h (DoC: 1.4d). Source retains surplus stock above protection threshold (Post-transfer DoC: 9.8d). Distance is 5.8km within configured limit.
350,20260629,MUM_DS_02,107,PACK_PAST_17,Packaged Foods,Stock Below Reorder Point,32,Scheduled Replenishment,204,24.5,Protects $0.00 sales exposure; targets 234 units,Regional Distribution Center,MUM_DS_02,Projected inventory (41) breached ROP (114). Target: 234.
351,20260629,DEL_DS_07,163,STAP_DALS_13,Staples,Inter-Store Misallocation / Impending Shortage,32,Redistribute Stock,40,26.1,"Avoids $13,530.80 lost sales; lifts DoC from 1.4 to 3.4d",DEL_DS_10,DEL_DS_07,Destination projected to breach safety stock within 26.1h (DoC: 1.4d). Source retains surplus stock above protection threshold (Post-transfer DoC: 9.1d). Distance is 3.4km within configured limit.
352,20260629,MUM_DS_08,218,HOUS_CLEA_08,Household,Inter-Store Misallocation / Impending Shortage,32,Redistribute Stock,6,26.1,Avoids $435.12 lost sales; lifts DoC from 1.4 to 2.9d,MUM_DS_01,MUM_DS_08,Destination projected to breach safety stock within 26.1h (DoC: 1.4d). Source retains surplus stock above protection threshold (Post-transfer DoC: 15.8d). Distance is 8.1km within configured limit.
353,20260629,DEL_DS_07,163,STAP_DALS_13,Staples,Stock Below Reorder Point,32,Scheduled Replenishment,136,26.1,Protects $0.00 sales exposure; targets 162 units,Regional Distribution Center,DEL_DS_07,Projected inventory (30) breached ROP (100). Target: 162.
354,20260629,MUM_DS_08,218,HOUS_CLEA_08,Household,Stock Below Reorder Point,32,Scheduled Replenishment,30,26.1,Protects $0.00 sales exposure; targets 33 units,Regional Distribution Center,MUM_DS_08,Projected inventory (6) breached ROP (21). Target: 33.
355,20260629,DEL_DS_08,220,HOUS_REPE_10,Household,Inter-Store Misallocation / Impending Shortage,32,Redistribute Stock,12,26.5,"Avoids $3,073.56 lost sales; lifts DoC from 1.5 to 3.4d",DEL_DS_02,DEL_DS_08,Destination projected to breach safety stock within 26.5h (DoC: 1.5d). Source retains surplus stock above protection threshold (Post-transfer DoC: 10.8d). Distance is 0.7km within configured limit.
356,20260629,DEL_DS_08,220,HOUS_REPE_10,Household,Stock Below Reorder Point,32,Scheduled Replenishment,48,26.5,Protects $0.00 sales exposure; targets 49 units,Regional Distribution Center,DEL_DS_08,Projected inventory (9) breached ROP (25). Target: 49.
357,20260629,DEL_DS_04,38,BEVE_TEA _08,Beverages,Inter-Store Misallocation / Impending Shortage,32,Redistribute Stock,120,28.1,"Avoids $5,798.40 lost sales; lifts DoC from 1.6 to 3.4d",DEL_DS_06,DEL_DS_04,Destination projected to breach safety stock within 28.1h (DoC: 1.6d). Source retains surplus stock above protection threshold (Post-transfer DoC: 6.3d). Distance is 7.3km within configured limit.
358,20260629,DEL_DS_06,36,BEVE_JUIC_06,Beverages,Inter-Store Misallocation / Impending Shortage,32,Redistribute Stock,96,28.1,"Avoids $9,344.64 lost sales; lifts DoC from 1.6 to 3.4d",DEL_DS_05,DEL_DS_06,Destination projected to breach safety stock within 28.1h (DoC: 1.6d). Source retains surplus stock above protection threshold (Post-transfer DoC: 6.6d). Distance is 4.7km within configured limit.
359,20260629,MUM_DS_02,5,DAIR_PANE_05,Dairy,Inter-Store Misallocation / Impending Shortage,32,Redistribute Stock,56,28.1,"Avoids $5,269.60 lost sales; lifts DoC from 1.6 to 2.7d",MUM_DS_03,MUM_DS_02,Destination projected to breach safety stock within 28.1h (DoC: 1.6d). Source retains surplus stock above protection threshold (Post-transfer DoC: 3.1d). Distance is 5.8km within configured limit.
360,20260629,MUM_DS_03,67,SNAC_BISC_07,Snacks,Inter-Store Misallocation / Impending Shortage,32,Redistribute Stock,144,28.1,"Avoids $16,413.12 lost sales; lifts DoC from 1.6 to 3.5d",MUM_DS_08,MUM_DS_03,Destination projected to breach safety stock within 28.1h (DoC: 1.6d). Source retains surplus stock above protection threshold (Post-transfer DoC: 3.2d). Distance is 11.1km within configured limit.
361,20260629,DEL_DS_06,36,BEVE_JUIC_06,Beverages,Stock Below Reorder Point,32,Scheduled Replenishment,306,28.1,Protects $0.00 sales exposure; targets 381 units,Regional Distribution Center,DEL_DS_06,Projected inventory (80) breached ROP (98). Target: 381.
362,20260629,MUM_DS_08,63,SNAC_NAMK_03,Snacks,Inter-Store Misallocation / Impending Shortage,32,Redistribute Stock,120,28.4,"Avoids $18,900.00 lost sales; lifts DoC from 1.6 to 3.5d",MUM_DS_07,MUM_DS_08,Destination projected to breach safety stock within 28.4h (DoC: 1.6d). Source retains surplus stock above protection threshold (Post-transfer DoC: 5.5d). Distance is 1.7km within configured limit.
363,20260629,MUM_DS_08,63,SNAC_NAMK_03,Snacks,Stock Below Reorder Point,32,Scheduled Replenishment,384,28.4,Protects $0.00 sales exposure; targets 483 units,Regional Distribution Center,MUM_DS_08,Projected inventory (100) breached ROP (231). Target: 483.
364,20260629,BEN_DS_04,65,SNAC_NUTS_05,Snacks,Inter-Store Misallocation / Impending Shortage,32,Redistribute Stock,96,28.8,"Avoids $12,888.96 lost sales; lifts DoC from 1.6 to 3.0d",BEN_DS_10,BEN_DS_04,Destination projected to breach safety stock within 28.8h (DoC: 1.6d). Source retains surplus stock above protection threshold (Post-transfer DoC: 3.1d). Distance is 1.1km within configured limit.
365,20260629,DEL_DS_04,68,SNAC_NAMK_08,Snacks,Inter-Store Misallocation / Impending Shortage,32,Redistribute Stock,78,28.8,"Avoids $13,941.72 lost sales; lifts DoC from 1.6 to 3.0d",DEL_DS_06,DEL_DS_04,Destination projected to breach safety stock within 28.8h (DoC: 1.6d). Source retains surplus stock above protection threshold (Post-transfer DoC: 3.0d). Distance is 7.3km within configured limit.
366,20260629,MUM_DS_05,64,SNAC_CHOC_04,Snacks,Inter-Store Misallocation / Impending Shortage,32,Redistribute Stock,152,28.8,"Avoids $7,020.88 lost sales; lifts DoC from 1.6 to 3.5d",MUM_DS_04,MUM_DS_05,Destination projected to breach safety stock within 28.8h (DoC: 1.6d). Source retains surplus stock above protection threshold (Post-transfer DoC: 3.9d). Distance is 12.7km within configured limit.
367,20260629,BEN_DS_04,65,SNAC_NUTS_05,Snacks,Stock Below Reorder Point,32,Scheduled Replenishment,408,28.8,Protects $0.00 sales exposure; targets 502 units,Regional Distribution Center,BEN_DS_04,Projected inventory (107) breached ROP (135). Target: 502.
368,20260629,MUM_DS_05,64,SNAC_CHOC_04,Snacks,Stock Below Reorder Point,32,Scheduled Replenishment,480,28.8,Protects $0.00 sales exposure; targets 603 units,Regional Distribution Center,MUM_DS_05,Projected inventory (128) breached ROP (203). Target: 603.
369,20260629,MUM_DS_09,66,SNAC_CHIP_06,Snacks,Inter-Store Misallocation / Impending Shortage,32,Redistribute Stock,64,29.0,"Avoids $2,937.60 lost sales; lifts DoC from 1.6 to 2.4d",MUM_DS_01,MUM_DS_09,Destination projected to breach safety stock within 29.0h (DoC: 1.6d). Source retains surplus stock above protection threshold (Post-transfer DoC: 3.2d). Distance is 7.2km within configured limit.
370,20260629,BEN_DS_01,61,SNAC_CHIP_01,Snacks,Inter-Store Misallocation / Impending Shortage,32,Redistribute Stock,120,29.5,"Avoids $2,715.60 lost sales; lifts DoC from 1.6 to 3.3d",BEN_DS_04,BEN_DS_01,Destination projected to breach safety stock within 29.5h (DoC: 1.6d). Source retains surplus stock above protection threshold (Post-transfer DoC: 6.4d). Distance is 1.3km within configured limit.
371,20260629,BEN_DS_01,61,SNAC_CHIP_01,Snacks,Stock Below Reorder Point,32,Scheduled Replenishment,432,29.5,Protects $0.00 sales exposure; targets 544 units,Regional Distribution Center,BEN_DS_01,Projected inventory (116) breached ROP (260). Target: 544.
372,20260629,MUM_DS_09,55,BEVE_WATE_25,Beverages,Inter-Store Misallocation / Impending Shortage,31,Redistribute Stock,120,17.8,"Avoids $9,189.60 lost sales; lifts DoC from 1.0 to 2.3d",MUM_DS_01,MUM_DS_09,Destination projected to breach safety stock within 17.8h (DoC: 1.0d). Source retains surplus stock above protection threshold (Post-transfer DoC: 3.0d). Distance is 7.2km within configured limit.
373,20260629,MUM_DS_09,55,BEVE_WATE_25,Beverages,Stock Below Reorder Point,31,Scheduled Replenishment,588,17.8,"Protects $6,826.34 sales exposure; targets 665 units",Regional Distribution Center,MUM_DS_09,Projected inventory (88) breached ROP (175). Target: 665.
374,20260629,MUM_DS_06,55,BEVE_WATE_25,Beverages,Inter-Store Misallocation / Impending Shortage,31,Redistribute Stock,72,18.0,"Avoids $5,513.76 lost sales; lifts DoC from 1.0 to 1.9d",MUM_DS_10,MUM_DS_06,Destination projected to breach safety stock within 18.0h (DoC: 1.0d). Source retains surplus stock above protection threshold (Post-transfer DoC: 3.1d). Distance is 3.0km within configured limit.
375,20260629,BEN_DS_03,56,BEVE_JUIC_26,Beverages,Inter-Store Misallocation / Impending Shortage,31,Redistribute Stock,192,18.0,"Avoids $5,697.72 lost sales; lifts DoC from 1.0 to 3.5d",BEN_DS_06,BEN_DS_03,Destination projected to breach safety stock within 18.0h (DoC: 1.0d). Source retains surplus stock above protection threshold (Post-transfer DoC: 3.8d). Distance is 8.1km within configured limit.
376,20260629,MUM_DS_01,140,FRUI_CUT _20,Fruits & Vegetables,Inter-Store Misallocation / Impending Shortage,31,Redistribute Stock,48,18.0,"Avoids $2,620.32 lost sales; lifts DoC from 1.0 to 2.2d",MUM_DS_08,MUM_DS_01,Destination projected to breach safety stock within 18.0h (DoC: 1.0d). Source retains surplus stock above protection threshold (Post-transfer DoC: 3.1d). Distance is 8.1km within configured limit.
377,20260629,MUM_DS_06,55,BEVE_WATE_25,Beverages,Stock Below Reorder Point,31,Scheduled Replenishment,528,18.0,"Protects $6,192.26 sales exposure; targets 606 units",Regional Distribution Center,MUM_DS_06,Projected inventory (81) breached ROP (161). Target: 606.
378,20260629,MUM_DS_01,140,FRUI_CUT _20,Fruits & Vegetables,Stock Below Reorder Point,31,Scheduled Replenishment,264,18.0,"Protects $2,230.55 sales exposure; targets 304 units",Regional Distribution Center,MUM_DS_01,Projected inventory (41) breached ROP (58). Target: 304.
379,20260629,BEN_DS_02,135,FRUI_CUT _15,Fruits & Vegetables,Inter-Store Misallocation / Impending Shortage,31,Redistribute Stock,148,24.7,"Avoids $15,906.84 lost sales; lifts DoC from 1.4 to 3.5d",BEN_DS_03,BEN_DS_02,Destination projected to breach safety stock within 24.7h (DoC: 1.4d). Source retains surplus stock above protection threshold (Post-transfer DoC: 10.2d). Distance is 4.8km within configured limit.
380,20260629,BEN_DS_02,135,FRUI_CUT _15,Fruits & Vegetables,Stock Below Reorder Point,31,Scheduled Replenishment,452,24.7,Protects $0.00 sales exposure; targets 549 units,Regional Distribution Center,BEN_DS_02,Projected inventory (97) breached ROP (266). Target: 549.
381,20260629,BEN_DS_02,219,HOUS_DISP_09,Household,Inter-Store Misallocation / Impending Shortage,31,Redistribute Stock,24,26.6,"Avoids $5,664.90 lost sales; lifts DoC from 1.5 to 3.6d",BEN_DS_06,BEN_DS_02,Destination projected to breach safety stock within 26.6h (DoC: 1.5d). Source retains surplus stock above protection threshold (Post-transfer DoC: 19.5d). Distance is 7.0km within configured limit.
382,20260629,BEN_DS_02,219,HOUS_DISP_09,Household,Stock Below Reorder Point,31,Scheduled Replenishment,96,26.6,Protects $0.00 sales exposure; targets 92 units,Regional Distribution Center,BEN_DS_02,Projected inventory (17) breached ROP (46). Target: 92.
383,20260629,DEL_DS_05,236,HOUS_DETE_26,Household,Inter-Store Misallocation / Impending Shortage,31,Redistribute Stock,12,27.7,"Avoids $1,051.08 lost sales; lifts DoC from 1.5 to 3.1d",DEL_DS_02,DEL_DS_05,Destination projected to breach safety stock within 27.7h (DoC: 1.5d). Source retains surplus stock above protection threshold (Post-transfer DoC: 7.4d). Distance is 1.7km within configured limit.
384,20260629,DEL_DS_05,236,HOUS_DETE_26,Household,Stock Below Reorder Point,31,Scheduled Replenishment,54,27.7,Protects $0.00 sales exposure; targets 63 units,Regional Distribution Center,DEL_DS_05,Projected inventory (12) breached ROP (32). Target: 63.
385,20260629,MUM_DS_08,32,BEVE_COLD_02,Beverages,Inter-Store Misallocation / Impending Shortage,31,Redistribute Stock,168,29.9,"Avoids $17,094.00 lost sales; lifts DoC from 1.7 to 3.5d",MUM_DS_07,MUM_DS_08,Destination projected to breach safety stock within 29.9h (DoC: 1.7d). Source retains surplus stock above protection threshold (Post-transfer DoC: 2.9d). Distance is 1.7km within configured limit.
386,20260629,BEN_DS_03,36,BEVE_JUIC_06,Beverages,Inter-Store Misallocation / Impending Shortage,31,Redistribute Stock,78,30.1,"Avoids $7,592.52 lost sales; lifts DoC from 1.7 to 3.4d",BEN_DS_02,BEN_DS_03,Destination projected to breach safety stock within 30.1h (DoC: 1.7d). Source retains surplus stock above protection threshold (Post-transfer DoC: 3.1d). Distance is 4.8km within configured limit.
387,20260629,MUM_DS_02,9,DAIR_CHEE_09,Dairy,Inter-Store Misallocation / Impending Shortage,31,Redistribute Stock,88,30.1,"Avoids $14,705.68 lost sales; lifts DoC from 1.7 to 3.4d",MUM_DS_04,MUM_DS_02,Destination projected to breach safety stock within 30.1h (DoC: 1.7d). Source retains surplus stock above protection threshold (Post-transfer DoC: 7.0d). Distance is 6.5km within configured limit.
388,20260629,BEN_DS_03,36,BEVE_JUIC_06,Beverages,Stock Below Reorder Point,31,Scheduled Replenishment,6,30.1,Protects $0.00 sales exposure; targets 338 units,Regional Distribution Center,BEN_DS_03,Projected inventory (75) breached ROP (91). Target: 338. Scaled down to respect dark store physical capacity buffer.
389,20260629,MUM_DS_02,9,DAIR_CHEE_09,Dairy,Stock Below Reorder Point,31,Scheduled Replenishment,296,30.1,Protects $0.00 sales exposure; targets 377 units,Regional Distribution Center,MUM_DS_02,Projected inventory (84) breached ROP (100). Target: 377.
390,20260629,MUM_DS_02,40,BEVE_WATE_10,Beverages,Inter-Store Misallocation / Impending Shortage,31,Redistribute Stock,152,30.6,"Avoids $20,836.16 lost sales; lifts DoC from 1.7 to 3.5d",MUM_DS_04,MUM_DS_02,Destination projected to breach safety stock within 30.6h (DoC: 1.7d). Source retains surplus stock above protection threshold (Post-transfer DoC: 12.4d). Distance is 6.5km within configured limit.
391,20260629,MUM_DS_02,40,BEVE_WATE_10,Beverages,Stock Below Reorder Point,31,Scheduled Replenishment,512,30.6,Protects $0.00 sales exposure; targets 655 units,Regional Distribution Center,MUM_DS_02,Projected inventory (146) breached ROP (312). Target: 655.
392,20260629,DEL_DS_06,130,FRUI_CUT _10,Fruits & Vegetables,Inter-Store Misallocation / Impending Shortage,31,Redistribute Stock,120,30.8,"Avoids $5,541.60 lost sales; lifts DoC from 1.7 to 3.3d",DEL_DS_03,DEL_DS_06,Destination projected to breach safety stock within 30.8h (DoC: 1.7d). Source retains surplus stock above protection threshold (Post-transfer DoC: 2.9d). Distance is 7.7km within configured limit.
393,20260629,MUM_DS_06,10,DAIR_PANE_10,Dairy,Inter-Store Misallocation / Impending Shortage,31,Redistribute Stock,112,30.8,"Avoids $11,670.40 lost sales; lifts DoC from 1.7 to 3.4d",MUM_DS_10,MUM_DS_06,Destination projected to breach safety stock within 30.8h (DoC: 1.7d). Source retains surplus stock above protection threshold (Post-transfer DoC: 2.9d). Distance is 3.0km within configured limit.
394,20260629,DEL_DS_06,37,BEVE_COLD_07,Beverages,Inter-Store Misallocation / Impending Shortage,31,Redistribute Stock,52,31.0,"Avoids $4,866.68 lost sales; lifts DoC from 1.7 to 2.8d",DEL_DS_05,DEL_DS_06,Destination projected to breach safety stock within 31.0h (DoC: 1.7d). Source retains surplus stock above protection threshold (Post-transfer DoC: 2.9d). Distance is 4.7km within configured limit.
395,20260629,MUM_DS_01,125,FRUI_CUT _05,Fruits & Vegetables,Inter-Store Misallocation / Impending Shortage,31,Redistribute Stock,48,31.1,"Avoids $2,431.68 lost sales; lifts DoC from 1.7 to 2.9d",MUM_DS_08,MUM_DS_01,Destination projected to breach safety stock within 31.1h (DoC: 1.7d). Source retains surplus stock above protection threshold (Post-transfer DoC: 2.9d). Distance is 8.1km within configured limit.
396,20260629,MUM_DS_03,124,FRUI_SEAS_04,Fruits & Vegetables,Inter-Store Misallocation / Impending Shortage,31,Redistribute Stock,114,31.1,"Avoids $6,996.18 lost sales; lifts DoC from 1.7 to 3.5d",MUM_DS_10,MUM_DS_03,Destination projected to breach safety stock within 31.1h (DoC: 1.7d). Source retains surplus stock above protection threshold (Post-transfer DoC: 3.3d). Distance is 5.9km within configured limit.
397,20260629,MUM_DS_05,10,DAIR_PANE_10,Dairy,Inter-Store Misallocation / Impending Shortage,31,Redistribute Stock,8,31.1,Avoids $833.60 lost sales; lifts DoC from 1.7 to 1.9d,MUM_DS_08,MUM_DS_05,Destination projected to breach safety stock within 31.1h (DoC: 1.7d). Source retains surplus stock above protection threshold (Post-transfer DoC: 2.9d). Distance is 16.6km within configured limit.
398,20260629,MUM_DS_06,32,BEVE_COLD_02,Beverages,Inter-Store Misallocation / Impending Shortage,31,Redistribute Stock,160,31.1,"Avoids $16,280.00 lost sales; lifts DoC from 1.7 to 3.4d",MUM_DS_10,MUM_DS_06,Destination projected to breach safety stock within 31.1h (DoC: 1.7d). Source retains surplus stock above protection threshold (Post-transfer DoC: 2.9d). Distance is 3.0km within configured limit.
399,20260629,MUM_DS_06,126,FRUI_FRES_06,Fruits & Vegetables,Inter-Store Misallocation / Impending Shortage,31,Redistribute Stock,120,31.1,"Avoids $7,759.20 lost sales; lifts DoC from 1.7 to 3.5d",MUM_DS_10,MUM_DS_06,Destination projected to breach safety stock within 31.1h (DoC: 1.7d). Source retains surplus stock above protection threshold (Post-transfer DoC: 8.9d). Distance is 3.0km within configured limit.
400,20260629,MUM_DS_06,126,FRUI_FRES_06,Fruits & Vegetables,Stock Below Reorder Point,31,Scheduled Replenishment,408,31.1,Protects $0.00 sales exposure; targets 527 units,Regional Distribution Center,MUM_DS_06,Projected inventory (119) breached ROP (252). Target: 527.
401,20260629,MUM_DS_08,97,PACK_PAST_07,Packaged Foods,Stock Below Reorder Point,31,Scheduled Replenishment,168,37.6,Protects $0.00 sales exposure; targets 206 units,Regional Distribution Center,MUM_DS_08,Projected inventory (51) breached ROP (83). Target: 206.
402,20260629,MUM_DS_02,161,STAP_ATTA_11,Staples,Stock Below Reorder Point,31,Scheduled Replenishment,160,37.8,Protects $0.00 sales exposure; targets 209 units,Regional Distribution Center,MUM_DS_02,Projected inventory (52) breached ROP (60). Target: 209.
403,20260629,DEL_DS_08,145,FRUI_CUT _25,Fruits & Vegetables,Inter-Store Misallocation / Impending Shortage,30,Redistribute Stock,108,18.9,"Avoids $7,153.92 lost sales; lifts DoC from 1.1 to 3.0d",DEL_DS_01,DEL_DS_08,Destination projected to breach safety stock within 18.9h (DoC: 1.1d). Source retains surplus stock above protection threshold (Post-transfer DoC: 2.9d). Distance is 1.2km within configured limit.
404,20260629,MUM_DS_03,25,DAIR_PANE_25,Dairy,Inter-Store Misallocation / Impending Shortage,30,Redistribute Stock,216,19.1,"Avoids $33,070.62 lost sales; lifts DoC from 1.1 to 3.5d",MUM_DS_04,MUM_DS_03,Destination projected to breach safety stock within 19.1h (DoC: 1.1d). Source retains surplus stock above protection threshold (Post-transfer DoC: 8.1d). Distance is 0.9km within configured limit.
405,20260629,MUM_DS_03,25,DAIR_PANE_25,Dairy,Stock Below Reorder Point,30,Scheduled Replenishment,576,19.1,"Protects $16,455.42 sales exposure; targets 662 units",Regional Distribution Center,MUM_DS_03,Projected inventory (94) breached ROP (175). Target: 662.
406,20260629,BEN_DS_07,87,SNAC_BISC_27,Snacks,Inter-Store Misallocation / Impending Shortage,30,Redistribute Stock,180,19.8,"Avoids $31,454.28 lost sales; lifts DoC from 1.1 to 3.4d",BEN_DS_05,BEN_DS_07,Destination projected to breach safety stock within 19.8h (DoC: 1.1d). Source retains surplus stock above protection threshold (Post-transfer DoC: 6.1d). Distance is 3.8km within configured limit.
407,20260629,BEN_DS_07,87,SNAC_BISC_27,Snacks,Stock Below Reorder Point,30,Scheduled Replenishment,504,19.8,"Protects $15,727.14 sales exposure; targets 585 units",Regional Distribution Center,BEN_DS_07,Projected inventory (86) breached ROP (156). Target: 585.
408,20260629,MUM_DS_02,73,SNAC_NAMK_13,Snacks,Inter-Store Misallocation / Impending Shortage,30,Redistribute Stock,216,22.0,"Avoids $18,518.13 lost sales; lifts DoC from 1.2 to 3.4d",MUM_DS_06,MUM_DS_02,Destination projected to breach safety stock within 22.0h (DoC: 1.2d). Source retains surplus stock above protection threshold (Post-transfer DoC: 5.0d). Distance is 7.3km within configured limit.
409,20260629,MUM_DS_02,73,SNAC_NAMK_13,Snacks,Stock Below Reorder Point,30,Scheduled Replenishment,648,22.0,"Protects $9,252.62 sales exposure; targets 768 units",Regional Distribution Center,MUM_DS_02,Projected inventory (123) breached ROP (366). Target: 768.
410,20260629,HYD_DS_07,95,PACK_READ_05,Packaged Foods,Inter-Store Misallocation / Impending Shortage,30,Redistribute Stock,24,24.8,"Avoids $3,202.32 lost sales; lifts DoC from 1.4 to 2.6d",HYD_DS_02,HYD_DS_07,Destination projected to breach safety stock within 24.8h (DoC: 1.4d). Source retains surplus stock above protection threshold (Post-transfer DoC: 5.0d). Distance is 9.5km within configured limit.
411,20260629,HYD_DS_07,95,PACK_READ_05,Packaged Foods,Stock Below Reorder Point,30,Scheduled Replenishment,144,24.8,Protects $0.00 sales exposure; targets 147 units,Regional Distribution Center,HYD_DS_07,Projected inventory (26) breached ROP (33). Target: 147.
412,20260629,HYD_DS_09,276,PET _CAT _06,Pet Care,Inter-Store Misallocation / Impending Shortage,30,Redistribute Stock,12,27.2,"Avoids $5,036.16 lost sales; lifts DoC from 1.5 to 3.2d",HYD_DS_08,HYD_DS_09,Destination projected to breach safety stock within 27.2h (DoC: 1.5d). Source retains surplus stock above protection threshold (Post-transfer DoC: 17.2d). Distance is 1.6km within configured limit.
413,20260629,HYD_DS_09,276,PET _CAT _06,Pet Care,Stock Below Reorder Point,30,Scheduled Replenishment,48,27.2,Protects $0.00 sales exposure; targets 59 units,Regional Distribution Center,HYD_DS_09,Projected inventory (11) breached ROP (37). Target: 59.
414,20260629,DEL_DS_09,233,HOUS_CLEA_23,Household,Inter-Store Misallocation / Impending Shortage,30,Redistribute Stock,24,27.9,"Avoids $3,886.32 lost sales; lifts DoC from 1.6 to 3.4d",DEL_DS_03,DEL_DS_09,Destination projected to breach safety stock within 27.9h (DoC: 1.6d). Source retains surplus stock above protection threshold (Post-transfer DoC: 4.5d). Distance is 1.7km within configured limit.
415,20260629,DEL_DS_06,33,BEVE_TEA _03,Beverages,Inter-Store Misallocation / Impending Shortage,30,Redistribute Stock,72,31.3,"Avoids $5,209.92 lost sales; lifts DoC from 1.7 to 2.9d",DEL_DS_08,DEL_DS_06,Destination projected to breach safety stock within 31.3h (DoC: 1.7d). Source retains surplus stock above protection threshold (Post-transfer DoC: 3.0d). Distance is 5.6km within configured limit.
416,20260629,MUM_DS_03,130,FRUI_CUT _10,Fruits & Vegetables,Inter-Store Misallocation / Impending Shortage,30,Redistribute Stock,124,31.3,"Avoids $5,726.32 lost sales; lifts DoC from 1.7 to 3.4d",MUM_DS_01,MUM_DS_03,Destination projected to breach safety stock within 31.3h (DoC: 1.7d). Source retains surplus stock above protection threshold (Post-transfer DoC: 2.9d). Distance is 8.8km within configured limit.
417,20260629,MUM_DS_08,34,BEVE_ENER_04,Beverages,Inter-Store Misallocation / Impending Shortage,30,Redistribute Stock,96,31.3,"Avoids $5,990.40 lost sales; lifts DoC from 1.7 to 3.5d",MUM_DS_07,MUM_DS_08,Destination projected to breach safety stock within 31.3h (DoC: 1.7d). Source retains surplus stock above protection threshold (Post-transfer DoC: 3.9d). Distance is 1.7km within configured limit.
418,20260629,DEL_DS_04,130,FRUI_CUT _10,Fruits & Vegetables,Inter-Store Misallocation / Impending Shortage,30,Redistribute Stock,128,31.5,"Avoids $5,911.04 lost sales; lifts DoC from 1.8 to 3.5d",DEL_DS_09,DEL_DS_04,Destination projected to breach safety stock within 31.5h (DoC: 1.8d). Source retains surplus stock above protection threshold (Post-transfer DoC: 2.9d). Distance is 11.1km within configured limit.
419,20260629,MUM_DS_03,3,DAIR_BUTT_03,Dairy,Inter-Store Misallocation / Impending Shortage,30,Redistribute Stock,144,31.5,"Avoids $10,177.92 lost sales; lifts DoC from 1.8 to 3.3d",MUM_DS_04,MUM_DS_03,Destination projected to breach safety stock within 31.5h (DoC: 1.8d). Source retains surplus stock above protection threshold (Post-transfer DoC: 3.0d). Distance is 0.9km within configured limit.
420,20260629,DEL_DS_06,2,DAIR_CURD_02,Dairy,Inter-Store Misallocation / Impending Shortage,30,Redistribute Stock,108,31.7,"Avoids $5,097.60 lost sales; lifts DoC from 1.8 to 3.4d",DEL_DS_05,DEL_DS_06,Destination projected to breach safety stock within 31.7h (DoC: 1.8d). Source retains surplus stock above protection threshold (Post-transfer DoC: 3.0d). Distance is 4.7km within configured limit.
421,20260629,MUM_DS_06,33,BEVE_TEA _03,Beverages,Inter-Store Misallocation / Impending Shortage,30,Redistribute Stock,48,31.9,"Avoids $3,473.28 lost sales; lifts DoC from 1.8 to 2.6d",MUM_DS_10,MUM_DS_06,Destination projected to breach safety stock within 31.9h (DoC: 1.8d). Source retains surplus stock above protection threshold (Post-transfer DoC: 3.1d). Distance is 3.0km within configured limit.
422,20260629,MUM_DS_09,40,BEVE_WATE_10,Beverages,Inter-Store Misallocation / Impending Shortage,30,Redistribute Stock,148,31.9,"Avoids $20,287.84 lost sales; lifts DoC from 1.8 to 3.5d",MUM_DS_05,MUM_DS_09,Destination projected to breach safety stock within 31.9h (DoC: 1.8d). Source retains surplus stock above protection threshold (Post-transfer DoC: 9.6d). Distance is 4.5km within configured limit.
423,20260629,MUM_DS_09,40,BEVE_WATE_10,Beverages,Stock Below Reorder Point,30,Scheduled Replenishment,508,31.9,Protects $0.00 sales exposure; targets 659 units,Regional Distribution Center,MUM_DS_09,Projected inventory (153) breached ROP (313). Target: 659.
424,20260629,BEN_DS_04,3,DAIR_BUTT_03,Dairy,Inter-Store Misallocation / Impending Shortage,30,Redistribute Stock,120,32.0,"Avoids $8,481.60 lost sales; lifts DoC from 1.8 to 3.3d",BEN_DS_09,BEN_DS_04,Destination projected to breach safety stock within 32.0h (DoC: 1.8d). Source retains surplus stock above protection threshold (Post-transfer DoC: 6.7d). Distance is 3.2km within configured limit.
425,20260629,MUM_DS_03,2,DAIR_CURD_02,Dairy,Inter-Store Misallocation / Impending Shortage,30,Redistribute Stock,112,32.2,"Avoids $5,286.40 lost sales; lifts DoC from 1.8 to 3.5d",MUM_DS_06,MUM_DS_03,Destination projected to breach safety stock within 32.2h (DoC: 1.8d). Source retains surplus stock above protection threshold (Post-transfer DoC: 3.4d). Distance is 3.8km within configured limit.
426,20260629,BEN_DS_08,33,BEVE_TEA _03,Beverages,Inter-Store Misallocation / Impending Shortage,30,Redistribute Stock,80,32.4,"Avoids $5,788.80 lost sales; lifts DoC from 1.8 to 3.5d",BEN_DS_04,BEN_DS_08,Destination projected to breach safety stock within 32.4h (DoC: 1.8d). Source retains surplus stock above protection threshold (Post-transfer DoC: 3.4d). Distance is 5.4km within configured limit.
427,20260629,BEN_DS_05,70,SNAC_NUTS_10,Snacks,Inter-Store Misallocation / Impending Shortage,30,Redistribute Stock,84,32.6,"Avoids $10,871.28 lost sales; lifts DoC from 1.8 to 3.4d",BEN_DS_07,BEN_DS_05,Destination projected to breach safety stock within 32.6h (DoC: 1.8d). Source retains surplus stock above protection threshold (Post-transfer DoC: 7.0d). Distance is 3.8km within configured limit.
428,20260629,DEL_DS_08,68,SNAC_NAMK_08,Snacks,Inter-Store Misallocation / Impending Shortage,30,Redistribute Stock,78,32.6,"Avoids $13,941.72 lost sales; lifts DoC from 1.8 to 3.5d",DEL_DS_02,DEL_DS_08,Destination projected to breach safety stock within 32.6h (DoC: 1.8d). Source retains surplus stock above protection threshold (Post-transfer DoC: 5.7d). Distance is 0.7km within configured limit.
429,20260629,DEL_DS_10,1,DAIR_MILK_01,Dairy,Inter-Store Misallocation / Impending Shortage,30,Redistribute Stock,104,32.6,"Avoids $9,903.92 lost sales; lifts DoC from 1.8 to 3.5d",DEL_DS_03,DEL_DS_10,Destination projected to breach safety stock within 32.6h (DoC: 1.8d). Source retains surplus stock above protection threshold (Post-transfer DoC: 4.7d). Distance is 3.2km within configured limit.
430,20260629,DEL_DS_08,68,SNAC_NAMK_08,Snacks,Stock Below Reorder Point,30,Scheduled Replenishment,270,32.6,Protects $0.00 sales exposure; targets 349 units,Regional Distribution Center,DEL_DS_08,Projected inventory (84) breached ROP (93). Target: 349.
431,20260629,MUM_DS_08,6,DAIR_MILK_06,Dairy,Inter-Store Misallocation / Impending Shortage,30,Redistribute Stock,36,32.8,"Avoids $1,832.40 lost sales; lifts DoC from 1.8 to 2.3d",MUM_DS_07,MUM_DS_08,Destination projected to breach safety stock within 32.8h (DoC: 1.8d). Source retains surplus stock above protection threshold (Post-transfer DoC: 2.8d). Distance is 1.7km within configured limit.
432,20260629,HYD_DS_09,281,PET _PET _11,Pet Care,Stock Below Reorder Point,30,Scheduled Replenishment,28,35.5,Protects $0.00 sales exposure; targets 35 units,Regional Distribution Center,HYD_DS_09,Projected inventory (8) breached ROP (23). Target: 35.
433,20260629,MUM_DS_04,35,BEVE_WATE_05,Beverages,Stock Below Reorder Point,30,Scheduled Replenishment,348,60.5,Protects $0.00 sales exposure; targets 539 units,Regional Distribution Center,MUM_DS_04,Projected inventory (199) breached ROP (302). Target: 539.
434,20260629,MUM_DS_06,72,SNAC_BISC_12,Snacks,Inter-Store Misallocation / Impending Shortage,29,Redistribute Stock,144,20.0,"Avoids $21,648.06 lost sales; lifts DoC from 1.1 to 3.4d",MUM_DS_04,MUM_DS_06,Destination projected to breach safety stock within 20.0h (DoC: 1.1d). Source retains surplus stock above protection threshold (Post-transfer DoC: 3.3d). Distance is 3.2km within configured limit.
435,20260629,HYD_DS_09,142,FRUI_EXOT_22,Fruits & Vegetables,Inter-Store Misallocation / Impending Shortage,29,Redistribute Stock,80,20.0,"Avoids $5,120.00 lost sales; lifts DoC from 1.1 to 2.3d",HYD_DS_04,HYD_DS_09,Destination projected to breach safety stock within 20.0h (DoC: 1.1d). Source retains surplus stock above protection threshold (Post-transfer DoC: 3.1d). Distance is 2.2km within configured limit.
436,20260629,MUM_DS_06,72,SNAC_BISC_12,Snacks,Stock Below Reorder Point,29,Scheduled Replenishment,408,20.0,"Protects $10,824.03 sales exposure; targets 471 units",Regional Distribution Center,MUM_DS_06,Projected inventory (70) breached ROP (125). Target: 471.
437,20260629,HYD_DS_09,142,FRUI_EXOT_22,Fruits & Vegetables,Stock Below Reorder Point,29,Scheduled Replenishment,424,20.0,"Protects $4,200.96 sales exposure; targets 493 units",Regional Distribution Center,HYD_DS_09,Projected inventory (73) breached ROP (132). Target: 493.
438,20260629,DEL_DS_02,22,DAIR_CURD_22,Dairy,Inter-Store Misallocation / Impending Shortage,29,Redistribute Stock,84,20.2,"Avoids $4,514.16 lost sales; lifts DoC from 1.1 to 2.6d",DEL_DS_08,DEL_DS_02,Destination projected to breach safety stock within 20.2h (DoC: 1.1d). Source retains surplus stock above protection threshold (Post-transfer DoC: 3.0d). Distance is 0.7km within configured limit.
439,20260629,DEL_DS_07,74,SNAC_CHOC_14,Snacks,Inter-Store Misallocation / Impending Shortage,29,Redistribute Stock,120,20.3,"Avoids $6,844.20 lost sales; lifts DoC from 1.1 to 3.5d",DEL_DS_10,DEL_DS_07,Destination projected to breach safety stock within 20.3h (DoC: 1.1d). Source retains surplus stock above protection threshold (Post-transfer DoC: 4.4d). Distance is 3.4km within configured limit.
440,20260629,DEL_DS_07,74,SNAC_CHOC_14,Snacks,Stock Below Reorder Point,29,Scheduled Replenishment,328,20.3,"Protects $3,393.25 sales exposure; targets 379 units",Regional Distribution Center,DEL_DS_07,Projected inventory (57) breached ROP (127). Target: 379.
441,20260629,DEL_DS_09,106,PACK_NOOD_16,Packaged Foods,Inter-Store Misallocation / Impending Shortage,29,Redistribute Stock,80,20.5,"Avoids $14,513.46 lost sales; lifts DoC from 1.1 to 3.5d",DEL_DS_03,DEL_DS_09,Destination projected to breach safety stock within 20.5h (DoC: 1.1d). Source retains surplus stock above protection threshold (Post-transfer DoC: 4.2d). Distance is 1.7km within configured limit.
442,20260629,MUM_DS_06,98,PACK_SAUC_08,Packaged Foods,Inter-Store Misallocation / Impending Shortage,29,Redistribute Stock,24,20.5,"Avoids $5,333.28 lost sales; lifts DoC from 1.1 to 2.5d",MUM_DS_10,MUM_DS_06,Destination projected to breach safety stock within 20.5h (DoC: 1.1d). Source retains surplus stock above protection threshold (Post-transfer DoC: 3.5d). Distance is 3.0km within configured limit.
443,20260629,MUM_DS_06,98,PACK_SAUC_08,Packaged Foods,Stock Below Reorder Point,29,Scheduled Replenishment,120,20.5,"Protects $3,904.41 sales exposure; targets 133 units",Regional Distribution Center,MUM_DS_06,Projected inventory (20) breached ROP (37). Target: 133.
444,20260629,MUM_DS_09,71,SNAC_CHIP_11,Snacks,Inter-Store Misallocation / Impending Shortage,29,Redistribute Stock,132,21.1,"Avoids $7,708.86 lost sales; lifts DoC from 1.2 to 3.5d",MUM_DS_05,MUM_DS_09,Destination projected to breach safety stock within 21.1h (DoC: 1.2d). Source retains surplus stock above protection threshold (Post-transfer DoC: 5.1d). Distance is 4.5km within configured limit.
445,20260629,MUM_DS_02,157,STAP_RICE_07,Staples,Inter-Store Misallocation / Impending Shortage,29,Redistribute Stock,30,21.1,"Avoids $4,297.50 lost sales; lifts DoC from 1.2 to 2.3d",MUM_DS_03,MUM_DS_02,Destination projected to breach safety stock within 21.1h (DoC: 1.2d). Source retains surplus stock above protection threshold (Post-transfer DoC: 3.1d). Distance is 5.8km within configured limit.
446,20260629,MUM_DS_09,71,SNAC_CHIP_11,Snacks,Stock Below Reorder Point,29,Scheduled Replenishment,360,21.1,"Protects $3,840.10 sales exposure; targets 423 units",Regional Distribution Center,MUM_DS_09,Projected inventory (66) breached ROP (113). Target: 423.
447,20260629,MUM_DS_02,157,STAP_RICE_07,Staples,Stock Below Reorder Point,29,Scheduled Replenishment,162,21.1,"Protects $3,672.93 sales exposure; targets 191 units",Regional Distribution Center,MUM_DS_02,Projected inventory (30) breached ROP (37). Target: 191.
448,20260629,MUM_DS_02,134,FRUI_SEAS_14,Fruits & Vegetables,Inter-Store Misallocation / Impending Shortage,29,Redistribute Stock,144,21.4,"Avoids $4,971.12 lost sales; lifts DoC from 1.2 to 3.4d",MUM_DS_04,MUM_DS_02,Destination projected to breach safety stock within 21.4h (DoC: 1.2d). Source retains surplus stock above protection threshold (Post-transfer DoC: 3.1d). Distance is 6.5km within configured limit.
449,20260629,MUM_DS_02,134,FRUI_SEAS_14,Fruits & Vegetables,Stock Below Reorder Point,29,Scheduled Replenishment,408,21.4,"Protects $2,472.00 sales exposure; targets 486 units",Regional Distribution Center,MUM_DS_02,Projected inventory (78) breached ROP (92). Target: 486.
450,20260629,BEN_DS_07,179,STAP_EDIB_29,Staples,Inter-Store Misallocation / Impending Shortage,29,Redistribute Stock,72,23.0,"Avoids $35,855.28 lost sales; lifts DoC from 1.3 to 3.1d",BEN_DS_05,BEN_DS_07,Destination projected to breach safety stock within 23.0h (DoC: 1.3d). Source retains surplus stock above protection threshold (Post-transfer DoC: 4.9d). Distance is 3.8km within configured limit.
451,20260629,BEN_DS_07,179,STAP_EDIB_29,Staples,Stock Below Reorder Point,29,Scheduled Replenishment,264,23.0,"Protects $19,775.18 sales exposure; targets 304 units",Regional Distribution Center,BEN_DS_07,Projected inventory (51) breached ROP (106). Target: 304.
452,20260629,DEL_DS_09,139,FRUI_SEAS_19,Fruits & Vegetables,Inter-Store Misallocation / Impending Shortage,29,Redistribute Stock,176,25.4,"Avoids $14,033.50 lost sales; lifts DoC from 1.4 to 3.5d",DEL_DS_03,DEL_DS_09,Destination projected to breach safety stock within 25.4h (DoC: 1.4d). Source retains surplus stock above protection threshold (Post-transfer DoC: 3.5d). Distance is 1.7km within configured limit.
453,20260629,MUM_DS_02,255,BABY_BABY_15,Baby Care,Inter-Store Misallocation / Impending Shortage,29,Redistribute Stock,42,25.6,"Avoids $21,001.26 lost sales; lifts DoC from 1.4 to 3.3d",MUM_DS_03,MUM_DS_02,Destination projected to breach safety stock within 25.6h (DoC: 1.4d). Source retains surplus stock above protection threshold (Post-transfer DoC: 7.2d). Distance is 5.8km within configured limit.
454,20260629,MUM_DS_02,255,BABY_BABY_15,Baby Care,Stock Below Reorder Point,29,Scheduled Replenishment,144,25.6,Protects $0.00 sales exposure; targets 175 units,Regional Distribution Center,MUM_DS_02,Projected inventory (32) breached ROP (85). Target: 175.
455,20260629,BEN_DS_07,106,PACK_NOOD_16,Packaged Foods,Inter-Store Misallocation / Impending Shortage,29,Redistribute Stock,64,31.5,"Avoids $13,461.76 lost sales; lifts DoC from 1.8 to 3.5d",BEN_DS_05,BEN_DS_07,Destination projected to breach safety stock within 31.5h (DoC: 1.8d). Source retains surplus stock above protection threshold (Post-transfer DoC: 6.1d). Distance is 3.8km within configured limit.
456,20260629,BEN_DS_07,106,PACK_NOOD_16,Packaged Foods,Stock Below Reorder Point,29,Scheduled Replenishment,232,31.5,Protects $0.00 sales exposure; targets 289 units,Regional Distribution Center,BEN_DS_07,Projected inventory (63) breached ROP (109). Target: 289.
457,20260629,DEL_DS_04,5,DAIR_PANE_05,Dairy,Inter-Store Misallocation / Impending Shortage,29,Redistribute Stock,64,32.9,"Avoids $6,022.40 lost sales; lifts DoC from 1.8 to 3.3d",DEL_DS_03,DEL_DS_04,Destination projected to breach safety stock within 32.9h (DoC: 1.8d). Source retains surplus stock above protection threshold (Post-transfer DoC: 3.0d). Distance is 9.4km within configured limit.
458,20260629,DEL_DS_06,3,DAIR_BUTT_03,Dairy,Inter-Store Misallocation / Impending Shortage,29,Redistribute Stock,144,32.9,"Avoids $10,177.92 lost sales; lifts DoC from 1.8 to 3.4d",DEL_DS_02,DEL_DS_06,Destination projected to breach safety stock within 32.9h (DoC: 1.8d). Source retains surplus stock above protection threshold (Post-transfer DoC: 3.2d). Distance is 5.1km within configured limit.
459,20260629,MUM_DS_09,7,DAIR_CURD_07,Dairy,Inter-Store Misallocation / Impending Shortage,29,Redistribute Stock,144,33.1,"Avoids $22,318.56 lost sales; lifts DoC from 1.8 to 3.4d",MUM_DS_04,MUM_DS_09,Destination projected to breach safety stock within 33.1h (DoC: 1.8d). Source retains surplus stock above protection threshold (Post-transfer DoC: 4.3d). Distance is 14.2km within configured limit.
460,20260629,BEN_DS_09,38,BEVE_TEA _08,Beverages,Inter-Store Misallocation / Impending Shortage,29,Redistribute Stock,96,33.3,"Avoids $4,638.72 lost sales; lifts DoC from 1.9 to 3.4d",BEN_DS_06,BEN_DS_09,Destination projected to breach safety stock within 33.3h (DoC: 1.9d). Source retains surplus stock above protection threshold (Post-transfer DoC: 4.5d). Distance is 2.2km within configured limit.
461,20260629,BEN_DS_09,70,SNAC_NUTS_10,Snacks,Inter-Store Misallocation / Impending Shortage,29,Redistribute Stock,96,33.3,"Avoids $12,424.32 lost sales; lifts DoC from 1.9 to 3.5d",BEN_DS_08,BEN_DS_09,Destination projected to breach safety stock within 33.3h (DoC: 1.9d). Source retains surplus stock above protection threshold (Post-transfer DoC: 3.7d). Distance is 2.2km within configured limit.
462,20260629,DEL_DS_02,127,FRUI_EXOT_07,Fruits & Vegetables,Inter-Store Misallocation / Impending Shortage,29,Redistribute Stock,72,33.3,"Avoids $8,421.84 lost sales; lifts DoC from 1.9 to 3.1d",DEL_DS_08,DEL_DS_02,Destination projected to breach safety stock within 33.3h (DoC: 1.9d). Source retains surplus stock above protection threshold (Post-transfer DoC: 5.7d). Distance is 0.7km within configured limit.
463,20260629,DEL_DS_08,1,DAIR_MILK_01,Dairy,Inter-Store Misallocation / Impending Shortage,29,Redistribute Stock,112,33.3,"Avoids $10,665.76 lost sales; lifts DoC from 1.9 to 3.4d",DEL_DS_01,DEL_DS_08,Destination projected to breach safety stock within 33.3h (DoC: 1.9d). Source retains surplus stock above protection threshold (Post-transfer DoC: 3.3d). Distance is 1.2km within configured limit.
464,20260629,BEN_DS_09,38,BEVE_TEA _08,Beverages,Stock Below Reorder Point,29,Scheduled Replenishment,360,33.3,Protects $0.00 sales exposure; targets 452 units,Regional Distribution Center,BEN_DS_09,Projected inventory (112) breached ROP (119). Target: 452.
465,20260629,BEN_DS_09,70,SNAC_NUTS_10,Snacks,Stock Below Reorder Point,29,Scheduled Replenishment,342,33.3,Protects $0.00 sales exposure; targets 448 units,Regional Distribution Center,BEN_DS_09,Projected inventory (111) breached ROP (118). Target: 448.
466,20260629,BEN_DS_05,128,FRUI_DAIL_08,Fruits & Vegetables,Inter-Store Misallocation / Impending Shortage,29,Redistribute Stock,48,33.5,"Avoids $4,863.84 lost sales; lifts DoC from 1.9 to 3.2d",BEN_DS_07,BEN_DS_05,Destination projected to breach safety stock within 33.5h (DoC: 1.9d). Source retains surplus stock above protection threshold (Post-transfer DoC: 3.7d). Distance is 3.8km within configured limit.
467,20260629,DEL_DS_04,32,BEVE_COLD_02,Beverages,Inter-Store Misallocation / Impending Shortage,29,Redistribute Stock,152,33.7,"Avoids $15,466.00 lost sales; lifts DoC from 1.9 to 3.5d",DEL_DS_06,DEL_DS_04,Destination projected to breach safety stock within 33.7h (DoC: 1.9d). Source retains surplus stock above protection threshold (Post-transfer DoC: 2.9d). Distance is 7.3km within configured limit.
468,20260629,DEL_DS_04,122,FRUI_EXOT_02,Fruits & Vegetables,Inter-Store Misallocation / Impending Shortage,29,Redistribute Stock,120,33.8,"Avoids $13,435.20 lost sales; lifts DoC from 1.9 to 3.5d",DEL_DS_06,DEL_DS_04,Destination projected to breach safety stock within 33.8h (DoC: 1.9d). Source retains surplus stock above protection threshold (Post-transfer DoC: 5.4d). Distance is 7.3km within configured limit.
469,20260629,HYD_DS_09,67,SNAC_BISC_07,Snacks,Inter-Store Misallocation / Impending Shortage,29,Redistribute Stock,120,33.8,"Avoids $13,677.60 lost sales; lifts DoC from 1.9 to 3.5d",HYD_DS_08,HYD_DS_09,Destination projected to breach safety stock within 33.8h (DoC: 1.9d). Source retains surplus stock above protection threshold (Post-transfer DoC: 3.2d). Distance is 1.6km within configured limit.
470,20260629,DEL_DS_04,66,SNAC_CHIP_06,Snacks,Inter-Store Misallocation / Impending Shortage,29,Redistribute Stock,112,34.0,"Avoids $5,140.80 lost sales; lifts DoC from 1.9 to 3.5d",DEL_DS_06,DEL_DS_04,Destination projected to breach safety stock within 34.0h (DoC: 1.9d). Source retains surplus stock above protection threshold (Post-transfer DoC: 2.9d). Distance is 7.3km within configured limit.
471,20260629,MUM_DS_02,65,SNAC_NUTS_05,Snacks,Inter-Store Misallocation / Impending Shortage,29,Redistribute Stock,120,34.0,"Avoids $16,111.20 lost sales; lifts DoC from 1.9 to 3.3d",MUM_DS_03,MUM_DS_02,Destination projected to breach safety stock within 34.0h (DoC: 1.9d). Source retains surplus stock above protection threshold (Post-transfer DoC: 6.5d). Distance is 5.8km within configured limit.
472,20260629,MUM_DS_02,65,SNAC_NUTS_05,Snacks,Stock Below Reorder Point,29,Scheduled Replenishment,480,34.0,Protects $0.00 sales exposure; targets 635 units,Regional Distribution Center,MUM_DS_02,Projected inventory (161) breached ROP (167). Target: 635.
473,20260629,DEL_DS_06,125,FRUI_CUT _05,Fruits & Vegetables,Inter-Store Misallocation / Impending Shortage,29,Redistribute Stock,32,34.2,"Avoids $1,621.12 lost sales; lifts DoC from 1.9 to 2.7d",DEL_DS_05,DEL_DS_06,Destination projected to breach safety stock within 34.2h (DoC: 1.9d). Source retains surplus stock above protection threshold (Post-transfer DoC: 3.3d). Distance is 4.7km within configured limit.
474,20260629,MUM_DS_06,34,BEVE_ENER_04,Beverages,Inter-Store Misallocation / Impending Shortage,29,Redistribute Stock,96,34.2,"Avoids $5,990.40 lost sales; lifts DoC from 1.9 to 3.5d",MUM_DS_10,MUM_DS_06,Destination projected to breach safety stock within 34.2h (DoC: 1.9d). Source retains surplus stock above protection threshold (Post-transfer DoC: 3.2d). Distance is 3.0km within configured limit.
475,20260629,DEL_DS_01,228,HOUS_CLEA_18,Household,Stock Below Reorder Point,29,Scheduled Replenishment,64,34.6,Protects $0.00 sales exposure; targets 75 units,Regional Distribution Center,DEL_DS_01,Projected inventory (17) breached ROP (30). Target: 75.
476,20260629,DEL_DS_10,202,PERS_HAIR_22,Personal Care,Inter-Store Misallocation / Impending Shortage,28,Redistribute Stock,24,13.5,"Avoids $1,333.42 lost sales; lifts DoC from 0.8 to 3.0d",DEL_DS_03,DEL_DS_10,Destination projected to breach safety stock within 13.5h (DoC: 0.8d). Source retains surplus stock above protection threshold (Post-transfer DoC: 3.6d). Distance is 3.2km within configured limit.
477,20260629,BEN_DS_10,297,PET _PET _27,Pet Care,Inter-Store Misallocation / Impending Shortage,28,Redistribute Stock,28,18.2,"Avoids $3,361.54 lost sales; lifts DoC from 1.0 to 3.2d",BEN_DS_04,BEN_DS_10,Destination projected to breach safety stock within 18.2h (DoC: 1.0d). Source retains surplus stock above protection threshold (Post-transfer DoC: 3.5d). Distance is 1.1km within configured limit.
478,20260629,BEN_DS_10,297,PET _PET _27,Pet Care,Stock Below Reorder Point,28,Scheduled Replenishment,88,18.2,"Protects $1,671.72 sales exposure; targets 98 units",Regional Distribution Center,BEN_DS_10,Projected inventory (13) breached ROP (33). Target: 98.
479,20260629,HYD_DS_10,161,STAP_ATTA_11,Staples,Inter-Store Misallocation / Impending Shortage,28,Redistribute Stock,16,21.6,"Avoids $6,810.72 lost sales; lifts DoC from 1.2 to 2.1d",HYD_DS_07,HYD_DS_10,Destination projected to breach safety stock within 21.6h (DoC: 1.2d). Source retains surplus stock above protection threshold (Post-transfer DoC: 3.3d). Distance is 6.0km within configured limit.
480,20260629,MUM_DS_02,115,PACK_READ_25,Packaged Foods,Inter-Store Misallocation / Impending Shortage,28,Redistribute Stock,42,21.6,"Avoids $9,950.22 lost sales; lifts DoC from 1.2 to 3.1d",MUM_DS_03,MUM_DS_02,Destination projected to breach safety stock within 21.6h (DoC: 1.2d). Source retains surplus stock above protection threshold (Post-transfer DoC: 3.1d). Distance is 5.8km within configured limit.
481,20260629,DEL_DS_02,98,PACK_SAUC_08,Packaged Foods,Inter-Store Misallocation / Impending Shortage,28,Redistribute Stock,12,21.6,"Avoids $2,666.64 lost sales; lifts DoC from 1.2 to 1.9d",DEL_DS_08,DEL_DS_02,Destination projected to breach safety stock within 21.6h (DoC: 1.2d). Source retains surplus stock above protection threshold (Post-transfer DoC: 3.2d). Distance is 0.7km within configured limit.
482,20260629,HYD_DS_10,161,STAP_ATTA_11,Staples,Stock Below Reorder Point,28,Scheduled Replenishment,104,21.6,"Protects $7,112.95 sales exposure; targets 123 units",Regional Distribution Center,HYD_DS_10,Projected inventory (20) breached ROP (23). Target: 123.
483,20260629,MUM_DS_02,115,PACK_READ_25,Packaged Foods,Stock Below Reorder Point,28,Scheduled Replenishment,144,21.6,"Protects $5,347.06 sales exposure; targets 167 units",Regional Distribution Center,MUM_DS_02,Projected inventory (27) breached ROP (32). Target: 167.
484,20260629,MUM_DS_06,96,PACK_NOOD_06,Packaged Foods,Inter-Store Misallocation / Impending Shortage,28,Redistribute Stock,60,21.8,"Avoids $10,840.20 lost sales; lifts DoC from 1.2 to 3.0d",MUM_DS_10,MUM_DS_06,Destination projected to breach safety stock within 21.8h (DoC: 1.2d). Source retains surplus stock above protection threshold (Post-transfer DoC: 3.3d). Distance is 3.0km within configured limit.
485,20260629,MUM_DS_01,49,BEVE_ENER_19,Beverages,Inter-Store Misallocation / Impending Shortage,28,Redistribute Stock,168,21.8,"Avoids $6,514.20 lost sales; lifts DoC from 1.2 to 3.4d",MUM_DS_09,MUM_DS_01,Destination projected to breach safety stock within 21.8h (DoC: 1.2d). Source retains surplus stock above protection threshold (Post-transfer DoC: 5.0d). Distance is 7.2km within configured limit.
486,20260629,MUM_DS_02,141,FRUI_FRES_21,Fruits & Vegetables,Inter-Store Misallocation / Impending Shortage,28,Redistribute Stock,92,21.8,"Avoids $1,793.08 lost sales; lifts DoC from 1.2 to 2.4d",MUM_DS_04,MUM_DS_02,Destination projected to breach safety stock within 21.8h (DoC: 1.2d). Source retains surplus stock above protection threshold (Post-transfer DoC: 2.9d). Distance is 6.5km within configured limit.
487,20260629,MUM_DS_06,96,PACK_NOOD_06,Packaged Foods,Stock Below Reorder Point,28,Scheduled Replenishment,216,21.8,"Protects $5,962.11 sales exposure; targets 247 units",Regional Distribution Center,MUM_DS_06,Projected inventory (40) breached ROP (66). Target: 247.
488,20260629,MUM_DS_01,49,BEVE_ENER_19,Beverages,Stock Below Reorder Point,28,Scheduled Replenishment,492,21.8,"Protects $3,254.14 sales exposure; targets 581 units",Regional Distribution Center,MUM_DS_01,Projected inventory (93) breached ROP (158). Target: 581.
489,20260629,MUM_DS_02,141,FRUI_FRES_21,Fruits & Vegetables,Stock Below Reorder Point,28,Scheduled Replenishment,476,21.8,"Protects $1,502.09 sales exposure; targets 569 units",Regional Distribution Center,MUM_DS_02,Projected inventory (93) breached ROP (107). Target: 569.
490,20260629,MUM_DS_02,103,PACK_SAUC_13,Packaged Foods,Inter-Store Misallocation / Impending Shortage,28,Redistribute Stock,32,22.0,"Avoids $4,129.92 lost sales; lifts DoC from 1.2 to 2.5d",MUM_DS_03,MUM_DS_02,Destination projected to breach safety stock within 22.0h (DoC: 1.2d). Source retains surplus stock above protection threshold (Post-transfer DoC: 3.1d). Distance is 5.8km within configured limit.
491,20260629,MUM_DS_09,300,PET _CAT _30,Pet Care,Inter-Store Misallocation / Impending Shortage,28,Redistribute Stock,6,22.0,"Avoids $1,695.12 lost sales; lifts DoC from 1.2 to 1.8d",MUM_DS_03,MUM_DS_09,Destination projected to breach safety stock within 22.0h (DoC: 1.2d). Source retains surplus stock above protection threshold (Post-transfer DoC: 3.5d). Distance is 13.8km within configured limit.
492,20260629,BEN_DS_08,94,PACK_BREA_04,Packaged Foods,Inter-Store Misallocation / Impending Shortage,28,Redistribute Stock,24,22.0,"Avoids $1,963.44 lost sales; lifts DoC from 1.2 to 2.4d",BEN_DS_09,BEN_DS_08,Destination projected to breach safety stock within 22.0h (DoC: 1.2d). Source retains surplus stock above protection threshold (Post-transfer DoC: 3.0d). Distance is 2.2km within configured limit.
493,20260629,MUM_DS_09,300,PET _CAT _30,Pet Care,Stock Below Reorder Point,28,Scheduled Replenishment,78,22.0,"Protects $3,229.20 sales exposure; targets 89 units",Regional Distribution Center,MUM_DS_09,Projected inventory (14) breached ROP (31). Target: 89.
494,20260629,BEN_DS_07,78,SNAC_NAMK_18,Snacks,Inter-Store Misallocation / Impending Shortage,28,Redistribute Stock,162,22.3,"Avoids $19,726.92 lost sales; lifts DoC from 1.2 to 3.4d",BEN_DS_06,BEN_DS_07,Destination projected to breach safety stock within 22.3h (DoC: 1.2d). Source retains surplus stock above protection threshold (Post-transfer DoC: 3.7d). Distance is 5.4km within configured limit.
495,20260629,MUM_DS_09,18,DAIR_BUTT_18,Dairy,Inter-Store Misallocation / Impending Shortage,28,Redistribute Stock,48,22.3,"Avoids $9,755.52 lost sales; lifts DoC from 1.2 to 2.3d",MUM_DS_05,MUM_DS_09,Destination projected to breach safety stock within 22.3h (DoC: 1.2d). Source retains surplus stock above protection threshold (Post-transfer DoC: 2.9d). Distance is 4.5km within configured limit.
496,20260629,HYD_DS_07,114,PACK_BREA_24,Packaged Foods,Inter-Store Misallocation / Impending Shortage,28,Redistribute Stock,48,22.3,"Avoids $2,579.28 lost sales; lifts DoC from 1.2 to 3.5d",HYD_DS_09,HYD_DS_07,Destination projected to breach safety stock within 22.3h (DoC: 1.2d). Source retains surplus stock above protection threshold (Post-transfer DoC: 4.9d). Distance is 9.5km within configured limit.
497,20260629,BEN_DS_07,78,SNAC_NAMK_18,Snacks,Stock Below Reorder Point,28,Scheduled Replenishment,468,22.3,"Protects $9,815.48 sales exposure; targets 559 units",Regional Distribution Center,BEN_DS_07,Projected inventory (91) breached ROP (191). Target: 559.
498,20260629,MUM_DS_09,18,DAIR_BUTT_18,Dairy,Stock Below Reorder Point,28,Scheduled Replenishment,294,22.3,"Protects $9,538.05 sales exposure; targets 348 units",Regional Distribution Center,MUM_DS_09,Projected inventory (58) breached ROP (90). Target: 348.
499,20260629,HYD_DS_07,114,PACK_BREA_24,Packaged Foods,Stock Below Reorder Point,28,Scheduled Replenishment,144,22.3,"Protects $1,272.64 sales exposure; targets 165 units",Regional Distribution Center,HYD_DS_07,Projected inventory (27) breached ROP (57). Target: 165.
500,20260629,BEN_DS_08,259,BABY_BABY_19,Baby Care,Inter-Store Misallocation / Impending Shortage,28,Redistribute Stock,12,22.5,"Avoids $4,341.96 lost sales; lifts DoC from 1.2 to 2.1d",BEN_DS_04,BEN_DS_08,Destination projected to breach safety stock within 22.5h (DoC: 1.2d). Source retains surplus stock above protection threshold (Post-transfer DoC: 4.1d). Distance is 5.4km within configured limit.
501,20260629,BEN_DS_08,259,BABY_BABY_19,Baby Care,Stock Below Reorder Point,28,Scheduled Replenishment,96,22.5,"Protects $5,195.88 sales exposure; targets 110 units",Regional Distribution Center,BEN_DS_08,Projected inventory (18) breached ROP (38). Target: 110.
502,20260629,MUM_DS_09,270,BABY_BABY_30,Baby Care,Inter-Store Misallocation / Impending Shortage,28,Redistribute Stock,36,22.7,"Avoids $21,352.32 lost sales; lifts DoC from 1.3 to 3.2d",MUM_DS_04,MUM_DS_09,Destination projected to breach safety stock within 22.7h (DoC: 1.3d). Source retains surplus stock above protection threshold (Post-transfer DoC: 3.4d). Distance is 14.2km within configured limit.
503,20260629,MUM_DS_08,24,DAIR_CHEE_24,Dairy,Inter-Store Misallocation / Impending Shortage,28,Redistribute Stock,168,22.7,"Avoids $16,076.60 lost sales; lifts DoC from 1.3 to 3.4d",MUM_DS_07,MUM_DS_08,Destination projected to breach safety stock within 22.7h (DoC: 1.3d). Source retains surplus stock above protection threshold (Post-transfer DoC: 14.0d). Distance is 1.7km within configured limit.
504,20260629,DEL_DS_05,51,BEVE_JUIC_21,Beverages,Inter-Store Misallocation / Impending Shortage,28,Redistribute Stock,76,22.7,"Avoids $5,775.00 lost sales; lifts DoC from 1.3 to 3.5d",DEL_DS_02,DEL_DS_05,Destination projected to breach safety stock within 22.7h (DoC: 1.3d). Source retains surplus stock above protection threshold (Post-transfer DoC: 8.2d). Distance is 1.7km within configured limit.
505,20260629,MUM_DS_09,270,BABY_BABY_30,Baby Care,Stock Below Reorder Point,28,Scheduled Replenishment,120,22.7,"Protects $11,269.28 sales exposure; targets 143 units",Regional Distribution Center,MUM_DS_09,Projected inventory (24) breached ROP (29). Target: 143.
506,20260629,MUM_DS_08,24,DAIR_CHEE_24,Dairy,Stock Below Reorder Point,28,Scheduled Replenishment,504,22.7,"Protects $8,038.30 sales exposure; targets 592 units",Regional Distribution Center,MUM_DS_08,Projected inventory (98) breached ROP (282). Target: 592.
507,20260629,DEL_DS_05,51,BEVE_JUIC_21,Beverages,Stock Below Reorder Point,28,Scheduled Replenishment,220,22.7,"Protects $2,870.18 sales exposure; targets 263 units",Regional Distribution Center,DEL_DS_05,Projected inventory (44) breached ROP (89). Target: 263.
508,20260629,MUM_DS_02,20,DAIR_PANE_20,Dairy,Inter-Store Misallocation / Impending Shortage,28,Redistribute Stock,186,22.9,"Avoids $23,720.10 lost sales; lifts DoC from 1.3 to 3.5d",MUM_DS_04,MUM_DS_02,Destination projected to breach safety stock within 22.9h (DoC: 1.3d). Source retains surplus stock above protection threshold (Post-transfer DoC: 3.2d). Distance is 6.5km within configured limit.
509,20260629,MUM_DS_03,265,BABY_DIAP_25,Baby Care,Inter-Store Misallocation / Impending Shortage,28,Redistribute Stock,54,22.9,"Avoids $8,818.20 lost sales; lifts DoC from 1.3 to 2.5d",MUM_DS_04,MUM_DS_03,Destination projected to breach safety stock within 22.9h (DoC: 1.3d). Source retains surplus stock above protection threshold (Post-transfer DoC: 3.1d). Distance is 0.9km within configured limit.
510,20260629,MUM_DS_02,23,DAIR_BUTT_23,Dairy,Inter-Store Misallocation / Impending Shortage,28,Redistribute Stock,96,22.9,"Avoids $5,484.48 lost sales; lifts DoC from 1.3 to 2.2d",MUM_DS_10,MUM_DS_02,Destination projected to breach safety stock within 22.9h (DoC: 1.3d). Source retains surplus stock above protection threshold (Post-transfer DoC: 3.0d). Distance is 10.3km within configured limit.
511,20260629,BEN_DS_08,176,STAP_ATTA_26,Staples,Inter-Store Misallocation / Impending Shortage,28,Redistribute Stock,30,22.9,"Avoids $8,220.63 lost sales; lifts DoC from 1.3 to 3.4d",BEN_DS_09,BEN_DS_08,Destination projected to breach safety stock within 22.9h (DoC: 1.3d). Source retains surplus stock above protection threshold (Post-transfer DoC: 5.3d). Distance is 2.2km within configured limit.
512,20260629,MUM_DS_09,92,PACK_PAST_02,Packaged Foods,Inter-Store Misallocation / Impending Shortage,28,Redistribute Stock,56,22.9,"Avoids $2,940.56 lost sales; lifts DoC from 1.3 to 2.8d",MUM_DS_01,MUM_DS_09,Destination projected to breach safety stock within 22.9h (DoC: 1.3d). Source retains surplus stock above protection threshold (Post-transfer DoC: 2.9d). Distance is 7.2km within configured limit.
513,20260629,DEL_DS_07,146,FRUI_FRES_26,Fruits & Vegetables,Inter-Store Misallocation / Impending Shortage,28,Redistribute Stock,96,22.9,"Avoids $3,365.76 lost sales; lifts DoC from 1.3 to 3.0d",DEL_DS_03,DEL_DS_07,Destination projected to breach safety stock within 22.9h (DoC: 1.3d). Source retains surplus stock above protection threshold (Post-transfer DoC: 3.1d). Distance is 6.1km within configured limit.
514,20260629,MUM_DS_03,265,BABY_DIAP_25,Baby Care,Stock Below Reorder Point,28,Scheduled Replenishment,270,22.9,"Protects $7,092.12 sales exposure; targets 323 units",Regional Distribution Center,MUM_DS_03,Projected inventory (55) breached ROP (62). Target: 323.
515,20260629,MUM_DS_02,23,DAIR_BUTT_23,Dairy,Stock Below Reorder Point,28,Scheduled Replenishment,672,22.9,"Protects $6,116.91 sales exposure; targets 805 units",Regional Distribution Center,MUM_DS_02,Projected inventory (136) breached ROP (216). Target: 805.
516,20260629,BEN_DS_08,176,STAP_ATTA_26,Staples,Stock Below Reorder Point,28,Scheduled Replenishment,90,22.9,"Protects $4,008.27 sales exposure; targets 106 units",Regional Distribution Center,BEN_DS_08,Projected inventory (18) breached ROP (36). Target: 106.
517,20260629,MUM_DS_09,13,DAIR_BUTT_13,Dairy,Inter-Store Misallocation / Impending Shortage,28,Redistribute Stock,116,23.2,"Avoids $14,063.84 lost sales; lifts DoC from 1.3 to 2.7d",MUM_DS_03,MUM_DS_09,Destination projected to breach safety stock within 23.2h (DoC: 1.3d). Source retains surplus stock above protection threshold (Post-transfer DoC: 2.8d). Distance is 13.8km within configured limit.
518,20260629,HYD_DS_10,289,PET _PET _19,Pet Care,Stock Below Reorder Point,28,Scheduled Replenishment,96,27.0,Protects $0.00 sales exposure; targets 69 units,Regional Distribution Center,HYD_DS_10,Projected inventory (13) breached ROP (43). Target: 69.
519,20260629,BEN_DS_08,2,DAIR_CURD_02,Dairy,Inter-Store Misallocation / Impending Shortage,28,Redistribute Stock,84,34.4,"Avoids $3,964.80 lost sales; lifts DoC from 1.9 to 3.5d",BEN_DS_06,BEN_DS_08,Destination projected to breach safety stock within 34.4h (DoC: 1.9d). Source retains surplus stock above protection threshold (Post-transfer DoC: 3.5d). Distance is 2.9km within configured limit.
520,20260629,BEN_DS_10,37,BEVE_COLD_07,Beverages,Inter-Store Misallocation / Impending Shortage,28,Redistribute Stock,68,34.4,"Avoids $6,364.12 lost sales; lifts DoC from 1.9 to 3.4d",BEN_DS_05,BEN_DS_10,Destination projected to breach safety stock within 34.4h (DoC: 1.9d). Source retains surplus stock above protection threshold (Post-transfer DoC: 4.2d). Distance is 3.8km within configured limit.
521,20260629,DEL_DS_04,33,BEVE_TEA _03,Beverages,Inter-Store Misallocation / Impending Shortage,28,Redistribute Stock,88,34.4,"Avoids $6,367.68 lost sales; lifts DoC from 1.9 to 3.5d",DEL_DS_03,DEL_DS_04,Destination projected to breach safety stock within 34.4h (DoC: 1.9d). Source retains surplus stock above protection threshold (Post-transfer DoC: 4.7d). Distance is 9.4km within configured limit.
522,20260629,MUM_DS_06,7,DAIR_CURD_07,Dairy,Inter-Store Misallocation / Impending Shortage,28,Redistribute Stock,120,34.4,"Avoids $18,598.80 lost sales; lifts DoC from 1.9 to 3.4d",MUM_DS_10,MUM_DS_06,Destination projected to breach safety stock within 34.4h (DoC: 1.9d). Source retains surplus stock above protection threshold (Post-transfer DoC: 3.5d). Distance is 3.0km within configured limit.
523,20260629,DEL_DS_09,126,FRUI_FRES_06,Fruits & Vegetables,Inter-Store Misallocation / Impending Shortage,28,Redistribute Stock,96,34.6,"Avoids $6,207.36 lost sales; lifts DoC from 1.9 to 3.4d",DEL_DS_03,DEL_DS_09,Destination projected to breach safety stock within 34.6h (DoC: 1.9d). Source retains surplus stock above protection threshold (Post-transfer DoC: 7.8d). Distance is 1.7km within configured limit.
524,20260629,MUM_DS_06,3,DAIR_BUTT_03,Dairy,Inter-Store Misallocation / Impending Shortage,28,Redistribute Stock,72,34.6,"Avoids $5,088.96 lost sales; lifts DoC from 1.9 to 2.7d",MUM_DS_10,MUM_DS_06,Destination projected to breach safety stock within 34.6h (DoC: 1.9d). Source retains surplus stock above protection threshold (Post-transfer DoC: 3.1d). Distance is 3.0km within configured limit.
525,20260629,DEL_DS_08,67,SNAC_BISC_07,Snacks,Inter-Store Misallocation / Impending Shortage,28,Redistribute Stock,92,34.7,"Avoids $10,486.16 lost sales; lifts DoC from 1.9 to 3.5d",DEL_DS_05,DEL_DS_08,Destination projected to breach safety stock within 34.7h (DoC: 1.9d). Source retains surplus stock above protection threshold (Post-transfer DoC: 3.8d). Distance is 2.4km within configured limit.
526,20260629,DEL_DS_09,2,DAIR_CURD_02,Dairy,Inter-Store Misallocation / Impending Shortage,28,Redistribute Stock,96,34.7,"Avoids $4,531.20 lost sales; lifts DoC from 1.9 to 3.5d",DEL_DS_08,DEL_DS_09,Destination projected to breach safety stock within 34.7h (DoC: 1.9d). Source retains surplus stock above protection threshold (Post-transfer DoC: 3.9d). Distance is 6.6km within configured limit.
527,20260629,HYD_DS_09,63,SNAC_NAMK_03,Snacks,Inter-Store Misallocation / Impending Shortage,28,Redistribute Stock,104,34.7,"Avoids $16,380.00 lost sales; lifts DoC from 1.9 to 3.4d",HYD_DS_04,HYD_DS_09,Destination projected to breach safety stock within 34.7h (DoC: 1.9d). Source retains surplus stock above protection threshold (Post-transfer DoC: 14.6d). Distance is 2.2km within configured limit.
528,20260629,HYD_DS_09,63,SNAC_NAMK_03,Snacks,Stock Below Reorder Point,28,Scheduled Replenishment,408,34.7,Protects $0.00 sales exposure; targets 541 units,Regional Distribution Center,HYD_DS_09,Projected inventory (136) breached ROP (260). Target: 541.
529,20260629,DEL_DS_07,34,BEVE_ENER_04,Beverages,Inter-Store Misallocation / Impending Shortage,28,Redistribute Stock,90,35.3,"Avoids $5,616.00 lost sales; lifts DoC from 2.0 to 3.5d",DEL_DS_10,DEL_DS_07,Destination projected to breach safety stock within 35.3h (DoC: 2.0d). Source retains surplus stock above protection threshold (Post-transfer DoC: 3.0d). Distance is 3.4km within configured limit.
530,20260629,BEN_DS_08,1,DAIR_MILK_01,Dairy,Inter-Store Misallocation / Impending Shortage,28,Redistribute Stock,104,35.6,"Avoids $9,903.92 lost sales; lifts DoC from 2.0 to 3.5d",BEN_DS_06,BEN_DS_08,Destination projected to breach safety stock within 35.6h (DoC: 2.0d). Source retains surplus stock above protection threshold (Post-transfer DoC: 3.6d). Distance is 2.9km within configured limit.
531,20260629,DEL_DS_02,5,DAIR_PANE_05,Dairy,Inter-Store Misallocation / Impending Shortage,28,Redistribute Stock,40,35.6,"Avoids $3,764.00 lost sales; lifts DoC from 2.0 to 2.9d",DEL_DS_08,DEL_DS_02,Destination projected to breach safety stock within 35.6h (DoC: 2.0d). Source retains surplus stock above protection threshold (Post-transfer DoC: 3.1d). Distance is 0.7km within configured limit.
532,20260629,DEL_DS_10,123,FRUI_DAIL_03,Fruits & Vegetables,Inter-Store Misallocation / Impending Shortage,28,Redistribute Stock,48,35.6,"Avoids $3,904.32 lost sales; lifts DoC from 2.0 to 3.5d",DEL_DS_09,DEL_DS_10,Destination projected to breach safety stock within 35.6h (DoC: 2.0d). Source retains surplus stock above protection threshold (Post-transfer DoC: 10.4d). Distance is 2.1km within configured limit.
533,20260629,MUM_DS_01,7,DAIR_CURD_07,Dairy,Inter-Store Misallocation / Impending Shortage,28,Redistribute Stock,72,35.6,"Avoids $11,159.28 lost sales; lifts DoC from 2.0 to 2.9d",MUM_DS_04,MUM_DS_01,Destination projected to breach safety stock within 35.6h (DoC: 2.0d). Source retains surplus stock above protection threshold (Post-transfer DoC: 3.1d). Distance is 8.9km within configured limit.
534,20260629,HYD_DS_05,33,BEVE_TEA _03,Beverages,Inter-Store Misallocation / Impending Shortage,28,Redistribute Stock,72,35.6,"Avoids $5,209.92 lost sales; lifts DoC from 2.0 to 3.5d",HYD_DS_03,HYD_DS_05,Destination projected to breach safety stock within 35.6h (DoC: 2.0d). Source retains surplus stock above protection threshold (Post-transfer DoC: 5.3d). Distance is 2.6km within configured limit.
535,20260629,BEN_DS_08,7,DAIR_CURD_07,Dairy,Inter-Store Misallocation / Impending Shortage,28,Redistribute Stock,96,35.8,"Avoids $14,879.04 lost sales; lifts DoC from 2.0 to 3.4d",BEN_DS_09,BEN_DS_08,Destination projected to breach safety stock within 35.8h (DoC: 2.0d). Source retains surplus stock above protection threshold (Post-transfer DoC: 3.9d). Distance is 2.2km within configured limit.
536,20260629,DEL_DS_09,125,FRUI_CUT _05,Fruits & Vegetables,Inter-Store Misallocation / Impending Shortage,28,Redistribute Stock,56,35.8,"Avoids $2,836.96 lost sales; lifts DoC from 2.0 to 3.4d",DEL_DS_10,DEL_DS_09,Destination projected to breach safety stock within 35.8h (DoC: 2.0d). Source retains surplus stock above protection threshold (Post-transfer DoC: 4.7d). Distance is 2.1km within configured limit.
537,20260629,DEL_DS_04,1,DAIR_MILK_01,Dairy,Inter-Store Misallocation / Impending Shortage,28,Redistribute Stock,104,36.0,"Avoids $9,903.92 lost sales; lifts DoC from 2.0 to 3.2d",DEL_DS_03,DEL_DS_04,Destination projected to breach safety stock within 36.0h (DoC: 2.0d). Source retains surplus stock above protection threshold (Post-transfer DoC: 3.0d). Distance is 9.4km within configured limit.
538,20260629,MUM_DS_06,70,SNAC_NUTS_10,Snacks,Inter-Store Misallocation / Impending Shortage,28,Redistribute Stock,96,36.0,"Avoids $12,424.32 lost sales; lifts DoC from 2.0 to 3.5d",MUM_DS_10,MUM_DS_06,Destination projected to breach safety stock within 36.0h (DoC: 2.0d). Source retains surplus stock above protection threshold (Post-transfer DoC: 5.9d). Distance is 3.0km within configured limit.
539,20260629,HYD_DS_09,6,DAIR_MILK_06,Dairy,Inter-Store Misallocation / Impending Shortage,28,Redistribute Stock,138,36.0,"Avoids $7,024.20 lost sales; lifts DoC from 2.0 to 3.5d",HYD_DS_02,HYD_DS_09,Destination projected to breach safety stock within 36.0h (DoC: 2.0d). Source retains surplus stock above protection threshold (Post-transfer DoC: 4.2d). Distance is 2.8km within configured limit.
540,20260629,DEL_DS_07,122,FRUI_EXOT_02,Fruits & Vegetables,Stock Below Reorder Point,28,Scheduled Replenishment,496,40.5,Protects $0.00 sales exposure; targets 677 units,Regional Distribution Center,DEL_DS_07,Projected inventory (185) breached ROP (265). Target: 677.
541,20260629,DEL_DS_06,215,HOUS_REPE_05,Household,Inter-Store Misallocation / Impending Shortage,27,Redistribute Stock,28,20.3,"Avoids $1,592.29 lost sales; lifts DoC from 1.1 to 3.6d",DEL_DS_05,DEL_DS_06,Destination projected to breach safety stock within 20.3h (DoC: 1.1d). Source retains surplus stock above protection threshold (Post-transfer DoC: 5.7d). Distance is 4.7km within configured limit.
542,20260629,DEL_DS_06,215,HOUS_REPE_05,Household,Stock Below Reorder Point,27,Scheduled Replenishment,76,20.3,Protects $796.15 sales exposure; targets 88 units,Regional Distribution Center,DEL_DS_06,Projected inventory (13) breached ROP (30). Target: 88.
543,20260629,MUM_DS_09,265,BABY_DIAP_25,Baby Care,Inter-Store Misallocation / Impending Shortage,27,Redistribute Stock,66,23.4,"Avoids $10,777.80 lost sales; lifts DoC from 1.3 to 2.8d",MUM_DS_05,MUM_DS_09,Destination projected to breach safety stock within 23.4h (DoC: 1.3d). Source retains surplus stock above protection threshold (Post-transfer DoC: 3.0d). Distance is 4.5km within configured limit.
544,20260629,DEL_DS_09,120,PACK_READ_30,Packaged Foods,Inter-Store Misallocation / Impending Shortage,27,Redistribute Stock,48,23.4,"Avoids $5,624.16 lost sales; lifts DoC from 1.3 to 2.8d",DEL_DS_03,DEL_DS_09,Destination projected to breach safety stock within 23.4h (DoC: 1.3d). Source retains surplus stock above protection threshold (Post-transfer DoC: 5.7d). Distance is 1.7km within configured limit.
545,20260629,HYD_DS_10,71,SNAC_CHIP_11,Snacks,Inter-Store Misallocation / Impending Shortage,27,Redistribute Stock,102,23.4,"Avoids $6,412.68 lost sales; lifts DoC from 1.3 to 3.5d",HYD_DS_07,HYD_DS_10,Destination projected to breach safety stock within 23.4h (DoC: 1.3d). Source retains surplus stock above protection threshold (Post-transfer DoC: 4.1d). Distance is 6.0km within configured limit.
546,20260629,MUM_DS_09,265,BABY_DIAP_25,Baby Care,Stock Below Reorder Point,27,Scheduled Replenishment,276,23.4,"Protects $7,266.85 sales exposure; targets 330 units",Regional Distribution Center,MUM_DS_09,Projected inventory (58) breached ROP (63). Target: 330.
547,20260629,HYD_DS_10,71,SNAC_CHIP_11,Snacks,Stock Below Reorder Point,27,Scheduled Replenishment,288,23.4,"Protects $3,192.01 sales exposure; targets 349 units",Regional Distribution Center,HYD_DS_10,Projected inventory (61) breached ROP (92). Target: 349.
548,20260629,DEL_DS_06,139,FRUI_SEAS_19,Fruits & Vegetables,Inter-Store Misallocation / Impending Shortage,27,Redistribute Stock,184,23.6,"Avoids $14,281.15 lost sales; lifts DoC from 1.3 to 3.5d",DEL_DS_05,DEL_DS_06,Destination projected to breach safety stock within 23.6h (DoC: 1.3d). Source retains surplus stock above protection threshold (Post-transfer DoC: 12.9d). Distance is 4.7km within configured limit.
549,20260629,HYD_DS_09,46,BEVE_JUIC_16,Beverages,Inter-Store Misallocation / Impending Shortage,27,Redistribute Stock,168,23.6,"Avoids $5,291.55 lost sales; lifts DoC from 1.3 to 3.4d",HYD_DS_08,HYD_DS_09,Destination projected to breach safety stock within 23.6h (DoC: 1.3d). Source retains surplus stock above protection threshold (Post-transfer DoC: 11.8d). Distance is 1.6km within configured limit.
550,20260629,DEL_DS_06,139,FRUI_SEAS_19,Fruits & Vegetables,Stock Below Reorder Point,27,Scheduled Replenishment,552,23.6,"Protects $7,105.08 sales exposure; targets 659 units",Regional Distribution Center,DEL_DS_06,Projected inventory (113) breached ROP (315). Target: 659.
551,20260629,HYD_DS_09,46,BEVE_JUIC_16,Beverages,Stock Below Reorder Point,27,Scheduled Replenishment,528,23.6,"Protects $2,634.23 sales exposure; targets 624 units",Regional Distribution Center,HYD_DS_09,Projected inventory (108) breached ROP (214). Target: 624.
552,20260629,MUM_DS_02,137,FRUI_EXOT_17,Fruits & Vegetables,Inter-Store Misallocation / Impending Shortage,27,Redistribute Stock,216,23.8,"Avoids $5,480.35 lost sales; lifts DoC from 1.3 to 3.3d",MUM_DS_10,MUM_DS_02,Destination projected to breach safety stock within 23.8h (DoC: 1.3d). Source retains surplus stock above protection threshold (Post-transfer DoC: 3.3d). Distance is 10.3km within configured limit.
553,20260629,MUM_DS_02,137,FRUI_EXOT_17,Fruits & Vegetables,Stock Below Reorder Point,27,Scheduled Replenishment,660,23.8,"Protects $2,734.82 sales exposure; targets 794 units",Regional Distribution Center,MUM_DS_02,Projected inventory (142) breached ROP (150). Target: 794.
554,20260629,MUM_DS_06,100,PACK_READ_10,Packaged Foods,Inter-Store Misallocation / Impending Shortage,27,Redistribute Stock,80,23.9,"Avoids $8,728.80 lost sales; lifts DoC from 1.3 to 3.2d",MUM_DS_10,MUM_DS_06,Destination projected to breach safety stock within 23.9h (DoC: 1.3d). Source retains surplus stock above protection threshold (Post-transfer DoC: 3.5d). Distance is 3.0km within configured limit.
555,20260629,MUM_DS_01,279,PET _DOG _09,Pet Care,Inter-Store Misallocation / Impending Shortage,27,Redistribute Stock,24,23.9,"Avoids $5,805.36 lost sales; lifts DoC from 1.3 to 3.3d",MUM_DS_09,MUM_DS_01,Destination projected to breach safety stock within 23.9h (DoC: 1.3d). Source retains surplus stock above protection threshold (Post-transfer DoC: 5.3d). Distance is 7.2km within configured limit.
556,20260629,DEL_DS_07,28,DAIR_BUTT_28,Dairy,Inter-Store Misallocation / Impending Shortage,27,Redistribute Stock,48,23.9,"Avoids $1,880.16 lost sales; lifts DoC from 1.3 to 2.4d",DEL_DS_10,DEL_DS_07,Destination projected to breach safety stock within 23.9h (DoC: 1.3d). Source retains surplus stock above protection threshold (Post-transfer DoC: 3.2d). Distance is 3.4km within configured limit.
557,20260629,MUM_DS_06,100,PACK_READ_10,Packaged Foods,Stock Below Reorder Point,27,Scheduled Replenishment,272,23.9,"Protects $4,605.53 sales exposure; targets 324 units",Regional Distribution Center,MUM_DS_06,Projected inventory (56) breached ROP (155). Target: 324.
558,20260629,MUM_DS_01,279,PET _DOG _09,Pet Care,Stock Below Reorder Point,27,Scheduled Replenishment,80,23.9,"Protects $2,919.61 sales exposure; targets 94 units",Regional Distribution Center,MUM_DS_01,Projected inventory (16) breached ROP (34). Target: 94.
559,20260629,DEL_DS_07,28,DAIR_BUTT_28,Dairy,Stock Below Reorder Point,27,Scheduled Replenishment,312,23.9,"Protects $1,826.89 sales exposure; targets 357 units",Regional Distribution Center,DEL_DS_07,Projected inventory (62) breached ROP (124). Target: 357.
560,20260629,DEL_DS_09,258,BABY_BABY_18,Baby Care,Inter-Store Misallocation / Impending Shortage,27,Redistribute Stock,24,24.1,"Avoids $13,254.96 lost sales; lifts DoC from 1.3 to 2.7d",DEL_DS_01,DEL_DS_09,Destination projected to breach safety stock within 24.1h (DoC: 1.3d). Source retains surplus stock above protection threshold (Post-transfer DoC: 3.8d). Distance is 7.7km within configured limit.
561,20260629,MUM_DS_02,58,BEVE_TEA _28,Beverages,Inter-Store Misallocation / Impending Shortage,27,Redistribute Stock,96,24.1,"Avoids $9,590.40 lost sales; lifts DoC from 1.3 to 2.5d",MUM_DS_03,MUM_DS_02,Destination projected to breach safety stock within 24.1h (DoC: 1.3d). Source retains surplus stock above protection threshold (Post-transfer DoC: 3.2d). Distance is 5.8km within configured limit.
562,20260629,MUM_DS_02,58,BEVE_TEA _28,Beverages,Stock Below Reorder Point,27,Scheduled Replenishment,504,24.1,Protects $0.00 sales exposure; targets 609 units,Regional Distribution Center,MUM_DS_02,Projected inventory (109) breached ROP (204). Target: 609.
563,20260629,MUM_DS_09,20,DAIR_PANE_20,Dairy,Inter-Store Misallocation / Impending Shortage,27,Redistribute Stock,24,24.3,"Avoids $3,348.72 lost sales; lifts DoC from 1.4 to 1.6d",MUM_DS_04,MUM_DS_09,Destination projected to breach safety stock within 24.3h (DoC: 1.4d). Source retains surplus stock above protection threshold (Post-transfer DoC: 2.8d). Distance is 14.2km within configured limit.
564,20260629,MUM_DS_09,111,PACK_NOOD_21,Packaged Foods,Inter-Store Misallocation / Impending Shortage,27,Redistribute Stock,52,24.3,"Avoids $7,716.80 lost sales; lifts DoC from 1.4 to 3.1d",MUM_DS_05,MUM_DS_09,Destination projected to breach safety stock within 24.3h (DoC: 1.4d). Source retains surplus stock above protection threshold (Post-transfer DoC: 3.0d). Distance is 4.5km within configured limit.
565,20260629,MUM_DS_10,263,BABY_BABY_23,Baby Care,Inter-Store Misallocation / Impending Shortage,27,Redistribute Stock,36,24.3,"Avoids $13,212.40 lost sales; lifts DoC from 1.4 to 3.5d",MUM_DS_06,MUM_DS_10,Destination projected to breach safety stock within 24.3h (DoC: 1.4d). Source retains surplus stock above protection threshold (Post-transfer DoC: 4.0d). Distance is 3.0km within configured limit.
566,20260629,HYD_DS_10,14,DAIR_CHEE_14,Dairy,Inter-Store Misallocation / Impending Shortage,27,Redistribute Stock,168,24.3,"Avoids $30,903.12 lost sales; lifts DoC from 1.4 to 3.4d",HYD_DS_07,HYD_DS_10,Destination projected to breach safety stock within 24.3h (DoC: 1.4d). Source retains surplus stock above protection threshold (Post-transfer DoC: 5.2d). Distance is 6.0km within configured limit.
567,20260629,MUM_DS_09,111,PACK_NOOD_21,Packaged Foods,Stock Below Reorder Point,27,Scheduled Replenishment,184,24.3,Protects $0.00 sales exposure; targets 223 units,Regional Distribution Center,MUM_DS_09,Projected inventory (41) breached ROP (41). Target: 223.
568,20260629,MUM_DS_10,263,BABY_BABY_23,Baby Care,Stock Below Reorder Point,27,Scheduled Replenishment,4,24.3,Protects $0.00 sales exposure; targets 130 units,Regional Distribution Center,MUM_DS_10,Projected inventory (23) breached ROP (45). Target: 130. Scaled down to respect dark store physical capacity buffer.
569,20260629,HYD_DS_10,14,DAIR_CHEE_14,Dairy,Stock Below Reorder Point,27,Scheduled Replenishment,504,24.3,Protects $0.00 sales exposure; targets 606 units,Regional Distribution Center,HYD_DS_10,Projected inventory (109) breached ROP (204). Target: 606.
570,20260629,BEN_DS_07,149,FRUI_SEAS_29,Fruits & Vegetables,Inter-Store Misallocation / Impending Shortage,27,Redistribute Stock,120,24.5,"Avoids $12,477.60 lost sales; lifts DoC from 1.4 to 3.3d",BEN_DS_05,BEN_DS_07,Destination projected to breach safety stock within 24.5h (DoC: 1.4d). Source retains surplus stock above protection threshold (Post-transfer DoC: 4.9d). Distance is 3.8km within configured limit.
571,20260629,DEL_DS_04,259,BABY_BABY_19,Baby Care,Inter-Store Misallocation / Impending Shortage,27,Redistribute Stock,36,24.5,"Avoids $12,302.22 lost sales; lifts DoC from 1.4 to 3.5d",DEL_DS_06,DEL_DS_04,Destination projected to breach safety stock within 24.5h (DoC: 1.4d). Source retains surplus stock above protection threshold (Post-transfer DoC: 5.8d). Distance is 7.3km within configured limit.
572,20260629,BEN_DS_07,149,FRUI_SEAS_29,Fruits & Vegetables,Stock Below Reorder Point,27,Scheduled Replenishment,384,24.5,Protects $0.00 sales exposure; targets 459 units,Regional Distribution Center,BEN_DS_07,Projected inventory (83) breached ROP (123). Target: 459.
573,20260629,MUM_DS_01,48,BEVE_TEA _18,Beverages,Inter-Store Misallocation / Impending Shortage,27,Redistribute Stock,66,24.7,"Avoids $3,610.20 lost sales; lifts DoC from 1.4 to 2.6d",MUM_DS_09,MUM_DS_01,Destination projected to breach safety stock within 24.7h (DoC: 1.4d). Source retains surplus stock above protection threshold (Post-transfer DoC: 3.1d). Distance is 7.2km within configured limit.
574,20260629,MUM_DS_01,48,BEVE_TEA _18,Beverages,Stock Below Reorder Point,27,Scheduled Replenishment,336,24.7,Protects $0.00 sales exposure; targets 405 units,Regional Distribution Center,MUM_DS_01,Projected inventory (74) breached ROP (108). Target: 405.
575,20260629,DEL_DS_06,31,BEVE_JUIC_01,Beverages,Stock Below Reorder Point,27,Scheduled Replenishment,492,36.2,Protects $0.00 sales exposure; targets 662 units,Regional Distribution Center,DEL_DS_06,Projected inventory (173) breached ROP (318). Target: 662.
576,20260629,BEN_DS_04,64,SNAC_CHOC_04,Snacks,Stock Below Reorder Point,27,Scheduled Replenishment,408,36.7,Protects $0.00 sales exposure; targets 548 units,Regional Distribution Center,BEN_DS_04,Projected inventory (147) breached ROP (188). Target: 548.
577,20260629,BEN_DS_08,64,SNAC_CHOC_04,Snacks,Stock Below Reorder Point,27,Scheduled Replenishment,392,36.7,Protects $0.00 sales exposure; targets 530 units,Regional Distribution Center,BEN_DS_08,Projected inventory (143) breached ROP (180). Target: 530.
578,20260629,DEL_DS_06,40,BEVE_WATE_10,Beverages,Stock Below Reorder Point,27,Scheduled Replenishment,452,37.4,Protects $0.00 sales exposure; targets 619 units,Regional Distribution Center,DEL_DS_06,Projected inventory (167) breached ROP (297). Target: 619.
579,20260629,MUM_DS_04,63,SNAC_NAMK_03,Snacks,Stock Below Reorder Point,27,Scheduled Replenishment,312,37.4,Protects $0.00 sales exposure; targets 418 units,Regional Distribution Center,MUM_DS_04,Projected inventory (113) breached ROP (200). Target: 418.
580,20260629,MUM_DS_03,39,BEVE_ENER_09,Beverages,Stock Below Reorder Point,27,Scheduled Replenishment,376,52.9,Protects $0.00 sales exposure; targets 557 units,Regional Distribution Center,MUM_DS_03,Projected inventory (188) breached ROP (237). Target: 557.
581,20260629,MUM_DS_02,172,STAP_RICE_22,Staples,Inter-Store Misallocation / Impending Shortage,26,Redistribute Stock,48,24.8,"Avoids $21,186.72 lost sales; lifts DoC from 1.4 to 2.8d",MUM_DS_04,MUM_DS_02,Destination projected to breach safety stock within 24.8h (DoC: 1.4d). Source retains surplus stock above protection threshold (Post-transfer DoC: 3.0d). Distance is 6.5km within configured limit.
582,20260629,MUM_DS_09,46,BEVE_JUIC_16,Beverages,Inter-Store Misallocation / Impending Shortage,26,Redistribute Stock,120,24.8,"Avoids $3,848.40 lost sales; lifts DoC from 1.4 to 2.6d",MUM_DS_05,MUM_DS_09,Destination projected to breach safety stock within 24.8h (DoC: 1.4d). Source retains surplus stock above protection threshold (Post-transfer DoC: 3.1d). Distance is 4.5km within configured limit.
583,20260629,MUM_DS_02,172,STAP_RICE_22,Staples,Stock Below Reorder Point,26,Scheduled Replenishment,208,24.8,Protects $0.00 sales exposure; targets 247 units,Regional Distribution Center,MUM_DS_02,Projected inventory (46) breached ROP (47). Target: 247.
584,20260629,MUM_DS_09,46,BEVE_JUIC_16,Beverages,Stock Below Reorder Point,26,Scheduled Replenishment,600,24.8,Protects $0.00 sales exposure; targets 721 units,Regional Distribution Center,MUM_DS_09,Projected inventory (132) breached ROP (243). Target: 721.
585,20260629,MUM_DS_02,165,STAP_SPIC_15,Staples,Inter-Store Misallocation / Impending Shortage,26,Redistribute Stock,24,25.0,"Avoids $7,124.16 lost sales; lifts DoC from 1.4 to 2.1d",MUM_DS_04,MUM_DS_02,Destination projected to breach safety stock within 25.0h (DoC: 1.4d). Source retains surplus stock above protection threshold (Post-transfer DoC: 3.0d). Distance is 6.5km within configured limit.
586,20260629,MUM_DS_02,165,STAP_SPIC_15,Staples,Stock Below Reorder Point,26,Scheduled Replenishment,204,25.0,Protects $0.00 sales exposure; targets 251 units,Regional Distribution Center,MUM_DS_02,Projected inventory (47) breached ROP (47). Target: 251.
587,20260629,MUM_DS_09,172,STAP_RICE_22,Staples,Inter-Store Misallocation / Impending Shortage,26,Redistribute Stock,40,25.2,"Avoids $17,655.60 lost sales; lifts DoC from 1.4 to 2.6d",MUM_DS_01,MUM_DS_09,Destination projected to breach safety stock within 25.2h (DoC: 1.4d). Source retains surplus stock above protection threshold (Post-transfer DoC: 3.2d). Distance is 7.2km within configured limit.
588,20260629,MUM_DS_09,175,STAP_SPIC_25,Staples,Inter-Store Misallocation / Impending Shortage,26,Redistribute Stock,40,25.2,"Avoids $14,133.20 lost sales; lifts DoC from 1.4 to 3.3d",MUM_DS_04,MUM_DS_09,Destination projected to breach safety stock within 25.2h (DoC: 1.4d). Source retains surplus stock above protection threshold (Post-transfer DoC: 4.1d). Distance is 14.2km within configured limit.
589,20260629,HYD_DS_10,30,DAIR_PANE_30,Dairy,Inter-Store Misallocation / Impending Shortage,26,Redistribute Stock,72,25.2,"Avoids $11,948.40 lost sales; lifts DoC from 1.4 to 2.3d",HYD_DS_07,HYD_DS_10,Destination projected to breach safety stock within 25.2h (DoC: 1.4d). Source retains surplus stock above protection threshold (Post-transfer DoC: 3.4d). Distance is 6.0km within configured limit.
590,20260629,MUM_DS_09,172,STAP_RICE_22,Staples,Stock Below Reorder Point,26,Scheduled Replenishment,200,25.2,Protects $0.00 sales exposure; targets 244 units,Regional Distribution Center,MUM_DS_09,Projected inventory (46) breached ROP (46). Target: 244.
591,20260629,MUM_DS_09,175,STAP_SPIC_25,Staples,Stock Below Reorder Point,26,Scheduled Replenishment,136,25.2,Protects $0.00 sales exposure; targets 160 units,Regional Distribution Center,MUM_DS_09,Projected inventory (30) breached ROP (31). Target: 160.
592,20260629,HYD_DS_10,30,DAIR_PANE_30,Dairy,Stock Below Reorder Point,26,Scheduled Replenishment,480,25.2,Protects $0.00 sales exposure; targets 583 units,Regional Distribution Center,HYD_DS_10,Projected inventory (107) breached ROP (200). Target: 583.
593,20260629,BEN_DS_08,174,STAP_EDIB_24,Staples,Inter-Store Misallocation / Impending Shortage,26,Redistribute Stock,66,25.4,"Avoids $33,770.22 lost sales; lifts DoC from 1.4 to 3.4d",BEN_DS_06,BEN_DS_08,Destination projected to breach safety stock within 25.4h (DoC: 1.4d). Source retains surplus stock above protection threshold (Post-transfer DoC: 10.1d). Distance is 2.9km within configured limit.
594,20260629,MUM_DS_01,28,DAIR_BUTT_28,Dairy,Inter-Store Misallocation / Impending Shortage,26,Redistribute Stock,48,25.4,"Avoids $1,880.16 lost sales; lifts DoC from 1.4 to 2.4d",MUM_DS_09,MUM_DS_01,Destination projected to breach safety stock within 25.4h (DoC: 1.4d). Source retains surplus stock above protection threshold (Post-transfer DoC: 3.1d). Distance is 7.2km within configured limit.
595,20260629,MUM_DS_02,152,STAP_RICE_02,Staples,Inter-Store Misallocation / Impending Shortage,26,Redistribute Stock,90,25.4,"Avoids $20,116.14 lost sales; lifts DoC from 1.4 to 3.5d",MUM_DS_09,MUM_DS_02,Destination projected to breach safety stock within 25.4h (DoC: 1.4d). Source retains surplus stock above protection threshold (Post-transfer DoC: 2.9d). Distance is 16.1km within configured limit.
596,20260629,MUM_DS_06,248,BABY_BABY_08,Baby Care,Inter-Store Misallocation / Impending Shortage,26,Redistribute Stock,36,25.4,"Avoids $17,123.40 lost sales; lifts DoC from 1.4 to 2.8d",MUM_DS_02,MUM_DS_06,Destination projected to breach safety stock within 25.4h (DoC: 1.4d). Source retains surplus stock above protection threshold (Post-transfer DoC: 3.2d). Distance is 7.3km within configured limit.
597,20260629,BEN_DS_08,174,STAP_EDIB_24,Staples,Stock Below Reorder Point,26,Scheduled Replenishment,216,25.4,Protects $0.00 sales exposure; targets 260 units,Regional Distribution Center,BEN_DS_08,Projected inventory (48) breached ROP (124). Target: 260.
598,20260629,MUM_DS_01,28,DAIR_BUTT_28,Dairy,Stock Below Reorder Point,26,Scheduled Replenishment,336,25.4,Protects $0.00 sales exposure; targets 390 units,Regional Distribution Center,MUM_DS_01,Projected inventory (72) breached ROP (135). Target: 390.
599,20260629,MUM_DS_02,152,STAP_RICE_02,Staples,Stock Below Reorder Point,26,Scheduled Replenishment,258,25.4,Protects $0.00 sales exposure; targets 319 units,Regional Distribution Center,MUM_DS_02,Projected inventory (61) breached ROP (61). Target: 319.
600,20260629,MUM_DS_06,248,BABY_BABY_08,Baby Care,Stock Below Reorder Point,26,Scheduled Replenishment,174,25.4,Protects $0.00 sales exposure; targets 207 units,Regional Distribution Center,MUM_DS_06,Projected inventory (38) breached ROP (72). Target: 207.
601,20260629,DEL_DS_04,85,SNAC_NUTS_25,Snacks,Inter-Store Misallocation / Impending Shortage,26,Redistribute Stock,72,25.6,"Avoids $12,394.80 lost sales; lifts DoC from 1.4 to 3.3d",DEL_DS_03,DEL_DS_04,Destination projected to breach safety stock within 25.6h (DoC: 1.4d). Source retains surplus stock above protection threshold (Post-transfer DoC: 3.1d). Distance is 9.4km within configured limit.
602,20260629,MUM_DS_03,133,FRUI_DAIL_13,Fruits & Vegetables,Inter-Store Misallocation / Impending Shortage,26,Redistribute Stock,156,25.6,"Avoids $13,639.95 lost sales; lifts DoC from 1.4 to 3.5d",MUM_DS_10,MUM_DS_03,Destination projected to breach safety stock within 25.6h (DoC: 1.4d). Source retains surplus stock above protection threshold (Post-transfer DoC: 3.7d). Distance is 5.9km within configured limit.
603,20260629,MUM_DS_05,268,BABY_BABY_28,Baby Care,Inter-Store Misallocation / Impending Shortage,26,Redistribute Stock,32,25.6,"Avoids $4,137.28 lost sales; lifts DoC from 1.4 to 3.2d",MUM_DS_01,MUM_DS_05,Destination projected to breach safety stock within 25.6h (DoC: 1.4d). Source retains surplus stock above protection threshold (Post-transfer DoC: 8.7d). Distance is 8.6km within configured limit.
604,20260629,MUM_DS_03,133,FRUI_DAIL_13,Fruits & Vegetables,Stock Below Reorder Point,26,Scheduled Replenishment,474,25.6,Protects $0.00 sales exposure; targets 578 units,Regional Distribution Center,MUM_DS_03,Projected inventory (108) breached ROP (198). Target: 578.
605,20260629,MUM_DS_05,268,BABY_BABY_28,Baby Care,Stock Below Reorder Point,26,Scheduled Replenishment,120,25.6,Protects $0.00 sales exposure; targets 140 units,Regional Distribution Center,MUM_DS_05,Projected inventory (26) breached ROP (48). Target: 140.
606,20260629,DEL_DS_06,159,STAP_EDIB_09,Staples,Inter-Store Misallocation / Impending Shortage,26,Redistribute Stock,76,25.7,"Avoids $40,902.63 lost sales; lifts DoC from 1.4 to 3.5d",DEL_DS_05,DEL_DS_06,Destination projected to breach safety stock within 25.7h (DoC: 1.4d). Source retains surplus stock above protection threshold (Post-transfer DoC: 3.7d). Distance is 4.7km within configured limit.
607,20260629,MUM_DS_02,21,DAIR_MILK_21,Dairy,Inter-Store Misallocation / Impending Shortage,26,Redistribute Stock,144,25.7,"Avoids $8,565.12 lost sales; lifts DoC from 1.4 to 3.0d",MUM_DS_03,MUM_DS_02,Destination projected to breach safety stock within 25.7h (DoC: 1.4d). Source retains surplus stock above protection threshold (Post-transfer DoC: 3.0d). Distance is 5.8km within configured limit.
608,20260629,MUM_DS_09,131,FRUI_FRES_11,Fruits & Vegetables,Inter-Store Misallocation / Impending Shortage,26,Redistribute Stock,54,25.7,"Avoids $5,404.86 lost sales; lifts DoC from 1.4 to 2.4d",MUM_DS_08,MUM_DS_09,Destination projected to breach safety stock within 25.7h (DoC: 1.4d). Source retains surplus stock above protection threshold (Post-transfer DoC: 2.9d). Distance is 15.1km within configured limit.
609,20260629,MUM_DS_09,268,BABY_BABY_28,Baby Care,Inter-Store Misallocation / Impending Shortage,26,Redistribute Stock,40,25.7,"Avoids $5,171.60 lost sales; lifts DoC from 1.4 to 3.3d",MUM_DS_01,MUM_DS_09,Destination projected to breach safety stock within 25.7h (DoC: 1.4d). Source retains surplus stock above protection threshold (Post-transfer DoC: 6.5d). Distance is 7.2km within configured limit.
610,20260629,DEL_DS_06,159,STAP_EDIB_09,Staples,Stock Below Reorder Point,26,Scheduled Replenishment,228,25.7,Protects $0.00 sales exposure; targets 278 units,Regional Distribution Center,DEL_DS_06,Projected inventory (52) breached ROP (95). Target: 278.
611,20260629,MUM_DS_02,21,DAIR_MILK_21,Dairy,Stock Below Reorder Point,26,Scheduled Replenishment,576,25.7,Protects $0.00 sales exposure; targets 709 units,Regional Distribution Center,MUM_DS_02,Projected inventory (136) breached ROP (187). Target: 709.
612,20260629,MUM_DS_09,268,BABY_BABY_28,Baby Care,Stock Below Reorder Point,26,Scheduled Replenishment,136,25.7,Protects $0.00 sales exposure; targets 160 units,Regional Distribution Center,MUM_DS_09,Projected inventory (30) breached ROP (55). Target: 160.
613,20260629,MUM_DS_02,46,BEVE_JUIC_16,Beverages,Inter-Store Misallocation / Impending Shortage,26,Redistribute Stock,96,25.9,"Avoids $3,078.72 lost sales; lifts DoC from 1.4 to 2.4d",MUM_DS_03,MUM_DS_02,Destination projected to breach safety stock within 25.9h (DoC: 1.4d). Source retains surplus stock above protection threshold (Post-transfer DoC: 3.1d). Distance is 5.8km within configured limit.
614,20260629,MUM_DS_02,46,BEVE_JUIC_16,Beverages,Stock Below Reorder Point,26,Scheduled Replenishment,600,25.9,Protects $0.00 sales exposure; targets 725 units,Regional Distribution Center,MUM_DS_02,Projected inventory (139) breached ROP (243). Target: 725.
615,20260629,BEN_DS_03,262,BABY_BABY_22,Baby Care,Inter-Store Misallocation / Impending Shortage,26,Redistribute Stock,42,26.1,"Avoids $15,684.90 lost sales; lifts DoC from 1.4 to 2.7d",BEN_DS_02,BEN_DS_03,Destination projected to breach safety stock within 26.1h (DoC: 1.4d). Source retains surplus stock above protection threshold (Post-transfer DoC: 3.1d). Distance is 4.8km within configured limit.
616,20260629,BEN_DS_06,246,BABY_BABY_06,Baby Care,Inter-Store Misallocation / Impending Shortage,26,Redistribute Stock,54,26.1,"Avoids $8,766.90 lost sales; lifts DoC from 1.4 to 3.4d",BEN_DS_08,BEN_DS_06,Destination projected to breach safety stock within 26.1h (DoC: 1.4d). Source retains surplus stock above protection threshold (Post-transfer DoC: 4.2d). Distance is 2.9km within configured limit.
617,20260629,MUM_DS_01,106,PACK_NOOD_16,Packaged Foods,Inter-Store Misallocation / Impending Shortage,26,Redistribute Stock,64,26.1,"Avoids $13,461.76 lost sales; lifts DoC from 1.4 to 3.3d",MUM_DS_08,MUM_DS_01,Destination projected to breach safety stock within 26.1h (DoC: 1.4d). Source retains surplus stock above protection threshold (Post-transfer DoC: 7.0d). Distance is 8.1km within configured limit.
618,20260629,BEN_DS_03,262,BABY_BABY_22,Baby Care,Stock Below Reorder Point,26,Scheduled Replenishment,6,26.1,Protects $0.00 sales exposure; targets 262 units,Regional Distribution Center,BEN_DS_03,Projected inventory (50) breached ROP (89). Target: 262. Scaled down to respect dark store physical capacity buffer.
619,20260629,MUM_DS_01,106,PACK_NOOD_16,Packaged Foods,Stock Below Reorder Point,26,Scheduled Replenishment,216,26.1,Protects $0.00 sales exposure; targets 263 units,Regional Distribution Center,MUM_DS_01,Projected inventory (50) breached ROP (91). Target: 263.
620,20260629,MUM_DS_09,53,BEVE_TEA _23,Beverages,Inter-Store Misallocation / Impending Shortage,26,Redistribute Stock,128,26.3,"Avoids $4,659.20 lost sales; lifts DoC from 1.5 to 2.8d",MUM_DS_05,MUM_DS_09,Destination projected to breach safety stock within 26.3h (DoC: 1.5d). Source retains surplus stock above protection threshold (Post-transfer DoC: 3.0d). Distance is 4.5km within configured limit.
621,20260629,HYD_DS_07,141,FRUI_FRES_21,Fruits & Vegetables,Inter-Store Misallocation / Impending Shortage,26,Redistribute Stock,92,26.3,"Avoids $1,793.08 lost sales; lifts DoC from 1.5 to 3.4d",HYD_DS_08,HYD_DS_07,Destination projected to breach safety stock within 26.3h (DoC: 1.5d). Source retains surplus stock above protection threshold (Post-transfer DoC: 4.2d). Distance is 10.3km within configured limit.
622,20260629,MUM_DS_06,171,STAP_ATTA_21,Staples,Inter-Store Misallocation / Impending Shortage,26,Redistribute Stock,36,27.2,"Avoids $11,852.28 lost sales; lifts DoC from 1.5 to 3.1d",MUM_DS_04,MUM_DS_06,Destination projected to breach safety stock within 27.2h (DoC: 1.5d). Source retains surplus stock above protection threshold (Post-transfer DoC: 22.0d). Distance is 3.2km within configured limit.
623,20260629,MUM_DS_06,171,STAP_ATTA_21,Staples,Stock Below Reorder Point,26,Scheduled Replenishment,156,27.2,Protects $0.00 sales exposure; targets 181 units,Regional Distribution Center,MUM_DS_06,Projected inventory (35) breached ROP (111). Target: 181.
624,20260629,DEL_DS_02,28,DAIR_BUTT_28,Dairy,Inter-Store Misallocation / Impending Shortage,26,Redistribute Stock,72,30.6,"Avoids $2,820.24 lost sales; lifts DoC from 1.7 to 3.1d",DEL_DS_01,DEL_DS_02,Destination projected to breach safety stock within 30.6h (DoC: 1.7d). Source retains surplus stock above protection threshold (Post-transfer DoC: 4.8d). Distance is 1.2km within configured limit.
625,20260629,HYD_DS_05,153,STAP_DALS_03,Staples,Inter-Store Misallocation / Impending Shortage,26,Redistribute Stock,24,30.8,"Avoids $6,291.84 lost sales; lifts DoC from 1.7 to 3.2d",HYD_DS_01,HYD_DS_05,Destination projected to breach safety stock within 30.8h (DoC: 1.7d). Source retains surplus stock above protection threshold (Post-transfer DoC: 22.0d). Distance is 3.5km within configured limit.
626,20260629,HYD_DS_05,153,STAP_DALS_03,Staples,Stock Below Reorder Point,26,Scheduled Replenishment,120,30.8,Protects $0.00 sales exposure; targets 130 units,Regional Distribution Center,HYD_DS_05,Projected inventory (28) breached ROP (81). Target: 130.
627,20260629,MUM_DS_01,39,BEVE_ENER_09,Beverages,Stock Below Reorder Point,26,Scheduled Replenishment,280,38.2,Protects $0.00 sales exposure; targets 387 units,Regional Distribution Center,MUM_DS_01,Projected inventory (108) breached ROP (132). Target: 387.
628,20260629,MUM_DS_03,187,PERS_HAIR_07,Personal Care,Inter-Store Misallocation / Impending Shortage,25,Redistribute Stock,12,23.9,"Avoids $4,094.52 lost sales; lifts DoC from 1.3 to 2.8d",MUM_DS_04,MUM_DS_03,Destination projected to breach safety stock within 23.9h (DoC: 1.3d). Source retains surplus stock above protection threshold (Post-transfer DoC: 11.6d). Distance is 0.9km within configured limit.
629,20260629,MUM_DS_03,187,PERS_HAIR_07,Personal Care,Stock Below Reorder Point,25,Scheduled Replenishment,60,23.9,"Protects $2,828.63 sales exposure; targets 65 units",Regional Distribution Center,MUM_DS_03,Projected inventory (11) breached ROP (31). Target: 65.
630,20260629,MUM_DS_02,272,PET _CAT _02,Pet Care,Inter-Store Misallocation / Impending Shortage,25,Redistribute Stock,12,25.2,"Avoids $6,832.08 lost sales; lifts DoC from 1.4 to 3.3d",MUM_DS_03,MUM_DS_02,Destination projected to breach safety stock within 25.2h (DoC: 1.4d). Source retains surplus stock above protection threshold (Post-transfer DoC: 4.1d). Distance is 5.8km within configured limit.
631,20260629,MUM_DS_02,272,PET _CAT _02,Pet Care,Stock Below Reorder Point,25,Scheduled Replenishment,42,25.2,Protects $0.00 sales exposure; targets 51 units,Regional Distribution Center,MUM_DS_02,Projected inventory (9) breached ROP (25). Target: 51.
632,20260629,BEN_DS_01,147,FRUI_EXOT_27,Fruits & Vegetables,Inter-Store Misallocation / Impending Shortage,25,Redistribute Stock,104,26.5,"Avoids $2,173.60 lost sales; lifts DoC from 1.5 to 3.4d",BEN_DS_04,BEN_DS_01,Destination projected to breach safety stock within 26.5h (DoC: 1.5d). Source retains surplus stock above protection threshold (Post-transfer DoC: 3.2d). Distance is 1.3km within configured limit.
633,20260629,MUM_DS_02,29,DAIR_CHEE_29,Dairy,Inter-Store Misallocation / Impending Shortage,25,Redistribute Stock,56,26.5,"Avoids $12,849.20 lost sales; lifts DoC from 1.5 to 2.5d",MUM_DS_10,MUM_DS_02,Destination projected to breach safety stock within 26.5h (DoC: 1.5d). Source retains surplus stock above protection threshold (Post-transfer DoC: 3.0d). Distance is 10.3km within configured limit.
634,20260629,MUM_DS_02,243,BABY_BABY_03,Baby Care,Inter-Store Misallocation / Impending Shortage,25,Redistribute Stock,48,26.5,"Avoids $25,759.68 lost sales; lifts DoC from 1.5 to 3.5d",MUM_DS_03,MUM_DS_02,Destination projected to breach safety stock within 26.5h (DoC: 1.5d). Source retains surplus stock above protection threshold (Post-transfer DoC: 6.1d). Distance is 5.8km within configured limit.
635,20260629,MUM_DS_03,151,STAP_ATTA_01,Staples,Inter-Store Misallocation / Impending Shortage,25,Redistribute Stock,72,26.5,"Avoids $28,900.08 lost sales; lifts DoC from 1.5 to 3.3d",MUM_DS_01,MUM_DS_03,Destination projected to breach safety stock within 26.5h (DoC: 1.5d). Source retains surplus stock above protection threshold (Post-transfer DoC: 4.8d). Distance is 8.8km within configured limit.
636,20260629,HYD_DS_09,55,BEVE_WATE_25,Beverages,Inter-Store Misallocation / Impending Shortage,25,Redistribute Stock,144,26.5,"Avoids $11,027.52 lost sales; lifts DoC from 1.5 to 3.4d",HYD_DS_08,HYD_DS_09,Destination projected to breach safety stock within 26.5h (DoC: 1.5d). Source retains surplus stock above protection threshold (Post-transfer DoC: 3.6d). Distance is 1.6km within configured limit.
637,20260629,BEN_DS_01,147,FRUI_EXOT_27,Fruits & Vegetables,Stock Below Reorder Point,25,Scheduled Replenishment,328,26.5,Protects $0.00 sales exposure; targets 402 units,Regional Distribution Center,BEN_DS_01,Projected inventory (78) breached ROP (137). Target: 402.
638,20260629,MUM_DS_02,243,BABY_BABY_03,Baby Care,Stock Below Reorder Point,25,Scheduled Replenishment,150,26.5,Protects $0.00 sales exposure; targets 181 units,Regional Distribution Center,MUM_DS_02,Projected inventory (35) breached ROP (61). Target: 181.
639,20260629,HYD_DS_09,55,BEVE_WATE_25,Beverages,Stock Below Reorder Point,25,Scheduled Replenishment,456,26.5,Protects $0.00 sales exposure; targets 556 units,Regional Distribution Center,HYD_DS_09,Projected inventory (109) breached ROP (147). Target: 556.
640,20260629,BEN_DS_04,88,SNAC_NAMK_28,Snacks,Inter-Store Misallocation / Impending Shortage,25,Redistribute Stock,114,26.6,"Avoids $15,688.68 lost sales; lifts DoC from 1.5 to 3.5d",BEN_DS_10,BEN_DS_04,Destination projected to breach safety stock within 26.6h (DoC: 1.5d). Source retains surplus stock above protection threshold (Post-transfer DoC: 9.9d). Distance is 1.1km within configured limit.
641,20260629,BEN_DS_07,27,DAIR_CURD_27,Dairy,Inter-Store Misallocation / Impending Shortage,25,Redistribute Stock,124,26.6,"Avoids $12,606.26 lost sales; lifts DoC from 1.5 to 3.5d",BEN_DS_05,BEN_DS_07,Destination projected to breach safety stock within 26.6h (DoC: 1.5d). Source retains surplus stock above protection threshold (Post-transfer DoC: 5.8d). Distance is 3.8km within configured limit.
642,20260629,DEL_DS_02,91,PACK_NOOD_01,Packaged Foods,Inter-Store Misallocation / Impending Shortage,25,Redistribute Stock,24,26.6,"Avoids $5,764.32 lost sales; lifts DoC from 1.5 to 2.8d",DEL_DS_01,DEL_DS_02,Destination projected to breach safety stock within 26.6h (DoC: 1.5d). Source retains surplus stock above protection threshold (Post-transfer DoC: 9.1d). Distance is 1.2km within configured limit.
643,20260629,BEN_DS_04,88,SNAC_NAMK_28,Snacks,Stock Below Reorder Point,25,Scheduled Replenishment,354,26.6,Protects $0.00 sales exposure; targets 435 units,Regional Distribution Center,BEN_DS_04,Projected inventory (84) breached ROP (208). Target: 435.
644,20260629,BEN_DS_07,27,DAIR_CURD_27,Dairy,Stock Below Reorder Point,25,Scheduled Replenishment,380,26.6,Protects $0.00 sales exposure; targets 469 units,Regional Distribution Center,BEN_DS_07,Projected inventory (90) breached ROP (225). Target: 469.
645,20260629,DEL_DS_02,78,SNAC_NAMK_18,Snacks,Inter-Store Misallocation / Impending Shortage,25,Redistribute Stock,72,26.8,"Avoids $9,596.88 lost sales; lifts DoC from 1.5 to 2.5d",DEL_DS_08,DEL_DS_02,Destination projected to breach safety stock within 26.8h (DoC: 1.5d). Source retains surplus stock above protection threshold (Post-transfer DoC: 3.1d). Distance is 0.7km within configured limit.
646,20260629,DEL_DS_02,110,PACK_READ_20,Packaged Foods,Inter-Store Misallocation / Impending Shortage,25,Redistribute Stock,72,26.8,"Avoids $3,129.12 lost sales; lifts DoC from 1.5 to 3.4d",DEL_DS_08,DEL_DS_02,Destination projected to breach safety stock within 26.8h (DoC: 1.5d). Source retains surplus stock above protection threshold (Post-transfer DoC: 12.3d). Distance is 0.7km within configured limit.
647,20260629,MUM_DS_01,114,PACK_BREA_24,Packaged Foods,Inter-Store Misallocation / Impending Shortage,25,Redistribute Stock,60,26.8,"Avoids $3,517.20 lost sales; lifts DoC from 1.5 to 3.4d",MUM_DS_09,MUM_DS_01,Destination projected to breach safety stock within 26.8h (DoC: 1.5d). Source retains surplus stock above protection threshold (Post-transfer DoC: 5.6d). Distance is 7.2km within configured limit.
648,20260629,MUM_DS_02,91,PACK_NOOD_01,Packaged Foods,Inter-Store Misallocation / Impending Shortage,25,Redistribute Stock,24,26.8,"Avoids $5,764.32 lost sales; lifts DoC from 1.5 to 2.6d",MUM_DS_04,MUM_DS_02,Destination projected to breach safety stock within 26.8h (DoC: 1.5d). Source retains surplus stock above protection threshold (Post-transfer DoC: 5.0d). Distance is 6.5km within configured limit.
649,20260629,MUM_DS_02,151,STAP_ATTA_01,Staples,Inter-Store Misallocation / Impending Shortage,25,Redistribute Stock,60,26.8,"Avoids $24,083.40 lost sales; lifts DoC from 1.5 to 2.9d",MUM_DS_10,MUM_DS_02,Destination projected to breach safety stock within 26.8h (DoC: 1.5d). Source retains surplus stock above protection threshold (Post-transfer DoC: 3.1d). Distance is 10.3km within configured limit.
650,20260629,MUM_DS_02,263,BABY_BABY_23,Baby Care,Inter-Store Misallocation / Impending Shortage,25,Redistribute Stock,16,26.8,"Avoids $6,217.60 lost sales; lifts DoC from 1.5 to 2.1d",MUM_DS_04,MUM_DS_02,Destination projected to breach safety stock within 26.8h (DoC: 1.5d). Source retains surplus stock above protection threshold (Post-transfer DoC: 3.3d). Distance is 6.5km within configured limit.
651,20260629,MUM_DS_09,146,FRUI_FRES_26,Fruits & Vegetables,Inter-Store Misallocation / Impending Shortage,25,Redistribute Stock,96,26.8,"Avoids $3,365.76 lost sales; lifts DoC from 1.5 to 3.1d",MUM_DS_07,MUM_DS_09,Destination projected to breach safety stock within 26.8h (DoC: 1.5d). Source retains surplus stock above protection threshold (Post-transfer DoC: 3.1d). Distance is 16.7km within configured limit.
652,20260629,MUM_DS_01,114,PACK_BREA_24,Packaged Foods,Stock Below Reorder Point,25,Scheduled Replenishment,192,26.8,Protects $0.00 sales exposure; targets 234 units,Regional Distribution Center,MUM_DS_01,Projected inventory (46) breached ROP (80). Target: 234.
653,20260629,MUM_DS_02,91,PACK_NOOD_01,Packaged Foods,Stock Below Reorder Point,25,Scheduled Replenishment,144,26.8,Protects $0.00 sales exposure; targets 165 units,Regional Distribution Center,MUM_DS_02,Projected inventory (32) breached ROP (47). Target: 165.
654,20260629,MUM_DS_02,263,BABY_BABY_23,Baby Care,Stock Below Reorder Point,25,Scheduled Replenishment,160,26.8,Protects $0.00 sales exposure; targets 196 units,Regional Distribution Center,MUM_DS_02,Projected inventory (39) breached ROP (66). Target: 196.
655,20260629,BEN_DS_06,27,DAIR_CURD_27,Dairy,Inter-Store Misallocation / Impending Shortage,25,Redistribute Stock,92,27.0,"Avoids $9,506.36 lost sales; lifts DoC from 1.5 to 3.5d",BEN_DS_08,BEN_DS_06,Destination projected to breach safety stock within 27.0h (DoC: 1.5d). Source retains surplus stock above protection threshold (Post-transfer DoC: 6.7d). Distance is 2.9km within configured limit.
656,20260629,MUM_DS_02,246,BABY_BABY_06,Baby Care,Inter-Store Misallocation / Impending Shortage,25,Redistribute Stock,48,27.0,"Avoids $7,792.80 lost sales; lifts DoC from 1.5 to 2.6d",MUM_DS_03,MUM_DS_02,Destination projected to breach safety stock within 27.0h (DoC: 1.5d). Source retains surplus stock above protection threshold (Post-transfer DoC: 2.9d). Distance is 5.8km within configured limit.
657,20260629,BEN_DS_06,27,DAIR_CURD_27,Dairy,Stock Below Reorder Point,25,Scheduled Replenishment,292,27.0,Protects $0.00 sales exposure; targets 359 units,Regional Distribution Center,BEN_DS_06,Projected inventory (70) breached ROP (173). Target: 359.
658,20260629,HYD_DS_09,139,FRUI_SEAS_19,Fruits & Vegetables,Inter-Store Misallocation / Impending Shortage,25,Redistribute Stock,160,27.2,"Avoids $13,208.00 lost sales; lifts DoC from 1.5 to 3.5d",HYD_DS_04,HYD_DS_09,Destination projected to breach safety stock within 27.2h (DoC: 1.5d). Source retains surplus stock above protection threshold (Post-transfer DoC: 4.6d). Distance is 2.2km within configured limit.
659,20260629,HYD_DS_09,139,FRUI_SEAS_19,Fruits & Vegetables,Stock Below Reorder Point,25,Scheduled Replenishment,504,27.2,Protects $0.00 sales exposure; targets 619 units,Regional Distribution Center,HYD_DS_09,Projected inventory (122) breached ROP (295). Target: 619.
660,20260629,BEN_DS_03,47,BEVE_COLD_17,Beverages,Inter-Store Misallocation / Impending Shortage,25,Redistribute Stock,72,27.4,"Avoids $7,714.08 lost sales; lifts DoC from 1.5 to 2.9d",BEN_DS_02,BEN_DS_03,Destination projected to breach safety stock within 27.4h (DoC: 1.5d). Source retains surplus stock above protection threshold (Post-transfer DoC: 3.4d). Distance is 4.8km within configured limit.
661,20260629,BEN_DS_04,80,SNAC_NUTS_20,Snacks,Inter-Store Misallocation / Impending Shortage,25,Redistribute Stock,148,27.4,"Avoids $16,243.00 lost sales; lifts DoC from 1.5 to 3.5d",BEN_DS_01,BEN_DS_04,Destination projected to breach safety stock within 27.4h (DoC: 1.5d). Source retains surplus stock above protection threshold (Post-transfer DoC: 4.5d). Distance is 1.3km within configured limit.
662,20260629,DEL_DS_05,167,STAP_RICE_17,Staples,Inter-Store Misallocation / Impending Shortage,25,Redistribute Stock,48,27.4,"Avoids $18,621.60 lost sales; lifts DoC from 1.5 to 3.4d",DEL_DS_02,DEL_DS_05,Destination projected to breach safety stock within 27.4h (DoC: 1.5d). Source retains surplus stock above protection threshold (Post-transfer DoC: 5.3d). Distance is 1.7km within configured limit.
663,20260629,MUM_DS_06,164,STAP_EDIB_14,Staples,Inter-Store Misallocation / Impending Shortage,25,Redistribute Stock,32,27.4,"Avoids $11,742.08 lost sales; lifts DoC from 1.5 to 3.5d",MUM_DS_10,MUM_DS_06,Destination projected to breach safety stock within 27.4h (DoC: 1.5d). Source retains surplus stock above protection threshold (Post-transfer DoC: 12.5d). Distance is 3.0km within configured limit.
664,20260629,MUM_DS_09,115,PACK_READ_25,Packaged Foods,Inter-Store Misallocation / Impending Shortage,25,Redistribute Stock,30,27.4,"Avoids $7,107.30 lost sales; lifts DoC from 1.5 to 2.9d",MUM_DS_04,MUM_DS_09,Destination projected to breach safety stock within 27.4h (DoC: 1.5d). Source retains surplus stock above protection threshold (Post-transfer DoC: 3.2d). Distance is 14.2km within configured limit.
665,20260629,BEN_DS_04,80,SNAC_NUTS_20,Snacks,Stock Below Reorder Point,25,Scheduled Replenishment,452,27.4,Protects $0.00 sales exposure; targets 564 units,Regional Distribution Center,BEN_DS_04,Projected inventory (115) breached ROP (149). Target: 564.
666,20260629,DEL_DS_05,167,STAP_RICE_17,Staples,Stock Below Reorder Point,25,Scheduled Replenishment,156,27.4,Protects $0.00 sales exposure; targets 194 units,Regional Distribution Center,DEL_DS_05,Projected inventory (39) breached ROP (66). Target: 194.
667,20260629,MUM_DS_06,164,STAP_EDIB_14,Staples,Stock Below Reorder Point,25,Scheduled Replenishment,104,27.4,Protects $0.00 sales exposure; targets 127 units,Regional Distribution Center,MUM_DS_06,Projected inventory (25) breached ROP (61). Target: 127.
668,20260629,BEN_DS_10,239,HOUS_DISP_29,Household,Inter-Store Misallocation / Impending Shortage,25,Redistribute Stock,6,27.5,Avoids $769.14 lost sales; lifts DoC from 1.5 to 2.8d,BEN_DS_04,BEN_DS_10,Destination projected to breach safety stock within 27.5h (DoC: 1.5d). Source retains surplus stock above protection threshold (Post-transfer DoC: 4.5d). Distance is 1.1km within configured limit.
669,20260629,BEN_DS_10,252,BABY_BABY_12,Baby Care,Inter-Store Misallocation / Impending Shortage,25,Redistribute Stock,72,27.5,"Avoids $43,197.84 lost sales; lifts DoC from 1.5 to 3.4d",BEN_DS_04,BEN_DS_10,Destination projected to breach safety stock within 27.5h (DoC: 1.5d). Source retains surplus stock above protection threshold (Post-transfer DoC: 10.4d). Distance is 1.1km within configured limit.
670,20260629,DEL_DS_04,94,PACK_BREA_04,Packaged Foods,Inter-Store Misallocation / Impending Shortage,25,Redistribute Stock,48,27.5,"Avoids $3,926.88 lost sales; lifts DoC from 1.5 to 3.4d",DEL_DS_06,DEL_DS_04,Destination projected to breach safety stock within 27.5h (DoC: 1.5d). Source retains surplus stock above protection threshold (Post-transfer DoC: 3.0d). Distance is 7.3km within configured limit.
671,20260629,MUM_DS_05,26,DAIR_MILK_26,Dairy,Inter-Store Misallocation / Impending Shortage,25,Redistribute Stock,90,27.5,"Avoids $7,038.90 lost sales; lifts DoC from 1.5 to 3.5d",MUM_DS_09,MUM_DS_05,Destination projected to breach safety stock within 27.5h (DoC: 1.5d). Source retains surplus stock above protection threshold (Post-transfer DoC: 6.2d). Distance is 4.5km within configured limit.
672,20260629,MUM_DS_06,244,BABY_BABY_04,Baby Care,Inter-Store Misallocation / Impending Shortage,25,Redistribute Stock,56,27.5,"Avoids $5,986.40 lost sales; lifts DoC from 1.5 to 3.4d",MUM_DS_10,MUM_DS_06,Destination projected to breach safety stock within 27.5h (DoC: 1.5d). Source retains surplus stock above protection threshold (Post-transfer DoC: 3.8d). Distance is 3.0km within configured limit.
673,20260629,BEN_DS_10,239,HOUS_DISP_29,Household,Stock Below Reorder Point,25,Scheduled Replenishment,30,27.5,Protects $0.00 sales exposure; targets 36 units,Regional Distribution Center,BEN_DS_10,Projected inventory (7) breached ROP (9). Target: 36.
674,20260629,BEN_DS_10,252,BABY_BABY_12,Baby Care,Stock Below Reorder Point,25,Scheduled Replenishment,236,27.5,Protects $0.00 sales exposure; targets 293 units,Regional Distribution Center,BEN_DS_10,Projected inventory (58) breached ROP (179). Target: 293.
675,20260629,MUM_DS_05,26,DAIR_MILK_26,Dairy,Stock Below Reorder Point,25,Scheduled Replenishment,288,27.5,Protects $0.00 sales exposure; targets 356 units,Regional Distribution Center,MUM_DS_05,Projected inventory (71) breached ROP (170). Target: 356.
676,20260629,BEN_DS_01,23,DAIR_BUTT_23,Dairy,Inter-Store Misallocation / Impending Shortage,25,Redistribute Stock,168,27.7,"Avoids $9,597.84 lost sales; lifts DoC from 1.5 to 3.4d",BEN_DS_04,BEN_DS_01,Destination projected to breach safety stock within 27.7h (DoC: 1.5d). Source retains surplus stock above protection threshold (Post-transfer DoC: 6.1d). Distance is 1.3km within configured limit.
677,20260629,DEL_DS_09,103,PACK_SAUC_13,Packaged Foods,Inter-Store Misallocation / Impending Shortage,25,Redistribute Stock,24,27.7,"Avoids $3,097.44 lost sales; lifts DoC from 1.5 to 2.7d",DEL_DS_10,DEL_DS_09,Destination projected to breach safety stock within 27.7h (DoC: 1.5d). Source retains surplus stock above protection threshold (Post-transfer DoC: 2.9d). Distance is 2.1km within configured limit.
678,20260629,MUM_DS_03,99,PACK_BREA_09,Packaged Foods,Inter-Store Misallocation / Impending Shortage,25,Redistribute Stock,32,27.7,"Avoids $5,005.44 lost sales; lifts DoC from 1.5 to 3.2d",MUM_DS_04,MUM_DS_03,Destination projected to breach safety stock within 27.7h (DoC: 1.5d). Source retains surplus stock above protection threshold (Post-transfer DoC: 3.1d). Distance is 0.9km within configured limit.
679,20260629,MUM_DS_05,269,BABY_DIAP_29,Baby Care,Inter-Store Misallocation / Impending Shortage,25,Redistribute Stock,24,27.7,"Avoids $14,053.20 lost sales; lifts DoC from 1.5 to 3.0d",MUM_DS_01,MUM_DS_05,Destination projected to breach safety stock within 27.7h (DoC: 1.5d). Source retains surplus stock above protection threshold (Post-transfer DoC: 3.4d). Distance is 8.6km within configured limit.
680,20260629,BEN_DS_01,23,DAIR_BUTT_23,Dairy,Stock Below Reorder Point,25,Scheduled Replenishment,528,27.7,Protects $0.00 sales exposure; targets 662 units,Regional Distribution Center,BEN_DS_01,Projected inventory (136) breached ROP (175). Target: 662.
681,20260629,MUM_DS_05,269,BABY_DIAP_29,Baby Care,Stock Below Reorder Point,25,Scheduled Replenishment,108,27.7,Protects $0.00 sales exposure; targets 128 units,Regional Distribution Center,MUM_DS_05,Projected inventory (26) breached ROP (26). Target: 128.
682,20260629,MUM_DS_01,88,SNAC_NAMK_28,Snacks,Inter-Store Misallocation / Impending Shortage,25,Redistribute Stock,126,27.9,"Avoids $17,340.12 lost sales; lifts DoC from 1.6 to 3.5d",MUM_DS_09,MUM_DS_01,Destination projected to breach safety stock within 27.9h (DoC: 1.6d). Source retains surplus stock above protection threshold (Post-transfer DoC: 6.9d). Distance is 7.2km within configured limit.
683,20260629,MUM_DS_02,251,BABY_BABY_11,Baby Care,Inter-Store Misallocation / Impending Shortage,25,Redistribute Stock,52,27.9,"Avoids $8,717.28 lost sales; lifts DoC from 1.6 to 3.0d",MUM_DS_01,MUM_DS_02,Destination projected to breach safety stock within 27.9h (DoC: 1.6d). Source retains surplus stock above protection threshold (Post-transfer DoC: 3.0d). Distance is 13.3km within configured limit.
684,20260629,MUM_DS_03,114,PACK_BREA_24,Packaged Foods,Inter-Store Misallocation / Impending Shortage,25,Redistribute Stock,60,27.9,"Avoids $3,517.20 lost sales; lifts DoC from 1.6 to 3.5d",MUM_DS_04,MUM_DS_03,Destination projected to breach safety stock within 27.9h (DoC: 1.6d). Source retains surplus stock above protection threshold (Post-transfer DoC: 8.8d). Distance is 0.9km within configured limit.
685,20260629,MUM_DS_06,251,BABY_BABY_11,Baby Care,Inter-Store Misallocation / Impending Shortage,25,Redistribute Stock,64,27.9,"Avoids $10,728.96 lost sales; lifts DoC from 1.6 to 3.4d",MUM_DS_08,MUM_DS_06,Destination projected to breach safety stock within 27.9h (DoC: 1.6d). Source retains surplus stock above protection threshold (Post-transfer DoC: 3.1d). Distance is 11.4km within configured limit.
686,20260629,MUM_DS_09,95,PACK_READ_05,Packaged Foods,Inter-Store Misallocation / Impending Shortage,25,Redistribute Stock,48,27.9,"Avoids $6,404.64 lost sales; lifts DoC from 1.6 to 3.4d",MUM_DS_01,MUM_DS_09,Destination projected to breach safety stock within 27.9h (DoC: 1.6d). Source retains surplus stock above protection threshold (Post-transfer DoC: 3.2d). Distance is 7.2km within configured limit.
687,20260629,MUM_DS_01,88,SNAC_NAMK_28,Snacks,Stock Below Reorder Point,25,Scheduled Replenishment,396,27.9,Protects $0.00 sales exposure; targets 494 units,Regional Distribution Center,MUM_DS_01,Projected inventory (100) breached ROP (237). Target: 494.
688,20260629,MUM_DS_03,114,PACK_BREA_24,Packaged Foods,Stock Below Reorder Point,25,Scheduled Replenishment,192,27.9,Protects $0.00 sales exposure; targets 236 units,Regional Distribution Center,MUM_DS_03,Projected inventory (48) breached ROP (81). Target: 236.
689,20260629,DEL_DS_04,171,STAP_ATTA_21,Staples,Inter-Store Misallocation / Impending Shortage,25,Redistribute Stock,36,31.3,"Avoids $11,852.28 lost sales; lifts DoC from 1.7 to 3.4d",DEL_DS_06,DEL_DS_04,Destination projected to breach safety stock within 31.3h (DoC: 1.7d). Source retains surplus stock above protection threshold (Post-transfer DoC: 13.7d). Distance is 7.3km within configured limit.
690,20260629,MUM_DS_04,227,HOUS_DISH_17,Household,Stock Below Reorder Point,25,Scheduled Replenishment,24,36.9,Protects $0.00 sales exposure; targets 25 units,Regional Distribution Center,MUM_DS_04,Projected inventory (6) breached ROP (13). Target: 25.
691,20260629,MUM_DS_09,182,PERS_HAIR_02,Personal Care,Inter-Store Misallocation / Impending Shortage,24,Redistribute Stock,24,18.9,"Avoids $1,907.52 lost sales; lifts DoC from 1.1 to 2.7d",MUM_DS_05,MUM_DS_09,Destination projected to breach safety stock within 18.9h (DoC: 1.1d). Source retains surplus stock above protection threshold (Post-transfer DoC: 3.3d). Distance is 4.5km within configured limit.
692,20260629,MUM_DS_09,182,PERS_HAIR_02,Personal Care,Stock Below Reorder Point,24,Scheduled Replenishment,96,18.9,"Protects $1,135.77 sales exposure; targets 107 units",Regional Distribution Center,MUM_DS_09,Projected inventory (15) breached ROP (21). Target: 107.
693,20260629,BEN_DS_10,206,PERS_SOAP_26,Personal Care,Inter-Store Misallocation / Impending Shortage,24,Redistribute Stock,12,27.4,"Avoids $1,193.04 lost sales; lifts DoC from 1.5 to 3.5d",BEN_DS_01,BEN_DS_10,Destination projected to breach safety stock within 27.4h (DoC: 1.5d). Source retains surplus stock above protection threshold (Post-transfer DoC: 3.6d). Distance is 2.4km within configured limit.
694,20260629,BEN_DS_10,206,PERS_SOAP_26,Personal Care,Stock Below Reorder Point,24,Scheduled Replenishment,40,27.4,Protects $0.00 sales exposure; targets 47 units,Regional Distribution Center,BEN_DS_10,Projected inventory (9) breached ROP (17). Target: 47.
695,20260629,BEN_DS_08,250,BABY_BABY_10,Baby Care,Inter-Store Misallocation / Impending Shortage,24,Redistribute Stock,36,28.1,"Avoids $7,346.52 lost sales; lifts DoC from 1.6 to 3.2d",BEN_DS_09,BEN_DS_08,Destination projected to breach safety stock within 28.1h (DoC: 1.6d). Source retains surplus stock above protection threshold (Post-transfer DoC: 14.5d). Distance is 2.2km within configured limit.
696,20260629,BEN_DS_10,142,FRUI_EXOT_22,Fruits & Vegetables,Inter-Store Misallocation / Impending Shortage,24,Redistribute Stock,120,28.1,"Avoids $7,680.00 lost sales; lifts DoC from 1.6 to 3.5d",BEN_DS_04,BEN_DS_10,Destination projected to breach safety stock within 28.1h (DoC: 1.6d). Source retains surplus stock above protection threshold (Post-transfer DoC: 4.8d). Distance is 1.1km within configured limit.
697,20260629,BEN_DS_08,250,BABY_BABY_10,Baby Care,Stock Below Reorder Point,24,Scheduled Replenishment,144,28.1,Protects $0.00 sales exposure; targets 170 units,Regional Distribution Center,BEN_DS_08,Projected inventory (34) breached ROP (105). Target: 170.
698,20260629,BEN_DS_10,142,FRUI_EXOT_22,Fruits & Vegetables,Stock Below Reorder Point,24,Scheduled Replenishment,376,28.1,Protects $0.00 sales exposure; targets 474 units,Regional Distribution Center,BEN_DS_10,Projected inventory (99) breached ROP (126). Target: 474.
699,20260629,DEL_DS_06,45,BEVE_WATE_15,Beverages,Inter-Store Misallocation / Impending Shortage,24,Redistribute Stock,168,28.3,"Avoids $18,137.28 lost sales; lifts DoC from 1.6 to 3.4d",DEL_DS_05,DEL_DS_06,Destination projected to breach safety stock within 28.3h (DoC: 1.6d). Source retains surplus stock above protection threshold (Post-transfer DoC: 12.3d). Distance is 4.7km within configured limit.
700,20260629,DEL_DS_06,260,BABY_BABY_20,Baby Care,Inter-Store Misallocation / Impending Shortage,24,Redistribute Stock,48,28.3,"Avoids $5,045.76 lost sales; lifts DoC from 1.6 to 3.1d",DEL_DS_10,DEL_DS_06,Destination projected to breach safety stock within 28.3h (DoC: 1.6d). Source retains surplus stock above protection threshold (Post-transfer DoC: 3.1d). Distance is 7.4km within configured limit.
701,20260629,MUM_DS_03,20,DAIR_PANE_20,Dairy,Inter-Store Misallocation / Impending Shortage,24,Redistribute Stock,132,28.3,"Avoids $18,417.96 lost sales; lifts DoC from 1.6 to 3.2d",MUM_DS_10,MUM_DS_03,Destination projected to breach safety stock within 28.3h (DoC: 1.6d). Source retains surplus stock above protection threshold (Post-transfer DoC: 2.9d). Distance is 5.9km within configured limit.
702,20260629,MUM_DS_03,260,BABY_BABY_20,Baby Care,Inter-Store Misallocation / Impending Shortage,24,Redistribute Stock,40,28.3,"Avoids $4,204.80 lost sales; lifts DoC from 1.6 to 2.8d",MUM_DS_10,MUM_DS_03,Destination projected to breach safety stock within 28.3h (DoC: 1.6d). Source retains surplus stock above protection threshold (Post-transfer DoC: 3.4d). Distance is 5.9km within configured limit.
703,20260629,MUM_DS_06,165,STAP_SPIC_15,Staples,Inter-Store Misallocation / Impending Shortage,24,Redistribute Stock,54,28.3,"Avoids $16,029.36 lost sales; lifts DoC from 1.6 to 3.3d",MUM_DS_08,MUM_DS_06,Destination projected to breach safety stock within 28.3h (DoC: 1.6d). Source retains surplus stock above protection threshold (Post-transfer DoC: 3.6d). Distance is 11.4km within configured limit.
704,20260629,DEL_DS_06,45,BEVE_WATE_15,Beverages,Stock Below Reorder Point,24,Scheduled Replenishment,552,28.3,Protects $0.00 sales exposure; targets 686 units,Regional Distribution Center,DEL_DS_06,Projected inventory (142) breached ROP (324). Target: 686.
705,20260629,DEL_DS_09,96,PACK_NOOD_06,Packaged Foods,Inter-Store Misallocation / Impending Shortage,24,Redistribute Stock,60,28.4,"Avoids $10,840.20 lost sales; lifts DoC from 1.6 to 3.5d",DEL_DS_10,DEL_DS_09,Destination projected to breach safety stock within 28.4h (DoC: 1.6d). Source retains surplus stock above protection threshold (Post-transfer DoC: 3.2d). Distance is 2.1km within configured limit.
706,20260629,MUM_DS_02,180,STAP_SPIC_30,Staples,Inter-Store Misallocation / Impending Shortage,24,Redistribute Stock,76,28.4,"Avoids $24,770.68 lost sales; lifts DoC from 1.6 to 3.5d",MUM_DS_04,MUM_DS_02,Destination projected to breach safety stock within 28.4h (DoC: 1.6d). Source retains surplus stock above protection threshold (Post-transfer DoC: 3.9d). Distance is 6.5km within configured limit.
707,20260629,MUM_DS_09,144,FRUI_SEAS_24,Fruits & Vegetables,Inter-Store Misallocation / Impending Shortage,24,Redistribute Stock,160,28.4,"Avoids $6,438.40 lost sales; lifts DoC from 1.6 to 3.4d",MUM_DS_05,MUM_DS_09,Destination projected to breach safety stock within 28.4h (DoC: 1.6d). Source retains surplus stock above protection threshold (Post-transfer DoC: 6.7d). Distance is 4.5km within configured limit.
708,20260629,MUM_DS_02,180,STAP_SPIC_30,Staples,Stock Below Reorder Point,24,Scheduled Replenishment,240,28.4,Protects $0.00 sales exposure; targets 301 units,Regional Distribution Center,MUM_DS_02,Projected inventory (62) breached ROP (104). Target: 301.
709,20260629,BEN_DS_06,259,BABY_BABY_19,Baby Care,Inter-Store Misallocation / Impending Shortage,24,Redistribute Stock,12,28.6,"Avoids $4,341.96 lost sales; lifts DoC from 1.6 to 2.6d",BEN_DS_10,BEN_DS_06,Destination projected to breach safety stock within 28.6h (DoC: 1.6d). Source retains surplus stock above protection threshold (Post-transfer DoC: 8.2d). Distance is 4.1km within configured limit.
710,20260629,DEL_DS_04,80,SNAC_NUTS_20,Snacks,Inter-Store Misallocation / Impending Shortage,24,Redistribute Stock,160,28.6,"Avoids $17,560.00 lost sales; lifts DoC from 1.6 to 3.5d",DEL_DS_06,DEL_DS_04,Destination projected to breach safety stock within 28.6h (DoC: 1.6d). Source retains surplus stock above protection threshold (Post-transfer DoC: 3.2d). Distance is 7.3km within configured limit.
711,20260629,DEL_DS_06,15,DAIR_PANE_15,Dairy,Inter-Store Misallocation / Impending Shortage,24,Redistribute Stock,104,28.6,"Avoids $5,308.16 lost sales; lifts DoC from 1.6 to 3.1d",DEL_DS_02,DEL_DS_06,Destination projected to breach safety stock within 28.6h (DoC: 1.6d). Source retains surplus stock above protection threshold (Post-transfer DoC: 3.0d). Distance is 5.1km within configured limit.
712,20260629,DEL_DS_06,75,SNAC_NUTS_15,Snacks,Inter-Store Misallocation / Impending Shortage,24,Redistribute Stock,24,28.6,"Avoids $2,061.84 lost sales; lifts DoC from 1.6 to 2.1d",DEL_DS_02,DEL_DS_06,Destination projected to breach safety stock within 28.6h (DoC: 1.6d). Source retains surplus stock above protection threshold (Post-transfer DoC: 4.2d). Distance is 5.1km within configured limit.
713,20260629,DEL_DS_06,267,BABY_BABY_27,Baby Care,Inter-Store Misallocation / Impending Shortage,24,Redistribute Stock,36,28.6,"Avoids $7,445.52 lost sales; lifts DoC from 1.6 to 3.1d",DEL_DS_05,DEL_DS_06,Destination projected to breach safety stock within 28.6h (DoC: 1.6d). Source retains surplus stock above protection threshold (Post-transfer DoC: 3.4d). Distance is 4.7km within configured limit.
714,20260629,DEL_DS_08,55,BEVE_WATE_25,Beverages,Inter-Store Misallocation / Impending Shortage,24,Redistribute Stock,120,28.6,"Avoids $9,189.60 lost sales; lifts DoC from 1.6 to 3.4d",DEL_DS_02,DEL_DS_08,Destination projected to breach safety stock within 28.6h (DoC: 1.6d). Source retains surplus stock above protection threshold (Post-transfer DoC: 7.0d). Distance is 0.7km within configured limit.
715,20260629,MUM_DS_01,90,SNAC_NUTS_30,Snacks,Inter-Store Misallocation / Impending Shortage,24,Redistribute Stock,126,28.6,"Avoids $22,378.86 lost sales; lifts DoC from 1.6 to 3.5d",MUM_DS_09,MUM_DS_01,Destination projected to breach safety stock within 28.6h (DoC: 1.6d). Source retains surplus stock above protection threshold (Post-transfer DoC: 6.1d). Distance is 7.2km within configured limit.
716,20260629,MUM_DS_02,75,SNAC_NUTS_15,Snacks,Inter-Store Misallocation / Impending Shortage,24,Redistribute Stock,72,28.6,"Avoids $6,185.52 lost sales; lifts DoC from 1.6 to 3.2d",MUM_DS_03,MUM_DS_02,Destination projected to breach safety stock within 28.6h (DoC: 1.6d). Source retains surplus stock above protection threshold (Post-transfer DoC: 9.1d). Distance is 5.8km within configured limit.
717,20260629,MUM_DS_03,247,BABY_BABY_07,Baby Care,Inter-Store Misallocation / Impending Shortage,24,Redistribute Stock,56,28.6,"Avoids $22,632.96 lost sales; lifts DoC from 1.6 to 3.3d",MUM_DS_08,MUM_DS_03,Destination projected to breach safety stock within 28.6h (DoC: 1.6d). Source retains surplus stock above protection threshold (Post-transfer DoC: 3.4d). Distance is 11.1km within configured limit.
718,20260629,MUM_DS_06,270,BABY_BABY_30,Baby Care,Inter-Store Misallocation / Impending Shortage,24,Redistribute Stock,28,28.6,"Avoids $16,607.36 lost sales; lifts DoC from 1.6 to 3.5d",MUM_DS_07,MUM_DS_06,Destination projected to breach safety stock within 28.6h (DoC: 1.6d). Source retains surplus stock above protection threshold (Post-transfer DoC: 5.4d). Distance is 11.4km within configured limit.
719,20260629,HYD_DS_09,270,BABY_BABY_30,Baby Care,Inter-Store Misallocation / Impending Shortage,24,Redistribute Stock,24,28.6,"Avoids $14,234.88 lost sales; lifts DoC from 1.6 to 3.1d",HYD_DS_08,HYD_DS_09,Destination projected to breach safety stock within 28.6h (DoC: 1.6d). Source retains surplus stock above protection threshold (Post-transfer DoC: 3.2d). Distance is 1.6km within configured limit.
720,20260629,BEN_DS_06,259,BABY_BABY_19,Baby Care,Stock Below Reorder Point,24,Scheduled Replenishment,84,28.6,Protects $0.00 sales exposure; targets 93 units,Regional Distribution Center,BEN_DS_06,Projected inventory (19) breached ROP (33). Target: 93.
721,20260629,DEL_DS_06,75,SNAC_NUTS_15,Snacks,Stock Below Reorder Point,24,Scheduled Replenishment,264,28.6,Protects $0.00 sales exposure; targets 331 units,Regional Distribution Center,DEL_DS_06,Projected inventory (69) breached ROP (158). Target: 331.
722,20260629,DEL_DS_08,55,BEVE_WATE_25,Beverages,Stock Below Reorder Point,24,Scheduled Replenishment,408,28.6,Protects $0.00 sales exposure; targets 504 units,Regional Distribution Center,DEL_DS_08,Projected inventory (107) breached ROP (134). Target: 504.
723,20260629,MUM_DS_01,90,SNAC_NUTS_30,Snacks,Stock Below Reorder Point,24,Scheduled Replenishment,408,28.6,Protects $0.00 sales exposure; targets 511 units,Regional Distribution Center,MUM_DS_01,Projected inventory (105) breached ROP (247). Target: 511.
724,20260629,MUM_DS_02,75,SNAC_NUTS_15,Snacks,Stock Below Reorder Point,24,Scheduled Replenishment,288,28.6,Protects $0.00 sales exposure; targets 345 units,Regional Distribution Center,MUM_DS_02,Projected inventory (71) breached ROP (167). Target: 345.
725,20260629,MUM_DS_06,270,BABY_BABY_30,Baby Care,Stock Below Reorder Point,24,Scheduled Replenishment,92,28.6,Protects $0.00 sales exposure; targets 114 units,Regional Distribution Center,MUM_DS_06,Projected inventory (24) breached ROP (24). Target: 114.
726,20260629,MUM_DS_02,154,STAP_EDIB_04,Staples,Inter-Store Misallocation / Impending Shortage,24,Redistribute Stock,60,28.8,"Avoids $12,935.40 lost sales; lifts DoC from 1.6 to 3.3d",MUM_DS_03,MUM_DS_02,Destination projected to breach safety stock within 28.8h (DoC: 1.6d). Source retains surplus stock above protection threshold (Post-transfer DoC: 6.7d). Distance is 5.8km within configured limit.
727,20260629,MUM_DS_02,154,STAP_EDIB_04,Staples,Stock Below Reorder Point,24,Scheduled Replenishment,216,28.8,Protects $0.00 sales exposure; targets 270 units,Regional Distribution Center,MUM_DS_02,Projected inventory (56) breached ROP (130). Target: 270.
728,20260629,DEL_DS_02,138,FRUI_DAIL_18,Fruits & Vegetables,Inter-Store Misallocation / Impending Shortage,24,Redistribute Stock,120,29.0,"Avoids $2,720.40 lost sales; lifts DoC from 1.6 to 3.5d",DEL_DS_01,DEL_DS_02,Destination projected to breach safety stock within 29.0h (DoC: 1.6d). Source retains surplus stock above protection threshold (Post-transfer DoC: 8.6d). Distance is 1.2km within configured limit.
729,20260629,DEL_DS_06,22,DAIR_CURD_22,Dairy,Inter-Store Misallocation / Impending Shortage,24,Redistribute Stock,96,29.0,"Avoids $5,159.04 lost sales; lifts DoC from 1.6 to 3.2d",DEL_DS_05,DEL_DS_06,Destination projected to breach safety stock within 29.0h (DoC: 1.6d). Source retains surplus stock above protection threshold (Post-transfer DoC: 3.2d). Distance is 4.7km within configured limit.
730,20260629,MUM_DS_01,22,DAIR_CURD_22,Dairy,Inter-Store Misallocation / Impending Shortage,24,Redistribute Stock,108,29.0,"Avoids $5,803.92 lost sales; lifts DoC from 1.6 to 3.5d",MUM_DS_09,MUM_DS_01,Destination projected to breach safety stock within 29.0h (DoC: 1.6d). Source retains surplus stock above protection threshold (Post-transfer DoC: 3.9d). Distance is 7.2km within configured limit.
731,20260629,MUM_DS_01,98,PACK_SAUC_08,Packaged Foods,Inter-Store Misallocation / Impending Shortage,24,Redistribute Stock,24,29.0,"Avoids $5,333.28 lost sales; lifts DoC from 1.6 to 3.0d",MUM_DS_08,MUM_DS_01,Destination projected to breach safety stock within 29.0h (DoC: 1.6d). Source retains surplus stock above protection threshold (Post-transfer DoC: 4.8d). Distance is 8.1km within configured limit.
732,20260629,MUM_DS_03,267,BABY_BABY_27,Baby Care,Inter-Store Misallocation / Impending Shortage,24,Redistribute Stock,36,29.0,"Avoids $7,445.52 lost sales; lifts DoC from 1.6 to 3.1d",MUM_DS_04,MUM_DS_03,Destination projected to breach safety stock within 29.0h (DoC: 1.6d). Source retains surplus stock above protection threshold (Post-transfer DoC: 3.3d). Distance is 0.9km within configured limit.
733,20260629,DEL_DS_06,22,DAIR_CURD_22,Dairy,Stock Below Reorder Point,24,Scheduled Replenishment,360,29.0,Protects $0.00 sales exposure; targets 453 units,Regional Distribution Center,DEL_DS_06,Projected inventory (98) breached ROP (119). Target: 453.
734,20260629,MUM_DS_01,22,DAIR_CURD_22,Dairy,Stock Below Reorder Point,24,Scheduled Replenishment,348,29.0,Protects $0.00 sales exposure; targets 434 units,Regional Distribution Center,MUM_DS_01,Projected inventory (93) breached ROP (115). Target: 434.
735,20260629,MUM_DS_01,98,PACK_SAUC_08,Packaged Foods,Stock Below Reorder Point,24,Scheduled Replenishment,108,29.0,Protects $0.00 sales exposure; targets 132 units,Regional Distribution Center,MUM_DS_01,Projected inventory (28) breached ROP (36). Target: 132.
736,20260629,BEN_DS_03,78,SNAC_NAMK_18,Snacks,Inter-Store Misallocation / Impending Shortage,24,Redistribute Stock,90,29.2,"Avoids $11,996.10 lost sales; lifts DoC from 1.6 to 2.9d",BEN_DS_02,BEN_DS_03,Destination projected to breach safety stock within 29.2h (DoC: 1.6d). Source retains surplus stock above protection threshold (Post-transfer DoC: 3.1d). Distance is 4.8km within configured limit.
737,20260629,BEN_DS_03,93,PACK_SAUC_03,Packaged Foods,Inter-Store Misallocation / Impending Shortage,24,Redistribute Stock,24,29.2,"Avoids $1,503.84 lost sales; lifts DoC from 1.6 to 2.6d",BEN_DS_08,BEN_DS_03,Destination projected to breach safety stock within 29.2h (DoC: 1.6d). Source retains surplus stock above protection threshold (Post-transfer DoC: 4.8d). Distance is 9.4km within configured limit.
738,20260629,BEN_DS_05,14,DAIR_CHEE_14,Dairy,Inter-Store Misallocation / Impending Shortage,24,Redistribute Stock,120,29.2,"Avoids $22,891.20 lost sales; lifts DoC from 1.6 to 3.3d",BEN_DS_07,BEN_DS_05,Destination projected to breach safety stock within 29.2h (DoC: 1.6d). Source retains surplus stock above protection threshold (Post-transfer DoC: 4.2d). Distance is 3.8km within configured limit.
739,20260629,MUM_DS_06,258,BABY_BABY_18,Baby Care,Inter-Store Misallocation / Impending Shortage,24,Redistribute Stock,24,29.2,"Avoids $13,254.96 lost sales; lifts DoC from 1.6 to 2.9d",MUM_DS_10,MUM_DS_06,Destination projected to breach safety stock within 29.2h (DoC: 1.6d). Source retains surplus stock above protection threshold (Post-transfer DoC: 3.3d). Distance is 3.0km within configured limit.
740,20260629,MUM_DS_09,93,PACK_SAUC_03,Packaged Foods,Inter-Store Misallocation / Impending Shortage,24,Redistribute Stock,48,29.2,"Avoids $3,007.68 lost sales; lifts DoC from 1.6 to 3.2d",MUM_DS_08,MUM_DS_09,Destination projected to breach safety stock within 29.2h (DoC: 1.6d). Source retains surplus stock above protection threshold (Post-transfer DoC: 4.5d). Distance is 15.1km within configured limit.
741,20260629,DEL_DS_04,260,BABY_BABY_20,Baby Care,Inter-Store Misallocation / Impending Shortage,24,Redistribute Stock,64,29.3,"Avoids $6,727.68 lost sales; lifts DoC from 1.6 to 3.4d",DEL_DS_03,DEL_DS_04,Destination projected to breach safety stock within 29.3h (DoC: 1.6d). Source retains surplus stock above protection threshold (Post-transfer DoC: 3.9d). Distance is 9.4km within configured limit.
742,20260629,DEL_DS_06,144,FRUI_SEAS_24,Fruits & Vegetables,Inter-Store Misallocation / Impending Shortage,24,Redistribute Stock,136,29.3,"Avoids $5,472.64 lost sales; lifts DoC from 1.6 to 3.3d",DEL_DS_05,DEL_DS_06,Destination projected to breach safety stock within 29.3h (DoC: 1.6d). Source retains surplus stock above protection threshold (Post-transfer DoC: 3.0d). Distance is 4.7km within configured limit.
743,20260629,MUM_DS_03,42,BEVE_COLD_12,Beverages,Inter-Store Misallocation / Impending Shortage,24,Redistribute Stock,168,29.3,"Avoids $9,156.00 lost sales; lifts DoC from 1.6 to 3.5d",MUM_DS_04,MUM_DS_03,Destination projected to breach safety stock within 29.3h (DoC: 1.6d). Source retains surplus stock above protection threshold (Post-transfer DoC: 3.9d). Distance is 0.9km within configured limit.
744,20260629,MUM_DS_03,56,BEVE_JUIC_26,Beverages,Inter-Store Misallocation / Impending Shortage,24,Redistribute Stock,156,29.3,"Avoids $5,809.44 lost sales; lifts DoC from 1.6 to 3.4d",MUM_DS_04,MUM_DS_03,Destination projected to breach safety stock within 29.3h (DoC: 1.6d). Source retains surplus stock above protection threshold (Post-transfer DoC: 2.8d). Distance is 0.9km within configured limit.
745,20260629,MUM_DS_06,44,BEVE_ENER_14,Beverages,Inter-Store Misallocation / Impending Shortage,24,Redistribute Stock,104,29.3,"Avoids $9,796.80 lost sales; lifts DoC from 1.6 to 3.4d",MUM_DS_10,MUM_DS_06,Destination projected to breach safety stock within 29.3h (DoC: 1.6d). Source retains surplus stock above protection threshold (Post-transfer DoC: 8.2d). Distance is 3.0km within configured limit.
746,20260629,HYD_DS_10,148,FRUI_DAIL_28,Fruits & Vegetables,Inter-Store Misallocation / Impending Shortage,24,Redistribute Stock,112,29.3,"Avoids $8,462.72 lost sales; lifts DoC from 1.6 to 3.4d",HYD_DS_07,HYD_DS_10,Destination projected to breach safety stock within 29.3h (DoC: 1.6d). Source retains surplus stock above protection threshold (Post-transfer DoC: 4.7d). Distance is 6.0km within configured limit.
747,20260629,MUM_DS_06,44,BEVE_ENER_14,Beverages,Stock Below Reorder Point,24,Scheduled Replenishment,352,29.3,Protects $0.00 sales exposure; targets 445 units,Regional Distribution Center,MUM_DS_06,Projected inventory (94) breached ROP (214). Target: 445.
748,20260629,HYD_DS_10,148,FRUI_DAIL_28,Fruits & Vegetables,Stock Below Reorder Point,24,Scheduled Replenishment,368,29.3,Protects $0.00 sales exposure; targets 468 units,Regional Distribution Center,HYD_DS_10,Projected inventory (102) breached ROP (155). Target: 468.
749,20260629,MUM_DS_02,53,BEVE_TEA _23,Beverages,Inter-Store Misallocation / Impending Shortage,24,Redistribute Stock,168,29.5,"Avoids $6,115.20 lost sales; lifts DoC from 1.6 to 3.5d",MUM_DS_10,MUM_DS_02,Destination projected to breach safety stock within 29.5h (DoC: 1.6d). Source retains surplus stock above protection threshold (Post-transfer DoC: 2.9d). Distance is 10.3km within configured limit.
750,20260629,BEN_DS_01,187,PERS_HAIR_07,Personal Care,Inter-Store Misallocation / Impending Shortage,24,Redistribute Stock,12,29.9,"Avoids $4,094.52 lost sales; lifts DoC from 1.7 to 3.3d",BEN_DS_04,BEN_DS_01,Destination projected to breach safety stock within 29.9h (DoC: 1.7d). Source retains surplus stock above protection threshold (Post-transfer DoC: 8.2d). Distance is 1.3km within configured limit.
751,20260629,BEN_DS_01,187,PERS_HAIR_07,Personal Care,Stock Below Reorder Point,24,Scheduled Replenishment,48,29.9,Protects $0.00 sales exposure; targets 58 units,Regional Distribution Center,BEN_DS_01,Projected inventory (12) breached ROP (29). Target: 58.
752,20260629,BEN_DS_10,153,STAP_DALS_03,Staples,Inter-Store Misallocation / Impending Shortage,24,Redistribute Stock,24,31.3,"Avoids $6,291.84 lost sales; lifts DoC from 1.7 to 3.1d",BEN_DS_04,BEN_DS_10,Destination projected to breach safety stock within 31.3h (DoC: 1.7d). Source retains surplus stock above protection threshold (Post-transfer DoC: 5.4d). Distance is 1.1km within configured limit.
753,20260629,BEN_DS_10,153,STAP_DALS_03,Staples,Stock Below Reorder Point,24,Scheduled Replenishment,120,31.3,Protects $0.00 sales exposure; targets 142 units,Regional Distribution Center,BEN_DS_10,Projected inventory (31) breached ROP (88). Target: 142.
754,20260629,HYD_DS_04,62,SNAC_BISC_02,Snacks,Stock Below Reorder Point,24,Scheduled Replenishment,288,40.9,Protects $0.00 sales exposure; targets 404 units,Regional Distribution Center,HYD_DS_04,Projected inventory (121) breached ROP (137). Target: 404.
755,20260629,MUM_DS_02,61,SNAC_CHIP_01,Snacks,Stock Below Reorder Point,24,Scheduled Replenishment,480,42.1,Protects $0.00 sales exposure; targets 668 units,Regional Distribution Center,MUM_DS_02,Projected inventory (205) breached ROP (318). Target: 668.
756,20260629,MUM_DS_02,223,HOUS_CLEA_13,Household,Stock Below Reorder Point,23,Scheduled Replenishment,96,20.0,"Protects $2,457.46 sales exposure; targets 87 units",Regional Distribution Center,MUM_DS_02,Projected inventory (13) breached ROP (17). Target: 87.
757,20260629,MUM_DS_09,288,PET _CAT _18,Pet Care,Inter-Store Misallocation / Impending Shortage,23,Redistribute Stock,12,20.5,"Avoids $3,872.88 lost sales; lifts DoC from 1.1 to 2.5d",MUM_DS_05,MUM_DS_09,Destination projected to breach safety stock within 20.5h (DoC: 1.1d). Source retains surplus stock above protection threshold (Post-transfer DoC: 3.4d). Distance is 4.5km within configured limit.
758,20260629,MUM_DS_09,288,PET _CAT _18,Pet Care,Stock Below Reorder Point,23,Scheduled Replenishment,56,20.5,"Protects $2,836.88 sales exposure; targets 65 units",Regional Distribution Center,MUM_DS_09,Projected inventory (10) breached ROP (12). Target: 65.
759,20260629,MUM_DS_03,232,HOUS_DISH_22,Household,Stock Below Reorder Point,23,Scheduled Replenishment,72,26.6,Protects $0.00 sales exposure; targets 69 units,Regional Distribution Center,MUM_DS_03,Projected inventory (13) breached ROP (25). Target: 69.
760,20260629,DEL_DS_07,79,SNAC_CHOC_19,Snacks,Inter-Store Misallocation / Impending Shortage,23,Redistribute Stock,120,29.7,"Avoids $13,291.20 lost sales; lifts DoC from 1.6 to 3.4d",DEL_DS_10,DEL_DS_07,Destination projected to breach safety stock within 29.7h (DoC: 1.6d). Source retains surplus stock above protection threshold (Post-transfer DoC: 8.8d). Distance is 3.4km within configured limit.
761,20260629,DEL_DS_08,92,PACK_PAST_02,Packaged Foods,Inter-Store Misallocation / Impending Shortage,23,Redistribute Stock,48,29.7,"Avoids $2,520.48 lost sales; lifts DoC from 1.6 to 3.3d",DEL_DS_05,DEL_DS_08,Destination projected to breach safety stock within 29.7h (DoC: 1.6d). Source retains surplus stock above protection threshold (Post-transfer DoC: 5.2d). Distance is 2.4km within configured limit.
762,20260629,MUM_DS_02,270,BABY_BABY_30,Baby Care,Inter-Store Misallocation / Impending Shortage,23,Redistribute Stock,32,29.7,"Avoids $18,979.84 lost sales; lifts DoC from 1.6 to 3.5d",MUM_DS_08,MUM_DS_02,Destination projected to breach safety stock within 29.7h (DoC: 1.6d). Source retains surplus stock above protection threshold (Post-transfer DoC: 5.6d). Distance is 16.9km within configured limit.
763,20260629,MUM_DS_05,49,BEVE_ENER_19,Beverages,Inter-Store Misallocation / Impending Shortage,23,Redistribute Stock,132,29.7,"Avoids $5,583.60 lost sales; lifts DoC from 1.6 to 3.4d",MUM_DS_09,MUM_DS_05,Destination projected to breach safety stock within 29.7h (DoC: 1.6d). Source retains surplus stock above protection threshold (Post-transfer DoC: 3.5d). Distance is 4.5km within configured limit.
764,20260629,MUM_DS_06,26,DAIR_MILK_26,Dairy,Inter-Store Misallocation / Impending Shortage,23,Redistribute Stock,90,29.7,"Avoids $7,038.90 lost sales; lifts DoC from 1.6 to 3.5d",MUM_DS_10,MUM_DS_06,Destination projected to breach safety stock within 29.7h (DoC: 1.6d). Source retains surplus stock above protection threshold (Post-transfer DoC: 4.3d). Distance is 3.0km within configured limit.
765,20260629,DEL_DS_07,79,SNAC_CHOC_19,Snacks,Stock Below Reorder Point,23,Scheduled Replenishment,392,29.7,Protects $0.00 sales exposure; targets 498 units,Regional Distribution Center,DEL_DS_07,Projected inventory (110) breached ROP (131). Target: 498.
766,20260629,MUM_DS_05,49,BEVE_ENER_19,Beverages,Stock Below Reorder Point,23,Scheduled Replenishment,444,29.7,Protects $0.00 sales exposure; targets 562 units,Regional Distribution Center,MUM_DS_05,Projected inventory (124) breached ROP (149). Target: 562.
767,20260629,MUM_DS_06,26,DAIR_MILK_26,Dairy,Stock Below Reorder Point,23,Scheduled Replenishment,306,29.7,Protects $0.00 sales exposure; targets 383 units,Regional Distribution Center,MUM_DS_06,Projected inventory (82) breached ROP (184). Target: 383.
768,20260629,BEN_DS_01,74,SNAC_CHOC_14,Snacks,Inter-Store Misallocation / Impending Shortage,23,Redistribute Stock,88,29.9,"Avoids $5,904.80 lost sales; lifts DoC from 1.7 to 3.5d",BEN_DS_04,BEN_DS_01,Destination projected to breach safety stock within 29.9h (DoC: 1.7d). Source retains surplus stock above protection threshold (Post-transfer DoC: 6.2d). Distance is 1.3km within configured limit.
769,20260629,BEN_DS_01,177,STAP_RICE_27,Staples,Inter-Store Misallocation / Impending Shortage,23,Redistribute Stock,44,29.9,"Avoids $5,015.12 lost sales; lifts DoC from 1.7 to 3.5d",BEN_DS_04,BEN_DS_01,Destination projected to breach safety stock within 29.9h (DoC: 1.7d). Source retains surplus stock above protection threshold (Post-transfer DoC: 5.3d). Distance is 1.3km within configured limit.
770,20260629,BEN_DS_03,152,STAP_RICE_02,Staples,Inter-Store Misallocation / Impending Shortage,23,Redistribute Stock,66,29.9,"Avoids $15,260.52 lost sales; lifts DoC from 1.7 to 3.5d",BEN_DS_05,BEN_DS_03,Destination projected to breach safety stock within 29.9h (DoC: 1.7d). Source retains surplus stock above protection threshold (Post-transfer DoC: 5.5d). Distance is 10.8km within configured limit.
771,20260629,BEN_DS_10,72,SNAC_BISC_12,Snacks,Inter-Store Misallocation / Impending Shortage,23,Redistribute Stock,108,29.9,"Avoids $18,555.48 lost sales; lifts DoC from 1.7 to 3.5d",BEN_DS_04,BEN_DS_10,Destination projected to breach safety stock within 29.9h (DoC: 1.7d). Source retains surplus stock above protection threshold (Post-transfer DoC: 7.1d). Distance is 1.1km within configured limit.
772,20260629,MUM_DS_03,150,FRUI_CUT _30,Fruits & Vegetables,Inter-Store Misallocation / Impending Shortage,23,Redistribute Stock,72,29.9,"Avoids $7,044.48 lost sales; lifts DoC from 1.7 to 3.4d",MUM_DS_04,MUM_DS_03,Destination projected to breach safety stock within 29.9h (DoC: 1.7d). Source retains surplus stock above protection threshold (Post-transfer DoC: 3.9d). Distance is 0.9km within configured limit.
773,20260629,MUM_DS_03,161,STAP_ATTA_11,Staples,Inter-Store Misallocation / Impending Shortage,23,Redistribute Stock,32,29.9,"Avoids $13,621.44 lost sales; lifts DoC from 1.7 to 3.4d",MUM_DS_10,MUM_DS_03,Destination projected to breach safety stock within 29.9h (DoC: 1.7d). Source retains surplus stock above protection threshold (Post-transfer DoC: 3.1d). Distance is 5.9km within configured limit.
774,20260629,MUM_DS_05,113,PACK_SAUC_23,Packaged Foods,Inter-Store Misallocation / Impending Shortage,23,Redistribute Stock,24,29.9,"Avoids $4,817.76 lost sales; lifts DoC from 1.7 to 2.6d",MUM_DS_03,MUM_DS_05,Destination projected to breach safety stock within 29.9h (DoC: 1.7d). Source retains surplus stock above protection threshold (Post-transfer DoC: 3.9d). Distance is 12.0km within configured limit.
775,20260629,MUM_DS_06,13,DAIR_BUTT_13,Dairy,Inter-Store Misallocation / Impending Shortage,23,Redistribute Stock,140,29.9,"Avoids $16,973.60 lost sales; lifts DoC from 1.7 to 3.5d",MUM_DS_10,MUM_DS_06,Destination projected to breach safety stock within 29.9h (DoC: 1.7d). Source retains surplus stock above protection threshold (Post-transfer DoC: 4.2d). Distance is 3.0km within configured limit.
776,20260629,HYD_DS_10,95,PACK_READ_05,Packaged Foods,Inter-Store Misallocation / Impending Shortage,23,Redistribute Stock,24,29.9,"Avoids $3,202.32 lost sales; lifts DoC from 1.7 to 2.8d",HYD_DS_08,HYD_DS_10,Destination projected to breach safety stock within 29.9h (DoC: 1.7d). Source retains surplus stock above protection threshold (Post-transfer DoC: 4.6d). Distance is 6.8km within configured limit.
777,20260629,BEN_DS_01,74,SNAC_CHOC_14,Snacks,Stock Below Reorder Point,23,Scheduled Replenishment,288,29.9,Protects $0.00 sales exposure; targets 363 units,Regional Distribution Center,BEN_DS_01,Projected inventory (80) breached ROP (122). Target: 363.
778,20260629,BEN_DS_01,177,STAP_RICE_27,Staples,Stock Below Reorder Point,23,Scheduled Replenishment,144,29.9,Protects $0.00 sales exposure; targets 183 units,Regional Distribution Center,BEN_DS_01,Projected inventory (40) breached ROP (63). Target: 183.
779,20260629,BEN_DS_10,72,SNAC_BISC_12,Snacks,Stock Below Reorder Point,23,Scheduled Replenishment,360,29.9,Protects $0.00 sales exposure; targets 448 units,Regional Distribution Center,BEN_DS_10,Projected inventory (99) breached ROP (120). Target: 448.
780,20260629,DEL_DS_04,111,PACK_NOOD_21,Packaged Foods,Inter-Store Misallocation / Impending Shortage,23,Redistribute Stock,48,30.1,"Avoids $7,123.20 lost sales; lifts DoC from 1.7 to 3.5d",DEL_DS_06,DEL_DS_04,Destination projected to breach safety stock within 30.1h (DoC: 1.7d). Source retains surplus stock above protection threshold (Post-transfer DoC: 4.6d). Distance is 7.3km within configured limit.
781,20260629,DEL_DS_06,254,BABY_BABY_14,Baby Care,Inter-Store Misallocation / Impending Shortage,23,Redistribute Stock,24,30.1,"Avoids $4,263.84 lost sales; lifts DoC from 1.7 to 2.7d",DEL_DS_08,DEL_DS_06,Destination projected to breach safety stock within 30.1h (DoC: 1.7d). Source retains surplus stock above protection threshold (Post-transfer DoC: 8.9d). Distance is 5.6km within configured limit.
782,20260629,MUM_DS_02,25,DAIR_PANE_25,Dairy,Inter-Store Misallocation / Impending Shortage,23,Redistribute Stock,168,30.1,"Avoids $31,212.72 lost sales; lifts DoC from 1.7 to 3.4d",MUM_DS_04,MUM_DS_02,Destination projected to breach safety stock within 30.1h (DoC: 1.7d). Source retains surplus stock above protection threshold (Post-transfer DoC: 5.4d). Distance is 6.5km within configured limit.
783,20260629,MUM_DS_02,138,FRUI_DAIL_18,Fruits & Vegetables,Inter-Store Misallocation / Impending Shortage,23,Redistribute Stock,132,30.1,"Avoids $2,992.44 lost sales; lifts DoC from 1.7 to 3.4d",MUM_DS_04,MUM_DS_02,Destination projected to breach safety stock within 30.1h (DoC: 1.7d). Source retains surplus stock above protection threshold (Post-transfer DoC: 8.4d). Distance is 6.5km within configured limit.
784,20260629,MUM_DS_03,141,FRUI_FRES_21,Fruits & Vegetables,Inter-Store Misallocation / Impending Shortage,23,Redistribute Stock,112,30.1,"Avoids $2,182.88 lost sales; lifts DoC from 1.7 to 3.3d",MUM_DS_01,MUM_DS_03,Destination projected to breach safety stock within 30.1h (DoC: 1.7d). Source retains surplus stock above protection threshold (Post-transfer DoC: 2.9d). Distance is 8.8km within configured limit.
785,20260629,MUM_DS_06,53,BEVE_TEA _23,Beverages,Inter-Store Misallocation / Impending Shortage,23,Redistribute Stock,8,30.1,Avoids $291.20 lost sales; lifts DoC from 1.7 to 1.8d,MUM_DS_10,MUM_DS_06,Destination projected to breach safety stock within 30.1h (DoC: 1.7d). Source retains surplus stock above protection threshold (Post-transfer DoC: 2.8d). Distance is 3.0km within configured limit.
786,20260629,MUM_DS_06,116,PACK_NOOD_26,Packaged Foods,Inter-Store Misallocation / Impending Shortage,23,Redistribute Stock,48,30.1,"Avoids $4,174.08 lost sales; lifts DoC from 1.7 to 2.9d",MUM_DS_02,MUM_DS_06,Destination projected to breach safety stock within 30.1h (DoC: 1.7d). Source retains surplus stock above protection threshold (Post-transfer DoC: 2.9d). Distance is 7.3km within configured limit.
787,20260629,MUM_DS_06,247,BABY_BABY_07,Baby Care,Inter-Store Misallocation / Impending Shortage,23,Redistribute Stock,56,30.1,"Avoids $22,632.96 lost sales; lifts DoC from 1.7 to 3.4d",MUM_DS_07,MUM_DS_06,Destination projected to breach safety stock within 30.1h (DoC: 1.7d). Source retains surplus stock above protection threshold (Post-transfer DoC: 4.0d). Distance is 11.4km within configured limit.
788,20260629,MUM_DS_08,108,PACK_SAUC_18,Packaged Foods,Inter-Store Misallocation / Impending Shortage,23,Redistribute Stock,36,30.1,"Avoids $6,995.88 lost sales; lifts DoC from 1.7 to 3.5d",MUM_DS_07,MUM_DS_08,Destination projected to breach safety stock within 30.1h (DoC: 1.7d). Source retains surplus stock above protection threshold (Post-transfer DoC: 2.8d). Distance is 1.7km within configured limit.
789,20260629,MUM_DS_09,82,SNAC_BISC_22,Snacks,Inter-Store Misallocation / Impending Shortage,23,Redistribute Stock,124,30.1,"Avoids $20,331.04 lost sales; lifts DoC from 1.7 to 3.5d",MUM_DS_05,MUM_DS_09,Destination projected to breach safety stock within 30.1h (DoC: 1.7d). Source retains surplus stock above protection threshold (Post-transfer DoC: 2.9d). Distance is 4.5km within configured limit.
790,20260629,DEL_DS_06,254,BABY_BABY_14,Baby Care,Stock Below Reorder Point,23,Scheduled Replenishment,144,30.1,Protects $0.00 sales exposure; targets 174 units,Regional Distribution Center,DEL_DS_06,Projected inventory (38) breached ROP (61). Target: 174.
791,20260629,MUM_DS_02,25,DAIR_PANE_25,Dairy,Stock Below Reorder Point,23,Scheduled Replenishment,576,30.1,Protects $0.00 sales exposure; targets 728 units,Regional Distribution Center,MUM_DS_02,Projected inventory (162) breached ROP (194). Target: 728.
792,20260629,MUM_DS_02,138,FRUI_DAIL_18,Fruits & Vegetables,Stock Below Reorder Point,23,Scheduled Replenishment,444,30.1,Protects $0.00 sales exposure; targets 564 units,Regional Distribution Center,MUM_DS_02,Projected inventory (125) breached ROP (191). Target: 564.
793,20260629,MUM_DS_03,146,FRUI_FRES_26,Fruits & Vegetables,Inter-Store Misallocation / Impending Shortage,23,Redistribute Stock,48,30.2,"Avoids $1,682.88 lost sales; lifts DoC from 1.7 to 2.5d",MUM_DS_10,MUM_DS_03,Destination projected to breach safety stock within 30.2h (DoC: 1.7d). Source retains surplus stock above protection threshold (Post-transfer DoC: 3.1d). Distance is 5.9km within configured limit.
794,20260629,MUM_DS_03,162,STAP_RICE_12,Staples,Inter-Store Misallocation / Impending Shortage,23,Redistribute Stock,72,30.2,"Avoids $13,321.44 lost sales; lifts DoC from 1.7 to 3.4d",MUM_DS_04,MUM_DS_03,Destination projected to breach safety stock within 30.2h (DoC: 1.7d). Source retains surplus stock above protection threshold (Post-transfer DoC: 15.3d). Distance is 0.9km within configured limit.
795,20260629,MUM_DS_03,162,STAP_RICE_12,Staples,Stock Below Reorder Point,23,Scheduled Replenishment,252,30.2,Protects $0.00 sales exposure; targets 318 units,Regional Distribution Center,MUM_DS_03,Projected inventory (70) breached ROP (194). Target: 318.
796,20260629,BEN_DS_10,264,BABY_BABY_24,Baby Care,Inter-Store Misallocation / Impending Shortage,23,Redistribute Stock,32,30.4,"Avoids $4,064.00 lost sales; lifts DoC from 1.7 to 3.4d",BEN_DS_04,BEN_DS_10,Destination projected to breach safety stock within 30.4h (DoC: 1.7d). Source retains surplus stock above protection threshold (Post-transfer DoC: 3.6d). Distance is 1.1km within configured limit.
797,20260629,DEL_DS_04,108,PACK_SAUC_18,Packaged Foods,Inter-Store Misallocation / Impending Shortage,23,Redistribute Stock,40,30.4,"Avoids $7,773.20 lost sales; lifts DoC from 1.7 to 3.5d",DEL_DS_06,DEL_DS_04,Destination projected to breach safety stock within 30.4h (DoC: 1.7d). Source retains surplus stock above protection threshold (Post-transfer DoC: 4.8d). Distance is 7.3km within configured limit.
798,20260629,DEL_DS_08,269,BABY_DIAP_29,Baby Care,Inter-Store Misallocation / Impending Shortage,23,Redistribute Stock,24,30.4,"Avoids $14,053.20 lost sales; lifts DoC from 1.7 to 3.3d",DEL_DS_02,DEL_DS_08,Destination projected to breach safety stock within 30.4h (DoC: 1.7d). Source retains surplus stock above protection threshold (Post-transfer DoC: 3.8d). Distance is 0.7km within configured limit.
799,20260629,MUM_DS_01,145,FRUI_CUT _25,Fruits & Vegetables,Inter-Store Misallocation / Impending Shortage,23,Redistribute Stock,84,30.4,"Avoids $5,564.16 lost sales; lifts DoC from 1.7 to 2.9d",MUM_DS_08,MUM_DS_01,Destination projected to breach safety stock within 30.4h (DoC: 1.7d). Source retains surplus stock above protection threshold (Post-transfer DoC: 2.8d). Distance is 8.1km within configured limit.
800,20260629,MUM_DS_02,22,DAIR_CURD_22,Dairy,Inter-Store Misallocation / Impending Shortage,23,Redistribute Stock,108,30.4,"Avoids $5,803.92 lost sales; lifts DoC from 1.7 to 3.4d",MUM_DS_03,MUM_DS_02,Destination projected to breach safety stock within 30.4h (DoC: 1.7d). Source retains surplus stock above protection threshold (Post-transfer DoC: 3.6d). Distance is 5.8km within configured limit.
801,20260629,MUM_DS_03,175,STAP_SPIC_25,Staples,Inter-Store Misallocation / Impending Shortage,23,Redistribute Stock,16,30.4,"Avoids $5,653.28 lost sales; lifts DoC from 1.7 to 2.5d",MUM_DS_04,MUM_DS_03,Destination projected to breach safety stock within 30.4h (DoC: 1.7d). Source retains surplus stock above protection threshold (Post-transfer DoC: 3.0d). Distance is 0.9km within configured limit.
802,20260629,HYD_DS_02,42,BEVE_COLD_12,Beverages,Inter-Store Misallocation / Impending Shortage,23,Redistribute Stock,120,30.4,"Avoids $6,540.00 lost sales; lifts DoC from 1.7 to 3.5d",HYD_DS_09,HYD_DS_02,Destination projected to breach safety stock within 30.4h (DoC: 1.7d). Source retains surplus stock above protection threshold (Post-transfer DoC: 3.5d). Distance is 2.8km within configured limit.
803,20260629,MUM_DS_02,22,DAIR_CURD_22,Dairy,Stock Below Reorder Point,23,Scheduled Replenishment,384,30.4,Protects $0.00 sales exposure; targets 484 units,Regional Distribution Center,MUM_DS_02,Projected inventory (110) breached ROP (127). Target: 484.
804,20260629,MUM_DS_03,152,STAP_RICE_02,Staples,Inter-Store Misallocation / Impending Shortage,23,Redistribute Stock,42,30.6,"Avoids $9,711.24 lost sales; lifts DoC from 1.7 to 2.8d",MUM_DS_08,MUM_DS_03,Destination projected to breach safety stock within 30.6h (DoC: 1.7d). Source retains surplus stock above protection threshold (Post-transfer DoC: 3.0d). Distance is 11.1km within configured limit.
805,20260629,MUM_DS_08,149,FRUI_SEAS_29,Fruits & Vegetables,Inter-Store Misallocation / Impending Shortage,23,Redistribute Stock,96,30.6,"Avoids $9,982.08 lost sales; lifts DoC from 1.7 to 3.5d",MUM_DS_07,MUM_DS_08,Destination projected to breach safety stock within 30.6h (DoC: 1.7d). Source retains surplus stock above protection threshold (Post-transfer DoC: 8.6d). Distance is 1.7km within configured limit.
806,20260629,MUM_DS_08,149,FRUI_SEAS_29,Fruits & Vegetables,Stock Below Reorder Point,23,Scheduled Replenishment,336,30.6,Protects $0.00 sales exposure; targets 404 units,Regional Distribution Center,MUM_DS_08,Projected inventory (91) breached ROP (110). Target: 404.
807,20260629,BEN_DS_02,120,PACK_READ_30,Packaged Foods,Inter-Store Misallocation / Impending Shortage,23,Redistribute Stock,48,30.8,"Avoids $5,624.16 lost sales; lifts DoC from 1.7 to 3.3d",BEN_DS_03,BEN_DS_02,Destination projected to breach safety stock within 30.8h (DoC: 1.7d). Source retains surplus stock above protection threshold (Post-transfer DoC: 6.2d). Distance is 4.8km within configured limit.
808,20260629,DEL_DS_06,101,PACK_NOOD_11,Packaged Foods,Inter-Store Misallocation / Impending Shortage,23,Redistribute Stock,72,30.8,"Avoids $9,426.96 lost sales; lifts DoC from 1.7 to 3.5d",DEL_DS_05,DEL_DS_06,Destination projected to breach safety stock within 30.8h (DoC: 1.7d). Source retains surplus stock above protection threshold (Post-transfer DoC: 10.2d). Distance is 4.7km within configured limit.
809,20260629,DEL_DS_06,152,STAP_RICE_02,Staples,Inter-Store Misallocation / Impending Shortage,23,Redistribute Stock,66,30.8,"Avoids $15,260.52 lost sales; lifts DoC from 1.7 to 3.3d",DEL_DS_02,DEL_DS_06,Destination projected to breach safety stock within 30.8h (DoC: 1.7d). Source retains surplus stock above protection threshold (Post-transfer DoC: 2.9d). Distance is 5.1km within configured limit.
810,20260629,MUM_DS_06,175,STAP_SPIC_25,Staples,Inter-Store Misallocation / Impending Shortage,23,Redistribute Stock,24,30.8,"Avoids $8,479.92 lost sales; lifts DoC from 1.7 to 2.9d",MUM_DS_02,MUM_DS_06,Destination projected to breach safety stock within 30.8h (DoC: 1.7d). Source retains surplus stock above protection threshold (Post-transfer DoC: 3.0d). Distance is 7.3km within configured limit.
811,20260629,MUM_DS_09,86,SNAC_CHIP_26,Snacks,Inter-Store Misallocation / Impending Shortage,23,Redistribute Stock,40,30.8,"Avoids $4,541.60 lost sales; lifts DoC from 1.7 to 2.5d",MUM_DS_05,MUM_DS_09,Destination projected to breach safety stock within 30.8h (DoC: 1.7d). Source retains surplus stock above protection threshold (Post-transfer DoC: 3.1d). Distance is 4.5km within configured limit.
812,20260629,HYD_DS_09,176,STAP_ATTA_26,Staples,Inter-Store Misallocation / Impending Shortage,23,Redistribute Stock,24,30.8,"Avoids $6,803.28 lost sales; lifts DoC from 1.7 to 3.3d",HYD_DS_08,HYD_DS_09,Destination projected to breach safety stock within 30.8h (DoC: 1.7d). Source retains surplus stock above protection threshold (Post-transfer DoC: 3.4d). Distance is 1.6km within configured limit.
813,20260629,BEN_DS_02,120,PACK_READ_30,Packaged Foods,Stock Below Reorder Point,23,Scheduled Replenishment,192,30.8,Protects $0.00 sales exposure; targets 229 units,Regional Distribution Center,BEN_DS_02,Projected inventory (52) breached ROP (62). Target: 229.
814,20260629,DEL_DS_06,101,PACK_NOOD_11,Packaged Foods,Stock Below Reorder Point,23,Scheduled Replenishment,240,30.8,Protects $0.00 sales exposure; targets 307 units,Regional Distribution Center,DEL_DS_06,Projected inventory (69) breached ROP (105). Target: 307.
815,20260629,MUM_DS_09,86,SNAC_CHIP_26,Snacks,Stock Below Reorder Point,23,Scheduled Replenishment,280,30.8,Protects $0.00 sales exposure; targets 355 units,Regional Distribution Center,MUM_DS_09,Projected inventory (81) breached ROP (94). Target: 355.
816,20260629,HYD_DS_09,176,STAP_ATTA_26,Staples,Stock Below Reorder Point,23,Scheduled Replenishment,96,30.8,Protects $0.00 sales exposure; targets 117 units,Regional Distribution Center,HYD_DS_09,Projected inventory (26) breached ROP (41). Target: 117.
817,20260629,DEL_DS_04,60,BEVE_WATE_30,Beverages,Inter-Store Misallocation / Impending Shortage,23,Redistribute Stock,80,31.0,"Avoids $11,720.00 lost sales; lifts DoC from 1.7 to 3.5d",DEL_DS_06,DEL_DS_04,Destination projected to breach safety stock within 31.0h (DoC: 1.7d). Source retains surplus stock above protection threshold (Post-transfer DoC: 6.4d). Distance is 7.3km within configured limit.
818,20260629,DEL_DS_07,252,BABY_BABY_12,Baby Care,Inter-Store Misallocation / Impending Shortage,23,Redistribute Stock,64,31.0,"Avoids $38,398.08 lost sales; lifts DoC from 1.7 to 3.4d",DEL_DS_10,DEL_DS_07,Destination projected to breach safety stock within 31.0h (DoC: 1.7d). Source retains surplus stock above protection threshold (Post-transfer DoC: 22.0d). Distance is 3.4km within configured limit.
819,20260629,MUM_DS_03,137,FRUI_EXOT_17,Fruits & Vegetables,Inter-Store Misallocation / Impending Shortage,23,Redistribute Stock,168,31.0,"Avoids $4,282.32 lost sales; lifts DoC from 1.7 to 3.4d",MUM_DS_08,MUM_DS_03,Destination projected to breach safety stock within 31.0h (DoC: 1.7d). Source retains surplus stock above protection threshold (Post-transfer DoC: 3.5d). Distance is 11.1km within configured limit.
820,20260629,MUM_DS_03,241,BABY_DIAP_01,Baby Care,Inter-Store Misallocation / Impending Shortage,23,Redistribute Stock,66,31.0,"Avoids $35,362.80 lost sales; lifts DoC from 1.7 to 3.4d",MUM_DS_04,MUM_DS_03,Destination projected to breach safety stock within 31.0h (DoC: 1.7d). Source retains surplus stock above protection threshold (Post-transfer DoC: 4.2d). Distance is 0.9km within configured limit.
821,20260629,HYD_DS_09,91,PACK_NOOD_01,Packaged Foods,Inter-Store Misallocation / Impending Shortage,23,Redistribute Stock,24,31.0,"Avoids $5,764.32 lost sales; lifts DoC from 1.7 to 3.0d",HYD_DS_08,HYD_DS_09,Destination projected to breach safety stock within 31.0h (DoC: 1.7d). Source retains surplus stock above protection threshold (Post-transfer DoC: 5.5d). Distance is 1.6km within configured limit.
822,20260629,DEL_DS_07,252,BABY_BABY_12,Baby Care,Stock Below Reorder Point,23,Scheduled Replenishment,224,31.0,Protects $0.00 sales exposure; targets 288 units,Regional Distribution Center,DEL_DS_07,Projected inventory (64) breached ROP (176). Target: 288.
823,20260629,MUM_DS_03,241,BABY_DIAP_01,Baby Care,Stock Below Reorder Point,23,Scheduled Replenishment,234,31.0,Protects $0.00 sales exposure; targets 300 units,Regional Distribution Center,MUM_DS_03,Projected inventory (68) breached ROP (102). Target: 300.
824,20260629,HYD_DS_09,91,PACK_NOOD_01,Packaged Foods,Stock Below Reorder Point,23,Scheduled Replenishment,120,31.0,Protects $0.00 sales exposure; targets 137 units,Regional Distribution Center,HYD_DS_09,Projected inventory (31) breached ROP (38). Target: 137.
825,20260629,BEN_DS_07,142,FRUI_EXOT_22,Fruits & Vegetables,Inter-Store Misallocation / Impending Shortage,23,Redistribute Stock,104,31.1,"Avoids $6,656.00 lost sales; lifts DoC from 1.7 to 3.4d",BEN_DS_05,BEN_DS_07,Destination projected to breach safety stock within 31.1h (DoC: 1.7d). Source retains surplus stock above protection threshold (Post-transfer DoC: 3.9d). Distance is 3.8km within configured limit.
826,20260629,BEN_DS_08,133,FRUI_DAIL_13,Fruits & Vegetables,Inter-Store Misallocation / Impending Shortage,23,Redistribute Stock,102,31.1,"Avoids $9,093.30 lost sales; lifts DoC from 1.7 to 3.5d",BEN_DS_09,BEN_DS_08,Destination projected to breach safety stock within 31.1h (DoC: 1.7d). Source retains surplus stock above protection threshold (Post-transfer DoC: 5.7d). Distance is 2.2km within configured limit.
827,20260629,DEL_DS_06,137,FRUI_EXOT_17,Fruits & Vegetables,Inter-Store Misallocation / Impending Shortage,23,Redistribute Stock,168,31.1,"Avoids $4,282.32 lost sales; lifts DoC from 1.7 to 3.4d",DEL_DS_07,DEL_DS_06,Destination projected to breach safety stock within 31.1h (DoC: 1.7d). Source retains surplus stock above protection threshold (Post-transfer DoC: 3.0d). Distance is 10.4km within configured limit.
828,20260629,MUM_DS_03,15,DAIR_PANE_15,Dairy,Inter-Store Misallocation / Impending Shortage,23,Redistribute Stock,104,31.1,"Avoids $5,308.16 lost sales; lifts DoC from 1.7 to 3.3d",MUM_DS_06,MUM_DS_03,Destination projected to breach safety stock within 31.1h (DoC: 1.7d). Source retains surplus stock above protection threshold (Post-transfer DoC: 3.0d). Distance is 3.8km within configured limit.
829,20260629,MUM_DS_05,258,BABY_BABY_18,Baby Care,Inter-Store Misallocation / Impending Shortage,23,Redistribute Stock,24,31.1,"Avoids $13,254.96 lost sales; lifts DoC from 1.7 to 3.2d",MUM_DS_03,MUM_DS_05,Destination projected to breach safety stock within 31.1h (DoC: 1.7d). Source retains surplus stock above protection threshold (Post-transfer DoC: 3.1d). Distance is 12.0km within configured limit.
830,20260629,MUM_DS_06,27,DAIR_CURD_27,Dairy,Inter-Store Misallocation / Impending Shortage,23,Redistribute Stock,120,31.1,"Avoids $12,399.60 lost sales; lifts DoC from 1.7 to 3.5d",MUM_DS_10,MUM_DS_06,Destination projected to breach safety stock within 31.1h (DoC: 1.7d). Source retains surplus stock above protection threshold (Post-transfer DoC: 9.1d). Distance is 3.0km within configured limit.
831,20260629,MUM_DS_06,157,STAP_RICE_07,Staples,Inter-Store Misallocation / Impending Shortage,23,Redistribute Stock,36,31.1,"Avoids $5,157.00 lost sales; lifts DoC from 1.7 to 3.3d",MUM_DS_10,MUM_DS_06,Destination projected to breach safety stock within 31.1h (DoC: 1.7d). Source retains surplus stock above protection threshold (Post-transfer DoC: 4.4d). Distance is 3.0km within configured limit.
832,20260629,MUM_DS_08,104,PACK_BREA_14,Packaged Foods,Inter-Store Misallocation / Impending Shortage,23,Redistribute Stock,60,31.1,"Avoids $5,898.00 lost sales; lifts DoC from 1.7 to 3.5d",MUM_DS_07,MUM_DS_08,Destination projected to breach safety stock within 31.1h (DoC: 1.7d). Source retains surplus stock above protection threshold (Post-transfer DoC: 8.2d). Distance is 1.7km within configured limit.
833,20260629,MUM_DS_09,76,SNAC_CHIP_16,Snacks,Inter-Store Misallocation / Impending Shortage,23,Redistribute Stock,96,31.1,"Avoids $6,202.56 lost sales; lifts DoC from 1.7 to 3.4d",MUM_DS_01,MUM_DS_09,Destination projected to breach safety stock within 31.1h (DoC: 1.7d). Source retains surplus stock above protection threshold (Post-transfer DoC: 3.0d). Distance is 7.2km within configured limit.
834,20260629,MUM_DS_09,165,STAP_SPIC_15,Staples,Inter-Store Misallocation / Impending Shortage,23,Redistribute Stock,18,31.1,"Avoids $5,343.12 lost sales; lifts DoC from 1.7 to 2.3d",MUM_DS_08,MUM_DS_09,Destination projected to breach safety stock within 31.1h (DoC: 1.7d). Source retains surplus stock above protection threshold (Post-transfer DoC: 2.9d). Distance is 15.1km within configured limit.
835,20260629,BEN_DS_07,142,FRUI_EXOT_22,Fruits & Vegetables,Stock Below Reorder Point,23,Scheduled Replenishment,360,31.1,Protects $0.00 sales exposure; targets 463 units,Regional Distribution Center,BEN_DS_07,Projected inventory (107) breached ROP (122). Target: 463.
836,20260629,BEN_DS_08,133,FRUI_DAIL_13,Fruits & Vegetables,Stock Below Reorder Point,23,Scheduled Replenishment,348,31.1,Protects $0.00 sales exposure; targets 447 units,Regional Distribution Center,BEN_DS_08,Projected inventory (102) breached ROP (153). Target: 447.
837,20260629,MUM_DS_06,27,DAIR_CURD_27,Dairy,Stock Below Reorder Point,23,Scheduled Replenishment,408,31.1,Protects $0.00 sales exposure; targets 525 units,Regional Distribution Center,MUM_DS_06,Projected inventory (118) breached ROP (253). Target: 525.
838,20260629,MUM_DS_08,104,PACK_BREA_14,Packaged Foods,Stock Below Reorder Point,23,Scheduled Replenishment,204,31.1,Protects $0.00 sales exposure; targets 258 units,Regional Distribution Center,MUM_DS_08,Projected inventory (59) breached ROP (71). Target: 258.
839,20260629,DEL_DS_10,14,DAIR_CHEE_14,Dairy,Inter-Store Misallocation / Impending Shortage,23,Redistribute Stock,120,32.6,"Avoids $22,891.20 lost sales; lifts DoC from 1.8 to 3.4d",DEL_DS_09,DEL_DS_10,Destination projected to breach safety stock within 32.6h (DoC: 1.8d). Source retains surplus stock above protection threshold (Post-transfer DoC: 6.6d). Distance is 2.1km within configured limit.
840,20260629,MUM_DS_09,4,DAIR_CHEE_04,Dairy,Stock Below Reorder Point,23,Scheduled Replenishment,444,43.0,Protects $0.00 sales exposure; targets 644 units,Regional Distribution Center,MUM_DS_09,Projected inventory (203) breached ROP (219). Target: 644.
841,20260629,BEN_DS_01,35,BEVE_WATE_05,Beverages,Stock Below Reorder Point,23,Scheduled Replenishment,312,43.9,Protects $0.00 sales exposure; targets 454 units,Regional Distribution Center,BEN_DS_01,Projected inventory (145) breached ROP (216). Target: 454.
842,20260629,BEN_DS_08,273,PET _PET _03,Pet Care,Stock Below Reorder Point,23,Scheduled Replenishment,32,65.0,Protects $0.00 sales exposure; targets 46 units,Regional Distribution Center,BEN_DS_08,Projected inventory (17) breached ROP (32). Target: 46.
843,20260629,MUM_DS_02,298,PET _PET _28,Pet Care,Inter-Store Misallocation / Impending Shortage,22,Redistribute Stock,16,21.6,"Avoids $8,709.60 lost sales; lifts DoC from 1.2 to 2.4d",MUM_DS_03,MUM_DS_02,Destination projected to breach safety stock within 21.6h (DoC: 1.2d). Source retains surplus stock above protection threshold (Post-transfer DoC: 3.4d). Distance is 5.8km within configured limit.
844,20260629,MUM_DS_02,298,PET _PET _28,Pet Care,Stock Below Reorder Point,22,Scheduled Replenishment,88,21.6,"Protects $7,272.52 sales exposure; targets 101 units",Regional Distribution Center,MUM_DS_02,Projected inventory (16) breached ROP (21). Target: 101.
845,20260629,MUM_DS_01,240,HOUS_REPE_30,Household,Inter-Store Misallocation / Impending Shortage,22,Redistribute Stock,12,22.1,"Avoids $2,237.50 lost sales; lifts DoC from 1.2 to 3.7d",MUM_DS_08,MUM_DS_01,Destination projected to breach safety stock within 22.1h (DoC: 1.2d). Source retains surplus stock above protection threshold (Post-transfer DoC: 12.3d). Distance is 8.1km within configured limit.
846,20260629,MUM_DS_01,240,HOUS_REPE_30,Household,Stock Below Reorder Point,22,Scheduled Replenishment,48,22.1,"Protects $1,087.43 sales exposure; targets 38 units",Regional Distribution Center,MUM_DS_01,Projected inventory (6) breached ROP (13). Target: 38.
847,20260629,DEL_DS_06,237,HOUS_DISH_27,Household,Inter-Store Misallocation / Impending Shortage,22,Redistribute Stock,12,23.0,"Avoids $2,874.24 lost sales; lifts DoC from 1.3 to 2.7d",DEL_DS_05,DEL_DS_06,Destination projected to breach safety stock within 23.0h (DoC: 1.3d). Source retains surplus stock above protection threshold (Post-transfer DoC: 3.6d). Distance is 4.7km within configured limit.
848,20260629,DEL_DS_06,237,HOUS_DISH_27,Household,Stock Below Reorder Point,22,Scheduled Replenishment,56,23.0,"Protects $2,052.69 sales exposure; targets 65 units",Regional Distribution Center,DEL_DS_06,Projected inventory (11) breached ROP (14). Target: 65.
849,20260629,DEL_DS_07,279,PET _DOG _09,Pet Care,Inter-Store Misallocation / Impending Shortage,22,Redistribute Stock,24,23.2,"Avoids $5,805.36 lost sales; lifts DoC from 1.3 to 3.2d",DEL_DS_10,DEL_DS_07,Destination projected to breach safety stock within 23.2h (DoC: 1.3d). Source retains surplus stock above protection threshold (Post-transfer DoC: 4.1d). Distance is 3.4km within configured limit.
850,20260629,DEL_DS_07,279,PET _DOG _09,Pet Care,Stock Below Reorder Point,22,Scheduled Replenishment,80,23.2,"Protects $2,989.76 sales exposure; targets 94 units",Regional Distribution Center,DEL_DS_07,Projected inventory (16) breached ROP (32). Target: 94.
851,20260629,DEL_DS_02,247,BABY_BABY_07,Baby Care,Inter-Store Misallocation / Impending Shortage,22,Redistribute Stock,48,31.3,"Avoids $19,399.68 lost sales; lifts DoC from 1.7 to 3.3d",DEL_DS_01,DEL_DS_02,Destination projected to breach safety stock within 31.3h (DoC: 1.7d). Source retains surplus stock above protection threshold (Post-transfer DoC: 4.3d). Distance is 1.2km within configured limit.
852,20260629,DEL_DS_06,136,FRUI_FRES_16,Fruits & Vegetables,Inter-Store Misallocation / Impending Shortage,22,Redistribute Stock,68,31.3,"Avoids $7,113.48 lost sales; lifts DoC from 1.7 to 3.4d",DEL_DS_05,DEL_DS_06,Destination projected to breach safety stock within 31.3h (DoC: 1.7d). Source retains surplus stock above protection threshold (Post-transfer DoC: 4.9d). Distance is 4.7km within configured limit.
853,20260629,MUM_DS_01,93,PACK_SAUC_03,Packaged Foods,Inter-Store Misallocation / Impending Shortage,22,Redistribute Stock,24,31.3,"Avoids $1,503.84 lost sales; lifts DoC from 1.7 to 2.6d",MUM_DS_08,MUM_DS_01,Destination projected to breach safety stock within 31.3h (DoC: 1.7d). Source retains surplus stock above protection threshold (Post-transfer DoC: 3.4d). Distance is 8.1km within configured limit.
854,20260629,MUM_DS_01,164,STAP_EDIB_14,Staples,Inter-Store Misallocation / Impending Shortage,22,Redistribute Stock,28,31.3,"Avoids $10,274.32 lost sales; lifts DoC from 1.7 to 3.4d",MUM_DS_09,MUM_DS_01,Destination projected to breach safety stock within 31.3h (DoC: 1.7d). Source retains surplus stock above protection threshold (Post-transfer DoC: 7.4d). Distance is 7.2km within configured limit.
855,20260629,MUM_DS_02,95,PACK_READ_05,Packaged Foods,Inter-Store Misallocation / Impending Shortage,22,Redistribute Stock,24,31.3,"Avoids $3,202.32 lost sales; lifts DoC from 1.7 to 2.7d",MUM_DS_03,MUM_DS_02,Destination projected to breach safety stock within 31.3h (DoC: 1.7d). Source retains surplus stock above protection threshold (Post-transfer DoC: 3.8d). Distance is 5.8km within configured limit.
856,20260629,MUM_DS_01,164,STAP_EDIB_14,Staples,Stock Below Reorder Point,22,Scheduled Replenishment,100,31.3,Protects $0.00 sales exposure; targets 129 units,Regional Distribution Center,MUM_DS_01,Projected inventory (29) breached ROP (62). Target: 129.
857,20260629,DEL_DS_02,16,DAIR_MILK_16,Dairy,Inter-Store Misallocation / Impending Shortage,22,Redistribute Stock,84,31.5,"Avoids $11,574.36 lost sales; lifts DoC from 1.8 to 3.4d",DEL_DS_08,DEL_DS_02,Destination projected to breach safety stock within 31.5h (DoC: 1.8d). Source retains surplus stock above protection threshold (Post-transfer DoC: 7.2d). Distance is 0.7km within configured limit.
858,20260629,DEL_DS_06,119,PACK_BREA_29,Packaged Foods,Inter-Store Misallocation / Impending Shortage,22,Redistribute Stock,48,31.5,"Avoids $5,640.00 lost sales; lifts DoC from 1.8 to 3.5d",DEL_DS_05,DEL_DS_06,Destination projected to breach safety stock within 31.5h (DoC: 1.8d). Source retains surplus stock above protection threshold (Post-transfer DoC: 6.5d). Distance is 4.7km within configured limit.
859,20260629,MUM_DS_03,172,STAP_RICE_22,Staples,Inter-Store Misallocation / Impending Shortage,22,Redistribute Stock,48,31.5,"Avoids $21,186.72 lost sales; lifts DoC from 1.8 to 3.3d",MUM_DS_10,MUM_DS_03,Destination projected to breach safety stock within 31.5h (DoC: 1.8d). Source retains surplus stock above protection threshold (Post-transfer DoC: 4.5d). Distance is 5.9km within configured limit.
860,20260629,MUM_DS_08,71,SNAC_CHIP_11,Snacks,Inter-Store Misallocation / Impending Shortage,22,Redistribute Stock,72,31.5,"Avoids $4,911.84 lost sales; lifts DoC from 1.8 to 3.5d",MUM_DS_07,MUM_DS_08,Destination projected to breach safety stock within 31.5h (DoC: 1.8d). Source retains surplus stock above protection threshold (Post-transfer DoC: 10.6d). Distance is 1.7km within configured limit.
861,20260629,DEL_DS_06,119,PACK_BREA_29,Packaged Foods,Stock Below Reorder Point,22,Scheduled Replenishment,168,31.5,Protects $0.00 sales exposure; targets 216 units,Regional Distribution Center,DEL_DS_06,Projected inventory (49) breached ROP (104). Target: 216.
862,20260629,MUM_DS_08,71,SNAC_CHIP_11,Snacks,Stock Below Reorder Point,22,Scheduled Replenishment,240,31.5,Protects $0.00 sales exposure; targets 313 units,Regional Distribution Center,MUM_DS_08,Projected inventory (74) breached ROP (80). Target: 313.
863,20260629,BEN_DS_03,101,PACK_NOOD_11,Packaged Foods,Inter-Store Misallocation / Impending Shortage,22,Redistribute Stock,60,31.7,"Avoids $7,855.80 lost sales; lifts DoC from 1.8 to 3.4d",BEN_DS_02,BEN_DS_03,Destination projected to breach safety stock within 31.7h (DoC: 1.8d). Source retains surplus stock above protection threshold (Post-transfer DoC: 7.8d). Distance is 4.8km within configured limit.
864,20260629,BEN_DS_03,266,BABY_BABY_26,Baby Care,Inter-Store Misallocation / Impending Shortage,22,Redistribute Stock,24,31.7,"Avoids $2,547.12 lost sales; lifts DoC from 1.8 to 3.1d",BEN_DS_02,BEN_DS_03,Destination projected to breach safety stock within 31.7h (DoC: 1.8d). Source retains surplus stock above protection threshold (Post-transfer DoC: 3.9d). Distance is 4.8km within configured limit.
865,20260629,BEN_DS_05,16,DAIR_MILK_16,Dairy,Inter-Store Misallocation / Impending Shortage,22,Redistribute Stock,72,31.7,"Avoids $9,920.88 lost sales; lifts DoC from 1.8 to 3.5d",BEN_DS_07,BEN_DS_05,Destination projected to breach safety stock within 31.7h (DoC: 1.8d). Source retains surplus stock above protection threshold (Post-transfer DoC: 9.8d). Distance is 3.8km within configured limit.
866,20260629,BEN_DS_07,143,FRUI_DAIL_23,Fruits & Vegetables,Inter-Store Misallocation / Impending Shortage,22,Redistribute Stock,144,31.7,"Avoids $6,959.52 lost sales; lifts DoC from 1.8 to 3.4d",BEN_DS_05,BEN_DS_07,Destination projected to breach safety stock within 31.7h (DoC: 1.8d). Source retains surplus stock above protection threshold (Post-transfer DoC: 11.3d). Distance is 3.8km within configured limit.
867,20260629,DEL_DS_06,103,PACK_SAUC_13,Packaged Foods,Inter-Store Misallocation / Impending Shortage,22,Redistribute Stock,32,31.7,"Avoids $4,129.92 lost sales; lifts DoC from 1.8 to 3.0d",DEL_DS_02,DEL_DS_06,Destination projected to breach safety stock within 31.7h (DoC: 1.8d). Source retains surplus stock above protection threshold (Post-transfer DoC: 3.1d). Distance is 5.1km within configured limit.
868,20260629,MUM_DS_01,113,PACK_SAUC_23,Packaged Foods,Inter-Store Misallocation / Impending Shortage,22,Redistribute Stock,24,31.7,"Avoids $4,817.76 lost sales; lifts DoC from 1.8 to 2.8d",MUM_DS_08,MUM_DS_01,Destination projected to breach safety stock within 31.7h (DoC: 1.8d). Source retains surplus stock above protection threshold (Post-transfer DoC: 4.5d). Distance is 8.1km within configured limit.
869,20260629,MUM_DS_03,116,PACK_NOOD_26,Packaged Foods,Inter-Store Misallocation / Impending Shortage,22,Redistribute Stock,64,31.7,"Avoids $5,565.44 lost sales; lifts DoC from 1.8 to 3.3d",MUM_DS_05,MUM_DS_03,Destination projected to breach safety stock within 31.7h (DoC: 1.8d). Source retains surplus stock above protection threshold (Post-transfer DoC: 2.9d). Distance is 12.0km within configured limit.
870,20260629,MUM_DS_06,161,STAP_ATTA_11,Staples,Inter-Store Misallocation / Impending Shortage,22,Redistribute Stock,28,31.7,"Avoids $11,918.76 lost sales; lifts DoC from 1.8 to 3.3d",MUM_DS_01,MUM_DS_06,Destination projected to breach safety stock within 31.7h (DoC: 1.8d). Source retains surplus stock above protection threshold (Post-transfer DoC: 3.1d). Distance is 11.7km within configured limit.
871,20260629,MUM_DS_09,157,STAP_RICE_07,Staples,Inter-Store Misallocation / Impending Shortage,22,Redistribute Stock,42,31.7,"Avoids $6,016.50 lost sales; lifts DoC from 1.8 to 3.4d",MUM_DS_05,MUM_DS_09,Destination projected to breach safety stock within 31.7h (DoC: 1.8d). Source retains surplus stock above protection threshold (Post-transfer DoC: 3.2d). Distance is 4.5km within configured limit.
872,20260629,BEN_DS_07,143,FRUI_DAIL_23,Fruits & Vegetables,Stock Below Reorder Point,22,Scheduled Replenishment,528,31.7,Protects $0.00 sales exposure; targets 679 units,Regional Distribution Center,BEN_DS_07,Projected inventory (155) breached ROP (326). Target: 679.
873,20260629,BEN_DS_03,105,PACK_READ_15,Packaged Foods,Inter-Store Misallocation / Impending Shortage,22,Redistribute Stock,48,31.9,"Avoids $8,238.24 lost sales; lifts DoC from 1.8 to 3.2d",BEN_DS_02,BEN_DS_03,Destination projected to breach safety stock within 31.9h (DoC: 1.8d). Source retains surplus stock above protection threshold (Post-transfer DoC: 11.7d). Distance is 4.8km within configured limit.
874,20260629,BEN_DS_10,152,STAP_RICE_02,Staples,Inter-Store Misallocation / Impending Shortage,22,Redistribute Stock,60,31.9,"Avoids $13,873.20 lost sales; lifts DoC from 1.8 to 3.4d",BEN_DS_05,BEN_DS_10,Destination projected to breach safety stock within 31.9h (DoC: 1.8d). Source retains surplus stock above protection threshold (Post-transfer DoC: 3.6d). Distance is 3.8km within configured limit.
875,20260629,DEL_DS_07,23,DAIR_BUTT_23,Dairy,Inter-Store Misallocation / Impending Shortage,22,Redistribute Stock,152,31.9,"Avoids $8,683.76 lost sales; lifts DoC from 1.8 to 3.5d",DEL_DS_10,DEL_DS_07,Destination projected to breach safety stock within 31.9h (DoC: 1.8d). Source retains surplus stock above protection threshold (Post-transfer DoC: 3.8d). Distance is 3.4km within configured limit.
876,20260629,MUM_DS_02,258,BABY_BABY_18,Baby Care,Inter-Store Misallocation / Impending Shortage,22,Redistribute Stock,24,31.9,"Avoids $13,254.96 lost sales; lifts DoC from 1.8 to 3.0d",MUM_DS_04,MUM_DS_02,Destination projected to breach safety stock within 31.9h (DoC: 1.8d). Source retains surplus stock above protection threshold (Post-transfer DoC: 4.6d). Distance is 6.5km within configured limit.
877,20260629,MUM_DS_05,12,DAIR_CURD_12,Dairy,Inter-Store Misallocation / Impending Shortage,22,Redistribute Stock,144,31.9,"Avoids $20,678.40 lost sales; lifts DoC from 1.8 to 3.4d",MUM_DS_09,MUM_DS_05,Destination projected to breach safety stock within 31.9h (DoC: 1.8d). Source retains surplus stock above protection threshold (Post-transfer DoC: 6.5d). Distance is 4.5km within configured limit.
878,20260629,DEL_DS_07,23,DAIR_BUTT_23,Dairy,Stock Below Reorder Point,22,Scheduled Replenishment,520,31.9,Protects $0.00 sales exposure; targets 673 units,Regional Distribution Center,DEL_DS_07,Projected inventory (160) breached ROP (177). Target: 673.
879,20260629,MUM_DS_05,12,DAIR_CURD_12,Dairy,Stock Below Reorder Point,22,Scheduled Replenishment,540,31.9,Protects $0.00 sales exposure; targets 688 units,Regional Distribution Center,MUM_DS_05,Projected inventory (158) breached ROP (331). Target: 688.
880,20260629,BEN_DS_01,76,SNAC_CHIP_16,Snacks,Inter-Store Misallocation / Impending Shortage,22,Redistribute Stock,88,32.0,"Avoids $5,685.68 lost sales; lifts DoC from 1.8 to 3.5d",BEN_DS_06,BEN_DS_01,Destination projected to breach safety stock within 32.0h (DoC: 1.8d). Source retains surplus stock above protection threshold (Post-transfer DoC: 3.2d). Distance is 4.2km within configured limit.
881,20260629,DEL_DS_04,157,STAP_RICE_07,Staples,Inter-Store Misallocation / Impending Shortage,22,Redistribute Stock,30,32.0,"Avoids $4,297.50 lost sales; lifts DoC from 1.8 to 3.1d",DEL_DS_06,DEL_DS_04,Destination projected to breach safety stock within 32.0h (DoC: 1.8d). Source retains surplus stock above protection threshold (Post-transfer DoC: 3.1d). Distance is 7.3km within configured limit.
882,20260629,DEL_DS_08,172,STAP_RICE_22,Staples,Inter-Store Misallocation / Impending Shortage,22,Redistribute Stock,40,32.0,"Avoids $17,655.60 lost sales; lifts DoC from 1.8 to 3.4d",DEL_DS_01,DEL_DS_08,Destination projected to breach safety stock within 32.0h (DoC: 1.8d). Source retains surplus stock above protection threshold (Post-transfer DoC: 3.3d). Distance is 1.2km within configured limit.
883,20260629,HYD_DS_05,138,FRUI_DAIL_18,Fruits & Vegetables,Inter-Store Misallocation / Impending Shortage,22,Redistribute Stock,96,32.0,"Avoids $2,176.32 lost sales; lifts DoC from 1.8 to 3.5d",HYD_DS_03,HYD_DS_05,Destination projected to breach safety stock within 32.0h (DoC: 1.8d). Source retains surplus stock above protection threshold (Post-transfer DoC: 12.5d). Distance is 2.6km within configured limit.
884,20260629,HYD_DS_05,138,FRUI_DAIL_18,Fruits & Vegetables,Stock Below Reorder Point,22,Scheduled Replenishment,336,32.0,Protects $0.00 sales exposure; targets 438 units,Regional Distribution Center,HYD_DS_05,Projected inventory (102) breached ROP (150). Target: 438.
885,20260629,BEN_DS_03,51,BEVE_JUIC_21,Beverages,Inter-Store Misallocation / Impending Shortage,22,Redistribute Stock,76,32.2,"Avoids $6,270.00 lost sales; lifts DoC from 1.8 to 3.5d",BEN_DS_07,BEN_DS_03,Destination projected to breach safety stock within 32.2h (DoC: 1.8d). Source retains surplus stock above protection threshold (Post-transfer DoC: 6.9d). Distance is 7.2km within configured limit.
886,20260629,DEL_DS_04,178,STAP_DALS_28,Staples,Inter-Store Misallocation / Impending Shortage,22,Redistribute Stock,72,32.2,"Avoids $38,326.32 lost sales; lifts DoC from 1.8 to 3.5d",DEL_DS_10,DEL_DS_04,Destination projected to breach safety stock within 32.2h (DoC: 1.8d). Source retains surplus stock above protection threshold (Post-transfer DoC: 4.0d). Distance is 11.5km within configured limit.
887,20260629,DEL_DS_09,11,DAIR_MILK_11,Dairy,Inter-Store Misallocation / Impending Shortage,22,Redistribute Stock,96,32.2,"Avoids $20,632.32 lost sales; lifts DoC from 1.8 to 3.5d",DEL_DS_03,DEL_DS_09,Destination projected to breach safety stock within 32.2h (DoC: 1.8d). Source retains surplus stock above protection threshold (Post-transfer DoC: 7.1d). Distance is 1.7km within configured limit.
888,20260629,MUM_DS_06,264,BABY_BABY_24,Baby Care,Inter-Store Misallocation / Impending Shortage,22,Redistribute Stock,16,32.2,"Avoids $2,032.00 lost sales; lifts DoC from 1.8 to 2.6d",MUM_DS_10,MUM_DS_06,Destination projected to breach safety stock within 32.2h (DoC: 1.8d). Source retains surplus stock above protection threshold (Post-transfer DoC: 3.3d). Distance is 3.0km within configured limit.
889,20260629,MUM_DS_09,99,PACK_BREA_09,Packaged Foods,Inter-Store Misallocation / Impending Shortage,22,Redistribute Stock,32,32.2,"Avoids $5,005.44 lost sales; lifts DoC from 1.8 to 3.4d",MUM_DS_05,MUM_DS_09,Destination projected to breach safety stock within 32.2h (DoC: 1.8d). Source retains surplus stock above protection threshold (Post-transfer DoC: 3.1d). Distance is 4.5km within configured limit.
890,20260629,BEN_DS_04,15,DAIR_PANE_15,Dairy,Inter-Store Misallocation / Impending Shortage,22,Redistribute Stock,88,32.4,"Avoids $4,491.52 lost sales; lifts DoC from 1.8 to 3.4d",BEN_DS_10,BEN_DS_04,Destination projected to breach safety stock within 32.4h (DoC: 1.8d). Source retains surplus stock above protection threshold (Post-transfer DoC: 3.3d). Distance is 1.1km within configured limit.
891,20260629,DEL_DS_04,270,BABY_BABY_30,Baby Care,Inter-Store Misallocation / Impending Shortage,22,Redistribute Stock,24,32.4,"Avoids $14,234.88 lost sales; lifts DoC from 1.8 to 3.3d",DEL_DS_06,DEL_DS_04,Destination projected to breach safety stock within 32.4h (DoC: 1.8d). Source retains surplus stock above protection threshold (Post-transfer DoC: 3.0d). Distance is 7.3km within configured limit.
892,20260629,MUM_DS_01,60,BEVE_WATE_30,Beverages,Inter-Store Misallocation / Impending Shortage,22,Redistribute Stock,72,32.4,"Avoids $10,548.00 lost sales; lifts DoC from 1.8 to 3.5d",MUM_DS_09,MUM_DS_01,Destination projected to breach safety stock within 32.4h (DoC: 1.8d). Source retains surplus stock above protection threshold (Post-transfer DoC: 6.5d). Distance is 7.2km within configured limit.
893,20260629,MUM_DS_02,167,STAP_RICE_17,Staples,Inter-Store Misallocation / Impending Shortage,22,Redistribute Stock,60,32.4,"Avoids $23,277.00 lost sales; lifts DoC from 1.8 to 3.2d",MUM_DS_03,MUM_DS_02,Destination projected to breach safety stock within 32.4h (DoC: 1.8d). Source retains surplus stock above protection threshold (Post-transfer DoC: 3.1d). Distance is 5.8km within configured limit.
894,20260629,MUM_DS_02,244,BABY_BABY_04,Baby Care,Inter-Store Misallocation / Impending Shortage,22,Redistribute Stock,28,32.4,"Avoids $2,993.20 lost sales; lifts DoC from 1.8 to 2.7d",MUM_DS_04,MUM_DS_02,Destination projected to breach safety stock within 32.4h (DoC: 1.8d). Source retains surplus stock above protection threshold (Post-transfer DoC: 3.2d). Distance is 6.5km within configured limit.
895,20260629,MUM_DS_01,60,BEVE_WATE_30,Beverages,Stock Below Reorder Point,22,Scheduled Replenishment,260,32.4,Protects $0.00 sales exposure; targets 339 units,Regional Distribution Center,MUM_DS_01,Projected inventory (79) breached ROP (164). Target: 339.
896,20260629,MUM_DS_02,167,STAP_RICE_17,Staples,Stock Below Reorder Point,22,Scheduled Replenishment,198,32.4,Protects $0.00 sales exposure; targets 315 units,Regional Distribution Center,MUM_DS_02,Projected inventory (74) breached ROP (109). Target: 315. Scaled down to respect dark store physical capacity buffer.
897,20260629,DEL_DS_07,87,SNAC_BISC_27,Snacks,Inter-Store Misallocation / Impending Shortage,22,Redistribute Stock,132,32.6,"Avoids $26,615.16 lost sales; lifts DoC from 1.8 to 3.4d",DEL_DS_10,DEL_DS_07,Destination projected to breach safety stock within 32.6h (DoC: 1.8d). Source retains surplus stock above protection threshold (Post-transfer DoC: 4.4d). Distance is 3.4km within configured limit.
898,20260629,DEL_DS_09,176,STAP_ATTA_26,Staples,Inter-Store Misallocation / Impending Shortage,22,Redistribute Stock,24,32.6,"Avoids $6,803.28 lost sales; lifts DoC from 1.8 to 3.3d",DEL_DS_03,DEL_DS_09,Destination projected to breach safety stock within 32.6h (DoC: 1.8d). Source retains surplus stock above protection threshold (Post-transfer DoC: 5.0d). Distance is 1.7km within configured limit.
899,20260629,MUM_DS_01,20,DAIR_PANE_20,Dairy,Inter-Store Misallocation / Impending Shortage,22,Redistribute Stock,138,32.6,"Avoids $19,255.14 lost sales; lifts DoC from 1.8 to 3.5d",MUM_DS_08,MUM_DS_01,Destination projected to breach safety stock within 32.6h (DoC: 1.8d). Source retains surplus stock above protection threshold (Post-transfer DoC: 3.5d). Distance is 8.1km within configured limit.
900,20260629,MUM_DS_08,43,BEVE_TEA _13,Beverages,Inter-Store Misallocation / Impending Shortage,22,Redistribute Stock,112,32.6,"Avoids $4,819.36 lost sales; lifts DoC from 1.8 to 3.5d",MUM_DS_07,MUM_DS_08,Destination projected to breach safety stock within 32.6h (DoC: 1.8d). Source retains surplus stock above protection threshold (Post-transfer DoC: 3.2d). Distance is 1.7km within configured limit.
901,20260629,DEL_DS_07,87,SNAC_BISC_27,Snacks,Stock Below Reorder Point,22,Scheduled Replenishment,492,32.6,Protects $0.00 sales exposure; targets 637 units,Regional Distribution Center,DEL_DS_07,Projected inventory (150) breached ROP (183). Target: 637.
902,20260629,DEL_DS_02,160,STAP_SPIC_10,Staples,Inter-Store Misallocation / Impending Shortage,22,Redistribute Stock,60,32.8,"Avoids $10,863.60 lost sales; lifts DoC from 1.8 to 3.4d",DEL_DS_05,DEL_DS_02,Destination projected to breach safety stock within 32.8h (DoC: 1.8d). Source retains surplus stock above protection threshold (Post-transfer DoC: 6.0d). Distance is 1.7km within configured limit.
903,20260629,DEL_DS_02,253,BABY_DIAP_13,Baby Care,Inter-Store Misallocation / Impending Shortage,22,Redistribute Stock,24,32.8,"Avoids $7,671.12 lost sales; lifts DoC from 1.8 to 2.7d",DEL_DS_08,DEL_DS_02,Destination projected to breach safety stock within 32.8h (DoC: 1.8d). Source retains surplus stock above protection threshold (Post-transfer DoC: 5.0d). Distance is 0.7km within configured limit.
904,20260629,DEL_DS_06,76,SNAC_CHIP_16,Snacks,Inter-Store Misallocation / Impending Shortage,22,Redistribute Stock,96,32.8,"Avoids $6,202.56 lost sales; lifts DoC from 1.8 to 3.5d",DEL_DS_05,DEL_DS_06,Destination projected to breach safety stock within 32.8h (DoC: 1.8d). Source retains surplus stock above protection threshold (Post-transfer DoC: 3.3d). Distance is 4.7km within configured limit.
905,20260629,DEL_DS_06,116,PACK_NOOD_26,Packaged Foods,Inter-Store Misallocation / Impending Shortage,22,Redistribute Stock,64,32.8,"Avoids $5,565.44 lost sales; lifts DoC from 1.8 to 3.4d",DEL_DS_02,DEL_DS_06,Destination projected to breach safety stock within 32.8h (DoC: 1.8d). Source retains surplus stock above protection threshold (Post-transfer DoC: 5.1d). Distance is 5.1km within configured limit.
906,20260629,DEL_DS_06,131,FRUI_FRES_11,Fruits & Vegetables,Inter-Store Misallocation / Impending Shortage,22,Redistribute Stock,42,32.8,"Avoids $4,203.78 lost sales; lifts DoC from 1.8 to 2.7d",DEL_DS_05,DEL_DS_06,Destination projected to breach safety stock within 32.8h (DoC: 1.8d). Source retains surplus stock above protection threshold (Post-transfer DoC: 3.0d). Distance is 4.7km within configured limit.
907,20260629,DEL_DS_07,160,STAP_SPIC_10,Staples,Inter-Store Misallocation / Impending Shortage,22,Redistribute Stock,40,32.8,"Avoids $7,242.40 lost sales; lifts DoC from 1.8 to 3.0d",DEL_DS_10,DEL_DS_07,Destination projected to breach safety stock within 32.8h (DoC: 1.8d). Source retains surplus stock above protection threshold (Post-transfer DoC: 3.1d). Distance is 3.4km within configured limit.
908,20260629,MUM_DS_01,131,FRUI_FRES_11,Fruits & Vegetables,Inter-Store Misallocation / Impending Shortage,22,Redistribute Stock,84,32.8,"Avoids $8,407.56 lost sales; lifts DoC from 1.8 to 3.5d",MUM_DS_07,MUM_DS_01,Destination projected to breach safety stock within 32.8h (DoC: 1.8d). Source retains surplus stock above protection threshold (Post-transfer DoC: 4.1d). Distance is 9.6km within configured limit.
909,20260629,MUM_DS_01,152,STAP_RICE_02,Staples,Inter-Store Misallocation / Impending Shortage,22,Redistribute Stock,60,32.8,"Avoids $13,873.20 lost sales; lifts DoC from 1.8 to 3.4d",MUM_DS_07,MUM_DS_01,Destination projected to breach safety stock within 32.8h (DoC: 1.8d). Source retains surplus stock above protection threshold (Post-transfer DoC: 3.0d). Distance is 9.6km within configured limit.
910,20260629,MUM_DS_02,47,BEVE_COLD_17,Beverages,Inter-Store Misallocation / Impending Shortage,22,Redistribute Stock,120,32.8,"Avoids $12,856.80 lost sales; lifts DoC from 1.8 to 3.5d",MUM_DS_03,MUM_DS_02,Destination projected to breach safety stock within 32.8h (DoC: 1.8d). Source retains surplus stock above protection threshold (Post-transfer DoC: 6.7d). Distance is 5.8km within configured limit.
911,20260629,MUM_DS_02,100,PACK_READ_10,Packaged Foods,Inter-Store Misallocation / Impending Shortage,22,Redistribute Stock,72,32.8,"Avoids $7,855.92 lost sales; lifts DoC from 1.8 to 3.4d",MUM_DS_03,MUM_DS_02,Destination projected to breach safety stock within 32.8h (DoC: 1.8d). Source retains surplus stock above protection threshold (Post-transfer DoC: 7.1d). Distance is 5.8km within configured limit.
912,20260629,MUM_DS_04,108,PACK_SAUC_18,Packaged Foods,Inter-Store Misallocation / Impending Shortage,22,Redistribute Stock,32,32.8,"Avoids $6,218.56 lost sales; lifts DoC from 1.8 to 3.5d",MUM_DS_01,MUM_DS_04,Destination projected to breach safety stock within 32.8h (DoC: 1.8d). Source retains surplus stock above protection threshold (Post-transfer DoC: 3.3d). Distance is 8.9km within configured limit.
913,20260629,MUM_DS_06,77,SNAC_BISC_17,Snacks,Inter-Store Misallocation / Impending Shortage,22,Redistribute Stock,96,32.8,"Avoids $5,212.80 lost sales; lifts DoC from 1.8 to 3.5d",MUM_DS_04,MUM_DS_06,Destination projected to breach safety stock within 32.8h (DoC: 1.8d). Source retains surplus stock above protection threshold (Post-transfer DoC: 4.1d). Distance is 3.2km within configured limit.
914,20260629,DEL_DS_07,160,STAP_SPIC_10,Staples,Stock Below Reorder Point,22,Scheduled Replenishment,192,32.8,Protects $0.00 sales exposure; targets 252 units,Regional Distribution Center,DEL_DS_07,Projected inventory (61) breached ROP (84). Target: 252.
915,20260629,MUM_DS_02,47,BEVE_COLD_17,Beverages,Stock Below Reorder Point,22,Scheduled Replenishment,24,32.8,Protects $0.00 sales exposure; targets 557 units,Regional Distribution Center,MUM_DS_02,Projected inventory (133) breached ROP (192). Target: 557. Scaled down to respect dark store physical capacity buffer.
916,20260629,BEN_DS_09,195,PERS_SANI_15,Personal Care,Stock Below Reorder Point,22,Scheduled Replenishment,36,36.5,Protects $0.00 sales exposure; targets 41 units,Regional Distribution Center,BEN_DS_09,Projected inventory (10) breached ROP (26). Target: 41.
917,20260629,MUM_DS_05,35,BEVE_WATE_05,Beverages,Stock Below Reorder Point,22,Scheduled Replenishment,336,45.0,Protects $0.00 sales exposure; targets 485 units,Regional Distribution Center,MUM_DS_05,Projected inventory (157) breached ROP (234). Target: 485.
918,20260629,DEL_DS_05,61,SNAC_CHIP_01,Snacks,Stock Below Reorder Point,22,Scheduled Replenishment,288,45.2,Protects $0.00 sales exposure; targets 419 units,Regional Distribution Center,DEL_DS_05,Projected inventory (137) breached ROP (200). Target: 419.
919,20260629,HYD_DS_10,224,HOUS_DISP_14,Household,Inter-Store Misallocation / Impending Shortage,21,Redistribute Stock,24,27.4,"Avoids $3,147.36 lost sales; lifts DoC from 1.5 to 3.4d",HYD_DS_08,HYD_DS_10,Destination projected to breach safety stock within 27.4h (DoC: 1.5d). Source retains surplus stock above protection threshold (Post-transfer DoC: 13.6d). Distance is 6.8km within configured limit.
920,20260629,HYD_DS_10,224,HOUS_DISP_14,Household,Stock Below Reorder Point,21,Scheduled Replenishment,80,27.4,Protects $0.00 sales exposure; targets 98 units,Regional Distribution Center,HYD_DS_10,Projected inventory (19) breached ROP (48). Target: 98.
921,20260629,BEN_DS_07,151,STAP_ATTA_01,Staples,Inter-Store Misallocation / Impending Shortage,21,Redistribute Stock,48,32.9,"Avoids $19,266.72 lost sales; lifts DoC from 1.8 to 3.2d",BEN_DS_05,BEN_DS_07,Destination projected to breach safety stock within 32.9h (DoC: 1.8d). Source retains surplus stock above protection threshold (Post-transfer DoC: 3.0d). Distance is 3.8km within configured limit.
922,20260629,BEN_DS_09,87,SNAC_BISC_27,Snacks,Inter-Store Misallocation / Impending Shortage,21,Redistribute Stock,120,32.9,"Avoids $24,195.60 lost sales; lifts DoC from 1.8 to 3.5d",BEN_DS_08,BEN_DS_09,Destination projected to breach safety stock within 32.9h (DoC: 1.8d). Source retains surplus stock above protection threshold (Post-transfer DoC: 6.6d). Distance is 2.2km within configured limit.
923,20260629,DEL_DS_06,54,BEVE_ENER_24,Beverages,Inter-Store Misallocation / Impending Shortage,21,Redistribute Stock,120,32.9,"Avoids $10,244.40 lost sales; lifts DoC from 1.8 to 3.3d",DEL_DS_05,DEL_DS_06,Destination projected to breach safety stock within 32.9h (DoC: 1.8d). Source retains surplus stock above protection threshold (Post-transfer DoC: 5.2d). Distance is 4.7km within configured limit.
924,20260629,DEL_DS_06,92,PACK_PAST_02,Packaged Foods,Inter-Store Misallocation / Impending Shortage,21,Redistribute Stock,48,32.9,"Avoids $2,520.48 lost sales; lifts DoC from 1.8 to 3.2d",DEL_DS_05,DEL_DS_06,Destination projected to breach safety stock within 32.9h (DoC: 1.8d). Source retains surplus stock above protection threshold (Post-transfer DoC: 3.1d). Distance is 4.7km within configured limit.
925,20260629,DEL_DS_06,265,BABY_DIAP_25,Baby Care,Inter-Store Misallocation / Impending Shortage,21,Redistribute Stock,66,32.9,"Avoids $10,777.80 lost sales; lifts DoC from 1.8 to 3.4d",DEL_DS_05,DEL_DS_06,Destination projected to breach safety stock within 32.9h (DoC: 1.8d). Source retains surplus stock above protection threshold (Post-transfer DoC: 4.5d). Distance is 4.7km within configured limit.
926,20260629,DEL_DS_09,174,STAP_EDIB_24,Staples,Inter-Store Misallocation / Impending Shortage,21,Redistribute Stock,66,32.9,"Avoids $33,770.22 lost sales; lifts DoC from 1.8 to 3.5d",DEL_DS_10,DEL_DS_09,Destination projected to breach safety stock within 32.9h (DoC: 1.8d). Source retains surplus stock above protection threshold (Post-transfer DoC: 13.1d). Distance is 2.1km within configured limit.
927,20260629,MUM_DS_09,142,FRUI_EXOT_22,Fruits & Vegetables,Inter-Store Misallocation / Impending Shortage,21,Redistribute Stock,64,32.9,"Avoids $4,096.00 lost sales; lifts DoC from 1.8 to 2.7d",MUM_DS_05,MUM_DS_09,Destination projected to breach safety stock within 32.9h (DoC: 1.8d). Source retains surplus stock above protection threshold (Post-transfer DoC: 3.3d). Distance is 4.5km within configured limit.
928,20260629,BEN_DS_09,87,SNAC_BISC_27,Snacks,Stock Below Reorder Point,21,Scheduled Replenishment,420,32.9,Protects $0.00 sales exposure; targets 550 units,Regional Distribution Center,BEN_DS_09,Projected inventory (135) breached ROP (145). Target: 550.
929,20260629,DEL_DS_06,54,BEVE_ENER_24,Beverages,Stock Below Reorder Point,21,Scheduled Replenishment,456,32.9,Protects $0.00 sales exposure; targets 599 units,Regional Distribution Center,DEL_DS_06,Projected inventory (146) breached ROP (159). Target: 599.
930,20260629,MUM_DS_09,142,FRUI_EXOT_22,Fruits & Vegetables,Stock Below Reorder Point,21,Scheduled Replenishment,424,32.9,Protects $0.00 sales exposure; targets 553 units,Regional Distribution Center,MUM_DS_09,Projected inventory (135) breached ROP (146). Target: 553.
931,20260629,DEL_DS_04,77,SNAC_BISC_17,Snacks,Inter-Store Misallocation / Impending Shortage,21,Redistribute Stock,88,33.1,"Avoids $4,778.40 lost sales; lifts DoC from 1.8 to 3.4d",DEL_DS_06,DEL_DS_04,Destination projected to breach safety stock within 33.1h (DoC: 1.8d). Source retains surplus stock above protection threshold (Post-transfer DoC: 3.0d). Distance is 7.3km within configured limit.
932,20260629,DEL_DS_04,246,BABY_BABY_06,Baby Care,Inter-Store Misallocation / Impending Shortage,21,Redistribute Stock,60,33.1,"Avoids $9,741.00 lost sales; lifts DoC from 1.8 to 3.4d",DEL_DS_03,DEL_DS_04,Destination projected to breach safety stock within 33.1h (DoC: 1.8d). Source retains surplus stock above protection threshold (Post-transfer DoC: 3.4d). Distance is 9.4km within configured limit.
933,20260629,DEL_DS_07,164,STAP_EDIB_14,Staples,Inter-Store Misallocation / Impending Shortage,21,Redistribute Stock,24,33.1,"Avoids $8,806.56 lost sales; lifts DoC from 1.8 to 3.4d",DEL_DS_10,DEL_DS_07,Destination projected to breach safety stock within 33.1h (DoC: 1.8d). Source retains surplus stock above protection threshold (Post-transfer DoC: 10.3d). Distance is 3.4km within configured limit.
934,20260629,DEL_DS_08,136,FRUI_FRES_16,Fruits & Vegetables,Inter-Store Misallocation / Impending Shortage,21,Redistribute Stock,56,33.1,"Avoids $5,858.16 lost sales; lifts DoC from 1.8 to 3.5d",DEL_DS_02,DEL_DS_08,Destination projected to breach safety stock within 33.1h (DoC: 1.8d). Source retains surplus stock above protection threshold (Post-transfer DoC: 3.3d). Distance is 0.7km within configured limit.
935,20260629,MUM_DS_03,53,BEVE_TEA _23,Beverages,Inter-Store Misallocation / Impending Shortage,21,Redistribute Stock,144,33.1,"Avoids $5,241.60 lost sales; lifts DoC from 1.8 to 3.5d",MUM_DS_01,MUM_DS_03,Destination projected to breach safety stock within 33.1h (DoC: 1.8d). Source retains surplus stock above protection threshold (Post-transfer DoC: 2.9d). Distance is 8.8km within configured limit.
936,20260629,MUM_DS_06,43,BEVE_TEA _13,Beverages,Inter-Store Misallocation / Impending Shortage,21,Redistribute Stock,128,33.1,"Avoids $5,507.84 lost sales; lifts DoC from 1.8 to 3.4d",MUM_DS_10,MUM_DS_06,Destination projected to breach safety stock within 33.1h (DoC: 1.8d). Source retains surplus stock above protection threshold (Post-transfer DoC: 3.2d). Distance is 3.0km within configured limit.
937,20260629,HYD_DS_03,71,SNAC_CHIP_11,Snacks,Inter-Store Misallocation / Impending Shortage,21,Redistribute Stock,48,33.1,"Avoids $3,274.56 lost sales; lifts DoC from 1.8 to 3.4d",HYD_DS_05,HYD_DS_03,Destination projected to breach safety stock within 33.1h (DoC: 1.8d). Source retains surplus stock above protection threshold (Post-transfer DoC: 3.8d). Distance is 2.6km within configured limit.
938,20260629,HYD_DS_09,100,PACK_READ_10,Packaged Foods,Inter-Store Misallocation / Impending Shortage,21,Redistribute Stock,64,33.1,"Avoids $6,983.04 lost sales; lifts DoC from 1.8 to 3.5d",HYD_DS_08,HYD_DS_09,Destination projected to breach safety stock within 33.1h (DoC: 1.8d). Source retains surplus stock above protection threshold (Post-transfer DoC: 4.1d). Distance is 1.6km within configured limit.
939,20260629,DEL_DS_07,164,STAP_EDIB_14,Staples,Stock Below Reorder Point,21,Scheduled Replenishment,96,33.1,Protects $0.00 sales exposure; targets 124 units,Regional Distribution Center,DEL_DS_07,Projected inventory (29) breached ROP (61). Target: 124.
940,20260629,HYD_DS_03,71,SNAC_CHIP_11,Snacks,Stock Below Reorder Point,21,Scheduled Replenishment,174,33.1,Protects $0.00 sales exposure; targets 229 units,Regional Distribution Center,HYD_DS_03,Projected inventory (56) breached ROP (61). Target: 229.
941,20260629,HYD_DS_09,100,PACK_READ_10,Packaged Foods,Stock Below Reorder Point,21,Scheduled Replenishment,232,33.1,Protects $0.00 sales exposure; targets 300 units,Regional Distribution Center,HYD_DS_09,Projected inventory (72) breached ROP (144). Target: 300.
942,20260629,DEL_DS_04,141,FRUI_FRES_21,Fruits & Vegetables,Inter-Store Misallocation / Impending Shortage,21,Redistribute Stock,96,33.3,"Avoids $1,871.04 lost sales; lifts DoC from 1.9 to 3.3d",DEL_DS_06,DEL_DS_04,Destination projected to breach safety stock within 33.3h (DoC: 1.9d). Source retains surplus stock above protection threshold (Post-transfer DoC: 2.9d). Distance is 7.3km within configured limit.
943,20260629,MUM_DS_01,21,DAIR_MILK_21,Dairy,Inter-Store Misallocation / Impending Shortage,21,Redistribute Stock,132,33.3,"Avoids $7,851.36 lost sales; lifts DoC from 1.9 to 3.5d",MUM_DS_04,MUM_DS_01,Destination projected to breach safety stock within 33.3h (DoC: 1.9d). Source retains surplus stock above protection threshold (Post-transfer DoC: 12.9d). Distance is 8.9km within configured limit.
944,20260629,MUM_DS_03,92,PACK_PAST_02,Packaged Foods,Inter-Store Misallocation / Impending Shortage,21,Redistribute Stock,56,33.3,"Avoids $2,940.56 lost sales; lifts DoC from 1.9 to 3.5d",MUM_DS_04,MUM_DS_03,Destination projected to breach safety stock within 33.3h (DoC: 1.9d). Source retains surplus stock above protection threshold (Post-transfer DoC: 2.9d). Distance is 0.9km within configured limit.
945,20260629,MUM_DS_03,180,STAP_SPIC_30,Staples,Inter-Store Misallocation / Impending Shortage,21,Redistribute Stock,20,33.3,"Avoids $6,518.60 lost sales; lifts DoC from 1.9 to 2.4d",MUM_DS_04,MUM_DS_03,Destination projected to breach safety stock within 33.3h (DoC: 1.9d). Source retains surplus stock above protection threshold (Post-transfer DoC: 3.2d). Distance is 0.9km within configured limit.
946,20260629,MUM_DS_06,178,STAP_DALS_28,Staples,Inter-Store Misallocation / Impending Shortage,21,Redistribute Stock,64,33.3,"Avoids $34,067.84 lost sales; lifts DoC from 1.9 to 3.4d",MUM_DS_04,MUM_DS_06,Destination projected to breach safety stock within 33.3h (DoC: 1.9d). Source retains surplus stock above protection threshold (Post-transfer DoC: 3.2d). Distance is 3.2km within configured limit.
947,20260629,MUM_DS_06,242,BABY_BABY_02,Baby Care,Inter-Store Misallocation / Impending Shortage,21,Redistribute Stock,60,33.3,"Avoids $31,888.20 lost sales; lifts DoC from 1.9 to 3.5d",MUM_DS_04,MUM_DS_06,Destination projected to breach safety stock within 33.3h (DoC: 1.9d). Source retains surplus stock above protection threshold (Post-transfer DoC: 4.3d). Distance is 3.2km within configured limit.
948,20260629,BEN_DS_04,273,PET _PET _03,Pet Care,Stock Below Reorder Point,21,Scheduled Replenishment,24,33.3,Protects $0.00 sales exposure; targets 31 units,Regional Distribution Center,BEN_DS_04,Projected inventory (7) breached ROP (20). Target: 31.
949,20260629,BEN_DS_08,240,HOUS_REPE_30,Household,Stock Below Reorder Point,21,Scheduled Replenishment,48,33.3,Protects $0.00 sales exposure; targets 31 units,Regional Distribution Center,BEN_DS_08,Projected inventory (7) breached ROP (12). Target: 31.
950,20260629,MUM_DS_01,21,DAIR_MILK_21,Dairy,Stock Below Reorder Point,21,Scheduled Replenishment,452,33.3,Protects $0.00 sales exposure; targets 598 units,Regional Distribution Center,MUM_DS_01,Projected inventory (148) breached ROP (158). Target: 598.
951,20260629,MUM_DS_03,180,STAP_SPIC_30,Staples,Stock Below Reorder Point,21,Scheduled Replenishment,208,33.3,Protects $0.00 sales exposure; targets 274 units,Regional Distribution Center,MUM_DS_03,Projected inventory (67) breached ROP (94). Target: 274.
952,20260629,DEL_DS_08,115,PACK_READ_25,Packaged Foods,Inter-Store Misallocation / Impending Shortage,21,Redistribute Stock,24,33.5,"Avoids $5,685.84 lost sales; lifts DoC from 1.9 to 3.3d",DEL_DS_01,DEL_DS_08,Destination projected to breach safety stock within 33.5h (DoC: 1.9d). Source retains surplus stock above protection threshold (Post-transfer DoC: 3.2d). Distance is 1.2km within configured limit.
953,20260629,DEL_DS_08,246,BABY_BABY_06,Baby Care,Inter-Store Misallocation / Impending Shortage,21,Redistribute Stock,54,33.5,"Avoids $8,766.90 lost sales; lifts DoC from 1.9 to 3.5d",DEL_DS_01,DEL_DS_08,Destination projected to breach safety stock within 33.5h (DoC: 1.9d). Source retains surplus stock above protection threshold (Post-transfer DoC: 3.1d). Distance is 1.2km within configured limit.
954,20260629,MUM_DS_03,52,BEVE_COLD_22,Beverages,Inter-Store Misallocation / Impending Shortage,21,Redistribute Stock,48,33.5,"Avoids $6,650.40 lost sales; lifts DoC from 1.9 to 3.1d",MUM_DS_04,MUM_DS_03,Destination projected to breach safety stock within 33.5h (DoC: 1.9d). Source retains surplus stock above protection threshold (Post-transfer DoC: 5.3d). Distance is 0.9km within configured limit.
955,20260629,MUM_DS_10,171,STAP_ATTA_21,Staples,Inter-Store Misallocation / Impending Shortage,21,Redistribute Stock,24,33.5,"Avoids $7,901.52 lost sales; lifts DoC from 1.9 to 3.3d",MUM_DS_04,MUM_DS_10,Destination projected to breach safety stock within 33.5h (DoC: 1.9d). Source retains surplus stock above protection threshold (Post-transfer DoC: 20.5d). Distance is 5.1km within configured limit.
956,20260629,BEN_DS_04,148,FRUI_DAIL_28,Fruits & Vegetables,Inter-Store Misallocation / Impending Shortage,21,Redistribute Stock,96,33.7,"Avoids $7,253.76 lost sales; lifts DoC from 1.9 to 3.5d",BEN_DS_10,BEN_DS_04,Destination projected to breach safety stock within 33.7h (DoC: 1.9d). Source retains surplus stock above protection threshold (Post-transfer DoC: 5.2d). Distance is 1.1km within configured limit.
957,20260629,DEL_DS_07,257,BABY_DIAP_17,Baby Care,Inter-Store Misallocation / Impending Shortage,21,Redistribute Stock,54,33.7,"Avoids $18,300.60 lost sales; lifts DoC from 1.9 to 3.4d",DEL_DS_10,DEL_DS_07,Destination projected to breach safety stock within 33.7h (DoC: 1.9d). Source retains surplus stock above protection threshold (Post-transfer DoC: 3.0d). Distance is 3.4km within configured limit.
958,20260629,DEL_DS_08,152,STAP_RICE_02,Staples,Inter-Store Misallocation / Impending Shortage,21,Redistribute Stock,54,33.7,"Avoids $12,485.88 lost sales; lifts DoC from 1.9 to 3.5d",DEL_DS_01,DEL_DS_08,Destination projected to breach safety stock within 33.7h (DoC: 1.9d). Source retains surplus stock above protection threshold (Post-transfer DoC: 3.0d). Distance is 1.2km within configured limit.
959,20260629,DEL_DS_08,244,BABY_BABY_04,Baby Care,Inter-Store Misallocation / Impending Shortage,21,Redistribute Stock,40,33.7,"Avoids $4,276.00 lost sales; lifts DoC from 1.9 to 3.5d",DEL_DS_05,DEL_DS_08,Destination projected to breach safety stock within 33.7h (DoC: 1.9d). Source retains surplus stock above protection threshold (Post-transfer DoC: 3.5d). Distance is 2.4km within configured limit.
960,20260629,MUM_DS_01,247,BABY_BABY_07,Baby Care,Inter-Store Misallocation / Impending Shortage,21,Redistribute Stock,8,33.7,"Avoids $3,233.28 lost sales; lifts DoC from 1.9 to 2.1d",MUM_DS_08,MUM_DS_01,Destination projected to breach safety stock within 33.7h (DoC: 1.9d). Source retains surplus stock above protection threshold (Post-transfer DoC: 3.1d). Distance is 8.1km within configured limit.
961,20260629,MUM_DS_05,74,SNAC_CHOC_14,Snacks,Inter-Store Misallocation / Impending Shortage,21,Redistribute Stock,72,33.7,"Avoids $4,831.20 lost sales; lifts DoC from 1.9 to 3.4d",MUM_DS_09,MUM_DS_05,Destination projected to breach safety stock within 33.7h (DoC: 1.9d). Source retains surplus stock above protection threshold (Post-transfer DoC: 4.5d). Distance is 4.5km within configured limit.
962,20260629,HYD_DS_05,76,SNAC_CHIP_16,Snacks,Inter-Store Misallocation / Impending Shortage,21,Redistribute Stock,72,33.7,"Avoids $4,651.92 lost sales; lifts DoC from 1.9 to 3.4d",HYD_DS_03,HYD_DS_05,Destination projected to breach safety stock within 33.7h (DoC: 1.9d). Source retains surplus stock above protection threshold (Post-transfer DoC: 5.1d). Distance is 2.6km within configured limit.
963,20260629,HYD_DS_09,111,PACK_NOOD_21,Packaged Foods,Inter-Store Misallocation / Impending Shortage,21,Redistribute Stock,24,33.7,"Avoids $3,561.60 lost sales; lifts DoC from 1.9 to 2.7d",HYD_DS_08,HYD_DS_09,Destination projected to breach safety stock within 33.7h (DoC: 1.9d). Source retains surplus stock above protection threshold (Post-transfer DoC: 3.0d). Distance is 1.6km within configured limit.
964,20260629,BEN_DS_04,148,FRUI_DAIL_28,Fruits & Vegetables,Stock Below Reorder Point,21,Scheduled Replenishment,352,33.7,Protects $0.00 sales exposure; targets 460 units,Regional Distribution Center,BEN_DS_04,Projected inventory (113) breached ROP (157). Target: 460.
965,20260629,DEL_DS_07,257,BABY_DIAP_17,Baby Care,Stock Below Reorder Point,21,Scheduled Replenishment,198,33.7,Protects $0.00 sales exposure; targets 261 units,Regional Distribution Center,DEL_DS_07,Projected inventory (64) breached ROP (89). Target: 261.
966,20260629,MUM_DS_05,74,SNAC_CHOC_14,Snacks,Stock Below Reorder Point,21,Scheduled Replenishment,272,33.7,Protects $0.00 sales exposure; targets 360 units,Regional Distribution Center,MUM_DS_05,Projected inventory (89) breached ROP (122). Target: 360.
967,20260629,BEN_DS_01,57,BEVE_COLD_27,Beverages,Inter-Store Misallocation / Impending Shortage,21,Redistribute Stock,84,33.8,"Avoids $10,399.20 lost sales; lifts DoC from 1.9 to 3.3d",BEN_DS_09,BEN_DS_01,Destination projected to breach safety stock within 33.8h (DoC: 1.9d). Source retains surplus stock above protection threshold (Post-transfer DoC: 3.1d). Distance is 2.6km within configured limit.
968,20260629,DEL_DS_04,99,PACK_BREA_09,Packaged Foods,Inter-Store Misallocation / Impending Shortage,21,Redistribute Stock,28,33.8,"Avoids $4,379.76 lost sales; lifts DoC from 1.9 to 3.4d",DEL_DS_02,DEL_DS_04,Destination projected to breach safety stock within 33.8h (DoC: 1.9d). Source retains surplus stock above protection threshold (Post-transfer DoC: 3.2d). Distance is 11.9km within configured limit.
969,20260629,DEL_DS_08,111,PACK_NOOD_21,Packaged Foods,Inter-Store Misallocation / Impending Shortage,21,Redistribute Stock,36,33.8,"Avoids $5,342.40 lost sales; lifts DoC from 1.9 to 3.5d",DEL_DS_02,DEL_DS_08,Destination projected to breach safety stock within 33.8h (DoC: 1.9d). Source retains surplus stock above protection threshold (Post-transfer DoC: 3.5d). Distance is 0.7km within configured limit.
970,20260629,BEN_DS_01,57,BEVE_COLD_27,Beverages,Stock Below Reorder Point,21,Scheduled Replenishment,344,33.8,Protects $0.00 sales exposure; targets 458 units,Regional Distribution Center,BEN_DS_01,Projected inventory (114) breached ROP (155). Target: 458.
971,20260629,BEN_DS_10,90,SNAC_NUTS_30,Snacks,Inter-Store Misallocation / Impending Shortage,21,Redistribute Stock,102,34.0,"Avoids $18,116.22 lost sales; lifts DoC from 1.9 to 3.4d",BEN_DS_04,BEN_DS_10,Destination projected to breach safety stock within 34.0h (DoC: 1.9d). Source retains surplus stock above protection threshold (Post-transfer DoC: 3.4d). Distance is 1.1km within configured limit.
972,20260629,BEN_DS_10,102,PACK_PAST_12,Packaged Foods,Inter-Store Misallocation / Impending Shortage,21,Redistribute Stock,24,34.0,"Avoids $2,472.72 lost sales; lifts DoC from 1.9 to 2.6d",BEN_DS_04,BEN_DS_10,Destination projected to breach safety stock within 34.0h (DoC: 1.9d). Source retains surplus stock above protection threshold (Post-transfer DoC: 3.3d). Distance is 1.1km within configured limit.
973,20260629,DEL_DS_02,251,BABY_BABY_11,Baby Care,Inter-Store Misallocation / Impending Shortage,21,Redistribute Stock,36,34.0,"Avoids $6,035.04 lost sales; lifts DoC from 1.9 to 3.0d",DEL_DS_08,DEL_DS_02,Destination projected to breach safety stock within 34.0h (DoC: 1.9d). Source retains surplus stock above protection threshold (Post-transfer DoC: 3.0d). Distance is 0.7km within configured limit.
974,20260629,DEL_DS_09,29,DAIR_CHEE_29,Dairy,Inter-Store Misallocation / Impending Shortage,21,Redistribute Stock,56,34.0,"Avoids $12,849.20 lost sales; lifts DoC from 1.9 to 3.1d",DEL_DS_10,DEL_DS_09,Destination projected to breach safety stock within 34.0h (DoC: 1.9d). Source retains surplus stock above protection threshold (Post-transfer DoC: 3.0d). Distance is 2.1km within configured limit.
975,20260629,MUM_DS_01,83,SNAC_NAMK_23,Snacks,Inter-Store Misallocation / Impending Shortage,21,Redistribute Stock,112,34.0,"Avoids $17,075.52 lost sales; lifts DoC from 1.9 to 3.2d",MUM_DS_08,MUM_DS_01,Destination projected to breach safety stock within 34.0h (DoC: 1.9d). Source retains surplus stock above protection threshold (Post-transfer DoC: 2.9d). Distance is 8.1km within configured limit.
976,20260629,MUM_DS_05,109,PACK_BREA_19,Packaged Foods,Inter-Store Misallocation / Impending Shortage,21,Redistribute Stock,24,34.0,"Avoids $4,952.16 lost sales; lifts DoC from 1.9 to 3.3d",MUM_DS_09,MUM_DS_05,Destination projected to breach safety stock within 34.0h (DoC: 1.9d). Source retains surplus stock above protection threshold (Post-transfer DoC: 3.4d). Distance is 4.5km within configured limit.
977,20260629,MUM_DS_06,82,SNAC_BISC_22,Snacks,Inter-Store Misallocation / Impending Shortage,21,Redistribute Stock,100,34.0,"Avoids $16,396.00 lost sales; lifts DoC from 1.9 to 3.5d",MUM_DS_03,MUM_DS_06,Destination projected to breach safety stock within 34.0h (DoC: 1.9d). Source retains surplus stock above protection threshold (Post-transfer DoC: 2.9d). Distance is 3.8km within configured limit.
978,20260629,MUM_DS_08,53,BEVE_TEA _23,Beverages,Inter-Store Misallocation / Impending Shortage,21,Redistribute Stock,112,34.0,"Avoids $4,076.80 lost sales; lifts DoC from 1.9 to 3.5d",MUM_DS_07,MUM_DS_08,Destination projected to breach safety stock within 34.0h (DoC: 1.9d). Source retains surplus stock above protection threshold (Post-transfer DoC: 3.4d). Distance is 1.7km within configured limit.
979,20260629,HYD_DS_09,15,DAIR_PANE_15,Dairy,Inter-Store Misallocation / Impending Shortage,21,Redistribute Stock,104,34.0,"Avoids $5,308.16 lost sales; lifts DoC from 1.9 to 3.5d",HYD_DS_08,HYD_DS_09,Destination projected to breach safety stock within 34.0h (DoC: 1.9d). Source retains surplus stock above protection threshold (Post-transfer DoC: 9.7d). Distance is 1.6km within configured limit.
980,20260629,BEN_DS_10,90,SNAC_NUTS_30,Snacks,Stock Below Reorder Point,21,Scheduled Replenishment,390,34.0,Protects $0.00 sales exposure; targets 509 units,Regional Distribution Center,BEN_DS_10,Projected inventory (124) breached ROP (247). Target: 509.
981,20260629,MUM_DS_05,109,PACK_BREA_19,Packaged Foods,Stock Below Reorder Point,21,Scheduled Replenishment,96,34.0,Protects $0.00 sales exposure; targets 126 units,Regional Distribution Center,MUM_DS_05,Projected inventory (32) breached ROP (41). Target: 126.
982,20260629,BEN_DS_10,131,FRUI_FRES_11,Fruits & Vegetables,Inter-Store Misallocation / Impending Shortage,21,Redistribute Stock,72,34.2,"Avoids $7,206.48 lost sales; lifts DoC from 1.9 to 3.5d",BEN_DS_05,BEN_DS_10,Destination projected to breach safety stock within 34.2h (DoC: 1.9d). Source retains surplus stock above protection threshold (Post-transfer DoC: 3.0d). Distance is 3.8km within configured limit.
983,20260629,DEL_DS_04,161,STAP_ATTA_11,Staples,Inter-Store Misallocation / Impending Shortage,21,Redistribute Stock,24,34.2,"Avoids $10,216.08 lost sales; lifts DoC from 1.9 to 3.2d",DEL_DS_06,DEL_DS_04,Destination projected to breach safety stock within 34.2h (DoC: 1.9d). Source retains surplus stock above protection threshold (Post-transfer DoC: 3.0d). Distance is 7.3km within configured limit.
984,20260629,DEL_DS_07,12,DAIR_CURD_12,Dairy,Inter-Store Misallocation / Impending Shortage,21,Redistribute Stock,132,34.2,"Avoids $18,955.20 lost sales; lifts DoC from 1.9 to 3.4d",DEL_DS_10,DEL_DS_07,Destination projected to breach safety stock within 34.2h (DoC: 1.9d). Source retains surplus stock above protection threshold (Post-transfer DoC: 15.5d). Distance is 3.4km within configured limit.
985,20260629,MUM_DS_02,94,PACK_BREA_04,Packaged Foods,Inter-Store Misallocation / Impending Shortage,21,Redistribute Stock,24,34.2,"Avoids $1,963.44 lost sales; lifts DoC from 1.9 to 2.8d",MUM_DS_03,MUM_DS_02,Destination projected to breach safety stock within 34.2h (DoC: 1.9d). Source retains surplus stock above protection threshold (Post-transfer DoC: 3.6d). Distance is 5.8km within configured limit.
986,20260629,MUM_DS_05,85,SNAC_NUTS_25,Snacks,Inter-Store Misallocation / Impending Shortage,21,Redistribute Stock,60,34.2,"Avoids $10,329.00 lost sales; lifts DoC from 1.9 to 3.4d",MUM_DS_01,MUM_DS_05,Destination projected to breach safety stock within 34.2h (DoC: 1.9d). Source retains surplus stock above protection threshold (Post-transfer DoC: 4.9d). Distance is 8.6km within configured limit.
987,20260629,HYD_DS_09,157,STAP_RICE_07,Staples,Inter-Store Misallocation / Impending Shortage,21,Redistribute Stock,30,34.2,"Avoids $4,297.50 lost sales; lifts DoC from 1.9 to 3.3d",HYD_DS_08,HYD_DS_09,Destination projected to breach safety stock within 34.2h (DoC: 1.9d). Source retains surplus stock above protection threshold (Post-transfer DoC: 3.6d). Distance is 1.6km within configured limit.
988,20260629,DEL_DS_07,12,DAIR_CURD_12,Dairy,Stock Below Reorder Point,21,Scheduled Replenishment,516,34.2,Protects $0.00 sales exposure; targets 677 units,Regional Distribution Center,DEL_DS_07,Projected inventory (167) breached ROP (325). Target: 677.
989,20260629,MUM_DS_05,85,SNAC_NUTS_25,Snacks,Stock Below Reorder Point,21,Scheduled Replenishment,252,34.2,Protects $0.00 sales exposure; targets 321 units,Regional Distribution Center,MUM_DS_05,Projected inventory (78) breached ROP (95). Target: 321.
990,20260629,BEN_DS_02,281,PET _PET _11,Pet Care,Stock Below Reorder Point,21,Scheduled Replenishment,32,41.4,Protects $0.00 sales exposure; targets 41 units,Regional Distribution Center,BEN_DS_02,Projected inventory (11) breached ROP (27). Target: 41.
991,20260629,HYD_DS_07,63,SNAC_NAMK_03,Snacks,Stock Below Reorder Point,21,Scheduled Replenishment,264,46.3,Protects $0.00 sales exposure; targets 387 units,Regional Distribution Center,HYD_DS_07,Projected inventory (130) breached ROP (185). Target: 387.
992,20260629,MUM_DS_04,61,SNAC_CHIP_01,Snacks,Stock Below Reorder Point,21,Scheduled Replenishment,312,46.8,Protects $0.00 sales exposure; targets 459 units,Regional Distribution Center,MUM_DS_04,Projected inventory (155) breached ROP (220). Target: 459.
993,20260629,MUM_DS_03,230,HOUS_REPE_20,Household,Inter-Store Misallocation / Impending Shortage,20,Redistribute Stock,8,24.8,Avoids $632.32 lost sales; lifts DoC from 1.4 to 3.0d,MUM_DS_04,MUM_DS_03,Destination projected to breach safety stock within 24.8h (DoC: 1.4d). Source retains surplus stock above protection threshold (Post-transfer DoC: 5.9d). Distance is 0.9km within configured limit.
994,20260629,HYD_DS_09,183,PERS_ORAL_03,Personal Care,Inter-Store Misallocation / Impending Shortage,20,Redistribute Stock,12,24.8,"Avoids $4,421.76 lost sales; lifts DoC from 1.4 to 2.6d",HYD_DS_08,HYD_DS_09,Destination projected to breach safety stock within 24.8h (DoC: 1.4d). Source retains surplus stock above protection threshold (Post-transfer DoC: 4.8d). Distance is 1.6km within configured limit.
995,20260629,MUM_DS_03,230,HOUS_REPE_20,Household,Stock Below Reorder Point,20,Scheduled Replenishment,32,24.8,Protects $0.00 sales exposure; targets 39 units,Regional Distribution Center,MUM_DS_03,Projected inventory (7) breached ROP (9). Target: 39.
996,20260629,MUM_DS_09,292,PET _CAT _22,Pet Care,Stock Below Reorder Point,20,Scheduled Replenishment,96,24.8,Protects $0.00 sales exposure; targets 39 units,Regional Distribution Center,MUM_DS_09,Projected inventory (7) breached ROP (9). Target: 39.
997,20260629,HYD_DS_09,183,PERS_ORAL_03,Personal Care,Stock Below Reorder Point,20,Scheduled Replenishment,60,24.8,Protects $0.00 sales exposure; targets 71 units,Regional Distribution Center,HYD_DS_09,Projected inventory (13) breached ROP (14). Target: 71.
998,20260629,MUM_DS_02,288,PET _CAT _18,Pet Care,Inter-Store Misallocation / Impending Shortage,20,Redistribute Stock,12,25.4,"Avoids $3,872.88 lost sales; lifts DoC from 1.4 to 2.8d",MUM_DS_06,MUM_DS_02,Destination projected to breach safety stock within 25.4h (DoC: 1.4d). Source retains surplus stock above protection threshold (Post-transfer DoC: 3.3d). Distance is 7.3km within configured limit.
999,20260629,MUM_DS_02,211,HOUS_DETE_01,Household,Inter-Store Misallocation / Impending Shortage,20,Redistribute Stock,24,25.6,"Avoids $4,672.32 lost sales; lifts DoC from 1.4 to 3.4d",MUM_DS_04,MUM_DS_02,Destination projected to breach safety stock within 25.6h (DoC: 1.4d). Source retains surplus stock above protection threshold (Post-transfer DoC: 3.5d). Distance is 6.5km within configured limit.
1000,20260629,MUM_DS_09,285,PET _PET _15,Pet Care,Inter-Store Misallocation / Impending Shortage,20,Redistribute Stock,8,25.7,"Avoids $4,031.20 lost sales; lifts DoC from 1.4 to 2.2d",MUM_DS_05,MUM_DS_09,Destination projected to breach safety stock within 25.7h (DoC: 1.4d). Source retains surplus stock above protection threshold (Post-transfer DoC: 3.7d). Distance is 4.5km within configured limit.
1001,20260629,MUM_DS_09,285,PET _PET _15,Pet Care,Stock Below Reorder Point,20,Scheduled Replenishment,64,25.7,Protects $0.00 sales exposure; targets 78 units,Regional Distribution Center,MUM_DS_09,Projected inventory (15) breached ROP (15). Target: 78.
1002,20260629,MUM_DS_09,198,PERS_ORAL_18,Personal Care,Inter-Store Misallocation / Impending Shortage,20,Redistribute Stock,20,25.9,"Avoids $1,036.40 lost sales; lifts DoC from 1.4 to 2.9d",MUM_DS_05,MUM_DS_09,Destination projected to breach safety stock within 25.9h (DoC: 1.4d). Source retains surplus stock above protection threshold (Post-transfer DoC: 3.0d). Distance is 4.5km within configured limit.
1003,20260629,MUM_DS_09,198,PERS_ORAL_18,Personal Care,Stock Below Reorder Point,20,Scheduled Replenishment,84,25.9,Protects $0.00 sales exposure; targets 104 units,Regional Distribution Center,MUM_DS_09,Projected inventory (20) breached ROP (20). Target: 104.
1004,20260629,HYD_DS_09,189,PERS_SKIN_09,Personal Care,Inter-Store Misallocation / Impending Shortage,20,Redistribute Stock,18,26.3,"Avoids $2,242.44 lost sales; lifts DoC from 1.5 to 3.1d",HYD_DS_08,HYD_DS_09,Destination projected to breach safety stock within 26.3h (DoC: 1.5d). Source retains surplus stock above protection threshold (Post-transfer DoC: 6.8d). Distance is 1.6km within configured limit.
1005,20260629,HYD_DS_09,189,PERS_SKIN_09,Personal Care,Stock Below Reorder Point,20,Scheduled Replenishment,72,26.3,Protects $0.00 sales exposure; targets 84 units,Regional Distribution Center,HYD_DS_09,Projected inventory (16) breached ROP (29). Target: 84.
1006,20260629,DEL_DS_05,220,HOUS_REPE_10,Household,Stock Below Reorder Point,20,Scheduled Replenishment,48,32.9,Protects $0.00 sales exposure; targets 48 units,Regional Distribution Center,DEL_DS_05,Projected inventory (11) breached ROP (24). Target: 48.
1007,20260629,BEN_DS_02,177,STAP_RICE_27,Staples,Inter-Store Misallocation / Impending Shortage,20,Redistribute Stock,40,34.4,"Avoids $4,559.20 lost sales; lifts DoC from 1.9 to 3.4d",BEN_DS_08,BEN_DS_02,Destination projected to breach safety stock within 34.4h (DoC: 1.9d). Source retains surplus stock above protection threshold (Post-transfer DoC: 6.6d). Distance is 6.7km within configured limit.
1008,20260629,DEL_DS_06,140,FRUI_CUT _20,Fruits & Vegetables,Inter-Store Misallocation / Impending Shortage,20,Redistribute Stock,64,34.4,"Avoids $3,493.76 lost sales; lifts DoC from 1.9 to 3.4d",DEL_DS_08,DEL_DS_06,Destination projected to breach safety stock within 34.4h (DoC: 1.9d). Source retains surplus stock above protection threshold (Post-transfer DoC: 3.9d). Distance is 5.6km within configured limit.
1009,20260629,DEL_DS_09,84,SNAC_CHOC_24,Snacks,Inter-Store Misallocation / Impending Shortage,20,Redistribute Stock,48,34.4,"Avoids $2,051.52 lost sales; lifts DoC from 1.9 to 2.9d",DEL_DS_03,DEL_DS_09,Destination projected to breach safety stock within 34.4h (DoC: 1.9d). Source retains surplus stock above protection threshold (Post-transfer DoC: 3.3d). Distance is 1.7km within configured limit.
1010,20260629,MUM_DS_02,269,BABY_DIAP_29,Baby Care,Inter-Store Misallocation / Impending Shortage,20,Redistribute Stock,12,34.4,"Avoids $7,026.60 lost sales; lifts DoC from 1.9 to 2.5d",MUM_DS_04,MUM_DS_02,Destination projected to breach safety stock within 34.4h (DoC: 1.9d). Source retains surplus stock above protection threshold (Post-transfer DoC: 3.4d). Distance is 6.5km within configured limit.
1011,20260629,MUM_DS_03,80,SNAC_NUTS_20,Snacks,Inter-Store Misallocation / Impending Shortage,20,Redistribute Stock,144,34.4,"Avoids $15,804.00 lost sales; lifts DoC from 1.9 to 3.5d",MUM_DS_10,MUM_DS_03,Destination projected to breach safety stock within 34.4h (DoC: 1.9d). Source retains surplus stock above protection threshold (Post-transfer DoC: 3.3d). Distance is 5.9km within configured limit.
1012,20260629,BEN_DS_02,177,STAP_RICE_27,Staples,Stock Below Reorder Point,20,Scheduled Replenishment,148,34.4,Protects $0.00 sales exposure; targets 198 units,Regional Distribution Center,BEN_DS_02,Projected inventory (50) breached ROP (68). Target: 198.
1013,20260629,MUM_DS_03,80,SNAC_NUTS_20,Snacks,Stock Below Reorder Point,20,Scheduled Replenishment,504,34.4,Protects $0.00 sales exposure; targets 675 units,Regional Distribution Center,MUM_DS_03,Projected inventory (172) breached ROP (179). Target: 675.
1014,20260629,DEL_DS_04,134,FRUI_SEAS_14,Fruits & Vegetables,Inter-Store Misallocation / Impending Shortage,20,Redistribute Stock,88,34.6,"Avoids $3,314.08 lost sales; lifts DoC from 1.9 to 3.4d",DEL_DS_06,DEL_DS_04,Destination projected to breach safety stock within 34.6h (DoC: 1.9d). Source retains surplus stock above protection threshold (Post-transfer DoC: 2.9d). Distance is 7.3km within configured limit.
1015,20260629,MUM_DS_05,20,DAIR_PANE_20,Dairy,Inter-Store Misallocation / Impending Shortage,20,Redistribute Stock,36,34.6,"Avoids $5,023.08 lost sales; lifts DoC from 1.9 to 2.4d",MUM_DS_08,MUM_DS_05,Destination projected to breach safety stock within 34.6h (DoC: 1.9d). Source retains surplus stock above protection threshold (Post-transfer DoC: 2.9d). Distance is 16.6km within configured limit.
1016,20260629,BEN_DS_03,159,STAP_EDIB_09,Staples,Inter-Store Misallocation / Impending Shortage,20,Redistribute Stock,48,34.7,"Avoids $26,894.88 lost sales; lifts DoC from 1.9 to 3.5d",BEN_DS_02,BEN_DS_03,Destination projected to breach safety stock within 34.7h (DoC: 1.9d). Source retains surplus stock above protection threshold (Post-transfer DoC: 4.2d). Distance is 4.8km within configured limit.
1017,20260629,BEN_DS_08,45,BEVE_WATE_15,Beverages,Inter-Store Misallocation / Impending Shortage,20,Redistribute Stock,108,34.7,"Avoids $11,659.68 lost sales; lifts DoC from 1.9 to 3.4d",BEN_DS_09,BEN_DS_08,Destination projected to breach safety stock within 34.7h (DoC: 1.9d). Source retains surplus stock above protection threshold (Post-transfer DoC: 10.5d). Distance is 2.2km within configured limit.
1018,20260629,DEL_DS_02,178,STAP_DALS_28,Staples,Inter-Store Misallocation / Impending Shortage,20,Redistribute Stock,64,34.7,"Avoids $34,067.84 lost sales; lifts DoC from 1.9 to 3.5d",DEL_DS_08,DEL_DS_02,Destination projected to breach safety stock within 34.7h (DoC: 1.9d). Source retains surplus stock above protection threshold (Post-transfer DoC: 3.8d). Distance is 0.7km within configured limit.
1019,20260629,DEL_DS_04,145,FRUI_CUT _25,Fruits & Vegetables,Inter-Store Misallocation / Impending Shortage,20,Redistribute Stock,96,34.7,"Avoids $6,359.04 lost sales; lifts DoC from 1.9 to 3.4d",DEL_DS_06,DEL_DS_04,Destination projected to breach safety stock within 34.7h (DoC: 1.9d). Source retains surplus stock above protection threshold (Post-transfer DoC: 3.1d). Distance is 7.3km within configured limit.
1020,20260629,DEL_DS_04,172,STAP_RICE_22,Staples,Inter-Store Misallocation / Impending Shortage,20,Redistribute Stock,40,34.7,"Avoids $17,655.60 lost sales; lifts DoC from 1.9 to 3.3d",DEL_DS_06,DEL_DS_04,Destination projected to breach safety stock within 34.7h (DoC: 1.9d). Source retains surplus stock above protection threshold (Post-transfer DoC: 3.2d). Distance is 7.3km within configured limit.
1021,20260629,DEL_DS_08,150,FRUI_CUT _30,Fruits & Vegetables,Inter-Store Misallocation / Impending Shortage,20,Redistribute Stock,48,34.7,"Avoids $4,696.32 lost sales; lifts DoC from 1.9 to 3.4d",DEL_DS_02,DEL_DS_08,Destination projected to breach safety stock within 34.7h (DoC: 1.9d). Source retains surplus stock above protection threshold (Post-transfer DoC: 3.2d). Distance is 0.7km within configured limit.
1022,20260629,MUM_DS_06,92,PACK_PAST_02,Packaged Foods,Inter-Store Misallocation / Impending Shortage,20,Redistribute Stock,48,34.7,"Avoids $2,520.48 lost sales; lifts DoC from 1.9 to 3.3d",MUM_DS_07,MUM_DS_06,Destination projected to breach safety stock within 34.7h (DoC: 1.9d). Source retains surplus stock above protection threshold (Post-transfer DoC: 3.3d). Distance is 11.4km within configured limit.
1023,20260629,MUM_DS_06,267,BABY_BABY_27,Baby Care,Inter-Store Misallocation / Impending Shortage,20,Redistribute Stock,24,34.7,"Avoids $4,963.68 lost sales; lifts DoC from 1.9 to 2.9d",MUM_DS_10,MUM_DS_06,Destination projected to breach safety stock within 34.7h (DoC: 1.9d). Source retains surplus stock above protection threshold (Post-transfer DoC: 3.4d). Distance is 3.0km within configured limit.
1024,20260629,MUM_DS_09,30,DAIR_PANE_30,Dairy,Inter-Store Misallocation / Impending Shortage,20,Redistribute Stock,120,34.7,"Avoids $19,914.00 lost sales; lifts DoC from 1.9 to 3.3d",MUM_DS_08,MUM_DS_09,Destination projected to breach safety stock within 34.7h (DoC: 1.9d). Source retains surplus stock above protection threshold (Post-transfer DoC: 7.8d). Distance is 15.1km within configured limit.
1025,20260629,HYD_DS_05,42,BEVE_COLD_12,Beverages,Inter-Store Misallocation / Impending Shortage,20,Redistribute Stock,112,34.7,"Avoids $6,104.00 lost sales; lifts DoC from 1.9 to 3.4d",HYD_DS_03,HYD_DS_05,Destination projected to breach safety stock within 34.7h (DoC: 1.9d). Source retains surplus stock above protection threshold (Post-transfer DoC: 6.2d). Distance is 2.6km within configured limit.
1026,20260629,BEN_DS_08,45,BEVE_WATE_15,Beverages,Stock Below Reorder Point,20,Scheduled Replenishment,420,34.7,Protects $0.00 sales exposure; targets 560 units,Regional Distribution Center,BEN_DS_08,Projected inventory (141) breached ROP (268). Target: 560.
1027,20260629,MUM_DS_09,30,DAIR_PANE_30,Dairy,Stock Below Reorder Point,20,Scheduled Replenishment,504,34.7,Protects $0.00 sales exposure; targets 658 units,Regional Distribution Center,MUM_DS_09,Projected inventory (169) breached ROP (221). Target: 658.
1028,20260629,BEN_DS_02,242,BABY_BABY_02,Baby Care,Inter-Store Misallocation / Impending Shortage,20,Redistribute Stock,36,34.9,"Avoids $19,132.92 lost sales; lifts DoC from 1.9 to 3.0d",BEN_DS_04,BEN_DS_02,Destination projected to breach safety stock within 34.9h (DoC: 1.9d). Source retains surplus stock above protection threshold (Post-transfer DoC: 3.1d). Distance is 11.2km within configured limit.
1029,20260629,DEL_DS_04,101,PACK_NOOD_11,Packaged Foods,Inter-Store Misallocation / Impending Shortage,20,Redistribute Stock,60,34.9,"Avoids $7,855.80 lost sales; lifts DoC from 1.9 to 3.5d",DEL_DS_03,DEL_DS_04,Destination projected to breach safety stock within 34.9h (DoC: 1.9d). Source retains surplus stock above protection threshold (Post-transfer DoC: 5.5d). Distance is 9.4km within configured limit.
1030,20260629,DEL_DS_04,151,STAP_ATTA_01,Staples,Inter-Store Misallocation / Impending Shortage,20,Redistribute Stock,48,34.9,"Avoids $19,266.72 lost sales; lifts DoC from 1.9 to 3.2d",DEL_DS_06,DEL_DS_04,Destination projected to breach safety stock within 34.9h (DoC: 1.9d). Source retains surplus stock above protection threshold (Post-transfer DoC: 3.3d). Distance is 7.3km within configured limit.
1031,20260629,DEL_DS_08,270,BABY_BABY_30,Baby Care,Inter-Store Misallocation / Impending Shortage,20,Redistribute Stock,16,34.9,"Avoids $9,489.92 lost sales; lifts DoC from 1.9 to 3.2d",DEL_DS_05,DEL_DS_08,Destination projected to breach safety stock within 34.9h (DoC: 1.9d). Source retains surplus stock above protection threshold (Post-transfer DoC: 3.2d). Distance is 2.4km within configured limit.
1032,20260629,DEL_DS_09,77,SNAC_BISC_17,Snacks,Inter-Store Misallocation / Impending Shortage,20,Redistribute Stock,88,34.9,"Avoids $4,778.40 lost sales; lifts DoC from 1.9 to 3.4d",DEL_DS_03,DEL_DS_09,Destination projected to breach safety stock within 34.9h (DoC: 1.9d). Source retains surplus stock above protection threshold (Post-transfer DoC: 4.3d). Distance is 1.7km within configured limit.
1033,20260629,MUM_DS_01,134,FRUI_SEAS_14,Fruits & Vegetables,Inter-Store Misallocation / Impending Shortage,20,Redistribute Stock,64,34.9,"Avoids $2,410.24 lost sales; lifts DoC from 1.9 to 3.0d",MUM_DS_08,MUM_DS_01,Destination projected to breach safety stock within 34.9h (DoC: 1.9d). Source retains surplus stock above protection threshold (Post-transfer DoC: 3.0d). Distance is 8.1km within configured limit.
1034,20260629,MUM_DS_01,264,BABY_BABY_24,Baby Care,Inter-Store Misallocation / Impending Shortage,20,Redistribute Stock,16,34.9,"Avoids $2,032.00 lost sales; lifts DoC from 1.9 to 2.8d",MUM_DS_08,MUM_DS_01,Destination projected to breach safety stock within 34.9h (DoC: 1.9d). Source retains surplus stock above protection threshold (Post-transfer DoC: 3.1d). Distance is 8.1km within configured limit.
1035,20260629,MUM_DS_08,175,STAP_SPIC_25,Staples,Inter-Store Misallocation / Impending Shortage,20,Redistribute Stock,24,34.9,"Avoids $8,479.92 lost sales; lifts DoC from 1.9 to 3.4d",MUM_DS_07,MUM_DS_08,Destination projected to breach safety stock within 34.9h (DoC: 1.9d). Source retains surplus stock above protection threshold (Post-transfer DoC: 3.8d). Distance is 1.7km within configured limit.
1036,20260629,HYD_DS_09,43,BEVE_TEA _13,Beverages,Inter-Store Misallocation / Impending Shortage,20,Redistribute Stock,88,34.9,"Avoids $3,786.64 lost sales; lifts DoC from 1.9 to 3.0d",HYD_DS_08,HYD_DS_09,Destination projected to breach safety stock within 34.9h (DoC: 1.9d). Source retains surplus stock above protection threshold (Post-transfer DoC: 2.9d). Distance is 1.6km within configured limit.
1037,20260629,HYD_DS_10,55,BEVE_WATE_25,Beverages,Inter-Store Misallocation / Impending Shortage,20,Redistribute Stock,108,34.9,"Avoids $8,270.64 lost sales; lifts DoC from 1.9 to 3.4d",HYD_DS_07,HYD_DS_10,Destination projected to breach safety stock within 34.9h (DoC: 1.9d). Source retains surplus stock above protection threshold (Post-transfer DoC: 9.7d). Distance is 6.0km within configured limit.
1038,20260629,HYD_DS_10,55,BEVE_WATE_25,Beverages,Stock Below Reorder Point,20,Scheduled Replenishment,420,34.9,Protects $0.00 sales exposure; targets 564 units,Regional Distribution Center,HYD_DS_10,Projected inventory (146) breached ROP (150). Target: 564.
1039,20260629,BEN_DS_09,73,SNAC_NAMK_13,Snacks,Inter-Store Misallocation / Impending Shortage,20,Redistribute Stock,120,35.1,"Avoids $11,055.60 lost sales; lifts DoC from 1.9 to 3.4d",BEN_DS_08,BEN_DS_09,Destination projected to breach safety stock within 35.1h (DoC: 1.9d). Source retains surplus stock above protection threshold (Post-transfer DoC: 7.8d). Distance is 2.2km within configured limit.
1040,20260629,DEL_DS_02,96,PACK_NOOD_06,Packaged Foods,Inter-Store Misallocation / Impending Shortage,20,Redistribute Stock,48,35.1,"Avoids $8,672.16 lost sales; lifts DoC from 1.9 to 3.5d",DEL_DS_08,DEL_DS_02,Destination projected to breach safety stock within 35.1h (DoC: 1.9d). Source retains surplus stock above protection threshold (Post-transfer DoC: 3.6d). Distance is 0.7km within configured limit.
1041,20260629,DEL_DS_10,105,PACK_READ_15,Packaged Foods,Inter-Store Misallocation / Impending Shortage,20,Redistribute Stock,36,35.1,"Avoids $6,178.68 lost sales; lifts DoC from 1.9 to 3.3d",DEL_DS_09,DEL_DS_10,Destination projected to breach safety stock within 35.1h (DoC: 1.9d). Source retains surplus stock above protection threshold (Post-transfer DoC: 11.7d). Distance is 2.1km within configured limit.
1042,20260629,BEN_DS_09,73,SNAC_NAMK_13,Snacks,Stock Below Reorder Point,20,Scheduled Replenishment,480,35.1,Protects $0.00 sales exposure; targets 623 units,Regional Distribution Center,BEN_DS_09,Projected inventory (159) breached ROP (298). Target: 623.
1043,20260629,BEN_DS_01,245,BABY_DIAP_05,Baby Care,Inter-Store Misallocation / Impending Shortage,20,Redistribute Stock,36,35.3,"Avoids $17,137.80 lost sales; lifts DoC from 2.0 to 3.2d",BEN_DS_04,BEN_DS_01,Destination projected to breach safety stock within 35.3h (DoC: 2.0d). Source retains surplus stock above protection threshold (Post-transfer DoC: 4.1d). Distance is 1.3km within configured limit.
1044,20260629,BEN_DS_09,153,STAP_DALS_03,Staples,Inter-Store Misallocation / Impending Shortage,20,Redistribute Stock,24,35.3,"Avoids $6,291.84 lost sales; lifts DoC from 2.0 to 3.3d",BEN_DS_08,BEN_DS_09,Destination projected to breach safety stock within 35.3h (DoC: 2.0d). Source retains surplus stock above protection threshold (Post-transfer DoC: 23.1d). Distance is 2.2km within configured limit.
1045,20260629,BEN_DS_10,53,BEVE_TEA _23,Beverages,Inter-Store Misallocation / Impending Shortage,20,Redistribute Stock,144,35.3,"Avoids $5,241.60 lost sales; lifts DoC from 2.0 to 3.5d",BEN_DS_04,BEN_DS_10,Destination projected to breach safety stock within 35.3h (DoC: 2.0d). Source retains surplus stock above protection threshold (Post-transfer DoC: 3.1d). Distance is 1.1km within configured limit.
1046,20260629,DEL_DS_04,131,FRUI_FRES_11,Fruits & Vegetables,Inter-Store Misallocation / Impending Shortage,20,Redistribute Stock,72,35.3,"Avoids $7,206.48 lost sales; lifts DoC from 2.0 to 3.5d",DEL_DS_03,DEL_DS_04,Destination projected to breach safety stock within 35.3h (DoC: 2.0d). Source retains surplus stock above protection threshold (Post-transfer DoC: 4.0d). Distance is 9.4km within configured limit.
1047,20260629,DEL_DS_06,165,STAP_SPIC_15,Staples,Inter-Store Misallocation / Impending Shortage,20,Redistribute Stock,42,35.3,"Avoids $12,467.28 lost sales; lifts DoC from 2.0 to 3.4d",DEL_DS_05,DEL_DS_06,Destination projected to breach safety stock within 35.3h (DoC: 2.0d). Source retains surplus stock above protection threshold (Post-transfer DoC: 6.4d). Distance is 4.7km within configured limit.
1048,20260629,DEL_DS_07,26,DAIR_MILK_26,Dairy,Inter-Store Misallocation / Impending Shortage,20,Redistribute Stock,72,35.3,"Avoids $5,631.12 lost sales; lifts DoC from 2.0 to 3.5d",DEL_DS_10,DEL_DS_07,Destination projected to breach safety stock within 35.3h (DoC: 2.0d). Source retains surplus stock above protection threshold (Post-transfer DoC: 13.7d). Distance is 3.4km within configured limit.
1049,20260629,DEL_DS_09,131,FRUI_FRES_11,Fruits & Vegetables,Inter-Store Misallocation / Impending Shortage,20,Redistribute Stock,36,35.3,"Avoids $3,603.24 lost sales; lifts DoC from 2.0 to 2.7d",DEL_DS_03,DEL_DS_09,Destination projected to breach safety stock within 35.3h (DoC: 2.0d). Source retains surplus stock above protection threshold (Post-transfer DoC: 3.0d). Distance is 1.7km within configured limit.
1050,20260629,MUM_DS_03,148,FRUI_DAIL_28,Fruits & Vegetables,Inter-Store Misallocation / Impending Shortage,20,Redistribute Stock,112,35.3,"Avoids $8,462.72 lost sales; lifts DoC from 2.0 to 3.5d",MUM_DS_04,MUM_DS_03,Destination projected to breach safety stock within 35.3h (DoC: 2.0d). Source retains surplus stock above protection threshold (Post-transfer DoC: 5.7d). Distance is 0.9km within configured limit.
1051,20260629,MUM_DS_07,138,FRUI_DAIL_18,Fruits & Vegetables,Inter-Store Misallocation / Impending Shortage,20,Redistribute Stock,72,35.3,"Avoids $1,632.24 lost sales; lifts DoC from 2.0 to 3.4d",MUM_DS_10,MUM_DS_07,Destination projected to breach safety stock within 35.3h (DoC: 2.0d). Source retains surplus stock above protection threshold (Post-transfer DoC: 8.6d). Distance is 9.3km within configured limit.
1052,20260629,BEN_DS_01,245,BABY_DIAP_05,Baby Care,Stock Below Reorder Point,20,Scheduled Replenishment,156,35.3,Protects $0.00 sales exposure; targets 210 units,Regional Distribution Center,BEN_DS_01,Projected inventory (55) breached ROP (70). Target: 210.
1053,20260629,BEN_DS_09,153,STAP_DALS_03,Staples,Stock Below Reorder Point,20,Scheduled Replenishment,120,35.3,Protects $0.00 sales exposure; targets 136 units,Regional Distribution Center,BEN_DS_09,Projected inventory (34) breached ROP (84). Target: 136.
1054,20260629,DEL_DS_07,26,DAIR_MILK_26,Dairy,Stock Below Reorder Point,20,Scheduled Replenishment,270,35.3,Protects $0.00 sales exposure; targets 359 units,Regional Distribution Center,DEL_DS_07,Projected inventory (91) breached ROP (174). Target: 359.
1055,20260629,MUM_DS_03,148,FRUI_DAIL_28,Fruits & Vegetables,Stock Below Reorder Point,20,Scheduled Replenishment,408,35.3,Protects $0.00 sales exposure; targets 546 units,Regional Distribution Center,MUM_DS_03,Projected inventory (142) breached ROP (183). Target: 546.
1056,20260629,BEN_DS_06,146,FRUI_FRES_26,Fruits & Vegetables,Inter-Store Misallocation / Impending Shortage,20,Redistribute Stock,48,35.5,"Avoids $1,682.88 lost sales; lifts DoC from 2.0 to 3.0d",BEN_DS_09,BEN_DS_06,Destination projected to breach safety stock within 35.5h (DoC: 2.0d). Source retains surplus stock above protection threshold (Post-transfer DoC: 3.1d). Distance is 2.2km within configured limit.
1057,20260629,BEN_DS_08,76,SNAC_CHIP_16,Snacks,Inter-Store Misallocation / Impending Shortage,20,Redistribute Stock,8,35.5,Avoids $516.88 lost sales; lifts DoC from 2.0 to 2.1d,BEN_DS_06,BEN_DS_08,Destination projected to breach safety stock within 35.5h (DoC: 2.0d). Source retains surplus stock above protection threshold (Post-transfer DoC: 3.0d). Distance is 2.9km within configured limit.
1058,20260629,BEN_DS_08,106,PACK_NOOD_16,Packaged Foods,Inter-Store Misallocation / Impending Shortage,20,Redistribute Stock,40,35.5,"Avoids $8,413.60 lost sales; lifts DoC from 2.0 to 3.4d",BEN_DS_09,BEN_DS_08,Destination projected to breach safety stock within 35.5h (DoC: 2.0d). Source retains surplus stock above protection threshold (Post-transfer DoC: 3.3d). Distance is 2.2km within configured limit.
1059,20260629,BEN_DS_08,149,FRUI_SEAS_29,Fruits & Vegetables,Inter-Store Misallocation / Impending Shortage,20,Redistribute Stock,72,35.5,"Avoids $7,486.56 lost sales; lifts DoC from 2.0 to 3.3d",BEN_DS_09,BEN_DS_08,Destination projected to breach safety stock within 35.5h (DoC: 2.0d). Source retains surplus stock above protection threshold (Post-transfer DoC: 3.1d). Distance is 2.2km within configured limit.
1060,20260629,BEN_DS_08,161,STAP_ATTA_11,Staples,Inter-Store Misallocation / Impending Shortage,20,Redistribute Stock,20,35.5,"Avoids $8,513.40 lost sales; lifts DoC from 2.0 to 3.3d",BEN_DS_05,BEN_DS_08,Destination projected to breach safety stock within 35.5h (DoC: 2.0d). Source retains surplus stock above protection threshold (Post-transfer DoC: 3.8d). Distance is 8.7km within configured limit.
1061,20260629,DEL_DS_03,262,BABY_BABY_22,Baby Care,Inter-Store Misallocation / Impending Shortage,20,Redistribute Stock,42,35.5,"Avoids $15,684.90 lost sales; lifts DoC from 2.0 to 3.5d",DEL_DS_09,DEL_DS_03,Destination projected to breach safety stock within 35.5h (DoC: 2.0d). Source retains surplus stock above protection threshold (Post-transfer DoC: 4.4d). Distance is 1.7km within configured limit.
1062,20260629,MUM_DS_06,150,FRUI_CUT _30,Fruits & Vegetables,Inter-Store Misallocation / Impending Shortage,20,Redistribute Stock,56,35.5,"Avoids $5,479.04 lost sales; lifts DoC from 2.0 to 3.4d",MUM_DS_10,MUM_DS_06,Destination projected to breach safety stock within 35.5h (DoC: 2.0d). Source retains surplus stock above protection threshold (Post-transfer DoC: 3.0d). Distance is 3.0km within configured limit.
1063,20260629,MUM_DS_08,142,FRUI_EXOT_22,Fruits & Vegetables,Inter-Store Misallocation / Impending Shortage,20,Redistribute Stock,96,35.5,"Avoids $6,144.00 lost sales; lifts DoC from 2.0 to 3.4d",MUM_DS_07,MUM_DS_08,Destination projected to breach safety stock within 35.5h (DoC: 2.0d). Source retains surplus stock above protection threshold (Post-transfer DoC: 5.9d). Distance is 1.7km within configured limit.
1064,20260629,BEN_DS_08,106,PACK_NOOD_16,Packaged Foods,Stock Below Reorder Point,20,Scheduled Replenishment,160,35.5,Protects $0.00 sales exposure; targets 207 units,Regional Distribution Center,BEN_DS_08,Projected inventory (54) breached ROP (70). Target: 207.
1065,20260629,BEN_DS_08,149,FRUI_SEAS_29,Fruits & Vegetables,Stock Below Reorder Point,20,Scheduled Replenishment,312,35.5,Protects $0.00 sales exposure; targets 395 units,Regional Distribution Center,BEN_DS_08,Projected inventory (104) breached ROP (105). Target: 395.
1066,20260629,MUM_DS_08,142,FRUI_EXOT_22,Fruits & Vegetables,Stock Below Reorder Point,20,Scheduled Replenishment,392,35.5,Protects $0.00 sales exposure; targets 515 units,Regional Distribution Center,MUM_DS_08,Projected inventory (128) breached ROP (157). Target: 515.
1067,20260629,HYD_DS_03,49,BEVE_ENER_19,Beverages,Inter-Store Misallocation / Impending Shortage,20,Redistribute Stock,60,35.6,"Avoids $2,538.00 lost sales; lifts DoC from 2.0 to 3.3d",HYD_DS_05,HYD_DS_03,Destination projected to breach safety stock within 35.6h (DoC: 2.0d). Source retains surplus stock above protection threshold (Post-transfer DoC: 5.5d). Distance is 2.6km within configured limit.
1068,20260629,HYD_DS_03,49,BEVE_ENER_19,Beverages,Stock Below Reorder Point,20,Scheduled Replenishment,264,35.6,Protects $0.00 sales exposure; targets 352 units,Regional Distribution Center,HYD_DS_03,Projected inventory (92) breached ROP (96). Target: 352.
1069,20260629,BEN_DS_09,14,DAIR_CHEE_14,Dairy,Inter-Store Misallocation / Impending Shortage,20,Redistribute Stock,96,35.8,"Avoids $18,312.96 lost sales; lifts DoC from 2.0 to 3.2d",BEN_DS_08,BEN_DS_09,Destination projected to breach safety stock within 35.8h (DoC: 2.0d). Source retains surplus stock above protection threshold (Post-transfer DoC: 3.4d). Distance is 2.2km within configured limit.
1070,20260629,BEN_DS_10,76,SNAC_CHIP_16,Snacks,Inter-Store Misallocation / Impending Shortage,20,Redistribute Stock,80,35.8,"Avoids $5,168.80 lost sales; lifts DoC from 2.0 to 3.5d",BEN_DS_05,BEN_DS_10,Destination projected to breach safety stock within 35.8h (DoC: 2.0d). Source retains surplus stock above protection threshold (Post-transfer DoC: 4.2d). Distance is 3.8km within configured limit.
1071,20260629,BEN_DS_10,83,SNAC_NAMK_23,Snacks,Inter-Store Misallocation / Impending Shortage,20,Redistribute Stock,120,35.8,"Avoids $18,295.20 lost sales; lifts DoC from 2.0 to 3.4d",BEN_DS_04,BEN_DS_10,Destination projected to breach safety stock within 35.8h (DoC: 2.0d). Source retains surplus stock above protection threshold (Post-transfer DoC: 3.8d). Distance is 1.1km within configured limit.
1072,20260629,DEL_DS_08,160,STAP_SPIC_10,Staples,Inter-Store Misallocation / Impending Shortage,20,Redistribute Stock,44,35.8,"Avoids $7,966.64 lost sales; lifts DoC from 2.0 to 3.4d",DEL_DS_05,DEL_DS_08,Destination projected to breach safety stock within 35.8h (DoC: 2.0d). Source retains surplus stock above protection threshold (Post-transfer DoC: 4.2d). Distance is 2.4km within configured limit.
1073,20260629,DEL_DS_09,17,DAIR_CURD_17,Dairy,Inter-Store Misallocation / Impending Shortage,20,Redistribute Stock,104,35.8,"Avoids $11,291.28 lost sales; lifts DoC from 2.0 to 3.5d",DEL_DS_03,DEL_DS_09,Destination projected to breach safety stock within 35.8h (DoC: 2.0d). Source retains surplus stock above protection threshold (Post-transfer DoC: 8.1d). Distance is 1.7km within configured limit.
1074,20260629,DEL_DS_09,265,BABY_DIAP_25,Baby Care,Inter-Store Misallocation / Impending Shortage,20,Redistribute Stock,54,35.8,"Avoids $8,818.20 lost sales; lifts DoC from 2.0 to 3.4d",DEL_DS_10,DEL_DS_09,Destination projected to breach safety stock within 35.8h (DoC: 2.0d). Source retains surplus stock above protection threshold (Post-transfer DoC: 5.0d). Distance is 2.1km within configured limit.
1075,20260629,MUM_DS_06,28,DAIR_BUTT_28,Dairy,Inter-Store Misallocation / Impending Shortage,20,Redistribute Stock,72,35.8,"Avoids $2,820.24 lost sales; lifts DoC from 2.0 to 3.4d",MUM_DS_10,MUM_DS_06,Destination projected to breach safety stock within 35.8h (DoC: 2.0d). Source retains surplus stock above protection threshold (Post-transfer DoC: 4.2d). Distance is 3.0km within configured limit.
1076,20260629,HYD_DS_01,101,PACK_NOOD_11,Packaged Foods,Inter-Store Misallocation / Impending Shortage,20,Redistribute Stock,42,35.8,"Avoids $5,499.06 lost sales; lifts DoC from 2.0 to 3.4d",HYD_DS_05,HYD_DS_01,Destination projected to breach safety stock within 35.8h (DoC: 2.0d). Source retains surplus stock above protection threshold (Post-transfer DoC: 4.4d). Distance is 3.5km within configured limit.
1077,20260629,BEN_DS_09,14,DAIR_CHEE_14,Dairy,Stock Below Reorder Point,20,Scheduled Replenishment,456,35.8,Protects $0.00 sales exposure; targets 591 units,Regional Distribution Center,BEN_DS_09,Projected inventory (157) breached ROP (196). Target: 591.
1078,20260629,DEL_DS_08,160,STAP_SPIC_10,Staples,Stock Below Reorder Point,20,Scheduled Replenishment,172,35.8,Protects $0.00 sales exposure; targets 233 units,Regional Distribution Center,DEL_DS_08,Projected inventory (61) breached ROP (80). Target: 233.
1079,20260629,MUM_DS_06,28,DAIR_BUTT_28,Dairy,Stock Below Reorder Point,20,Scheduled Replenishment,288,35.8,Protects $0.00 sales exposure; targets 389 units,Regional Distribution Center,MUM_DS_06,Projected inventory (102) breached ROP (134). Target: 389.
1080,20260629,BEN_DS_03,90,SNAC_NUTS_30,Snacks,Inter-Store Misallocation / Impending Shortage,20,Redistribute Stock,90,36.0,"Avoids $15,984.90 lost sales; lifts DoC from 2.0 to 3.5d",BEN_DS_02,BEN_DS_03,Destination projected to breach safety stock within 36.0h (DoC: 2.0d). Source retains surplus stock above protection threshold (Post-transfer DoC: 8.5d). Distance is 4.8km within configured limit.
1081,20260629,DEL_DS_09,242,BABY_BABY_02,Baby Care,Inter-Store Misallocation / Impending Shortage,20,Redistribute Stock,54,36.0,"Avoids $28,699.38 lost sales; lifts DoC from 2.0 to 3.5d",DEL_DS_05,DEL_DS_09,Destination projected to breach safety stock within 36.0h (DoC: 2.0d). Source retains surplus stock above protection threshold (Post-transfer DoC: 3.2d). Distance is 8.7km within configured limit.
1082,20260629,MUM_DS_02,45,BEVE_WATE_15,Beverages,Inter-Store Misallocation / Impending Shortage,20,Redistribute Stock,144,36.0,"Avoids $15,546.24 lost sales; lifts DoC from 2.0 to 3.5d",MUM_DS_03,MUM_DS_02,Destination projected to breach safety stock within 36.0h (DoC: 2.0d). Source retains surplus stock above protection threshold (Post-transfer DoC: 8.0d). Distance is 5.8km within configured limit.
1083,20260629,MUM_DS_05,15,DAIR_PANE_15,Dairy,Inter-Store Misallocation / Impending Shortage,20,Redistribute Stock,80,36.0,"Avoids $4,083.20 lost sales; lifts DoC from 2.0 to 3.3d",MUM_DS_02,MUM_DS_05,Destination projected to breach safety stock within 36.0h (DoC: 2.0d). Source retains surplus stock above protection threshold (Post-transfer DoC: 3.0d). Distance is 12.8km within configured limit.
1084,20260629,MUM_DS_06,160,STAP_SPIC_10,Staples,Stock Below Reorder Point,20,Scheduled Replenishment,244,37.4,Protects $0.00 sales exposure; targets 327 units,Regional Distribution Center,MUM_DS_06,Projected inventory (84) breached ROP (124). Target: 327.
1085,20260629,MUM_DS_03,40,BEVE_WATE_10,Beverages,Stock Below Reorder Point,20,Scheduled Replenishment,416,47.2,Protects $0.00 sales exposure; targets 630 units,Regional Distribution Center,MUM_DS_03,Projected inventory (214) breached ROP (303). Target: 630.
1086,20260629,BEN_DS_02,63,SNAC_NAMK_03,Snacks,Stock Below Reorder Point,20,Scheduled Replenishment,344,47.3,Protects $0.00 sales exposure; targets 523 units,Regional Distribution Center,BEN_DS_02,Projected inventory (180) breached ROP (249). Target: 523.
1087,20260629,MUM_DS_01,40,BEVE_WATE_10,Beverages,Stock Below Reorder Point,20,Scheduled Replenishment,388,47.9,Protects $0.00 sales exposure; targets 589 units,Regional Distribution Center,MUM_DS_01,Projected inventory (203) breached ROP (284). Target: 589.
1088,20260629,BEN_DS_10,126,FRUI_FRES_06,Fruits & Vegetables,Stock Below Reorder Point,20,Scheduled Replenishment,320,50.6,Protects $0.00 sales exposure; targets 499 units,Regional Distribution Center,BEN_DS_10,Projected inventory (184) breached ROP (237). Target: 499.
1089,20260629,MUM_DS_09,126,FRUI_FRES_06,Fruits & Vegetables,Stock Below Reorder Point,20,Scheduled Replenishment,368,50.9,Protects $0.00 sales exposure; targets 574 units,Regional Distribution Center,MUM_DS_09,Projected inventory (211) breached ROP (275). Target: 574.
1090,20260629,HYD_DS_09,31,BEVE_JUIC_01,Beverages,Stock Below Reorder Point,20,Scheduled Replenishment,396,50.9,Protects $0.00 sales exposure; targets 612 units,Regional Distribution Center,HYD_DS_09,Projected inventory (226) breached ROP (292). Target: 612.
1091,20260629,BEN_DS_02,40,BEVE_WATE_10,Beverages,Stock Below Reorder Point,20,Scheduled Replenishment,360,52.6,Protects $0.00 sales exposure; targets 580 units,Regional Distribution Center,BEN_DS_02,Projected inventory (220) breached ROP (278). Target: 580.
1092,20260629,BEN_DS_06,123,FRUI_DAIL_03,Fruits & Vegetables,Stock Below Reorder Point,20,Scheduled Replenishment,156,52.6,Protects $0.00 sales exposure; targets 239 units,Regional Distribution Center,BEN_DS_06,Projected inventory (90) breached ROP (116). Target: 239.
1093,20260629,MUM_DS_05,31,BEVE_JUIC_01,Beverages,Stock Below Reorder Point,20,Scheduled Replenishment,372,53.5,Protects $0.00 sales exposure; targets 600 units,Regional Distribution Center,MUM_DS_05,Projected inventory (231) breached ROP (289). Target: 600.
1094,20260629,BEN_DS_04,8,DAIR_BUTT_08,Dairy,Stock Below Reorder Point,20,Scheduled Replenishment,348,54.0,Protects $0.00 sales exposure; targets 569 units,Regional Distribution Center,BEN_DS_04,Projected inventory (222) breached ROP (273). Target: 569.
1095,20260629,HYD_DS_08,63,SNAC_NAMK_03,Snacks,Stock Below Reorder Point,20,Scheduled Replenishment,232,54.0,Protects $0.00 sales exposure; targets 376 units,Regional Distribution Center,HYD_DS_08,Projected inventory (146) breached ROP (181). Target: 376.
1096,20260629,HYD_DS_06,63,SNAC_NAMK_03,Snacks,Stock Below Reorder Point,20,Scheduled Replenishment,208,55.6,Protects $0.00 sales exposure; targets 339 units,Regional Distribution Center,HYD_DS_06,Projected inventory (136) breached ROP (163). Target: 339.
1097,20260629,HYD_DS_09,8,DAIR_BUTT_08,Dairy,Stock Below Reorder Point,20,Scheduled Replenishment,380,55.8,Protects $0.00 sales exposure; targets 635 units,Regional Distribution Center,HYD_DS_09,Projected inventory (255) breached ROP (305). Target: 635.
1098,20260629,BEN_DS_09,61,SNAC_CHIP_01,Snacks,Stock Below Reorder Point,20,Scheduled Replenishment,336,56.2,Protects $0.00 sales exposure; targets 553 units,Regional Distribution Center,BEN_DS_09,Projected inventory (224) breached ROP (265). Target: 553.
1099,20260629,MUM_DS_08,61,SNAC_CHIP_01,Snacks,Stock Below Reorder Point,20,Scheduled Replenishment,312,56.3,Protects $0.00 sales exposure; targets 501 units,Regional Distribution Center,MUM_DS_08,Projected inventory (205) breached ROP (239). Target: 501.
1100,20260629,DEL_DS_07,35,BEVE_WATE_05,Beverages,Stock Below Reorder Point,20,Scheduled Replenishment,288,57.4,Protects $0.00 sales exposure; targets 480 units,Regional Distribution Center,DEL_DS_07,Projected inventory (200) breached ROP (229). Target: 480.
1101,20260629,BEN_DS_06,63,SNAC_NAMK_03,Snacks,Stock Below Reorder Point,20,Scheduled Replenishment,224,58.3,Protects $0.00 sales exposure; targets 389 units,Regional Distribution Center,BEN_DS_06,Projected inventory (165) breached ROP (185). Target: 389.
1102,20260629,DEL_DS_07,31,BEVE_JUIC_01,Beverages,Stock Below Reorder Point,20,Scheduled Replenishment,360,58.5,Protects $0.00 sales exposure; targets 612 units,Regional Distribution Center,DEL_DS_07,Projected inventory (259) breached ROP (293). Target: 612.
1103,20260629,HYD_DS_06,61,SNAC_CHIP_01,Snacks,Stock Below Reorder Point,20,Scheduled Replenishment,216,61.6,Protects $0.00 sales exposure; targets 369 units,Regional Distribution Center,HYD_DS_06,Projected inventory (162) breached ROP (180). Target: 369.
1104,20260629,BEN_DS_09,31,BEVE_JUIC_01,Beverages,Stock Below Reorder Point,20,Scheduled Replenishment,324,61.7,Protects $0.00 sales exposure; targets 577 units,Regional Distribution Center,BEN_DS_09,Projected inventory (257) breached ROP (277). Target: 577.
1105,20260629,HYD_DS_04,31,BEVE_JUIC_01,Beverages,Stock Below Reorder Point,20,Scheduled Replenishment,276,62.3,Protects $0.00 sales exposure; targets 496 units,Regional Distribution Center,HYD_DS_04,Projected inventory (223) breached ROP (239). Target: 496.
1106,20260629,HYD_DS_09,126,FRUI_FRES_06,Fruits & Vegetables,Stock Below Reorder Point,20,Scheduled Replenishment,280,62.3,Protects $0.00 sales exposure; targets 504 units,Regional Distribution Center,HYD_DS_09,Projected inventory (225) breached ROP (244). Target: 504.
1107,20260629,BEN_DS_07,35,BEVE_WATE_05,Beverages,Stock Below Reorder Point,20,Scheduled Replenishment,264,62.5,Protects $0.00 sales exposure; targets 463 units,Regional Distribution Center,BEN_DS_07,Projected inventory (209) breached ROP (221). Target: 463.
1108,20260629,MUM_DS_01,31,BEVE_JUIC_01,Beverages,Stock Below Reorder Point,20,Scheduled Replenishment,336,63.4,Protects $0.00 sales exposure; targets 618 units,Regional Distribution Center,MUM_DS_01,Projected inventory (284) breached ROP (296). Target: 618.
1109,20260629,BEN_DS_10,8,DAIR_BUTT_08,Dairy,Stock Below Reorder Point,20,Scheduled Replenishment,336,63.7,Protects $0.00 sales exposure; targets 625 units,Regional Distribution Center,BEN_DS_10,Projected inventory (289) breached ROP (299). Target: 625.
1110,20260629,HYD_DS_05,8,DAIR_BUTT_08,Dairy,Stock Below Reorder Point,20,Scheduled Replenishment,304,64.1,Protects $0.00 sales exposure; targets 563 units,Regional Distribution Center,HYD_DS_05,Projected inventory (262) breached ROP (268). Target: 563.
1111,20260629,MUM_DS_02,277,PET _PET _07,Pet Care,Inter-Store Misallocation / Impending Shortage,19,Redistribute Stock,12,26.5,"Avoids $2,789.28 lost sales; lifts DoC from 1.5 to 3.0d",MUM_DS_03,MUM_DS_02,Destination projected to breach safety stock within 26.5h (DoC: 1.5d). Source retains surplus stock above protection threshold (Post-transfer DoC: 16.5d). Distance is 5.8km within configured limit.
1112,20260629,DEL_DS_06,285,PET _PET _15,Pet Care,Inter-Store Misallocation / Impending Shortage,19,Redistribute Stock,8,26.6,"Avoids $4,031.20 lost sales; lifts DoC from 1.5 to 2.3d",DEL_DS_05,DEL_DS_06,Destination projected to breach safety stock within 26.6h (DoC: 1.5d). Source retains surplus stock above protection threshold (Post-transfer DoC: 2.9d). Distance is 4.7km within configured limit.
1113,20260629,DEL_DS_06,285,PET _PET _15,Pet Care,Stock Below Reorder Point,19,Scheduled Replenishment,64,26.6,Protects $0.00 sales exposure; targets 77 units,Regional Distribution Center,DEL_DS_06,Projected inventory (15) breached ROP (17). Target: 77.
1114,20260629,HYD_DS_09,295,PET _DOG _25,Pet Care,Inter-Store Misallocation / Impending Shortage,19,Redistribute Stock,12,26.8,"Avoids $1,837.08 lost sales; lifts DoC from 1.5 to 2.5d",HYD_DS_08,HYD_DS_09,Destination projected to breach safety stock within 26.8h (DoC: 1.5d). Source retains surplus stock above protection threshold (Post-transfer DoC: 3.6d). Distance is 1.6km within configured limit.
1115,20260629,HYD_DS_09,295,PET _DOG _25,Pet Care,Stock Below Reorder Point,19,Scheduled Replenishment,72,26.8,Protects $0.00 sales exposure; targets 86 units,Regional Distribution Center,HYD_DS_09,Projected inventory (17) breached ROP (17). Target: 86.
1116,20260629,BEN_DS_08,189,PERS_SKIN_09,Personal Care,Inter-Store Misallocation / Impending Shortage,19,Redistribute Stock,12,27.0,"Avoids $1,494.96 lost sales; lifts DoC from 1.5 to 2.7d",BEN_DS_09,BEN_DS_08,Destination projected to breach safety stock within 27.0h (DoC: 1.5d). Source retains surplus stock above protection threshold (Post-transfer DoC: 3.4d). Distance is 2.2km within configured limit.
1117,20260629,BEN_DS_08,189,PERS_SKIN_09,Personal Care,Stock Below Reorder Point,19,Scheduled Replenishment,66,27.0,Protects $0.00 sales exposure; targets 76 units,Regional Distribution Center,BEN_DS_08,Projected inventory (15) breached ROP (26). Target: 76.
1118,20260629,MUM_DS_03,236,HOUS_DETE_26,Household,Inter-Store Misallocation / Impending Shortage,19,Redistribute Stock,24,27.4,"Avoids $2,102.16 lost sales; lifts DoC from 1.5 to 3.5d",MUM_DS_04,MUM_DS_03,Destination projected to breach safety stock within 27.4h (DoC: 1.5d). Source retains surplus stock above protection threshold (Post-transfer DoC: 5.1d). Distance is 0.9km within configured limit.
1119,20260629,MUM_DS_03,236,HOUS_DETE_26,Household,Stock Below Reorder Point,19,Scheduled Replenishment,78,27.4,Protects $0.00 sales exposure; targets 92 units,Regional Distribution Center,MUM_DS_03,Projected inventory (18) breached ROP (44). Target: 92.
1120,20260629,DEL_DS_08,199,PERS_SKIN_19,Personal Care,Inter-Store Misallocation / Impending Shortage,19,Redistribute Stock,8,34.9,"Avoids $2,012.16 lost sales; lifts DoC from 1.9 to 3.7d",DEL_DS_05,DEL_DS_08,Destination projected to breach safety stock within 34.9h (DoC: 1.9d). Source retains surplus stock above protection threshold (Post-transfer DoC: 27.8d). Distance is 2.4km within configured limit.
1121,20260629,DEL_DS_08,199,PERS_SKIN_19,Personal Care,Stock Below Reorder Point,19,Scheduled Replenishment,32,34.9,Protects $0.00 sales exposure; targets 38 units,Regional Distribution Center,DEL_DS_08,Projected inventory (9) breached ROP (24). Target: 38.
1122,20260629,BEN_DS_10,17,DAIR_CURD_17,Dairy,Stock Below Reorder Point,19,Scheduled Replenishment,400,36.2,Protects $0.00 sales exposure; targets 542 units,Regional Distribution Center,BEN_DS_10,Projected inventory (142) breached ROP (260). Target: 542.
1123,20260629,HYD_DS_10,58,BEVE_TEA _28,Beverages,Stock Below Reorder Point,19,Scheduled Replenishment,360,36.2,Protects $0.00 sales exposure; targets 488 units,Regional Distribution Center,HYD_DS_10,Projected inventory (130) breached ROP (164). Target: 488.
1124,20260629,BEN_DS_04,101,PACK_NOOD_11,Packaged Foods,Stock Below Reorder Point,19,Scheduled Replenishment,186,36.4,Protects $0.00 sales exposure; targets 249 units,Regional Distribution Center,BEN_DS_04,Projected inventory (66) breached ROP (86). Target: 249.
1125,20260629,DEL_DS_06,167,STAP_RICE_17,Staples,Stock Below Reorder Point,19,Scheduled Replenishment,222,36.4,Protects $0.00 sales exposure; targets 300 units,Regional Distribution Center,DEL_DS_06,Projected inventory (79) breached ROP (105). Target: 300.
1126,20260629,MUM_DS_03,159,STAP_EDIB_09,Staples,Stock Below Reorder Point,19,Scheduled Replenishment,204,36.4,Protects $0.00 sales exposure; targets 278 units,Regional Distribution Center,MUM_DS_03,Projected inventory (74) breached ROP (95). Target: 278.
1127,20260629,DEL_DS_06,179,STAP_EDIB_29,Staples,Stock Below Reorder Point,19,Scheduled Replenishment,240,36.5,Protects $0.00 sales exposure; targets 313 units,Regional Distribution Center,DEL_DS_06,Projected inventory (83) breached ROP (108). Target: 313.
1128,20260629,BEN_DS_07,135,FRUI_CUT _15,Fruits & Vegetables,Stock Below Reorder Point,19,Scheduled Replenishment,400,36.7,Protects $0.00 sales exposure; targets 541 units,Regional Distribution Center,BEN_DS_07,Projected inventory (144) breached ROP (259). Target: 541.
1129,20260629,DEL_DS_06,44,BEVE_ENER_14,Beverages,Stock Below Reorder Point,19,Scheduled Replenishment,336,36.9,Protects $0.00 sales exposure; targets 450 units,Regional Distribution Center,DEL_DS_06,Projected inventory (120) breached ROP (216). Target: 450.
1130,20260629,MUM_DS_09,249,BABY_DIAP_09,Baby Care,Stock Below Reorder Point,19,Scheduled Replenishment,160,36.9,Protects $0.00 sales exposure; targets 217 units,Regional Distribution Center,MUM_DS_09,Projected inventory (58) breached ROP (75). Target: 217.
1131,20260629,BEN_DS_01,174,STAP_EDIB_24,Staples,Stock Below Reorder Point,19,Scheduled Replenishment,222,37.1,Protects $0.00 sales exposure; targets 297 units,Regional Distribution Center,BEN_DS_01,Projected inventory (79) breached ROP (143). Target: 297.
1132,20260629,DEL_DS_01,166,STAP_ATTA_16,Staples,Stock Below Reorder Point,19,Scheduled Replenishment,120,37.3,Protects $0.00 sales exposure; targets 155 units,Regional Distribution Center,DEL_DS_01,Projected inventory (41) breached ROP (96). Target: 155.
1133,20260629,DEL_DS_08,60,BEVE_WATE_30,Beverages,Stock Below Reorder Point,19,Scheduled Replenishment,212,37.3,Protects $0.00 sales exposure; targets 286 units,Regional Distribution Center,DEL_DS_08,Projected inventory (75) breached ROP (140). Target: 286.
1134,20260629,MUM_DS_09,98,PACK_SAUC_08,Packaged Foods,Stock Below Reorder Point,19,Scheduled Replenishment,120,37.3,Protects $0.00 sales exposure; targets 150 units,Regional Distribution Center,MUM_DS_09,Projected inventory (41) breached ROP (41). Target: 150.
1135,20260629,MUM_DS_04,30,DAIR_PANE_30,Dairy,Stock Below Reorder Point,19,Scheduled Replenishment,336,37.4,Protects $0.00 sales exposure; targets 443 units,Regional Distribution Center,MUM_DS_04,Projected inventory (121) breached ROP (153). Target: 443.
1136,20260629,MUM_DS_05,57,BEVE_COLD_27,Beverages,Stock Below Reorder Point,19,Scheduled Replenishment,348,37.4,Protects $0.00 sales exposure; targets 479 units,Regional Distribution Center,MUM_DS_05,Projected inventory (132) breached ROP (162). Target: 479.
1137,20260629,MUM_DS_09,263,BABY_BABY_23,Baby Care,Stock Below Reorder Point,19,Scheduled Replenishment,140,37.4,Protects $0.00 sales exposure; targets 189 units,Regional Distribution Center,MUM_DS_09,Projected inventory (52) breached ROP (64). Target: 189.
1138,20260629,MUM_DS_06,226,HOUS_DETE_16,Household,Inter-Store Misallocation / Impending Shortage,18,Redistribute Stock,24,28.1,"Avoids $7,217.04 lost sales; lifts DoC from 1.6 to 3.4d",MUM_DS_10,MUM_DS_06,Destination projected to breach safety stock within 28.1h (DoC: 1.6d). Source retains surplus stock above protection threshold (Post-transfer DoC: 3.1d). Distance is 3.0km within configured limit.
1139,20260629,BEN_DS_06,188,PERS_ORAL_08,Personal Care,Stock Below Reorder Point,18,Scheduled Replenishment,20,28.1,Protects $0.00 sales exposure; targets 25 units,Regional Distribution Center,BEN_DS_06,Projected inventory (5) breached ROP (6). Target: 25.
1140,20260629,MUM_DS_06,226,HOUS_DETE_16,Household,Stock Below Reorder Point,18,Scheduled Replenishment,96,28.1,Protects $0.00 sales exposure; targets 98 units,Regional Distribution Center,MUM_DS_06,Projected inventory (20) breached ROP (20). Target: 98.
1141,20260629,BEN_DS_09,191,PERS_SOAP_11,Personal Care,Stock Below Reorder Point,18,Scheduled Replenishment,72,28.3,Protects $0.00 sales exposure; targets 87 units,Regional Distribution Center,BEN_DS_09,Projected inventory (18) breached ROP (18). Target: 87.
1142,20260629,HYD_DS_04,294,PET _PET _24,Pet Care,Inter-Store Misallocation / Impending Shortage,18,Redistribute Stock,8,28.4,Avoids $617.12 lost sales; lifts DoC from 1.6 to 3.7d,HYD_DS_08,HYD_DS_04,Destination projected to breach safety stock within 28.4h (DoC: 1.6d). Source retains surplus stock above protection threshold (Post-transfer DoC: 8.4d). Distance is 1.3km within configured limit.
1143,20260629,HYD_DS_04,294,PET _PET _24,Pet Care,Stock Below Reorder Point,18,Scheduled Replenishment,24,28.4,Protects $0.00 sales exposure; targets 30 units,Regional Distribution Center,HYD_DS_04,Projected inventory (6) breached ROP (15). Target: 30.
1144,20260629,DEL_DS_06,198,PERS_ORAL_18,Personal Care,Inter-Store Misallocation / Impending Shortage,18,Redistribute Stock,24,29.2,"Avoids $1,243.68 lost sales; lifts DoC from 1.6 to 3.5d",DEL_DS_08,DEL_DS_06,Destination projected to breach safety stock within 29.2h (DoC: 1.6d). Source retains surplus stock above protection threshold (Post-transfer DoC: 3.4d). Distance is 5.6km within configured limit.
1145,20260629,DEL_DS_06,288,PET _CAT _18,Pet Care,Inter-Store Misallocation / Impending Shortage,18,Redistribute Stock,12,29.2,"Avoids $3,872.88 lost sales; lifts DoC from 1.6 to 3.1d",DEL_DS_01,DEL_DS_06,Destination projected to breach safety stock within 29.2h (DoC: 1.6d). Source retains surplus stock above protection threshold (Post-transfer DoC: 4.8d). Distance is 6.3km within configured limit.
1146,20260629,DEL_DS_06,232,HOUS_DISH_22,Household,Stock Below Reorder Point,18,Scheduled Replenishment,48,29.2,Protects $0.00 sales exposure; targets 61 units,Regional Distribution Center,DEL_DS_06,Projected inventory (13) breached ROP (21). Target: 61.
1147,20260629,BEN_DS_07,298,PET _PET _28,Pet Care,Inter-Store Misallocation / Impending Shortage,18,Redistribute Stock,16,29.5,"Avoids $8,709.60 lost sales; lifts DoC from 1.6 to 3.1d",BEN_DS_06,BEN_DS_07,Destination projected to breach safety stock within 29.5h (DoC: 1.6d). Source retains surplus stock above protection threshold (Post-transfer DoC: 5.2d). Distance is 5.4km within configured limit.
1148,20260629,HYD_DS_09,206,PERS_SOAP_26,Personal Care,Inter-Store Misallocation / Impending Shortage,18,Redistribute Stock,8,29.5,Avoids $795.36 lost sales; lifts DoC from 1.6 to 3.1d,HYD_DS_08,HYD_DS_09,Destination projected to breach safety stock within 29.5h (DoC: 1.6d). Source retains surplus stock above protection threshold (Post-transfer DoC: 10.8d). Distance is 1.6km within configured limit.
1149,20260629,HYD_DS_09,206,PERS_SOAP_26,Personal Care,Stock Below Reorder Point,18,Scheduled Replenishment,36,29.5,Protects $0.00 sales exposure; targets 43 units,Regional Distribution Center,HYD_DS_09,Projected inventory (9) breached ROP (15). Target: 43.
1150,20260629,MUM_DS_05,254,BABY_BABY_14,Baby Care,Stock Below Reorder Point,18,Scheduled Replenishment,120,37.6,Protects $0.00 sales exposure; targets 161 units,Regional Distribution Center,MUM_DS_05,Projected inventory (44) breached ROP (56). Target: 161.
1151,20260629,BEN_DS_07,261,BABY_DIAP_21,Baby Care,Stock Below Reorder Point,18,Scheduled Replenishment,104,37.8,Protects $0.00 sales exposure; targets 138 units,Regional Distribution Center,BEN_DS_07,Projected inventory (37) breached ROP (85). Target: 138.
1152,20260629,BEN_DS_09,256,BABY_BABY_16,Baby Care,Stock Below Reorder Point,18,Scheduled Replenishment,192,37.8,Protects $0.00 sales exposure; targets 243 units,Regional Distribution Center,BEN_DS_09,Projected inventory (67) breached ROP (115). Target: 243.
1153,20260629,BEN_DS_09,154,STAP_EDIB_04,Staples,Stock Below Reorder Point,18,Scheduled Replenishment,156,38.2,Protects $0.00 sales exposure; targets 212 units,Regional Distribution Center,BEN_DS_09,Projected inventory (58) breached ROP (103). Target: 212.
1154,20260629,MUM_DS_09,266,BABY_BABY_26,Baby Care,Stock Below Reorder Point,18,Scheduled Replenishment,120,38.2,Protects $0.00 sales exposure; targets 162 units,Regional Distribution Center,MUM_DS_09,Projected inventory (45) breached ROP (56). Target: 162.
1155,20260629,BEN_DS_08,266,BABY_BABY_26,Baby Care,Stock Below Reorder Point,18,Scheduled Replenishment,96,38.5,Protects $0.00 sales exposure; targets 127 units,Regional Distribution Center,BEN_DS_08,Projected inventory (35) breached ROP (45). Target: 127.
1156,20260629,MUM_DS_04,132,FRUI_EXOT_12,Fruits & Vegetables,Stock Below Reorder Point,18,Scheduled Replenishment,384,38.5,Protects $0.00 sales exposure; targets 529 units,Regional Distribution Center,MUM_DS_04,Projected inventory (148) breached ROP (253). Target: 529.
1157,20260629,HYD_DS_09,107,PACK_PAST_17,Packaged Foods,Stock Below Reorder Point,18,Scheduled Replenishment,144,38.5,Protects $0.00 sales exposure; targets 199 units,Regional Distribution Center,HYD_DS_09,Projected inventory (55) breached ROP (97). Target: 199.
1158,20260629,HYD_DS_09,263,BABY_BABY_23,Baby Care,Stock Below Reorder Point,18,Scheduled Replenishment,120,38.5,Protects $0.00 sales exposure; targets 166 units,Regional Distribution Center,HYD_DS_09,Projected inventory (47) breached ROP (56). Target: 166.
1159,20260629,BEN_DS_09,27,DAIR_CURD_27,Dairy,Stock Below Reorder Point,18,Scheduled Replenishment,396,38.7,Protects $0.00 sales exposure; targets 538 units,Regional Distribution Center,BEN_DS_09,Projected inventory (143) breached ROP (272). Target: 538.
1160,20260629,DEL_DS_05,41,BEVE_JUIC_11,Beverages,Stock Below Reorder Point,18,Scheduled Replenishment,264,38.7,Protects $0.00 sales exposure; targets 336 units,Regional Distribution Center,DEL_DS_05,Projected inventory (94) breached ROP (162). Target: 336.
1161,20260629,DEL_DS_05,256,BABY_BABY_16,Baby Care,Stock Below Reorder Point,18,Scheduled Replenishment,168,38.7,Protects $0.00 sales exposure; targets 217 units,Regional Distribution Center,DEL_DS_05,Projected inventory (58) breached ROP (109). Target: 217.
1162,20260629,DEL_DS_06,46,BEVE_JUIC_16,Beverages,Stock Below Reorder Point,18,Scheduled Replenishment,480,38.9,Protects $0.00 sales exposure; targets 674 units,Regional Distribution Center,DEL_DS_06,Projected inventory (194) breached ROP (225). Target: 674.
1163,20260629,MUM_DS_09,167,STAP_RICE_17,Staples,Stock Below Reorder Point,18,Scheduled Replenishment,252,38.9,Protects $0.00 sales exposure; targets 348 units,Regional Distribution Center,MUM_DS_09,Projected inventory (96) breached ROP (126). Target: 348.
1164,20260629,DEL_DS_06,249,BABY_DIAP_09,Baby Care,Stock Below Reorder Point,18,Scheduled Replenishment,144,39.1,Protects $0.00 sales exposure; targets 196 units,Regional Distribution Center,DEL_DS_06,Projected inventory (56) breached ROP (66). Target: 196.
1165,20260629,DEL_DS_06,182,PERS_HAIR_02,Personal Care,Inter-Store Misallocation / Impending Shortage,17,Redistribute Stock,12,30.4,Avoids $953.76 lost sales; lifts DoC from 1.7 to 2.6d,DEL_DS_08,DEL_DS_06,Destination projected to breach safety stock within 30.4h (DoC: 1.7d). Source retains surplus stock above protection threshold (Post-transfer DoC: 3.0d). Distance is 5.6km within configured limit.
1166,20260629,BEN_DS_09,278,PET _PET _08,Pet Care,Stock Below Reorder Point,17,Scheduled Replenishment,72,30.4,Protects $0.00 sales exposure; targets 64 units,Regional Distribution Center,BEN_DS_09,Projected inventory (14) breached ROP (22). Target: 64.
1167,20260629,BEN_DS_09,214,HOUS_DISP_04,Household,Inter-Store Misallocation / Impending Shortage,17,Redistribute Stock,16,30.6,"Avoids $3,461.92 lost sales; lifts DoC from 1.7 to 3.2d",BEN_DS_08,BEN_DS_09,Destination projected to breach safety stock within 30.6h (DoC: 1.7d). Source retains surplus stock above protection threshold (Post-transfer DoC: 13.5d). Distance is 2.2km within configured limit.
1168,20260629,BEN_DS_10,188,PERS_ORAL_08,Personal Care,Inter-Store Misallocation / Impending Shortage,17,Redistribute Stock,8,30.6,"Avoids $1,354.16 lost sales; lifts DoC from 1.7 to 3.4d",BEN_DS_04,BEN_DS_10,Destination projected to breach safety stock within 30.6h (DoC: 1.7d). Source retains surplus stock above protection threshold (Post-transfer DoC: 3.7d). Distance is 1.1km within configured limit.
1169,20260629,BEN_DS_09,214,HOUS_DISP_04,Household,Stock Below Reorder Point,17,Scheduled Replenishment,72,30.6,Protects $0.00 sales exposure; targets 83 units,Regional Distribution Center,BEN_DS_09,Projected inventory (18) breached ROP (41). Target: 83.
1170,20260629,BEN_DS_10,188,PERS_ORAL_08,Personal Care,Stock Below Reorder Point,17,Scheduled Replenishment,28,30.6,Protects $0.00 sales exposure; targets 36 units,Regional Distribution Center,BEN_DS_10,Projected inventory (8) breached ROP (8). Target: 36.
1171,20260629,DEL_DS_08,189,PERS_SKIN_09,Personal Care,Inter-Store Misallocation / Impending Shortage,17,Redistribute Stock,12,31.0,"Avoids $1,494.96 lost sales; lifts DoC from 1.7 to 3.0d",DEL_DS_02,DEL_DS_08,Destination projected to breach safety stock within 31.0h (DoC: 1.7d). Source retains surplus stock above protection threshold (Post-transfer DoC: 10.2d). Distance is 0.7km within configured limit.
1172,20260629,DEL_DS_08,189,PERS_SKIN_09,Personal Care,Stock Below Reorder Point,17,Scheduled Replenishment,60,31.0,Protects $0.00 sales exposure; targets 71 units,Regional Distribution Center,DEL_DS_08,Projected inventory (16) breached ROP (24). Target: 71.
1173,20260629,MUM_DS_05,298,PET _PET _28,Pet Care,Inter-Store Misallocation / Impending Shortage,17,Redistribute Stock,16,31.1,"Avoids $8,709.60 lost sales; lifts DoC from 1.7 to 3.3d",MUM_DS_04,MUM_DS_05,Destination projected to breach safety stock within 31.1h (DoC: 1.7d). Source retains surplus stock above protection threshold (Post-transfer DoC: 5.3d). Distance is 12.7km within configured limit.
1174,20260629,MUM_DS_05,148,FRUI_DAIL_28,Fruits & Vegetables,Stock Below Reorder Point,17,Scheduled Replenishment,352,39.4,Protects $0.00 sales exposure; targets 493 units,Regional Distribution Center,MUM_DS_05,Projected inventory (143) breached ROP (165). Target: 493.
1175,20260629,BEN_DS_08,132,FRUI_EXOT_12,Fruits & Vegetables,Stock Below Reorder Point,17,Scheduled Replenishment,432,39.6,Protects $0.00 sales exposure; targets 591 units,Regional Distribution Center,BEN_DS_08,Projected inventory (170) breached ROP (282). Target: 591.
1176,20260629,MUM_DS_05,159,STAP_EDIB_09,Staples,Stock Below Reorder Point,17,Scheduled Replenishment,184,39.6,Protects $0.00 sales exposure; targets 258 units,Regional Distribution Center,MUM_DS_05,Projected inventory (75) breached ROP (88). Target: 258.
1177,20260629,MUM_DS_04,133,FRUI_DAIL_13,Fruits & Vegetables,Stock Below Reorder Point,17,Scheduled Replenishment,294,39.8,Protects $0.00 sales exposure; targets 414 units,Regional Distribution Center,MUM_DS_04,Projected inventory (120) breached ROP (142). Target: 414.
1178,20260629,BEN_DS_04,114,PACK_BREA_24,Packaged Foods,Stock Below Reorder Point,17,Scheduled Replenishment,144,40.0,Protects $0.00 sales exposure; targets 203 units,Regional Distribution Center,BEN_DS_04,Projected inventory (60) breached ROP (68). Target: 203.
1179,20260629,MUM_DS_03,248,BABY_BABY_08,Baby Care,Stock Below Reorder Point,17,Scheduled Replenishment,156,40.0,Protects $0.00 sales exposure; targets 212 units,Regional Distribution Center,MUM_DS_03,Projected inventory (61) breached ROP (74). Target: 212.
1180,20260629,BEN_DS_02,58,BEVE_TEA _28,Beverages,Stock Below Reorder Point,17,Scheduled Replenishment,360,40.1,Protects $0.00 sales exposure; targets 508 units,Regional Distribution Center,BEN_DS_02,Projected inventory (150) breached ROP (171). Target: 508.
1181,20260629,BEN_DS_07,138,FRUI_DAIL_18,Fruits & Vegetables,Stock Below Reorder Point,17,Scheduled Replenishment,336,40.1,Protects $0.00 sales exposure; targets 471 units,Regional Distribution Center,BEN_DS_07,Projected inventory (139) breached ROP (160). Target: 471.
1182,20260629,DEL_DS_06,51,BEVE_JUIC_21,Beverages,Stock Below Reorder Point,17,Scheduled Replenishment,276,40.3,Protects $0.00 sales exposure; targets 389 units,Regional Distribution Center,DEL_DS_06,Projected inventory (116) breached ROP (130). Target: 389.
1183,20260629,MUM_DS_03,28,DAIR_BUTT_28,Dairy,Stock Below Reorder Point,17,Scheduled Replenishment,288,40.3,Protects $0.00 sales exposure; targets 389 units,Regional Distribution Center,MUM_DS_03,Projected inventory (114) breached ROP (134). Target: 389.
1184,20260629,BEN_DS_06,252,BABY_BABY_12,Baby Care,Stock Below Reorder Point,17,Scheduled Replenishment,156,40.7,Protects $0.00 sales exposure; targets 218 units,Regional Distribution Center,BEN_DS_06,Projected inventory (63) breached ROP (134). Target: 218.
1185,20260629,MUM_DS_01,75,SNAC_NUTS_15,Snacks,Stock Below Reorder Point,17,Scheduled Replenishment,240,40.7,Protects $0.00 sales exposure; targets 309 units,Regional Distribution Center,MUM_DS_01,Projected inventory (90) breached ROP (149). Target: 309.
1186,20260629,HYD_DS_10,119,PACK_BREA_29,Packaged Foods,Stock Below Reorder Point,17,Scheduled Replenishment,132,40.7,Protects $0.00 sales exposure; targets 183 units,Regional Distribution Center,HYD_DS_10,Projected inventory (54) breached ROP (87). Target: 183.
1187,20260629,DEL_DS_04,288,PET _CAT _18,Pet Care,Inter-Store Misallocation / Impending Shortage,16,Redistribute Stock,12,31.5,"Avoids $3,872.88 lost sales; lifts DoC from 1.8 to 3.4d",DEL_DS_03,DEL_DS_04,Destination projected to breach safety stock within 31.5h (DoC: 1.8d). Source retains surplus stock above protection threshold (Post-transfer DoC: 5.0d). Distance is 9.4km within configured limit.
1188,20260629,HYD_DS_02,293,PET _PET _23,Pet Care,Inter-Store Misallocation / Impending Shortage,16,Redistribute Stock,12,31.7,"Avoids $5,742.00 lost sales; lifts DoC from 1.8 to 3.0d",HYD_DS_09,HYD_DS_02,Destination projected to breach safety stock within 31.7h (DoC: 1.8d). Source retains surplus stock above protection threshold (Post-transfer DoC: 10.9d). Distance is 2.8km within configured limit.
1189,20260629,BEN_DS_08,219,HOUS_DISP_09,Household,Stock Below Reorder Point,16,Scheduled Replenishment,72,31.7,Protects $0.00 sales exposure; targets 85 units,Regional Distribution Center,BEN_DS_08,Projected inventory (19) breached ROP (42). Target: 85.
1190,20260629,DEL_DS_06,188,PERS_ORAL_08,Personal Care,Inter-Store Misallocation / Impending Shortage,16,Redistribute Stock,8,32.0,"Avoids $1,354.16 lost sales; lifts DoC from 1.8 to 3.6d",DEL_DS_02,DEL_DS_06,Destination projected to breach safety stock within 32.0h (DoC: 1.8d). Source retains surplus stock above protection threshold (Post-transfer DoC: 3.3d). Distance is 5.1km within configured limit.
1191,20260629,DEL_DS_01,198,PERS_ORAL_18,Personal Care,Inter-Store Misallocation / Impending Shortage,16,Redistribute Stock,16,32.4,Avoids $829.12 lost sales; lifts DoC from 1.8 to 3.4d,DEL_DS_03,DEL_DS_01,Destination projected to breach safety stock within 32.4h (DoC: 1.8d). Source retains surplus stock above protection threshold (Post-transfer DoC: 5.4d). Distance is 8.3km within configured limit.
1192,20260629,MUM_DS_01,295,PET _DOG _25,Pet Care,Inter-Store Misallocation / Impending Shortage,16,Redistribute Stock,12,32.4,"Avoids $1,837.08 lost sales; lifts DoC from 1.8 to 2.8d",MUM_DS_03,MUM_DS_01,Destination projected to breach safety stock within 32.4h (DoC: 1.8d). Source retains surplus stock above protection threshold (Post-transfer DoC: 4.4d). Distance is 8.8km within configured limit.
1193,20260629,HYD_DS_02,228,HOUS_CLEA_18,Household,Inter-Store Misallocation / Impending Shortage,16,Redistribute Stock,8,32.4,"Avoids $1,709.84 lost sales; lifts DoC from 1.8 to 2.9d",HYD_DS_09,HYD_DS_02,Destination projected to breach safety stock within 32.4h (DoC: 1.8d). Source retains surplus stock above protection threshold (Post-transfer DoC: 3.5d). Distance is 2.8km within configured limit.
1194,20260629,HYD_DS_10,288,PET _CAT _18,Pet Care,Inter-Store Misallocation / Impending Shortage,16,Redistribute Stock,8,32.4,"Avoids $2,581.92 lost sales; lifts DoC from 1.8 to 2.9d",HYD_DS_07,HYD_DS_10,Destination projected to breach safety stock within 32.4h (DoC: 1.8d). Source retains surplus stock above protection threshold (Post-transfer DoC: 3.7d). Distance is 6.0km within configured limit.
1195,20260629,DEL_DS_02,275,PET _DOG _05,Pet Care,Inter-Store Misallocation / Impending Shortage,16,Redistribute Stock,16,32.6,"Avoids $5,755.36 lost sales; lifts DoC from 1.8 to 3.4d",DEL_DS_08,DEL_DS_02,Destination projected to breach safety stock within 32.6h (DoC: 1.8d). Source retains surplus stock above protection threshold (Post-transfer DoC: 10.0d). Distance is 0.7km within configured limit.
1196,20260629,BEN_DS_03,182,PERS_HAIR_02,Personal Care,Inter-Store Misallocation / Impending Shortage,16,Redistribute Stock,18,32.8,"Avoids $1,430.64 lost sales; lifts DoC from 1.8 to 3.5d",BEN_DS_02,BEN_DS_03,Destination projected to breach safety stock within 32.8h (DoC: 1.8d). Source retains surplus stock above protection threshold (Post-transfer DoC: 3.3d). Distance is 4.8km within configured limit.
1197,20260629,DEL_DS_08,234,HOUS_DISP_24,Household,Inter-Store Misallocation / Impending Shortage,16,Redistribute Stock,12,32.8,Avoids $658.20 lost sales; lifts DoC from 1.8 to 3.4d,DEL_DS_02,DEL_DS_08,Destination projected to breach safety stock within 32.8h (DoC: 1.8d). Source retains surplus stock above protection threshold (Post-transfer DoC: 4.1d). Distance is 0.7km within configured limit.
1198,20260629,DEL_DS_08,234,HOUS_DISP_24,Household,Stock Below Reorder Point,16,Scheduled Replenishment,48,32.8,Protects $0.00 sales exposure; targets 60 units,Regional Distribution Center,DEL_DS_08,Projected inventory (14) breached ROP (30). Target: 60.
1199,20260629,MUM_DS_03,11,DAIR_MILK_11,Dairy,Stock Below Reorder Point,16,Scheduled Replenishment,336,40.9,Protects $0.00 sales exposure; targets 473 units,Regional Distribution Center,MUM_DS_03,Projected inventory (140) breached ROP (227). Target: 473.
1200,20260629,MUM_DS_09,75,SNAC_NUTS_15,Snacks,Stock Below Reorder Point,16,Scheduled Replenishment,264,40.9,Protects $0.00 sales exposure; targets 349 units,Regional Distribution Center,MUM_DS_09,Projected inventory (102) breached ROP (169). Target: 349.
1201,20260629,BEN_DS_10,255,BABY_BABY_15,Baby Care,Stock Below Reorder Point,16,Scheduled Replenishment,114,41.0,Protects $0.00 sales exposure; targets 161 units,Regional Distribution Center,BEN_DS_10,Projected inventory (47) breached ROP (78). Target: 161.
1202,20260629,MUM_DS_03,259,BABY_BABY_19,Baby Care,Stock Below Reorder Point,16,Scheduled Replenishment,108,41.0,Protects $0.00 sales exposure; targets 141 units,Regional Distribution Center,MUM_DS_03,Projected inventory (42) breached ROP (48). Target: 141.
1203,20260629,MUM_DS_05,180,STAP_SPIC_30,Staples,Stock Below Reorder Point,16,Scheduled Replenishment,180,41.0,Protects $0.00 sales exposure; targets 254 units,Regional Distribution Center,MUM_DS_05,Projected inventory (76) breached ROP (87). Target: 254.
1204,20260629,MUM_DS_04,41,BEVE_JUIC_11,Beverages,Stock Below Reorder Point,16,Scheduled Replenishment,264,41.4,Protects $0.00 sales exposure; targets 368 units,Regional Distribution Center,MUM_DS_04,Projected inventory (110) breached ROP (176). Target: 368.
1205,20260629,MUM_DS_04,104,PACK_BREA_14,Packaged Foods,Stock Below Reorder Point,16,Scheduled Replenishment,204,41.4,Protects $0.00 sales exposure; targets 277 units,Regional Distribution Center,MUM_DS_04,Projected inventory (80) breached ROP (86). Target: 277.
1206,20260629,MUM_DS_06,173,STAP_DALS_23,Staples,Stock Below Reorder Point,16,Scheduled Replenishment,144,41.4,Protects $0.00 sales exposure; targets 178 units,Regional Distribution Center,MUM_DS_06,Projected inventory (52) breached ROP (111). Target: 178.
1207,20260629,HYD_DS_07,60,BEVE_WATE_30,Beverages,Stock Below Reorder Point,16,Scheduled Replenishment,172,41.6,Protects $0.00 sales exposure; targets 241 units,Regional Distribution Center,HYD_DS_07,Projected inventory (72) breached ROP (117). Target: 241.
1208,20260629,MUM_DS_09,50,BEVE_WATE_20,Beverages,Stock Below Reorder Point,16,Scheduled Replenishment,276,41.8,Protects $0.00 sales exposure; targets 390 units,Regional Distribution Center,MUM_DS_09,Projected inventory (117) breached ROP (188). Target: 390.
1209,20260629,HYD_DS_04,180,STAP_SPIC_30,Staples,Stock Below Reorder Point,16,Scheduled Replenishment,148,41.8,Protects $0.00 sales exposure; targets 212 units,Regional Distribution Center,HYD_DS_04,Projected inventory (65) breached ROP (72). Target: 212.
1210,20260629,MUM_DS_03,12,DAIR_CURD_12,Dairy,Stock Below Reorder Point,16,Scheduled Replenishment,516,41.9,Protects $0.00 sales exposure; targets 741 units,Regional Distribution Center,MUM_DS_03,Projected inventory (227) breached ROP (351). Target: 741.
1211,20260629,MUM_DS_03,156,STAP_ATTA_06,Staples,Stock Below Reorder Point,16,Scheduled Replenishment,204,41.9,Protects $0.00 sales exposure; targets 276 units,Regional Distribution Center,MUM_DS_03,Projected inventory (82) breached ROP (171). Target: 276.
1212,20260629,BEN_DS_06,107,PACK_PAST_17,Packaged Foods,Stock Below Reorder Point,16,Scheduled Replenishment,108,42.1,Protects $0.00 sales exposure; targets 149 units,Regional Distribution Center,BEN_DS_06,Projected inventory (45) breached ROP (72). Target: 149.
1213,20260629,MUM_DS_05,75,SNAC_NUTS_15,Snacks,Stock Below Reorder Point,16,Scheduled Replenishment,216,42.1,Protects $0.00 sales exposure; targets 292 units,Regional Distribution Center,MUM_DS_05,Projected inventory (89) breached ROP (140). Target: 292.
1214,20260629,MUM_DS_09,78,SNAC_NAMK_18,Snacks,Stock Below Reorder Point,16,Scheduled Replenishment,450,42.1,Protects $0.00 sales exposure; targets 647 units,Regional Distribution Center,MUM_DS_09,Projected inventory (202) breached ROP (216). Target: 647.
1215,20260629,MUM_DS_09,133,FRUI_DAIL_13,Fruits & Vegetables,Stock Below Reorder Point,16,Scheduled Replenishment,432,42.3,Protects $0.00 sales exposure; targets 618 units,Regional Distribution Center,MUM_DS_09,Projected inventory (191) breached ROP (213). Target: 618.
1216,20260629,HYD_DS_05,24,DAIR_CHEE_24,Dairy,Stock Below Reorder Point,16,Scheduled Replenishment,432,42.3,Protects $0.00 sales exposure; targets 608 units,Regional Distribution Center,HYD_DS_05,Projected inventory (186) breached ROP (292). Target: 608.
1217,20260629,MUM_DS_05,11,DAIR_MILK_11,Dairy,Stock Below Reorder Point,16,Scheduled Replenishment,376,51.3,Protects $0.00 sales exposure; targets 560 units,Regional Distribution Center,MUM_DS_05,Projected inventory (186) breached ROP (299). Target: 560.
1218,20260629,BEN_DS_07,279,PET _DOG _09,Pet Care,Inter-Store Misallocation / Impending Shortage,15,Redistribute Stock,16,32.9,"Avoids $3,870.24 lost sales; lifts DoC from 1.8 to 3.2d",BEN_DS_05,BEN_DS_07,Destination projected to breach safety stock within 32.9h (DoC: 1.8d). Source retains surplus stock above protection threshold (Post-transfer DoC: 9.1d). Distance is 3.8km within configured limit.
1219,20260629,BEN_DS_10,211,HOUS_DETE_01,Household,Inter-Store Misallocation / Impending Shortage,15,Redistribute Stock,6,32.9,"Avoids $1,168.08 lost sales; lifts DoC from 1.8 to 2.4d",BEN_DS_04,BEN_DS_10,Destination projected to breach safety stock within 32.9h (DoC: 1.8d). Source retains surplus stock above protection threshold (Post-transfer DoC: 3.6d). Distance is 1.1km within configured limit.
1220,20260629,HYD_DS_09,279,PET _DOG _09,Pet Care,Inter-Store Misallocation / Impending Shortage,15,Redistribute Stock,16,32.9,"Avoids $3,870.24 lost sales; lifts DoC from 1.8 to 3.2d",HYD_DS_08,HYD_DS_09,Destination projected to breach safety stock within 32.9h (DoC: 1.8d). Source retains surplus stock above protection threshold (Post-transfer DoC: 9.9d). Distance is 1.6km within configured limit.
1221,20260629,BEN_DS_01,188,PERS_ORAL_08,Personal Care,Stock Below Reorder Point,15,Scheduled Replenishment,28,32.9,Protects $0.00 sales exposure; targets 34 units,Regional Distribution Center,BEN_DS_01,Projected inventory (8) breached ROP (8). Target: 34.
1222,20260629,BEN_DS_07,279,PET _DOG _09,Pet Care,Stock Below Reorder Point,15,Scheduled Replenishment,72,32.9,Protects $0.00 sales exposure; targets 89 units,Regional Distribution Center,BEN_DS_07,Projected inventory (21) breached ROP (31). Target: 89.
1223,20260629,BEN_DS_08,282,PET _PET _12,Pet Care,Stock Below Reorder Point,15,Scheduled Replenishment,48,32.9,Protects $0.00 sales exposure; targets 35 units,Regional Distribution Center,BEN_DS_08,Projected inventory (8) breached ROP (18). Target: 35.
1224,20260629,HYD_DS_09,279,PET _DOG _09,Pet Care,Stock Below Reorder Point,15,Scheduled Replenishment,72,32.9,Protects $0.00 sales exposure; targets 92 units,Regional Distribution Center,HYD_DS_09,Projected inventory (22) breached ROP (32). Target: 92.
1225,20260629,BEN_DS_02,233,HOUS_CLEA_23,Household,Inter-Store Misallocation / Impending Shortage,15,Redistribute Stock,18,33.1,"Avoids $2,914.74 lost sales; lifts DoC from 1.8 to 3.2d",BEN_DS_03,BEN_DS_02,Destination projected to breach safety stock within 33.1h (DoC: 1.8d). Source retains surplus stock above protection threshold (Post-transfer DoC: 13.9d). Distance is 4.8km within configured limit.
1226,20260629,BEN_DS_05,238,HOUS_CLEA_28,Household,Inter-Store Misallocation / Impending Shortage,15,Redistribute Stock,12,33.1,"Avoids $2,069.76 lost sales; lifts DoC from 1.8 to 3.2d",BEN_DS_10,BEN_DS_05,Destination projected to breach safety stock within 33.1h (DoC: 1.8d). Source retains surplus stock above protection threshold (Post-transfer DoC: 7.2d). Distance is 3.8km within configured limit.
1227,20260629,HYD_DS_05,186,PERS_SOAP_06,Personal Care,Inter-Store Misallocation / Impending Shortage,15,Redistribute Stock,8,33.1,"Avoids $1,739.20 lost sales; lifts DoC from 1.8 to 2.8d",HYD_DS_03,HYD_DS_05,Destination projected to breach safety stock within 33.1h (DoC: 1.8d). Source retains surplus stock above protection threshold (Post-transfer DoC: 5.4d). Distance is 2.6km within configured limit.
1228,20260629,BEN_DS_02,233,HOUS_CLEA_23,Household,Stock Below Reorder Point,15,Scheduled Replenishment,84,33.1,Protects $0.00 sales exposure; targets 103 units,Regional Distribution Center,BEN_DS_02,Projected inventory (24) breached ROP (64). Target: 103.
1229,20260629,HYD_DS_04,184,PERS_SKIN_04,Personal Care,Stock Below Reorder Point,15,Scheduled Replenishment,48,33.1,Protects $0.00 sales exposure; targets 44 units,Regional Distribution Center,HYD_DS_04,Projected inventory (10) breached ROP (16). Target: 44.
1230,20260629,BEN_DS_01,186,PERS_SOAP_06,Personal Care,Inter-Store Misallocation / Impending Shortage,15,Redistribute Stock,16,33.3,"Avoids $3,478.40 lost sales; lifts DoC from 1.9 to 3.6d",BEN_DS_04,BEN_DS_01,Destination projected to breach safety stock within 33.3h (DoC: 1.9d). Source retains surplus stock above protection threshold (Post-transfer DoC: 3.9d). Distance is 1.3km within configured limit.
1231,20260629,BEN_DS_08,181,PERS_SOAP_01,Personal Care,Inter-Store Misallocation / Impending Shortage,15,Redistribute Stock,12,33.3,"Avoids $2,714.28 lost sales; lifts DoC from 1.9 to 3.0d",BEN_DS_09,BEN_DS_08,Destination projected to breach safety stock within 33.3h (DoC: 1.9d). Source retains surplus stock above protection threshold (Post-transfer DoC: 4.6d). Distance is 2.2km within configured limit.
1232,20260629,HYD_DS_09,205,PERS_SANI_25,Personal Care,Stock Below Reorder Point,15,Scheduled Replenishment,24,33.3,Protects $0.00 sales exposure; targets 30 units,Regional Distribution Center,HYD_DS_09,Projected inventory (7) breached ROP (11). Target: 30.
1233,20260629,HYD_DS_10,187,PERS_HAIR_07,Personal Care,Inter-Store Misallocation / Impending Shortage,15,Redistribute Stock,12,33.5,"Avoids $4,094.52 lost sales; lifts DoC from 1.9 to 3.6d",HYD_DS_07,HYD_DS_10,Destination projected to breach safety stock within 33.5h (DoC: 1.9d). Source retains surplus stock above protection threshold (Post-transfer DoC: 8.6d). Distance is 6.0km within configured limit.
1234,20260629,HYD_DS_10,187,PERS_HAIR_07,Personal Care,Stock Below Reorder Point,15,Scheduled Replenishment,48,33.5,Protects $0.00 sales exposure; targets 53 units,Regional Distribution Center,HYD_DS_10,Projected inventory (13) breached ROP (25). Target: 53.
1235,20260629,DEL_DS_04,285,PET _PET _15,Pet Care,Inter-Store Misallocation / Impending Shortage,15,Redistribute Stock,8,33.7,"Avoids $4,031.20 lost sales; lifts DoC from 1.9 to 2.6d",DEL_DS_03,DEL_DS_04,Destination projected to breach safety stock within 33.7h (DoC: 1.9d). Source retains surplus stock above protection threshold (Post-transfer DoC: 3.9d). Distance is 9.4km within configured limit.
1236,20260629,MUM_DS_09,238,HOUS_CLEA_28,Household,Inter-Store Misallocation / Impending Shortage,15,Redistribute Stock,20,33.8,"Avoids $3,449.60 lost sales; lifts DoC from 1.9 to 3.4d",MUM_DS_05,MUM_DS_09,Destination projected to breach safety stock within 33.8h (DoC: 1.9d). Source retains surplus stock above protection threshold (Post-transfer DoC: 9.8d). Distance is 4.5km within configured limit.
1237,20260629,MUM_DS_09,238,HOUS_CLEA_28,Household,Stock Below Reorder Point,15,Scheduled Replenishment,80,33.8,Protects $0.00 sales exposure; targets 101 units,Regional Distribution Center,MUM_DS_09,Projected inventory (24) breached ROP (50). Target: 101.
1238,20260629,BEN_DS_02,114,PACK_BREA_24,Packaged Foods,Stock Below Reorder Point,15,Scheduled Replenishment,156,42.5,Protects $0.00 sales exposure; targets 222 units,Regional Distribution Center,BEN_DS_02,Projected inventory (70) breached ROP (74). Target: 222.
1239,20260629,BEN_DS_02,168,STAP_DALS_18,Staples,Stock Below Reorder Point,15,Scheduled Replenishment,198,42.5,Protects $0.00 sales exposure; targets 281 units,Regional Distribution Center,BEN_DS_02,Projected inventory (84) breached ROP (175). Target: 281.
1240,20260629,BEN_DS_10,132,FRUI_EXOT_12,Fruits & Vegetables,Stock Below Reorder Point,15,Scheduled Replenishment,504,42.5,Protects $0.00 sales exposure; targets 702 units,Regional Distribution Center,BEN_DS_10,Projected inventory (217) breached ROP (334). Target: 702.
1241,20260629,HYD_DS_07,268,BABY_BABY_28,Baby Care,Stock Below Reorder Point,15,Scheduled Replenishment,80,42.5,Protects $0.00 sales exposure; targets 105 units,Regional Distribution Center,HYD_DS_07,Projected inventory (32) breached ROP (38). Target: 105.
1242,20260629,MUM_DS_06,138,FRUI_DAIL_18,Fruits & Vegetables,Stock Below Reorder Point,15,Scheduled Replenishment,360,42.7,Protects $0.00 sales exposure; targets 515 units,Regional Distribution Center,MUM_DS_06,Projected inventory (163) breached ROP (171). Target: 515.
1243,20260629,HYD_DS_07,170,STAP_SPIC_20,Staples,Stock Below Reorder Point,15,Scheduled Replenishment,160,42.7,Protects $0.00 sales exposure; targets 224 units,Regional Distribution Center,HYD_DS_07,Projected inventory (69) breached ROP (108). Target: 224.
1244,20260629,DEL_DS_01,160,STAP_SPIC_10,Staples,Stock Below Reorder Point,15,Scheduled Replenishment,144,42.8,Protects $0.00 sales exposure; targets 208 units,Regional Distribution Center,DEL_DS_01,Projected inventory (65) breached ROP (71). Target: 208.
1245,20260629,HYD_DS_05,16,DAIR_MILK_16,Dairy,Stock Below Reorder Point,15,Scheduled Replenishment,240,43.0,Protects $0.00 sales exposure; targets 342 units,Regional Distribution Center,HYD_DS_05,Projected inventory (107) breached ROP (162). Target: 342.
1246,20260629,BEN_DS_08,262,BABY_BABY_22,Baby Care,Stock Below Reorder Point,15,Scheduled Replenishment,168,43.2,Protects $0.00 sales exposure; targets 238 units,Regional Distribution Center,BEN_DS_08,Projected inventory (75) breached ROP (82). Target: 238.
1247,20260629,MUM_DS_03,158,STAP_DALS_08,Staples,Stock Below Reorder Point,15,Scheduled Replenishment,180,43.2,Protects $0.00 sales exposure; targets 260 units,Regional Distribution Center,MUM_DS_03,Projected inventory (81) breached ROP (125). Target: 260.
1248,20260629,BEN_DS_09,132,FRUI_EXOT_12,Fruits & Vegetables,Stock Below Reorder Point,15,Scheduled Replenishment,456,43.4,Protects $0.00 sales exposure; targets 660 units,Regional Distribution Center,BEN_DS_09,Projected inventory (207) breached ROP (316). Target: 660.
1249,20260629,DEL_DS_06,16,DAIR_MILK_16,Dairy,Stock Below Reorder Point,15,Scheduled Replenishment,288,43.4,Protects $0.00 sales exposure; targets 417 units,Regional Distribution Center,DEL_DS_06,Projected inventory (129) breached ROP (203). Target: 417.
1250,20260629,MUM_DS_05,100,PACK_READ_10,Packaged Foods,Stock Below Reorder Point,15,Scheduled Replenishment,208,43.6,Protects $0.00 sales exposure; targets 298 units,Regional Distribution Center,MUM_DS_05,Projected inventory (93) breached ROP (144). Target: 298.
1251,20260629,HYD_DS_10,179,STAP_EDIB_29,Staples,Stock Below Reorder Point,15,Scheduled Replenishment,192,43.6,Protects $0.00 sales exposure; targets 273 units,Regional Distribution Center,HYD_DS_10,Projected inventory (87) breached ROP (93). Target: 273.
1252,20260629,DEL_DS_07,249,BABY_DIAP_09,Baby Care,Stock Below Reorder Point,15,Scheduled Replenishment,160,43.7,Protects $0.00 sales exposure; targets 223 units,Regional Distribution Center,DEL_DS_07,Projected inventory (66) breached ROP (88). Target: 223.
1253,20260629,DEL_DS_08,173,STAP_DALS_23,Staples,Stock Below Reorder Point,15,Scheduled Replenishment,120,43.9,Protects $0.00 sales exposure; targets 145 units,Regional Distribution Center,DEL_DS_08,Projected inventory (45) breached ROP (89). Target: 145.
1254,20260629,MUM_DS_03,101,PACK_NOOD_11,Packaged Foods,Stock Below Reorder Point,15,Scheduled Replenishment,216,43.9,Protects $0.00 sales exposure; targets 311 units,Regional Distribution Center,MUM_DS_03,Projected inventory (100) breached ROP (106). Target: 311.
1255,20260629,BEN_DS_04,272,PET _CAT _02,Pet Care,Stock Below Reorder Point,15,Scheduled Replenishment,36,58.9,Protects $0.00 sales exposure; targets 50 units,Regional Distribution Center,BEN_DS_04,Projected inventory (18) breached ROP (28). Target: 50.
1256,20260629,BEN_DS_01,105,PACK_READ_15,Packaged Foods,Excess Working Capital / High Days of Cover,15,Pause Inbound / Consider Promotional Clearance,242,999.0,Rebalances 242 excess units (14.7 DoC),BEN_DS_01,N/A,Inventory exceeds target by 242 units with 14.7 Days of Cover.
1257,20260629,BEN_DS_01,153,STAP_DALS_03,Staples,Excess Working Capital / High Days of Cover,15,Pause Inbound / Consider Promotional Clearance,104,999.0,Rebalances 104 excess units (14.1 DoC),BEN_DS_01,N/A,Inventory exceeds target by 104 units with 14.1 Days of Cover.
1258,20260629,BEN_DS_01,155,STAP_SPIC_05,Staples,Excess Working Capital / High Days of Cover,15,Pause Inbound / Consider Promotional Clearance,125,999.0,Rebalances 125 excess units (15.2 DoC),BEN_DS_01,N/A,Inventory exceeds target by 125 units with 15.2 Days of Cover.
1259,20260629,BEN_DS_01,197,PERS_HAIR_17,Personal Care,Excess Working Capital / High Days of Cover,15,Pause Inbound / Consider Promotional Clearance,109,999.0,Rebalances 109 excess units (19.3 DoC),BEN_DS_01,N/A,Inventory exceeds target by 109 units with 19.3 Days of Cover.
1260,20260629,BEN_DS_01,201,PERS_SOAP_21,Personal Care,Excess Working Capital / High Days of Cover,15,Pause Inbound / Consider Promotional Clearance,85,999.0,Rebalances 85 excess units (15.7 DoC),BEN_DS_01,N/A,Inventory exceeds target by 85 units with 15.7 Days of Cover.
1261,20260629,BEN_DS_01,204,PERS_SKIN_24,Personal Care,Excess Working Capital / High Days of Cover,15,Pause Inbound / Consider Promotional Clearance,89,999.0,Rebalances 89 excess units (26.4 DoC),BEN_DS_01,N/A,Inventory exceeds target by 89 units with 26.4 Days of Cover.
1262,20260629,BEN_DS_01,209,PERS_SKIN_29,Personal Care,Excess Working Capital / High Days of Cover,15,Pause Inbound / Consider Promotional Clearance,72,999.0,Rebalances 72 excess units (26.0 DoC),BEN_DS_01,N/A,Inventory exceeds target by 72 units with 26.0 Days of Cover.
1263,20260629,BEN_DS_01,216,HOUS_DETE_06,Household,Excess Working Capital / High Days of Cover,15,Pause Inbound / Consider Promotional Clearance,67,999.0,Rebalances 67 excess units (14.9 DoC),BEN_DS_01,N/A,Inventory exceeds target by 67 units with 14.9 Days of Cover.
1264,20260629,BEN_DS_01,217,HOUS_DISH_07,Household,Excess Working Capital / High Days of Cover,15,Pause Inbound / Consider Promotional Clearance,92,999.0,Rebalances 92 excess units (27.2 DoC),BEN_DS_01,N/A,Inventory exceeds target by 92 units with 27.2 Days of Cover.
1265,20260629,BEN_DS_01,218,HOUS_CLEA_08,Household,Excess Working Capital / High Days of Cover,15,Pause Inbound / Consider Promotional Clearance,31,999.0,Rebalances 31 excess units (14.9 DoC),BEN_DS_01,N/A,Inventory exceeds target by 31 units with 14.9 Days of Cover.
1266,20260629,BEN_DS_01,233,HOUS_CLEA_23,Household,Excess Working Capital / High Days of Cover,15,Pause Inbound / Consider Promotional Clearance,82,999.0,Rebalances 82 excess units (14.7 DoC),BEN_DS_01,N/A,Inventory exceeds target by 82 units with 14.7 Days of Cover.
1267,20260629,BEN_DS_01,252,BABY_BABY_12,Baby Care,Excess Working Capital / High Days of Cover,15,Pause Inbound / Consider Promotional Clearance,314,999.0,Rebalances 314 excess units (17.0 DoC),BEN_DS_01,N/A,Inventory exceeds target by 314 units with 17.0 Days of Cover.
1268,20260629,BEN_DS_01,261,BABY_DIAP_21,Baby Care,Excess Working Capital / High Days of Cover,15,Pause Inbound / Consider Promotional Clearance,143,999.0,Rebalances 143 excess units (15.9 DoC),BEN_DS_01,N/A,Inventory exceeds target by 143 units with 15.9 Days of Cover.
1269,20260629,BEN_DS_01,271,PET _DOG _01,Pet Care,Excess Working Capital / High Days of Cover,15,Pause Inbound / Consider Promotional Clearance,45,999.0,Rebalances 45 excess units (17.4 DoC),BEN_DS_01,N/A,Inventory exceeds target by 45 units with 17.4 Days of Cover.
1270,20260629,BEN_DS_01,273,PET _PET _03,Pet Care,Excess Working Capital / High Days of Cover,15,Pause Inbound / Consider Promotional Clearance,39,999.0,Rebalances 39 excess units (19.1 DoC),BEN_DS_01,N/A,Inventory exceeds target by 39 units with 19.1 Days of Cover.
1271,20260629,BEN_DS_01,274,PET _PET _04,Pet Care,Excess Working Capital / High Days of Cover,15,Pause Inbound / Consider Promotional Clearance,107,999.0,Rebalances 107 excess units (20.4 DoC),BEN_DS_01,N/A,Inventory exceeds target by 107 units with 20.4 Days of Cover.
1272,20260629,BEN_DS_01,276,PET _CAT _06,Pet Care,Excess Working Capital / High Days of Cover,15,Pause Inbound / Consider Promotional Clearance,127,999.0,Rebalances 127 excess units (26.3 DoC),BEN_DS_01,N/A,Inventory exceeds target by 127 units with 26.3 Days of Cover.
1273,20260629,BEN_DS_01,294,PET _PET _24,Pet Care,Excess Working Capital / High Days of Cover,15,Pause Inbound / Consider Promotional Clearance,63,999.0,Rebalances 63 excess units (20.4 DoC),BEN_DS_01,N/A,Inventory exceeds target by 63 units with 20.4 Days of Cover.
1274,20260629,BEN_DS_02,153,STAP_DALS_03,Staples,Excess Working Capital / High Days of Cover,15,Pause Inbound / Consider Promotional Clearance,237,999.0,Rebalances 237 excess units (21.2 DoC),BEN_DS_02,N/A,Inventory exceeds target by 237 units with 21.2 Days of Cover.
1275,20260629,BEN_DS_02,162,STAP_RICE_12,Staples,Excess Working Capital / High Days of Cover,15,Pause Inbound / Consider Promotional Clearance,412,999.0,Rebalances 412 excess units (18.2 DoC),BEN_DS_02,N/A,Inventory exceeds target by 412 units with 18.2 Days of Cover.
1276,20260629,BEN_DS_02,166,STAP_ATTA_16,Staples,Excess Working Capital / High Days of Cover,15,Pause Inbound / Consider Promotional Clearance,172,999.0,Rebalances 172 excess units (15.1 DoC),BEN_DS_02,N/A,Inventory exceeds target by 172 units with 15.1 Days of Cover.
1277,20260629,BEN_DS_02,185,PERS_SANI_05,Personal Care,Excess Working Capital / High Days of Cover,15,Pause Inbound / Consider Promotional Clearance,80,999.0,Rebalances 80 excess units (15.4 DoC),BEN_DS_02,N/A,Inventory exceeds target by 80 units with 15.4 Days of Cover.
1278,20260629,BEN_DS_02,192,PERS_HAIR_12,Personal Care,Excess Working Capital / High Days of Cover,15,Pause Inbound / Consider Promotional Clearance,36,999.0,Rebalances 36 excess units (14.5 DoC),BEN_DS_02,N/A,Inventory exceeds target by 36 units with 14.5 Days of Cover.
1279,20260629,BEN_DS_02,197,PERS_HAIR_17,Personal Care,Excess Working Capital / High Days of Cover,15,Pause Inbound / Consider Promotional Clearance,125,999.0,Rebalances 125 excess units (21.1 DoC),BEN_DS_02,N/A,Inventory exceeds target by 125 units with 21.1 Days of Cover.
1280,20260629,BEN_DS_02,204,PERS_SKIN_24,Personal Care,Excess Working Capital / High Days of Cover,15,Pause Inbound / Consider Promotional Clearance,60,999.0,Rebalances 60 excess units (20.6 DoC),BEN_DS_02,N/A,Inventory exceeds target by 60 units with 20.6 Days of Cover.
1281,20260629,BEN_DS_02,250,BABY_BABY_10,Baby Care,Excess Working Capital / High Days of Cover,15,Pause Inbound / Consider Promotional Clearance,372,999.0,Rebalances 372 excess units (22.4 DoC),BEN_DS_02,N/A,Inventory exceeds target by 372 units with 22.4 Days of Cover.
1282,20260629,BEN_DS_02,253,BABY_DIAP_13,Baby Care,Excess Working Capital / High Days of Cover,15,Pause Inbound / Consider Promotional Clearance,382,999.0,Rebalances 382 excess units (22.3 DoC),BEN_DS_02,N/A,Inventory exceeds target by 382 units with 22.3 Days of Cover.
1283,20260629,BEN_DS_02,273,PET _PET _03,Pet Care,Excess Working Capital / High Days of Cover,15,Pause Inbound / Consider Promotional Clearance,63,999.0,Rebalances 63 excess units (25.1 DoC),BEN_DS_02,N/A,Inventory exceeds target by 63 units with 25.1 Days of Cover.
1284,20260629,BEN_DS_02,274,PET _PET _04,Pet Care,Excess Working Capital / High Days of Cover,15,Pause Inbound / Consider Promotional Clearance,58,999.0,Rebalances 58 excess units (14.3 DoC),BEN_DS_02,N/A,Inventory exceeds target by 58 units with 14.3 Days of Cover.
1285,20260629,BEN_DS_02,276,PET _CAT _06,Pet Care,Excess Working Capital / High Days of Cover,15,Pause Inbound / Consider Promotional Clearance,64,999.0,Rebalances 64 excess units (16.9 DoC),BEN_DS_02,N/A,Inventory exceeds target by 64 units with 16.9 Days of Cover.
1286,20260629,BEN_DS_02,286,PET _PET _16,Pet Care,Excess Working Capital / High Days of Cover,15,Pause Inbound / Consider Promotional Clearance,57,999.0,Rebalances 57 excess units (14.6 DoC),BEN_DS_02,N/A,Inventory exceeds target by 57 units with 14.6 Days of Cover.
1287,20260629,BEN_DS_02,289,PET _PET _19,Pet Care,Excess Working Capital / High Days of Cover,15,Pause Inbound / Consider Promotional Clearance,76,999.0,Rebalances 76 excess units (16.7 DoC),BEN_DS_02,N/A,Inventory exceeds target by 76 units with 16.7 Days of Cover.
1288,20260629,BEN_DS_02,296,PET _CAT _26,Pet Care,Excess Working Capital / High Days of Cover,15,Pause Inbound / Consider Promotional Clearance,89,999.0,Rebalances 89 excess units (15.3 DoC),BEN_DS_02,N/A,Inventory exceeds target by 89 units with 15.3 Days of Cover.
1289,20260629,BEN_DS_03,107,PACK_PAST_17,Packaged Foods,Excess Working Capital / High Days of Cover,15,Pause Inbound / Consider Promotional Clearance,164,999.0,Rebalances 164 excess units (14.6 DoC),BEN_DS_03,N/A,Inventory exceeds target by 164 units with 14.6 Days of Cover.
1290,20260629,BEN_DS_03,153,STAP_DALS_03,Staples,Excess Working Capital / High Days of Cover,15,Pause Inbound / Consider Promotional Clearance,241,999.0,Rebalances 241 excess units (22.4 DoC),BEN_DS_03,N/A,Inventory exceeds target by 241 units with 22.4 Days of Cover.
1291,20260629,BEN_DS_03,154,STAP_EDIB_04,Staples,Excess Working Capital / High Days of Cover,15,Pause Inbound / Consider Promotional Clearance,317,999.0,Rebalances 317 excess units (19.3 DoC),BEN_DS_03,N/A,Inventory exceeds target by 317 units with 19.3 Days of Cover.
1292,20260629,BEN_DS_03,155,STAP_SPIC_05,Staples,Excess Working Capital / High Days of Cover,15,Pause Inbound / Consider Promotional Clearance,103,999.0,Rebalances 103 excess units (14.2 DoC),BEN_DS_03,N/A,Inventory exceeds target by 103 units with 14.2 Days of Cover.
1293,20260629,BEN_DS_03,163,STAP_DALS_13,Staples,Excess Working Capital / High Days of Cover,15,Pause Inbound / Consider Promotional Clearance,249,999.0,Rebalances 249 excess units (20.5 DoC),BEN_DS_03,N/A,Inventory exceeds target by 249 units with 20.5 Days of Cover.
1294,20260629,BEN_DS_03,166,STAP_ATTA_16,Staples,Excess Working Capital / High Days of Cover,15,Pause Inbound / Consider Promotional Clearance,184,999.0,Rebalances 184 excess units (15.6 DoC),BEN_DS_03,N/A,Inventory exceeds target by 184 units with 15.6 Days of Cover.
1295,20260629,BEN_DS_03,192,PERS_HAIR_12,Personal Care,Excess Working Capital / High Days of Cover,15,Pause Inbound / Consider Promotional Clearance,42,999.0,Rebalances 42 excess units (16.6 DoC),BEN_DS_03,N/A,Inventory exceeds target by 42 units with 16.6 Days of Cover.
1296,20260629,BEN_DS_03,204,PERS_SKIN_24,Personal Care,Excess Working Capital / High Days of Cover,15,Pause Inbound / Consider Promotional Clearance,33,999.0,Rebalances 33 excess units (16.1 DoC),BEN_DS_03,N/A,Inventory exceeds target by 33 units with 16.1 Days of Cover.
1297,20260629,BEN_DS_03,216,HOUS_DETE_06,Household,Excess Working Capital / High Days of Cover,15,Pause Inbound / Consider Promotional Clearance,126,999.0,Rebalances 126 excess units (20.9 DoC),BEN_DS_03,N/A,Inventory exceeds target by 126 units with 20.9 Days of Cover.
1298,20260629,BEN_DS_03,221,HOUS_DETE_11,Household,Excess Working Capital / High Days of Cover,15,Pause Inbound / Consider Promotional Clearance,46,999.0,Rebalances 46 excess units (15.1 DoC),BEN_DS_03,N/A,Inventory exceeds target by 46 units with 15.1 Days of Cover.
1299,20260629,BEN_DS_03,225,HOUS_REPE_15,Household,Excess Working Capital / High Days of Cover,15,Pause Inbound / Consider Promotional Clearance,52,999.0,Rebalances 52 excess units (16.5 DoC),BEN_DS_03,N/A,Inventory exceeds target by 52 units with 16.5 Days of Cover.
1300,20260629,BEN_DS_03,233,HOUS_CLEA_23,Household,Excess Working Capital / High Days of Cover,15,Pause Inbound / Consider Promotional Clearance,90,999.0,Rebalances 90 excess units (15.4 DoC),BEN_DS_03,N/A,Inventory exceeds target by 90 units with 15.4 Days of Cover.
1301,20260629,BEN_DS_03,250,BABY_BABY_10,Baby Care,Excess Working Capital / High Days of Cover,15,Pause Inbound / Consider Promotional Clearance,304,999.0,Rebalances 304 excess units (19.5 DoC),BEN_DS_03,N/A,Inventory exceeds target by 304 units with 19.5 Days of Cover.
1302,20260629,BEN_DS_03,277,PET _PET _07,Pet Care,Excess Working Capital / High Days of Cover,15,Pause Inbound / Consider Promotional Clearance,65,999.0,Rebalances 65 excess units (18.2 DoC),BEN_DS_03,N/A,Inventory exceeds target by 65 units with 18.2 Days of Cover.
1303,20260629,BEN_DS_03,281,PET _PET _11,Pet Care,Excess Working Capital / High Days of Cover,15,Pause Inbound / Consider Promotional Clearance,32,999.0,Rebalances 32 excess units (17.2 DoC),BEN_DS_03,N/A,Inventory exceeds target by 32 units with 17.2 Days of Cover.
1304,20260629,BEN_DS_03,282,PET _PET _12,Pet Care,Excess Working Capital / High Days of Cover,15,Pause Inbound / Consider Promotional Clearance,51,999.0,Rebalances 51 excess units (17.9 DoC),BEN_DS_03,N/A,Inventory exceeds target by 51 units with 17.9 Days of Cover.
1305,20260629,BEN_DS_03,283,PET _DOG _13,Pet Care,Excess Working Capital / High Days of Cover,15,Pause Inbound / Consider Promotional Clearance,90,999.0,Rebalances 90 excess units (23.7 DoC),BEN_DS_03,N/A,Inventory exceeds target by 90 units with 23.7 Days of Cover.
1306,20260629,DEL_DS_02,237,HOUS_DISH_27,Household,Inter-Store Misallocation / Impending Shortage,14,Redistribute Stock,12,34.4,"Avoids $2,874.24 lost sales; lifts DoC from 1.9 to 3.4d",DEL_DS_08,DEL_DS_02,Destination projected to breach safety stock within 34.4h (DoC: 1.9d). Source retains surplus stock above protection threshold (Post-transfer DoC: 3.3d). Distance is 0.7km within configured limit.
1307,20260629,HYD_DS_10,239,HOUS_DISP_29,Household,Inter-Store Misallocation / Impending Shortage,14,Redistribute Stock,6,34.6,Avoids $769.14 lost sales; lifts DoC from 1.9 to 3.6d,HYD_DS_09,HYD_DS_10,Destination projected to breach safety stock within 34.6h (DoC: 1.9d). Source retains surplus stock above protection threshold (Post-transfer DoC: 4.9d). Distance is 7.1km within configured limit.
1308,20260629,HYD_DS_10,239,HOUS_DISP_29,Household,Stock Below Reorder Point,14,Scheduled Replenishment,24,34.6,Protects $0.00 sales exposure; targets 29 units,Regional Distribution Center,HYD_DS_10,Projected inventory (7) breached ROP (7). Target: 29.
1309,20260629,DEL_DS_03,185,PERS_SANI_05,Personal Care,Inter-Store Misallocation / Impending Shortage,14,Redistribute Stock,12,34.7,"Avoids $2,616.84 lost sales; lifts DoC from 1.9 to 3.4d",DEL_DS_09,DEL_DS_03,Destination projected to breach safety stock within 34.7h (DoC: 1.9d). Source retains surplus stock above protection threshold (Post-transfer DoC: 4.3d). Distance is 1.7km within configured limit.
1310,20260629,DEL_DS_06,211,HOUS_DETE_01,Household,Inter-Store Misallocation / Impending Shortage,14,Redistribute Stock,6,34.7,"Avoids $1,168.08 lost sales; lifts DoC from 1.9 to 2.5d",DEL_DS_08,DEL_DS_06,Destination projected to breach safety stock within 34.7h (DoC: 1.9d). Source retains surplus stock above protection threshold (Post-transfer DoC: 3.4d). Distance is 5.6km within configured limit.
1311,20260629,BEN_DS_01,285,PET _PET _15,Pet Care,Inter-Store Misallocation / Impending Shortage,14,Redistribute Stock,8,34.9,"Avoids $4,031.20 lost sales; lifts DoC from 1.9 to 2.8d",BEN_DS_04,BEN_DS_01,Destination projected to breach safety stock within 34.9h (DoC: 1.9d). Source retains surplus stock above protection threshold (Post-transfer DoC: 3.4d). Distance is 1.3km within configured limit.
1312,20260629,DEL_DS_09,284,PET _CAT _14,Pet Care,Inter-Store Misallocation / Impending Shortage,14,Redistribute Stock,6,34.9,"Avoids $2,520.24 lost sales; lifts DoC from 1.9 to 2.8d",DEL_DS_03,DEL_DS_09,Destination projected to breach safety stock within 34.9h (DoC: 1.9d). Source retains surplus stock above protection threshold (Post-transfer DoC: 3.3d). Distance is 1.7km within configured limit.
1313,20260629,BEN_DS_07,183,PERS_ORAL_03,Personal Care,Inter-Store Misallocation / Impending Shortage,14,Redistribute Stock,12,35.1,"Avoids $4,421.76 lost sales; lifts DoC from 1.9 to 3.4d",BEN_DS_06,BEN_DS_07,Destination projected to breach safety stock within 35.1h (DoC: 1.9d). Source retains surplus stock above protection threshold (Post-transfer DoC: 3.7d). Distance is 5.4km within configured limit.
1314,20260629,MUM_DS_02,209,PERS_SKIN_29,Personal Care,Inter-Store Misallocation / Impending Shortage,14,Redistribute Stock,8,35.1,Avoids $871.60 lost sales; lifts DoC from 1.9 to 3.4d,MUM_DS_03,MUM_DS_02,Destination projected to breach safety stock within 35.1h (DoC: 1.9d). Source retains surplus stock above protection threshold (Post-transfer DoC: 18.3d). Distance is 5.8km within configured limit.
1315,20260629,BEN_DS_09,183,PERS_ORAL_03,Personal Care,Inter-Store Misallocation / Impending Shortage,14,Redistribute Stock,12,35.3,"Avoids $4,421.76 lost sales; lifts DoC from 2.0 to 3.5d",BEN_DS_01,BEN_DS_09,Destination projected to breach safety stock within 35.3h (DoC: 2.0d). Source retains surplus stock above protection threshold (Post-transfer DoC: 4.6d). Distance is 2.6km within configured limit.
1316,20260629,MUM_DS_03,211,HOUS_DETE_01,Household,Inter-Store Misallocation / Impending Shortage,14,Redistribute Stock,12,35.5,"Avoids $2,336.16 lost sales; lifts DoC from 2.0 to 3.1d",MUM_DS_06,MUM_DS_03,Destination projected to breach safety stock within 35.5h (DoC: 2.0d). Source retains surplus stock above protection threshold (Post-transfer DoC: 3.5d). Distance is 3.8km within configured limit.
1317,20260629,HYD_DS_09,298,PET _PET _28,Pet Care,Inter-Store Misallocation / Impending Shortage,14,Redistribute Stock,16,35.6,"Avoids $8,709.60 lost sales; lifts DoC from 2.0 to 3.4d",HYD_DS_02,HYD_DS_09,Destination projected to breach safety stock within 35.6h (DoC: 2.0d). Source retains surplus stock above protection threshold (Post-transfer DoC: 4.5d). Distance is 2.8km within configured limit.
1318,20260629,BEN_DS_01,182,PERS_HAIR_02,Personal Care,Inter-Store Misallocation / Impending Shortage,14,Redistribute Stock,18,35.8,"Avoids $1,430.64 lost sales; lifts DoC from 2.0 to 3.2d",BEN_DS_04,BEN_DS_01,Destination projected to breach safety stock within 35.8h (DoC: 2.0d). Source retains surplus stock above protection threshold (Post-transfer DoC: 4.0d). Distance is 1.3km within configured limit.
1319,20260629,HYD_DS_09,211,HOUS_DETE_01,Household,Inter-Store Misallocation / Impending Shortage,14,Redistribute Stock,12,35.8,"Avoids $2,336.16 lost sales; lifts DoC from 2.0 to 3.1d",HYD_DS_04,HYD_DS_09,Destination projected to breach safety stock within 35.8h (DoC: 2.0d). Source retains surplus stock above protection threshold (Post-transfer DoC: 4.8d). Distance is 2.2km within configured limit.
1320,20260629,MUM_DS_04,237,HOUS_DISH_27,Household,Inter-Store Misallocation / Impending Shortage,14,Redistribute Stock,8,36.0,"Avoids $1,916.16 lost sales; lifts DoC from 2.0 to 3.2d",MUM_DS_03,MUM_DS_04,Destination projected to breach safety stock within 36.0h (DoC: 2.0d). Source retains surplus stock above protection threshold (Post-transfer DoC: 3.9d). Distance is 0.9km within configured limit.
1321,20260629,HYD_DS_02,300,PET _CAT _30,Pet Care,Inter-Store Misallocation / Impending Shortage,14,Redistribute Stock,12,36.0,"Avoids $3,390.24 lost sales; lifts DoC from 2.0 to 3.5d",HYD_DS_08,HYD_DS_02,Destination projected to breach safety stock within 36.0h (DoC: 2.0d). Source retains surplus stock above protection threshold (Post-transfer DoC: 11.0d). Distance is 4.4km within configured limit.
1322,20260629,MUM_DS_01,299,PET _DOG _29,Pet Care,Stock Below Reorder Point,14,Scheduled Replenishment,72,40.9,Protects $0.00 sales exposure; targets 95 units,Regional Distribution Center,MUM_DS_01,Projected inventory (26) breached ROP (60). Target: 95.
1323,20260629,MUM_DS_01,58,BEVE_TEA _28,Beverages,Stock Below Reorder Point,14,Scheduled Replenishment,360,44.3,Protects $0.00 sales exposure; targets 534 units,Regional Distribution Center,MUM_DS_01,Projected inventory (174) breached ROP (181). Target: 534.
1324,20260629,MUM_DS_01,156,STAP_ATTA_06,Staples,Stock Below Reorder Point,14,Scheduled Replenishment,180,44.6,Protects $0.00 sales exposure; targets 254 units,Regional Distribution Center,MUM_DS_01,Projected inventory (80) breached ROP (157). Target: 254.
1325,20260629,MUM_DS_06,88,SNAC_NAMK_28,Snacks,Stock Below Reorder Point,14,Scheduled Replenishment,348,45.0,Protects $0.00 sales exposure; targets 511 units,Regional Distribution Center,MUM_DS_06,Projected inventory (168) breached ROP (242). Target: 511.
1326,20260629,HYD_DS_04,107,PACK_PAST_17,Packaged Foods,Stock Below Reorder Point,14,Scheduled Replenishment,120,45.0,Protects $0.00 sales exposure; targets 165 units,Regional Distribution Center,HYD_DS_04,Projected inventory (54) breached ROP (79). Target: 165.
1327,20260629,HYD_DS_09,170,STAP_SPIC_20,Staples,Stock Below Reorder Point,14,Scheduled Replenishment,200,45.2,Protects $0.00 sales exposure; targets 293 units,Regional Distribution Center,HYD_DS_09,Projected inventory (96) breached ROP (140). Target: 293.
1328,20260629,MUM_DS_04,73,SNAC_NAMK_13,Snacks,Stock Below Reorder Point,14,Scheduled Replenishment,360,45.4,Protects $0.00 sales exposure; targets 504 units,Regional Distribution Center,MUM_DS_04,Projected inventory (166) breached ROP (240). Target: 504.
1329,20260629,MUM_DS_08,170,STAP_SPIC_20,Staples,Stock Below Reorder Point,14,Scheduled Replenishment,176,45.5,Protects $0.00 sales exposure; targets 261 units,Regional Distribution Center,MUM_DS_08,Projected inventory (85) breached ROP (126). Target: 261.
1330,20260629,BEN_DS_01,279,PET _DOG _09,Pet Care,Stock Below Reorder Point,13,Scheduled Replenishment,80,36.5,Protects $0.00 sales exposure; targets 102 units,Regional Distribution Center,BEN_DS_01,Projected inventory (26) breached ROP (38). Target: 102.
1331,20260629,DEL_DS_07,224,HOUS_DISP_14,Household,Stock Below Reorder Point,13,Scheduled Replenishment,80,36.5,Protects $0.00 sales exposure; targets 99 units,Regional Distribution Center,DEL_DS_07,Projected inventory (26) breached ROP (48). Target: 99.
1332,20260629,MUM_DS_08,214,HOUS_DISP_04,Household,Stock Below Reorder Point,13,Scheduled Replenishment,56,37.1,Protects $0.00 sales exposure; targets 72 units,Regional Distribution Center,MUM_DS_08,Projected inventory (19) breached ROP (35). Target: 72.
1333,20260629,HYD_DS_05,198,PERS_ORAL_18,Personal Care,Stock Below Reorder Point,13,Scheduled Replenishment,76,38.9,Protects $0.00 sales exposure; targets 102 units,Regional Distribution Center,HYD_DS_05,Projected inventory (27) breached ROP (27). Target: 102.
1334,20260629,DEL_DS_05,170,STAP_SPIC_20,Staples,Stock Below Reorder Point,13,Scheduled Replenishment,152,45.7,Protects $0.00 sales exposure; targets 221 units,Regional Distribution Center,DEL_DS_05,Projected inventory (73) breached ROP (107). Target: 221.
1335,20260629,DEL_DS_06,11,DAIR_MILK_11,Dairy,Stock Below Reorder Point,13,Scheduled Replenishment,320,45.7,Protects $0.00 sales exposure; targets 474 units,Regional Distribution Center,DEL_DS_06,Projected inventory (158) breached ROP (225). Target: 474.
1336,20260629,MUM_DS_06,167,STAP_RICE_17,Staples,Stock Below Reorder Point,13,Scheduled Replenishment,24,45.7,Protects $0.00 sales exposure; targets 286 units,Regional Distribution Center,MUM_DS_06,Projected inventory (95) breached ROP (98). Target: 286. Scaled down to respect dark store physical capacity buffer.
1337,20260629,BEN_DS_09,135,FRUI_CUT _15,Fruits & Vegetables,Stock Below Reorder Point,13,Scheduled Replenishment,436,46.4,Protects $0.00 sales exposure; targets 629 units,Regional Distribution Center,BEN_DS_09,Projected inventory (196) breached ROP (325). Target: 629.
1338,20260629,HYD_DS_07,41,BEVE_JUIC_11,Beverages,Stock Below Reorder Point,13,Scheduled Replenishment,240,46.4,Protects $0.00 sales exposure; targets 351 units,Regional Distribution Center,HYD_DS_07,Projected inventory (117) breached ROP (169). Target: 351.
1339,20260629,MUM_DS_01,243,BABY_BABY_03,Baby Care,Stock Below Reorder Point,13,Scheduled Replenishment,114,46.6,Protects $0.00 sales exposure; targets 167 units,Regional Distribution Center,MUM_DS_01,Projected inventory (57) breached ROP (57). Target: 167.
1340,20260629,BEN_DS_09,155,STAP_SPIC_05,Staples,Stock Below Reorder Point,13,Scheduled Replenishment,92,46.8,Protects $0.00 sales exposure; targets 132 units,Regional Distribution Center,BEN_DS_09,Projected inventory (43) breached ROP (83). Target: 132.
1341,20260629,BEN_DS_09,173,STAP_DALS_23,Staples,Stock Below Reorder Point,13,Scheduled Replenishment,144,67.0,Protects $0.00 sales exposure; targets 211 units,Regional Distribution Center,BEN_DS_09,Projected inventory (88) breached ROP (140). Target: 211.
1342,20260629,MUM_DS_03,252,BABY_BABY_12,Baby Care,Stock Below Reorder Point,13,Scheduled Replenishment,236,76.1,Protects $0.00 sales exposure; targets 436 units,Regional Distribution Center,MUM_DS_03,Projected inventory (201) breached ROP (294). Target: 436.
1343,20260629,BEN_DS_01,240,HOUS_REPE_30,Household,Stock Below Reorder Point,12,Scheduled Replenishment,48,37.6,Protects $0.00 sales exposure; targets 37 units,Regional Distribution Center,BEN_DS_01,Projected inventory (10) breached ROP (13). Target: 37.
1344,20260629,DEL_DS_07,235,HOUS_REPE_25,Household,Stock Below Reorder Point,12,Scheduled Replenishment,72,38.0,Protects $0.00 sales exposure; targets 98 units,Regional Distribution Center,DEL_DS_07,Projected inventory (27) breached ROP (34). Target: 98.
1345,20260629,MUM_DS_06,193,PERS_ORAL_13,Personal Care,Stock Below Reorder Point,12,Scheduled Replenishment,4,38.2,Protects $0.00 sales exposure; targets 37 units,Regional Distribution Center,MUM_DS_06,Projected inventory (10) breached ROP (14). Target: 37. Scaled down to respect dark store physical capacity buffer.
1346,20260629,MUM_DS_05,215,HOUS_REPE_05,Household,Stock Below Reorder Point,12,Scheduled Replenishment,60,38.3,Protects $0.00 sales exposure; targets 82 units,Regional Distribution Center,MUM_DS_05,Projected inventory (23) breached ROP (28). Target: 82.
1347,20260629,DEL_DS_05,205,PERS_SANI_25,Personal Care,Stock Below Reorder Point,12,Scheduled Replenishment,24,38.7,Protects $0.00 sales exposure; targets 23 units,Regional Distribution Center,DEL_DS_05,Projected inventory (6) breached ROP (9). Target: 23.
1348,20260629,HYD_DS_09,278,PET _PET _08,Pet Care,Stock Below Reorder Point,12,Scheduled Replenishment,72,38.9,Protects $0.00 sales exposure; targets 69 units,Regional Distribution Center,HYD_DS_09,Projected inventory (19) breached ROP (25). Target: 69.
1349,20260629,HYD_DS_09,164,STAP_EDIB_14,Staples,Stock Below Reorder Point,12,Scheduled Replenishment,84,47.2,Protects $0.00 sales exposure; targets 122 units,Regional Distribution Center,HYD_DS_09,Projected inventory (41) breached ROP (59). Target: 122.
1350,20260629,BEN_DS_08,88,SNAC_NAMK_28,Snacks,Stock Below Reorder Point,12,Scheduled Replenishment,294,47.3,Protects $0.00 sales exposure; targets 442 units,Regional Distribution Center,BEN_DS_08,Projected inventory (151) breached ROP (212). Target: 442.
1351,20260629,BEN_DS_10,75,SNAC_NUTS_15,Snacks,Stock Below Reorder Point,12,Scheduled Replenishment,216,47.3,Protects $0.00 sales exposure; targets 307 units,Regional Distribution Center,BEN_DS_10,Projected inventory (105) breached ROP (147). Target: 307.
1352,20260629,DEL_DS_08,101,PACK_NOOD_11,Packaged Foods,Stock Below Reorder Point,12,Scheduled Replenishment,168,47.5,Protects $0.00 sales exposure; targets 257 units,Regional Distribution Center,DEL_DS_08,Projected inventory (89) breached ROP (89). Target: 257.
1353,20260629,DEL_DS_06,59,BEVE_ENER_29,Beverages,Stock Below Reorder Point,12,Scheduled Replenishment,240,47.7,Protects $0.00 sales exposure; targets 359 units,Regional Distribution Center,DEL_DS_06,Projected inventory (125) breached ROP (171). Target: 359.
1354,20260629,MUM_DS_01,100,PACK_READ_10,Packaged Foods,Stock Below Reorder Point,12,Scheduled Replenishment,216,47.9,Protects $0.00 sales exposure; targets 321 units,Regional Distribution Center,MUM_DS_01,Projected inventory (110) breached ROP (155). Target: 321.
1355,20260629,MUM_DS_01,110,PACK_READ_20,Packaged Foods,Stock Below Reorder Point,12,Scheduled Replenishment,216,47.9,Protects $0.00 sales exposure; targets 304 units,Regional Distribution Center,MUM_DS_01,Projected inventory (104) breached ROP (148). Target: 304.
1356,20260629,MUM_DS_01,45,BEVE_WATE_15,Beverages,Stock Below Reorder Point,12,Scheduled Replenishment,432,48.1,Protects $0.00 sales exposure; targets 648 units,Regional Distribution Center,MUM_DS_01,Projected inventory (226) breached ROP (310). Target: 648.
1357,20260629,MUM_DS_03,110,PACK_READ_20,Packaged Foods,Stock Below Reorder Point,12,Scheduled Replenishment,216,48.1,Protects $0.00 sales exposure; targets 324 units,Regional Distribution Center,MUM_DS_03,Projected inventory (112) breached ROP (156). Target: 324.
1358,20260629,MUM_DS_01,154,STAP_EDIB_04,Staples,Stock Below Reorder Point,12,Scheduled Replenishment,12,48.4,Protects $0.00 sales exposure; targets 229 units,Regional Distribution Center,MUM_DS_01,Projected inventory (80) breached ROP (110). Target: 229. Scaled down to respect dark store physical capacity buffer.
1359,20260629,HYD_DS_08,88,SNAC_NAMK_28,Snacks,Stock Below Reorder Point,12,Scheduled Replenishment,228,48.4,Protects $0.00 sales exposure; targets 344 units,Regional Distribution Center,HYD_DS_08,Projected inventory (121) breached ROP (164). Target: 344.
1360,20260629,DEL_DS_06,26,DAIR_MILK_26,Dairy,Stock Below Reorder Point,12,Scheduled Replenishment,234,48.6,Protects $0.00 sales exposure; targets 392 units,Regional Distribution Center,DEL_DS_06,Projected inventory (138) breached ROP (188). Target: 392. Scaled down to respect dark store physical capacity buffer.
1361,20260629,DEL_DS_06,100,PACK_READ_10,Packaged Foods,Stock Below Reorder Point,12,Scheduled Replenishment,8,48.6,Protects $0.00 sales exposure; targets 328 units,Regional Distribution Center,DEL_DS_06,Projected inventory (114) breached ROP (158). Target: 328. Scaled down to respect dark store physical capacity buffer.
1362,20260629,MUM_DS_05,132,FRUI_EXOT_12,Fruits & Vegetables,Stock Below Reorder Point,12,Scheduled Replenishment,456,48.6,Protects $0.00 sales exposure; targets 684 units,Regional Distribution Center,MUM_DS_05,Projected inventory (241) breached ROP (327). Target: 684.
1363,20260629,BEN_DS_06,169,STAP_EDIB_19,Staples,Stock Below Reorder Point,12,Scheduled Replenishment,96,49.0,Protects $0.00 sales exposure; targets 136 units,Regional Distribution Center,BEN_DS_06,Projected inventory (47) breached ROP (66). Target: 136.
1364,20260629,BEN_DS_02,45,BEVE_WATE_15,Beverages,Stock Below Reorder Point,12,Scheduled Replenishment,420,49.1,Protects $0.00 sales exposure; targets 646 units,Regional Distribution Center,BEN_DS_02,Projected inventory (229) breached ROP (310). Target: 646.
1365,20260629,HYD_DS_10,170,STAP_SPIC_20,Staples,Stock Below Reorder Point,12,Scheduled Replenishment,240,49.1,Protects $0.00 sales exposure; targets 352 units,Regional Distribution Center,HYD_DS_10,Projected inventory (117) breached ROP (181). Target: 352.
1366,20260629,HYD_DS_05,41,BEVE_JUIC_11,Beverages,Stock Below Reorder Point,12,Scheduled Replenishment,288,49.3,Protects $0.00 sales exposure; targets 445 units,Regional Distribution Center,HYD_DS_05,Projected inventory (159) breached ROP (213). Target: 445.
1367,20260629,BEN_DS_10,27,DAIR_CURD_27,Dairy,Stock Below Reorder Point,12,Scheduled Replenishment,320,49.5,Protects $0.00 sales exposure; targets 497 units,Regional Distribution Center,BEN_DS_10,Projected inventory (177) breached ROP (239). Target: 497.
1368,20260629,BEN_DS_07,110,PACK_READ_20,Packaged Foods,Stock Below Reorder Point,12,Scheduled Replenishment,192,49.7,Protects $0.00 sales exposure; targets 286 units,Regional Distribution Center,BEN_DS_07,Projected inventory (103) breached ROP (136). Target: 286.
1369,20260629,BEN_DS_02,174,STAP_EDIB_24,Staples,Stock Below Reorder Point,12,Scheduled Replenishment,192,49.9,Protects $0.00 sales exposure; targets 301 units,Regional Distribution Center,BEN_DS_02,Projected inventory (109) breached ROP (143). Target: 301.
1370,20260629,DEL_DS_05,60,BEVE_WATE_30,Beverages,Stock Below Reorder Point,12,Scheduled Replenishment,160,49.9,Protects $0.00 sales exposure; targets 245 units,Regional Distribution Center,DEL_DS_05,Projected inventory (87) breached ROP (120). Target: 245.
1371,20260629,BEN_DS_07,41,BEVE_JUIC_11,Beverages,Stock Below Reorder Point,12,Scheduled Replenishment,312,50.2,Protects $0.00 sales exposure; targets 454 units,Regional Distribution Center,BEN_DS_07,Projected inventory (165) breached ROP (217). Target: 454.
1372,20260629,DEL_DS_01,75,SNAC_NUTS_15,Snacks,Stock Below Reorder Point,12,Scheduled Replenishment,168,50.2,Protects $0.00 sales exposure; targets 238 units,Regional Distribution Center,DEL_DS_01,Projected inventory (86) breached ROP (115). Target: 238.
1373,20260629,HYD_DS_05,110,PACK_READ_20,Packaged Foods,Stock Below Reorder Point,12,Scheduled Replenishment,192,50.2,Protects $0.00 sales exposure; targets 266 units,Regional Distribution Center,HYD_DS_05,Projected inventory (96) breached ROP (128). Target: 266.
1374,20260629,BEN_DS_07,17,DAIR_CURD_17,Dairy,Stock Below Reorder Point,12,Scheduled Replenishment,328,50.4,Protects $0.00 sales exposure; targets 511 units,Regional Distribution Center,BEN_DS_07,Projected inventory (186) breached ROP (245). Target: 511.
1375,20260629,MUM_DS_05,255,BABY_BABY_15,Baby Care,Stock Below Reorder Point,12,Scheduled Replenishment,102,51.3,Protects $0.00 sales exposure; targets 157 units,Regional Distribution Center,MUM_DS_05,Projected inventory (58) breached ROP (76). Target: 157.
1376,20260629,BEN_DS_04,268,BABY_BABY_28,Baby Care,Stock Below Reorder Point,12,Scheduled Replenishment,104,51.5,Protects $0.00 sales exposure; targets 158 units,Regional Distribution Center,BEN_DS_04,Projected inventory (55) breached ROP (62). Target: 158.
1377,20260629,DEL_DS_08,11,DAIR_MILK_11,Dairy,Stock Below Reorder Point,12,Scheduled Replenishment,280,51.7,Protects $0.00 sales exposure; targets 433 units,Regional Distribution Center,DEL_DS_08,Projected inventory (155) breached ROP (217). Target: 433.
1378,20260629,DEL_DS_08,256,BABY_BABY_16,Baby Care,Stock Below Reorder Point,12,Scheduled Replenishment,168,51.7,Protects $0.00 sales exposure; targets 235 units,Regional Distribution Center,DEL_DS_08,Projected inventory (87) breached ROP (113). Target: 235.
1379,20260629,BEN_DS_06,119,PACK_BREA_29,Packaged Foods,Stock Below Reorder Point,12,Scheduled Replenishment,120,52.0,Protects $0.00 sales exposure; targets 175 units,Regional Distribution Center,BEN_DS_06,Projected inventory (61) breached ROP (91). Target: 175.
1380,20260629,DEL_DS_05,114,PACK_BREA_24,Packaged Foods,Stock Below Reorder Point,12,Scheduled Replenishment,120,52.0,Protects $0.00 sales exposure; targets 182 units,Regional Distribution Center,DEL_DS_05,Projected inventory (66) breached ROP (67). Target: 182.
1381,20260629,MUM_DS_04,154,STAP_EDIB_04,Staples,Stock Below Reorder Point,12,Scheduled Replenishment,108,52.0,Protects $0.00 sales exposure; targets 159 units,Regional Distribution Center,MUM_DS_04,Projected inventory (60) breached ROP (76). Target: 159.
1382,20260629,HYD_DS_10,158,STAP_DALS_08,Staples,Stock Below Reorder Point,12,Scheduled Replenishment,150,52.0,Protects $0.00 sales exposure; targets 239 units,Regional Distribution Center,HYD_DS_10,Projected inventory (90) breached ROP (115). Target: 239.
1383,20260629,BEN_DS_02,50,BEVE_WATE_20,Beverages,Stock Below Reorder Point,12,Scheduled Replenishment,210,52.2,Protects $0.00 sales exposure; targets 334 units,Regional Distribution Center,BEN_DS_02,Projected inventory (127) breached ROP (158). Target: 334.
1384,20260629,DEL_DS_01,143,FRUI_DAIL_23,Fruits & Vegetables,Stock Below Reorder Point,12,Scheduled Replenishment,336,52.4,Protects $0.00 sales exposure; targets 535 units,Regional Distribution Center,DEL_DS_01,Projected inventory (203) breached ROP (255). Target: 535.
1385,20260629,DEL_DS_05,75,SNAC_NUTS_15,Snacks,Stock Below Reorder Point,12,Scheduled Replenishment,144,52.4,Protects $0.00 sales exposure; targets 215 units,Regional Distribution Center,DEL_DS_05,Projected inventory (82) breached ROP (103). Target: 215.
1386,20260629,HYD_DS_08,163,STAP_DALS_13,Staples,Stock Below Reorder Point,12,Scheduled Replenishment,80,52.4,Protects $0.00 sales exposure; targets 120 units,Regional Distribution Center,HYD_DS_08,Projected inventory (43) breached ROP (76). Target: 120.
1387,20260629,HYD_DS_09,105,PACK_READ_15,Packaged Foods,Stock Below Reorder Point,12,Scheduled Replenishment,180,52.4,Protects $0.00 sales exposure; targets 274 units,Regional Distribution Center,HYD_DS_09,Projected inventory (103) breached ROP (132). Target: 274.
1388,20260629,MUM_DS_01,162,STAP_RICE_12,Staples,Stock Below Reorder Point,12,Scheduled Replenishment,12,52.7,Protects $0.00 sales exposure; targets 308 units,Regional Distribution Center,MUM_DS_01,Projected inventory (117) breached ROP (188). Target: 308. Scaled down to respect dark store physical capacity buffer.
1389,20260629,HYD_DS_10,11,DAIR_MILK_11,Dairy,Stock Below Reorder Point,12,Scheduled Replenishment,264,53.1,Protects $0.00 sales exposure; targets 426 units,Regional Distribution Center,HYD_DS_10,Projected inventory (164) breached ROP (204). Target: 426.
1390,20260629,BEN_DS_09,163,STAP_DALS_13,Staples,Stock Below Reorder Point,12,Scheduled Replenishment,96,53.3,Protects $0.00 sales exposure; targets 156 units,Regional Distribution Center,BEN_DS_09,Projected inventory (60) breached ROP (95). Target: 156.
1391,20260629,MUM_DS_03,153,STAP_DALS_03,Staples,Stock Below Reorder Point,12,Scheduled Replenishment,120,53.5,Protects $0.00 sales exposure; targets 157 units,Regional Distribution Center,MUM_DS_03,Projected inventory (59) breached ROP (97). Target: 157.
1392,20260629,BEN_DS_10,12,DAIR_CURD_12,Dairy,Stock Below Reorder Point,12,Scheduled Replenishment,432,53.6,Protects $0.00 sales exposure; targets 698 units,Regional Distribution Center,BEN_DS_10,Projected inventory (271) breached ROP (335). Target: 698.
1393,20260629,HYD_DS_08,41,BEVE_JUIC_11,Beverages,Stock Below Reorder Point,12,Scheduled Replenishment,216,53.6,Protects $0.00 sales exposure; targets 342 units,Regional Distribution Center,HYD_DS_08,Projected inventory (132) breached ROP (164). Target: 342.
1394,20260629,BEN_DS_01,41,BEVE_JUIC_11,Beverages,Stock Below Reorder Point,12,Scheduled Replenishment,288,54.0,Protects $0.00 sales exposure; targets 463 units,Regional Distribution Center,BEN_DS_01,Projected inventory (182) breached ROP (221). Target: 463.
1395,20260629,DEL_DS_01,88,SNAC_NAMK_28,Snacks,Stock Below Reorder Point,12,Scheduled Replenishment,240,54.0,Protects $0.00 sales exposure; targets 387 units,Regional Distribution Center,DEL_DS_01,Projected inventory (151) breached ROP (185). Target: 387.
1396,20260629,HYD_DS_04,75,SNAC_NUTS_15,Snacks,Stock Below Reorder Point,12,Scheduled Replenishment,168,54.2,Protects $0.00 sales exposure; targets 255 units,Regional Distribution Center,HYD_DS_04,Projected inventory (101) breached ROP (121). Target: 255.
1397,20260629,DEL_DS_08,174,STAP_EDIB_24,Staples,Stock Below Reorder Point,12,Scheduled Replenishment,162,54.7,Protects $0.00 sales exposure; targets 260 units,Regional Distribution Center,DEL_DS_08,Projected inventory (103) breached ROP (124). Target: 260.
1398,20260629,BEN_DS_08,119,PACK_BREA_29,Packaged Foods,Stock Below Reorder Point,12,Scheduled Replenishment,108,54.9,Protects $0.00 sales exposure; targets 166 units,Regional Distribution Center,BEN_DS_08,Projected inventory (65) breached ROP (80). Target: 166.
1399,20260629,HYD_DS_07,73,SNAC_NAMK_13,Snacks,Stock Below Reorder Point,12,Scheduled Replenishment,312,54.9,Protects $0.00 sales exposure; targets 487 units,Regional Distribution Center,HYD_DS_07,Projected inventory (193) breached ROP (234). Target: 487.
1400,20260629,HYD_DS_07,90,SNAC_NUTS_30,Snacks,Stock Below Reorder Point,12,Scheduled Replenishment,228,55.1,Protects $0.00 sales exposure; targets 376 units,Regional Distribution Center,HYD_DS_07,Projected inventory (149) breached ROP (181). Target: 376.
1401,20260629,BEN_DS_02,156,STAP_ATTA_06,Staples,Stock Below Reorder Point,12,Scheduled Replenishment,168,55.4,Protects $0.00 sales exposure; targets 255 units,Regional Distribution Center,BEN_DS_02,Projected inventory (98) breached ROP (159). Target: 255.
1402,20260629,BEN_DS_02,170,STAP_SPIC_20,Staples,Stock Below Reorder Point,12,Scheduled Replenishment,192,55.6,Protects $0.00 sales exposure; targets 314 units,Regional Distribution Center,BEN_DS_02,Projected inventory (125) breached ROP (152). Target: 314.
1403,20260629,BEN_DS_04,27,DAIR_CURD_27,Dairy,Stock Below Reorder Point,12,Scheduled Replenishment,268,55.8,Protects $0.00 sales exposure; targets 445 units,Regional Distribution Center,BEN_DS_04,Projected inventory (179) breached ROP (214). Target: 445.
1404,20260629,MUM_DS_04,19,DAIR_CHEE_19,Dairy,Stock Below Reorder Point,12,Scheduled Replenishment,312,56.0,Protects $0.00 sales exposure; targets 507 units,Regional Distribution Center,MUM_DS_04,Projected inventory (205) breached ROP (243). Target: 507.
1405,20260629,HYD_DS_05,90,SNAC_NUTS_30,Snacks,Stock Below Reorder Point,12,Scheduled Replenishment,270,56.0,Protects $0.00 sales exposure; targets 451 units,Regional Distribution Center,HYD_DS_05,Projected inventory (182) breached ROP (217). Target: 451.
1406,20260629,HYD_DS_09,135,FRUI_CUT _15,Fruits & Vegetables,Stock Below Reorder Point,12,Scheduled Replenishment,320,56.0,Protects $0.00 sales exposure; targets 534 units,Regional Distribution Center,HYD_DS_09,Projected inventory (217) breached ROP (256). Target: 534.
1407,20260629,BEN_DS_02,119,PACK_BREA_29,Packaged Foods,Stock Below Reorder Point,12,Scheduled Replenishment,120,56.3,Protects $0.00 sales exposure; targets 200 units,Regional Distribution Center,BEN_DS_02,Projected inventory (81) breached ROP (96). Target: 200.
1408,20260629,BEN_DS_10,16,DAIR_MILK_16,Dairy,Stock Below Reorder Point,12,Scheduled Replenishment,228,56.3,Protects $0.00 sales exposure; targets 378 units,Regional Distribution Center,BEN_DS_10,Projected inventory (156) breached ROP (179). Target: 378.
1409,20260629,HYD_DS_09,250,BABY_BABY_10,Baby Care,Stock Below Reorder Point,12,Scheduled Replenishment,120,56.7,Protects $0.00 sales exposure; targets 194 units,Regional Distribution Center,HYD_DS_09,Projected inventory (77) breached ROP (120). Target: 194.
1410,20260629,DEL_DS_07,100,PACK_READ_10,Packaged Foods,Stock Below Reorder Point,12,Scheduled Replenishment,208,56.9,Protects $0.00 sales exposure; targets 340 units,Regional Distribution Center,DEL_DS_07,Projected inventory (133) breached ROP (172). Target: 340.
1411,20260629,DEL_DS_07,169,STAP_EDIB_19,Staples,Stock Below Reorder Point,12,Scheduled Replenishment,108,57.1,Protects $0.00 sales exposure; targets 174 units,Regional Distribution Center,DEL_DS_07,Projected inventory (71) breached ROP (84). Target: 174.
1412,20260629,DEL_DS_07,255,BABY_BABY_15,Baby Care,Stock Below Reorder Point,12,Scheduled Replenishment,96,57.2,Protects $0.00 sales exposure; targets 155 units,Regional Distribution Center,DEL_DS_07,Projected inventory (64) breached ROP (75). Target: 155.
1413,20260629,BEN_DS_07,26,DAIR_MILK_26,Dairy,Stock Below Reorder Point,12,Scheduled Replenishment,216,58.0,Protects $0.00 sales exposure; targets 364 units,Regional Distribution Center,BEN_DS_07,Projected inventory (151) breached ROP (176). Target: 364.
1414,20260629,MUM_DS_03,19,DAIR_CHEE_19,Dairy,Stock Below Reorder Point,12,Scheduled Replenishment,408,58.0,Protects $0.00 sales exposure; targets 691 units,Regional Distribution Center,MUM_DS_03,Projected inventory (292) breached ROP (329). Target: 691.
1415,20260629,BEN_DS_01,162,STAP_RICE_12,Staples,Stock Below Reorder Point,12,Scheduled Replenishment,180,58.5,Protects $0.00 sales exposure; targets 293 units,Regional Distribution Center,BEN_DS_01,Projected inventory (124) breached ROP (179). Target: 293.
1416,20260629,BEN_DS_04,253,BABY_DIAP_13,Baby Care,Stock Below Reorder Point,12,Scheduled Replenishment,120,59.9,Protects $0.00 sales exposure; targets 186 units,Regional Distribution Center,BEN_DS_04,Projected inventory (80) breached ROP (114). Target: 186.
1417,20260629,BEN_DS_02,155,STAP_SPIC_05,Staples,Stock Below Reorder Point,12,Scheduled Replenishment,80,60.1,Protects $0.00 sales exposure; targets 136 units,Regional Distribution Center,BEN_DS_02,Projected inventory (58) breached ROP (84). Target: 136.
1418,20260629,MUM_DS_05,19,DAIR_CHEE_19,Dairy,Stock Below Reorder Point,12,Scheduled Replenishment,360,60.3,Protects $0.00 sales exposure; targets 630 units,Regional Distribution Center,MUM_DS_05,Projected inventory (275) breached ROP (301). Target: 630.
1419,20260629,HYD_DS_10,60,BEVE_WATE_30,Beverages,Stock Below Reorder Point,12,Scheduled Replenishment,180,60.3,Protects $0.00 sales exposure; targets 318 units,Regional Distribution Center,HYD_DS_10,Projected inventory (138) breached ROP (154). Target: 318.
1420,20260629,MUM_DS_04,170,STAP_SPIC_20,Staples,Stock Below Reorder Point,12,Scheduled Replenishment,136,60.5,Protects $0.00 sales exposure; targets 238 units,Regional Distribution Center,MUM_DS_04,Projected inventory (103) breached ROP (115). Target: 238.
1421,20260629,HYD_DS_08,139,FRUI_SEAS_19,Fruits & Vegetables,Stock Below Reorder Point,12,Scheduled Replenishment,248,60.7,Protects $0.00 sales exposure; targets 441 units,Regional Distribution Center,HYD_DS_08,Projected inventory (195) breached ROP (209). Target: 441.
1422,20260629,DEL_DS_01,250,BABY_BABY_10,Baby Care,Stock Below Reorder Point,12,Scheduled Replenishment,96,61.4,Protects $0.00 sales exposure; targets 155 units,Regional Distribution Center,DEL_DS_01,Projected inventory (67) breached ROP (96). Target: 155.
1423,20260629,MUM_DS_03,16,DAIR_MILK_16,Dairy,Stock Below Reorder Point,12,Scheduled Replenishment,228,61.4,Protects $0.00 sales exposure; targets 406 units,Regional Distribution Center,MUM_DS_03,Projected inventory (180) breached ROP (194). Target: 406.
1424,20260629,HYD_DS_10,73,SNAC_NAMK_13,Snacks,Stock Below Reorder Point,12,Scheduled Replenishment,360,61.4,Protects $0.00 sales exposure; targets 618 units,Regional Distribution Center,HYD_DS_10,Projected inventory (277) breached ROP (293). Target: 618.
1425,20260629,MUM_DS_03,105,PACK_READ_15,Packaged Foods,Stock Below Reorder Point,12,Scheduled Replenishment,156,62.8,Protects $0.00 sales exposure; targets 282 units,Regional Distribution Center,MUM_DS_03,Projected inventory (129) breached ROP (134). Target: 282.
1426,20260629,MUM_DS_08,158,STAP_DALS_08,Staples,Stock Below Reorder Point,12,Scheduled Replenishment,120,63.2,Protects $0.00 sales exposure; targets 217 units,Regional Distribution Center,MUM_DS_08,Projected inventory (98) breached ROP (105). Target: 217.
1427,20260629,HYD_DS_03,17,DAIR_CURD_17,Dairy,Stock Below Reorder Point,12,Scheduled Replenishment,180,63.2,Protects $0.00 sales exposure; targets 326 units,Regional Distribution Center,HYD_DS_03,Projected inventory (148) breached ROP (157). Target: 326.
1428,20260629,BEN_DS_07,139,FRUI_SEAS_19,Fruits & Vegetables,Stock Below Reorder Point,12,Scheduled Replenishment,328,63.5,Protects $0.00 sales exposure; targets 600 units,Regional Distribution Center,BEN_DS_07,Projected inventory (275) breached ROP (288). Target: 600.
1429,20260629,DEL_DS_07,105,PACK_READ_15,Packaged Foods,Stock Below Reorder Point,12,Scheduled Replenishment,156,63.9,Protects $0.00 sales exposure; targets 268 units,Regional Distribution Center,DEL_DS_07,Projected inventory (123) breached ROP (129). Target: 268.
1430,20260629,MUM_DS_03,164,STAP_EDIB_14,Staples,Stock Below Reorder Point,12,Scheduled Replenishment,72,64.3,Protects $0.00 sales exposure; targets 130 units,Regional Distribution Center,MUM_DS_03,Projected inventory (60) breached ROP (63). Target: 130.
1431,20260629,MUM_DS_09,24,DAIR_CHEE_24,Dairy,Stock Below Reorder Point,12,Scheduled Replenishment,420,64.3,Protects $0.00 sales exposure; targets 768 units,Regional Distribution Center,MUM_DS_09,Projected inventory (357) breached ROP (368). Target: 768.
1432,20260629,MUM_DS_09,261,BABY_DIAP_21,Baby Care,Stock Below Reorder Point,12,Scheduled Replenishment,92,64.6,Protects $0.00 sales exposure; targets 168 units,Regional Distribution Center,MUM_DS_09,Projected inventory (77) breached ROP (103). Target: 168.
1433,20260629,BEN_DS_04,256,BABY_BABY_16,Baby Care,Stock Below Reorder Point,12,Scheduled Replenishment,144,64.8,Protects $0.00 sales exposure; targets 229 units,Regional Distribution Center,BEN_DS_04,Projected inventory (107) breached ROP (111). Target: 229.
1434,20260629,HYD_DS_10,45,BEVE_WATE_15,Beverages,Stock Below Reorder Point,12,Scheduled Replenishment,324,65.0,Protects $0.00 sales exposure; targets 607 units,Regional Distribution Center,HYD_DS_10,Projected inventory (287) breached ROP (289). Target: 607.
1435,20260629,HYD_DS_08,173,STAP_DALS_23,Staples,Stock Below Reorder Point,12,Scheduled Replenishment,72,65.3,Protects $0.00 sales exposure; targets 118 units,Regional Distribution Center,HYD_DS_08,Projected inventory (55) breached ROP (73). Target: 118.
1436,20260629,BEN_DS_04,289,PET _PET _19,Pet Care,Stock Below Reorder Point,12,Scheduled Replenishment,96,65.5,Protects $0.00 sales exposure; targets 80 units,Regional Distribution Center,BEN_DS_04,Projected inventory (32) breached ROP (54). Target: 80.
1437,20260629,HYD_DS_07,158,STAP_DALS_08,Staples,Stock Below Reorder Point,12,Scheduled Replenishment,96,66.1,Protects $0.00 sales exposure; targets 176 units,Regional Distribution Center,HYD_DS_07,Projected inventory (83) breached ROP (85). Target: 176.
1438,20260629,DEL_DS_07,107,PACK_PAST_17,Packaged Foods,Stock Below Reorder Point,12,Scheduled Replenishment,108,66.2,Protects $0.00 sales exposure; targets 195 units,Regional Distribution Center,DEL_DS_07,Projected inventory (93) breached ROP (93). Target: 195.
1439,20260629,BEN_DS_04,17,DAIR_CURD_17,Dairy,Stock Below Reorder Point,12,Scheduled Replenishment,252,66.4,Protects $0.00 sales exposure; targets 478 units,Regional Distribution Center,BEN_DS_04,Projected inventory (229) breached ROP (230). Target: 478.
1440,20260629,MUM_DS_09,253,BABY_DIAP_13,Baby Care,Stock Below Reorder Point,12,Scheduled Replenishment,144,66.6,Protects $0.00 sales exposure; targets 237 units,Regional Distribution Center,MUM_DS_09,Projected inventory (113) breached ROP (146). Target: 237.
1441,20260629,HYD_DS_05,143,FRUI_DAIL_23,Fruits & Vegetables,Stock Below Reorder Point,12,Scheduled Replenishment,336,66.8,Protects $0.00 sales exposure; targets 628 units,Regional Distribution Center,HYD_DS_05,Projected inventory (302) breached ROP (302). Target: 628.
1442,20260629,DEL_DS_07,60,BEVE_WATE_30,Beverages,Stock Below Reorder Point,12,Scheduled Replenishment,168,67.1,Protects $0.00 sales exposure; targets 324 units,Regional Distribution Center,DEL_DS_07,Projected inventory (156) breached ROP (156). Target: 324.
1443,20260629,HYD_DS_10,143,FRUI_DAIL_23,Fruits & Vegetables,Stock Below Reorder Point,12,Scheduled Replenishment,384,67.9,Protects $0.00 sales exposure; targets 726 units,Regional Distribution Center,HYD_DS_10,Projected inventory (346) breached ROP (358). Target: 726.
1444,20260629,HYD_DS_03,19,DAIR_CHEE_19,Dairy,Stock Below Reorder Point,12,Scheduled Replenishment,240,70.2,Protects $0.00 sales exposure; targets 448 units,Regional Distribution Center,HYD_DS_03,Projected inventory (220) breached ROP (223). Target: 448.
1445,20260629,HYD_DS_09,166,STAP_ATTA_16,Staples,Stock Below Reorder Point,12,Scheduled Replenishment,96,70.9,Protects $0.00 sales exposure; targets 186 units,Regional Distribution Center,HYD_DS_09,Projected inventory (94) breached ROP (114). Target: 186.
1446,20260629,HYD_DS_10,250,BABY_BABY_10,Baby Care,Stock Below Reorder Point,12,Scheduled Replenishment,96,72.2,Protects $0.00 sales exposure; targets 183 units,Regional Distribution Center,HYD_DS_10,Projected inventory (96) breached ROP (111). Target: 183.
1447,20260629,MUM_DS_05,166,STAP_ATTA_16,Staples,Stock Below Reorder Point,12,Scheduled Replenishment,96,72.4,Protects $0.00 sales exposure; targets 190 units,Regional Distribution Center,MUM_DS_05,Projected inventory (96) breached ROP (118). Target: 190.
1448,20260629,DEL_DS_07,155,STAP_SPIC_05,Staples,Stock Below Reorder Point,12,Scheduled Replenishment,68,72.7,Protects $0.00 sales exposure; targets 138 units,Regional Distribution Center,DEL_DS_07,Projected inventory (71) breached ROP (86). Target: 138.
1449,20260629,MUM_DS_09,171,STAP_ATTA_21,Staples,Stock Below Reorder Point,12,Scheduled Replenishment,108,72.7,Protects $0.00 sales exposure; targets 205 units,Regional Distribution Center,MUM_DS_09,Projected inventory (105) breached ROP (127). Target: 205.
1450,20260629,HYD_DS_03,153,STAP_DALS_03,Staples,Stock Below Reorder Point,12,Scheduled Replenishment,72,73.1,Protects $0.00 sales exposure; targets 100 units,Regional Distribution Center,HYD_DS_03,Projected inventory (49) breached ROP (64). Target: 100.
1451,20260629,BEN_DS_01,168,STAP_DALS_18,Staples,Stock Below Reorder Point,12,Scheduled Replenishment,126,75.8,Protects $0.00 sales exposure; targets 262 units,Regional Distribution Center,BEN_DS_01,Projected inventory (140) breached ROP (162). Target: 262.
1452,20260629,HYD_DS_06,163,STAP_DALS_13,Staples,Stock Below Reorder Point,12,Scheduled Replenishment,48,76.1,Protects $0.00 sales exposure; targets 95 units,Regional Distribution Center,HYD_DS_06,Projected inventory (51) breached ROP (59). Target: 95.
1453,20260629,HYD_DS_08,50,BEVE_WATE_20,Beverages,Stock Below Reorder Point,12,Scheduled Replenishment,186,76.9,Protects $0.00 sales exposure; targets 345 units,Regional Distribution Center,HYD_DS_08,Projected inventory (164) breached ROP (191). Target: 345.
1454,20260629,BEN_DS_06,163,STAP_DALS_13,Staples,Stock Below Reorder Point,12,Scheduled Replenishment,56,77.6,Protects $0.00 sales exposure; targets 125 units,Regional Distribution Center,BEN_DS_06,Projected inventory (69) breached ROP (77). Target: 125.
1455,20260629,DEL_DS_05,26,DAIR_MILK_26,Dairy,Stock Below Reorder Point,12,Scheduled Replenishment,198,81.4,Protects $0.00 sales exposure; targets 385 units,Regional Distribution Center,DEL_DS_05,Projected inventory (189) breached ROP (218). Target: 385.
1456,20260629,HYD_DS_07,166,STAP_ATTA_16,Staples,Stock Below Reorder Point,12,Scheduled Replenishment,60,82.3,Protects $0.00 sales exposure; targets 138 units,Regional Distribution Center,HYD_DS_07,Projected inventory (80) breached ROP (85). Target: 138.
1457,20260629,HYD_DS_03,252,BABY_BABY_12,Baby Care,Stock Below Reorder Point,12,Scheduled Replenishment,76,83.2,Protects $0.00 sales exposure; targets 180 units,Regional Distribution Center,HYD_DS_03,Projected inventory (107) breached ROP (111). Target: 180.
1458,20260629,MUM_DS_03,214,HOUS_DISP_04,Household,Stock Below Reorder Point,11,Scheduled Replenishment,72,40.5,Protects $0.00 sales exposure; targets 91 units,Regional Distribution Center,MUM_DS_03,Projected inventory (26) breached ROP (45). Target: 91.
1459,20260629,MUM_DS_03,194,PERS_SKIN_14,Personal Care,Stock Below Reorder Point,10,Scheduled Replenishment,72,40.9,Protects $0.00 sales exposure; targets 100 units,Regional Distribution Center,MUM_DS_03,Projected inventory (29) breached ROP (36). Target: 100.
1460,20260629,HYD_DS_09,210,PERS_SANI_30,Personal Care,Stock Below Reorder Point,10,Scheduled Replenishment,48,40.9,Protects $0.00 sales exposure; targets 65 units,Regional Distribution Center,HYD_DS_09,Projected inventory (19) breached ROP (32). Target: 65.
1461,20260629,HYD_DS_07,232,HOUS_DISH_22,Household,Stock Below Reorder Point,10,Scheduled Replenishment,48,41.0,Protects $0.00 sales exposure; targets 44 units,Regional Distribution Center,HYD_DS_07,Projected inventory (13) breached ROP (16). Target: 44.
1462,20260629,HYD_DS_09,214,HOUS_DISP_04,Household,Stock Below Reorder Point,10,Scheduled Replenishment,64,41.2,Protects $0.00 sales exposure; targets 83 units,Regional Distribution Center,HYD_DS_09,Projected inventory (24) breached ROP (41). Target: 83.
1463,20260629,HYD_DS_05,300,PET _CAT _30,Pet Care,Stock Below Reorder Point,10,Scheduled Replenishment,48,41.6,Protects $0.00 sales exposure; targets 64 units,Regional Distribution Center,HYD_DS_05,Projected inventory (19) breached ROP (23). Target: 64.
1464,20260629,MUM_DS_05,235,HOUS_REPE_25,Household,Stock Below Reorder Point,10,Scheduled Replenishment,72,41.8,Protects $0.00 sales exposure; targets 93 units,Regional Distribution Center,MUM_DS_05,Projected inventory (28) breached ROP (33). Target: 93.
1465,20260629,BEN_DS_06,229,HOUS_DISP_19,Household,Stock Below Reorder Point,10,Scheduled Replenishment,42,41.9,Protects $0.00 sales exposure; targets 59 units,Regional Distribution Center,BEN_DS_06,Projected inventory (17) breached ROP (29). Target: 59.
1466,20260629,DEL_DS_01,233,HOUS_CLEA_23,Household,Stock Below Reorder Point,10,Scheduled Replenishment,54,41.9,Protects $0.00 sales exposure; targets 75 units,Regional Distribution Center,DEL_DS_01,Projected inventory (22) breached ROP (46). Target: 75.
1467,20260629,BEN_DS_09,184,PERS_SKIN_04,Personal Care,Stock Below Reorder Point,9,Scheduled Replenishment,48,42.5,Protects $0.00 sales exposure; targets 46 units,Regional Distribution Center,BEN_DS_09,Projected inventory (14) breached ROP (16). Target: 46.
1468,20260629,MUM_DS_04,272,PET _CAT _02,Pet Care,Stock Below Reorder Point,9,Scheduled Replenishment,24,42.8,Protects $0.00 sales exposure; targets 33 units,Regional Distribution Center,MUM_DS_04,Projected inventory (10) breached ROP (16). Target: 33.
1469,20260629,DEL_DS_05,219,HOUS_DISP_09,Household,Stock Below Reorder Point,9,Scheduled Replenishment,72,43.0,Protects $0.00 sales exposure; targets 73 units,Regional Distribution Center,DEL_DS_05,Projected inventory (22) breached ROP (36). Target: 73.
1470,20260629,MUM_DS_05,193,PERS_ORAL_13,Personal Care,Stock Below Reorder Point,9,Scheduled Replenishment,28,43.2,Protects $0.00 sales exposure; targets 40 units,Regional Distribution Center,MUM_DS_05,Projected inventory (12) breached ROP (15). Target: 40.
1471,20260629,MUM_DS_08,281,PET _PET _11,Pet Care,Stock Below Reorder Point,9,Scheduled Replenishment,24,43.7,Protects $0.00 sales exposure; targets 30 units,Regional Distribution Center,MUM_DS_08,Projected inventory (9) breached ROP (19). Target: 30.
1472,20260629,MUM_DS_09,206,PERS_SOAP_26,Personal Care,Stock Below Reorder Point,9,Scheduled Replenishment,36,43.9,Protects $0.00 sales exposure; targets 50 units,Regional Distribution Center,MUM_DS_09,Projected inventory (16) breached ROP (18). Target: 50.
1473,20260629,HYD_DS_07,224,HOUS_DISP_14,Household,Stock Below Reorder Point,9,Scheduled Replenishment,56,43.9,Protects $0.00 sales exposure; targets 71 units,Regional Distribution Center,HYD_DS_07,Projected inventory (22) breached ROP (35). Target: 71.
1474,20260629,HYD_DS_05,289,PET _PET _19,Pet Care,Stock Below Reorder Point,8,Scheduled Replenishment,96,44.3,Protects $0.00 sales exposure; targets 64 units,Regional Distribution Center,HYD_DS_05,Projected inventory (20) breached ROP (40). Target: 64.
1475,20260629,MUM_DS_04,300,PET _CAT _30,Pet Care,Stock Below Reorder Point,8,Scheduled Replenishment,42,44.5,Protects $0.00 sales exposure; targets 58 units,Regional Distribution Center,MUM_DS_04,Projected inventory (18) breached ROP (21). Target: 58.
1476,20260629,HYD_DS_07,193,PERS_ORAL_13,Personal Care,Stock Below Reorder Point,8,Scheduled Replenishment,20,44.5,Protects $0.00 sales exposure; targets 29 units,Regional Distribution Center,HYD_DS_07,Projected inventory (9) breached ROP (11). Target: 29.
1477,20260629,MUM_DS_04,215,HOUS_REPE_05,Household,Stock Below Reorder Point,8,Scheduled Replenishment,44,44.6,Protects $0.00 sales exposure; targets 62 units,Regional Distribution Center,MUM_DS_04,Projected inventory (20) breached ROP (22). Target: 62.
1478,20260629,BEN_DS_02,240,HOUS_REPE_30,Household,Stock Below Reorder Point,8,Scheduled Replenishment,48,45.4,Protects $0.00 sales exposure; targets 35 units,Regional Distribution Center,BEN_DS_02,Projected inventory (11) breached ROP (13). Target: 35.
1479,20260629,BEN_DS_04,206,PERS_SOAP_26,Personal Care,Stock Below Reorder Point,7,Scheduled Replenishment,28,46.8,Protects $0.00 sales exposure; targets 40 units,Regional Distribution Center,BEN_DS_04,Projected inventory (13) breached ROP (15). Target: 40.
1480,20260629,DEL_DS_08,215,HOUS_REPE_05,Household,Stock Below Reorder Point,7,Scheduled Replenishment,48,46.8,Protects $0.00 sales exposure; targets 69 units,Regional Distribution Center,DEL_DS_08,Projected inventory (23) breached ROP (24). Target: 69.
1481,20260629,MUM_DS_03,219,HOUS_DISP_09,Household,Stock Below Reorder Point,7,Scheduled Replenishment,72,47.0,Protects $0.00 sales exposure; targets 105 units,Regional Distribution Center,MUM_DS_03,Projected inventory (35) breached ROP (51). Target: 105.
1482,20260629,DEL_DS_08,238,HOUS_CLEA_28,Household,Stock Below Reorder Point,6,Scheduled Replenishment,52,47.2,Protects $0.00 sales exposure; targets 77 units,Regional Distribution Center,DEL_DS_08,Projected inventory (26) breached ROP (37). Target: 77.
1483,20260629,MUM_DS_08,287,PET _DOG _17,Pet Care,Stock Below Reorder Point,6,Scheduled Replenishment,32,47.2,Protects $0.00 sales exposure; targets 29 units,Regional Distribution Center,MUM_DS_08,Projected inventory (9) breached ROP (15). Target: 29.
1484,20260629,BEN_DS_01,199,PERS_SKIN_19,Personal Care,Stock Below Reorder Point,6,Scheduled Replenishment,32,48.1,Protects $0.00 sales exposure; targets 41 units,Regional Distribution Center,BEN_DS_01,Projected inventory (13) breached ROP (26). Target: 41.
1485,20260629,HYD_DS_04,220,HOUS_REPE_10,Household,Stock Below Reorder Point,6,Scheduled Replenishment,36,48.1,Protects $0.00 sales exposure; targets 47 units,Regional Distribution Center,HYD_DS_04,Projected inventory (16) breached ROP (23). Target: 47.
1486,20260629,HYD_DS_08,240,HOUS_REPE_30,Household,Stock Below Reorder Point,6,Scheduled Replenishment,48,48.2,Protects $0.00 sales exposure; targets 27 units,Regional Distribution Center,HYD_DS_08,Projected inventory (9) breached ROP (10). Target: 27.
1487,20260629,BEN_DS_08,293,PET _PET _23,Pet Care,Stock Below Reorder Point,6,Scheduled Replenishment,60,48.4,Protects $0.00 sales exposure; targets 84 units,Regional Distribution Center,BEN_DS_08,Projected inventory (29) breached ROP (41). Target: 84.
1488,20260629,MUM_DS_09,222,HOUS_DISH_12,Household,Stock Below Reorder Point,6,Scheduled Replenishment,48,48.4,Protects $0.00 sales exposure; targets 72 units,Regional Distribution Center,MUM_DS_09,Projected inventory (25) breached ROP (34). Target: 72.
1489,20260629,DEL_DS_08,185,PERS_SANI_05,Personal Care,Stock Below Reorder Point,6,Scheduled Replenishment,60,48.6,Protects $0.00 sales exposure; targets 78 units,Regional Distribution Center,DEL_DS_08,Projected inventory (26) breached ROP (49). Target: 78.
1490,20260629,BEN_DS_09,228,HOUS_CLEA_18,Household,Stock Below Reorder Point,6,Scheduled Replenishment,40,49.1,Protects $0.00 sales exposure; targets 62 units,Regional Distribution Center,BEN_DS_09,Projected inventory (22) breached ROP (22). Target: 62.
1491,20260629,MUM_DS_03,205,PERS_SANI_25,Personal Care,Stock Below Reorder Point,6,Scheduled Replenishment,24,49.5,Protects $0.00 sales exposure; targets 31 units,Regional Distribution Center,MUM_DS_03,Projected inventory (11) breached ROP (11). Target: 31.
1492,20260629,DEL_DS_07,231,HOUS_DETE_21,Household,Stock Below Reorder Point,6,Scheduled Replenishment,36,49.7,Protects $0.00 sales exposure; targets 42 units,Regional Distribution Center,DEL_DS_07,Projected inventory (14) breached ROP (22). Target: 42.
1493,20260629,MUM_DS_04,203,PERS_ORAL_23,Personal Care,Stock Below Reorder Point,6,Scheduled Replenishment,36,49.9,Protects $0.00 sales exposure; targets 53 units,Regional Distribution Center,MUM_DS_04,Projected inventory (19) breached ROP (32). Target: 53.
1494,20260629,BEN_DS_01,205,PERS_SANI_25,Personal Care,Stock Below Reorder Point,6,Scheduled Replenishment,24,50.4,Protects $0.00 sales exposure; targets 28 units,Regional Distribution Center,BEN_DS_01,Projected inventory (10) breached ROP (11). Target: 28.
1495,20260629,BEN_DS_04,207,PERS_HAIR_27,Personal Care,Stock Below Reorder Point,6,Scheduled Replenishment,24,51.1,Protects $0.00 sales exposure; targets 37 units,Regional Distribution Center,BEN_DS_04,Projected inventory (13) breached ROP (19). Target: 37.
1496,20260629,HYD_DS_03,218,HOUS_CLEA_08,Household,Stock Below Reorder Point,6,Scheduled Replenishment,18,51.7,Protects $0.00 sales exposure; targets 26 units,Regional Distribution Center,HYD_DS_03,Projected inventory (9) breached ROP (17). Target: 26.
1497,20260629,BEN_DS_07,218,HOUS_CLEA_08,Household,Stock Below Reorder Point,6,Scheduled Replenishment,30,51.8,Protects $0.00 sales exposure; targets 40 units,Regional Distribution Center,BEN_DS_07,Projected inventory (14) breached ROP (25). Target: 40.
1498,20260629,MUM_DS_03,207,PERS_HAIR_27,Personal Care,Stock Below Reorder Point,6,Scheduled Replenishment,30,52.2,Protects $0.00 sales exposure; targets 47 units,Regional Distribution Center,MUM_DS_03,Projected inventory (17) breached ROP (23). Target: 47.
1499,20260629,HYD_DS_05,195,PERS_SANI_15,Personal Care,Stock Below Reorder Point,6,Scheduled Replenishment,24,52.2,Protects $0.00 sales exposure; targets 34 units,Regional Distribution Center,HYD_DS_05,Projected inventory (12) breached ROP (22). Target: 34.
1500,20260629,BEN_DS_04,220,HOUS_REPE_10,Household,Stock Below Reorder Point,6,Scheduled Replenishment,36,53.1,Protects $0.00 sales exposure; targets 51 units,Regional Distribution Center,BEN_DS_04,Projected inventory (19) breached ROP (25). Target: 51.
1501,20260629,BEN_DS_06,205,PERS_SANI_25,Personal Care,Stock Below Reorder Point,6,Scheduled Replenishment,24,53.3,Protects $0.00 sales exposure; targets 31 units,Regional Distribution Center,BEN_DS_06,Projected inventory (11) breached ROP (13). Target: 31.
1502,20260629,HYD_DS_09,273,PET _PET _03,Pet Care,Stock Below Reorder Point,6,Scheduled Replenishment,24,53.3,Protects $0.00 sales exposure; targets 31 units,Regional Distribution Center,HYD_DS_09,Projected inventory (11) breached ROP (20). Target: 31.
1503,20260629,BEN_DS_10,274,PET _PET _04,Pet Care,Stock Below Reorder Point,6,Scheduled Replenishment,48,53.5,Protects $0.00 sales exposure; targets 66 units,Regional Distribution Center,BEN_DS_10,Projected inventory (25) breached ROP (40). Target: 66.
1504,20260629,BEN_DS_04,210,PERS_SANI_30,Personal Care,Stock Below Reorder Point,6,Scheduled Replenishment,42,53.6,Protects $0.00 sales exposure; targets 60 units,Regional Distribution Center,BEN_DS_04,Projected inventory (23) breached ROP (30). Target: 60.
1505,20260629,BEN_DS_09,290,PET _PET _20,Pet Care,Stock Below Reorder Point,6,Scheduled Replenishment,24,53.6,Protects $0.00 sales exposure; targets 35 units,Regional Distribution Center,BEN_DS_09,Projected inventory (13) breached ROP (13). Target: 35.
1506,20260629,BEN_DS_07,234,HOUS_DISP_24,Household,Stock Below Reorder Point,6,Scheduled Replenishment,48,54.0,Protects $0.00 sales exposure; targets 70 units,Regional Distribution Center,BEN_DS_07,Projected inventory (27) breached ROP (34). Target: 70.
1507,20260629,BEN_DS_10,192,PERS_HAIR_12,Personal Care,Stock Below Reorder Point,6,Scheduled Replenishment,32,54.2,Protects $0.00 sales exposure; targets 46 units,Regional Distribution Center,BEN_DS_10,Projected inventory (17) breached ROP (23). Target: 46.
1508,20260629,BEN_DS_01,234,HOUS_DISP_24,Household,Stock Below Reorder Point,6,Scheduled Replenishment,48,55.1,Protects $0.00 sales exposure; targets 72 units,Regional Distribution Center,BEN_DS_01,Projected inventory (28) breached ROP (36). Target: 72.
1509,20260629,BEN_DS_06,206,PERS_SOAP_26,Personal Care,Stock Below Reorder Point,6,Scheduled Replenishment,24,55.1,Protects $0.00 sales exposure; targets 36 units,Regional Distribution Center,BEN_DS_06,Projected inventory (14) breached ROP (14). Target: 36.
1510,20260629,HYD_DS_05,231,HOUS_DETE_21,Household,Stock Below Reorder Point,6,Scheduled Replenishment,24,55.1,Protects $0.00 sales exposure; targets 36 units,Regional Distribution Center,HYD_DS_05,Projected inventory (14) breached ROP (18). Target: 36.
1511,20260629,MUM_DS_03,220,HOUS_REPE_10,Household,Stock Below Reorder Point,6,Scheduled Replenishment,48,55.3,Protects $0.00 sales exposure; targets 66 units,Regional Distribution Center,MUM_DS_03,Projected inventory (25) breached ROP (34). Target: 66.
1512,20260629,MUM_DS_03,233,HOUS_CLEA_23,Household,Stock Below Reorder Point,6,Scheduled Replenishment,72,55.8,Protects $0.00 sales exposure; targets 113 units,Regional Distribution Center,MUM_DS_03,Projected inventory (43) breached ROP (71). Target: 113.
1513,20260629,BEN_DS_09,294,PET _PET _24,Pet Care,Stock Below Reorder Point,6,Scheduled Replenishment,24,56.0,Protects $0.00 sales exposure; targets 36 units,Regional Distribution Center,BEN_DS_09,Projected inventory (14) breached ROP (18). Target: 36.
1514,20260629,MUM_DS_08,238,HOUS_CLEA_28,Household,Stock Below Reorder Point,6,Scheduled Replenishment,48,56.0,Protects $0.00 sales exposure; targets 76 units,Regional Distribution Center,MUM_DS_08,Projected inventory (30) breached ROP (37). Target: 76.
1515,20260629,MUM_DS_04,281,PET _PET _11,Pet Care,Stock Below Reorder Point,6,Scheduled Replenishment,20,56.2,Protects $0.00 sales exposure; targets 27 units,Regional Distribution Center,MUM_DS_04,Projected inventory (10) breached ROP (17). Target: 27.
1516,20260629,MUM_DS_04,280,PET _CAT _10,Pet Care,Stock Below Reorder Point,6,Scheduled Replenishment,48,56.9,Protects $0.00 sales exposure; targets 72 units,Regional Distribution Center,MUM_DS_04,Projected inventory (28) breached ROP (45). Target: 72.
1517,20260629,HYD_DS_08,229,HOUS_DISP_19,Household,Stock Below Reorder Point,6,Scheduled Replenishment,36,56.9,Protects $0.00 sales exposure; targets 53 units,Regional Distribution Center,HYD_DS_08,Projected inventory (21) breached ROP (26). Target: 53.
1518,20260629,HYD_DS_07,275,PET _DOG _05,Pet Care,Stock Below Reorder Point,6,Scheduled Replenishment,40,57.4,Protects $0.00 sales exposure; targets 57 units,Regional Distribution Center,HYD_DS_07,Projected inventory (23) breached ROP (28). Target: 57.
1519,20260629,HYD_DS_07,213,HOUS_CLEA_03,Household,Stock Below Reorder Point,6,Scheduled Replenishment,24,57.8,Protects $0.00 sales exposure; targets 36 units,Regional Distribution Center,HYD_DS_07,Projected inventory (14) breached ROP (19). Target: 36.
1520,20260629,BEN_DS_02,231,HOUS_DETE_21,Household,Stock Below Reorder Point,6,Scheduled Replenishment,24,58.5,Protects $0.00 sales exposure; targets 40 units,Regional Distribution Center,BEN_DS_02,Projected inventory (16) breached ROP (20). Target: 40.
1521,20260629,BEN_DS_02,221,HOUS_DETE_11,Household,Stock Below Reorder Point,6,Scheduled Replenishment,32,58.7,Protects $0.00 sales exposure; targets 48 units,Regional Distribution Center,BEN_DS_02,Projected inventory (20) breached ROP (24). Target: 48.
1522,20260629,DEL_DS_07,192,PERS_HAIR_12,Personal Care,Stock Below Reorder Point,6,Scheduled Replenishment,32,58.7,Protects $0.00 sales exposure; targets 48 units,Regional Distribution Center,DEL_DS_07,Projected inventory (20) breached ROP (24). Target: 48.
1523,20260629,BEN_DS_02,227,HOUS_DISH_17,Household,Stock Below Reorder Point,6,Scheduled Replenishment,24,58.9,Protects $0.00 sales exposure; targets 28 units,Regional Distribution Center,BEN_DS_02,Projected inventory (11) breached ROP (15). Target: 28.
1524,20260629,MUM_DS_09,234,HOUS_DISP_24,Household,Stock Below Reorder Point,6,Scheduled Replenishment,48,59.4,Protects $0.00 sales exposure; targets 82 units,Regional Distribution Center,MUM_DS_09,Projected inventory (34) breached ROP (40). Target: 82.
1525,20260629,HYD_DS_08,217,HOUS_DISH_07,Household,Stock Below Reorder Point,6,Scheduled Replenishment,72,59.4,Protects $0.00 sales exposure; targets 30 units,Regional Distribution Center,HYD_DS_08,Projected inventory (12) breached ROP (19). Target: 30.
1526,20260629,DEL_DS_07,233,HOUS_CLEA_23,Household,Stock Below Reorder Point,6,Scheduled Replenishment,60,59.8,Protects $0.00 sales exposure; targets 99 units,Regional Distribution Center,DEL_DS_07,Projected inventory (41) breached ROP (62). Target: 99.
1527,20260629,BEN_DS_10,222,HOUS_DISH_12,Household,Stock Below Reorder Point,6,Scheduled Replenishment,48,59.9,Protects $0.00 sales exposure; targets 67 units,Regional Distribution Center,BEN_DS_10,Projected inventory (29) breached ROP (33). Target: 67.
1528,20260629,MUM_DS_09,281,PET _PET _11,Pet Care,Stock Below Reorder Point,6,Scheduled Replenishment,28,60.5,Protects $0.00 sales exposure; targets 43 units,Regional Distribution Center,MUM_DS_09,Projected inventory (18) breached ROP (27). Target: 43.
1529,20260629,DEL_DS_07,273,PET _PET _03,Pet Care,Stock Below Reorder Point,6,Scheduled Replenishment,24,61.9,Protects $0.00 sales exposure; targets 33 units,Regional Distribution Center,DEL_DS_07,Projected inventory (14) breached ROP (21). Target: 33.
1530,20260629,BEN_DS_02,272,PET _CAT _02,Pet Care,Stock Below Reorder Point,6,Scheduled Replenishment,24,63.0,Protects $0.00 sales exposure; targets 41 units,Regional Distribution Center,BEN_DS_02,Projected inventory (18) breached ROP (21). Target: 41.
1531,20260629,BEN_DS_07,195,PERS_SANI_15,Personal Care,Stock Below Reorder Point,6,Scheduled Replenishment,30,63.0,Protects $0.00 sales exposure; targets 43 units,Regional Distribution Center,BEN_DS_07,Projected inventory (18) breached ROP (28). Target: 43.
1532,20260629,BEN_DS_10,208,PERS_ORAL_28,Personal Care,Stock Below Reorder Point,6,Scheduled Replenishment,48,63.0,Protects $0.00 sales exposure; targets 83 units,Regional Distribution Center,BEN_DS_10,Projected inventory (37) breached ROP (41). Target: 83.
1533,20260629,DEL_DS_05,271,PET _DOG _01,Pet Care,Stock Below Reorder Point,6,Scheduled Replenishment,24,63.0,Protects $0.00 sales exposure; targets 28 units,Regional Distribution Center,DEL_DS_05,Projected inventory (12) breached ROP (17). Target: 28.
1534,20260629,DEL_DS_05,291,PET _DOG _21,Pet Care,Stock Below Reorder Point,6,Scheduled Replenishment,48,63.0,Protects $0.00 sales exposure; targets 60 units,Regional Distribution Center,DEL_DS_05,Projected inventory (27) breached ROP (30). Target: 60.
1535,20260629,DEL_DS_08,273,PET _PET _03,Pet Care,Stock Below Reorder Point,6,Scheduled Replenishment,24,63.0,Protects $0.00 sales exposure; targets 32 units,Regional Distribution Center,DEL_DS_08,Projected inventory (13) breached ROP (21). Target: 32.
1536,20260629,BEN_DS_10,272,PET _CAT _02,Pet Care,Stock Below Reorder Point,6,Scheduled Replenishment,24,63.7,Protects $0.00 sales exposure; targets 43 units,Regional Distribution Center,BEN_DS_10,Projected inventory (19) breached ROP (22). Target: 43.
1537,20260629,BEN_DS_10,185,PERS_SANI_05,Personal Care,Stock Below Reorder Point,6,Scheduled Replenishment,48,63.9,Protects $0.00 sales exposure; targets 86 units,Regional Distribution Center,BEN_DS_10,Projected inventory (39) breached ROP (53). Target: 86.
1538,20260629,BEN_DS_07,227,HOUS_DISH_17,Household,Stock Below Reorder Point,6,Scheduled Replenishment,24,64.1,Protects $0.00 sales exposure; targets 32 units,Regional Distribution Center,BEN_DS_07,Projected inventory (14) breached ROP (16). Target: 32.
1539,20260629,MUM_DS_03,222,HOUS_DISH_12,Household,Stock Below Reorder Point,6,Scheduled Replenishment,48,64.1,Protects $0.00 sales exposure; targets 67 units,Regional Distribution Center,MUM_DS_03,Projected inventory (31) breached ROP (33). Target: 67.
1540,20260629,MUM_DS_05,214,HOUS_DISP_04,Household,Stock Below Reorder Point,6,Scheduled Replenishment,48,64.3,Protects $0.00 sales exposure; targets 87 units,Regional Distribution Center,MUM_DS_05,Projected inventory (39) breached ROP (43). Target: 87.
1541,20260629,DEL_DS_05,289,PET _PET _19,Pet Care,Stock Below Reorder Point,6,Scheduled Replenishment,96,64.4,Protects $0.00 sales exposure; targets 53 units,Regional Distribution Center,DEL_DS_05,Projected inventory (24) breached ROP (33). Target: 53.
1542,20260629,HYD_DS_10,221,HOUS_DETE_11,Household,Stock Below Reorder Point,6,Scheduled Replenishment,32,64.4,Protects $0.00 sales exposure; targets 47 units,Regional Distribution Center,HYD_DS_10,Projected inventory (21) breached ROP (23). Target: 47.
1543,20260629,BEN_DS_09,209,PERS_SKIN_29,Personal Care,Stock Below Reorder Point,6,Scheduled Replenishment,24,65.0,Protects $0.00 sales exposure; targets 37 units,Regional Distribution Center,BEN_DS_09,Projected inventory (16) breached ROP (23). Target: 37.
1544,20260629,BEN_DS_10,197,PERS_HAIR_17,Personal Care,Stock Below Reorder Point,6,Scheduled Replenishment,40,65.0,Protects $0.00 sales exposure; targets 71 units,Regional Distribution Center,BEN_DS_10,Projected inventory (32) breached ROP (44). Target: 71.
1545,20260629,MUM_DS_03,293,PET _PET _23,Pet Care,Stock Below Reorder Point,6,Scheduled Replenishment,60,65.0,Protects $0.00 sales exposure; targets 104 units,Regional Distribution Center,MUM_DS_03,Projected inventory (48) breached ROP (50). Target: 104.
1546,20260629,HYD_DS_10,286,PET _PET _16,Pet Care,Stock Below Reorder Point,6,Scheduled Replenishment,48,65.0,Protects $0.00 sales exposure; targets 72 units,Regional Distribution Center,HYD_DS_10,Projected inventory (32) breached ROP (45). Target: 72.
1547,20260629,BEN_DS_07,282,PET _PET _12,Pet Care,Stock Below Reorder Point,6,Scheduled Replenishment,48,65.5,Protects $0.00 sales exposure; targets 44 units,Regional Distribution Center,BEN_DS_07,Projected inventory (20) breached ROP (22). Target: 44.
1548,20260629,MUM_DS_05,274,PET _PET _04,Pet Care,Stock Below Reorder Point,6,Scheduled Replenishment,48,65.5,Protects $0.00 sales exposure; targets 71 units,Regional Distribution Center,MUM_DS_05,Projected inventory (33) breached ROP (44). Target: 71.
1549,20260629,BEN_DS_07,207,PERS_HAIR_27,Personal Care,Stock Below Reorder Point,6,Scheduled Replenishment,24,65.7,Protects $0.00 sales exposure; targets 40 units,Regional Distribution Center,BEN_DS_07,Projected inventory (18) breached ROP (20). Target: 40.
1550,20260629,BEN_DS_07,238,HOUS_CLEA_28,Household,Stock Below Reorder Point,6,Scheduled Replenishment,48,66.1,Protects $0.00 sales exposure; targets 90 units,Regional Distribution Center,BEN_DS_07,Projected inventory (42) breached ROP (44). Target: 90.
1551,20260629,HYD_DS_08,219,HOUS_DISP_09,Household,Stock Below Reorder Point,6,Scheduled Replenishment,72,66.1,Protects $0.00 sales exposure; targets 70 units,Regional Distribution Center,HYD_DS_08,Projected inventory (33) breached ROP (34). Target: 70.
1552,20260629,BEN_DS_09,287,PET _DOG _17,Pet Care,Stock Below Reorder Point,6,Scheduled Replenishment,32,66.4,Protects $0.00 sales exposure; targets 31 units,Regional Distribution Center,BEN_DS_09,Projected inventory (14) breached ROP (16). Target: 31.
1553,20260629,HYD_DS_08,274,PET _PET _04,Pet Care,Stock Below Reorder Point,6,Scheduled Replenishment,48,67.3,Protects $0.00 sales exposure; targets 60 units,Regional Distribution Center,HYD_DS_08,Projected inventory (27) breached ROP (38). Target: 60.
1554,20260629,HYD_DS_10,294,PET _PET _24,Pet Care,Stock Below Reorder Point,6,Scheduled Replenishment,24,67.5,Protects $0.00 sales exposure; targets 32 units,Regional Distribution Center,HYD_DS_10,Projected inventory (15) breached ROP (16). Target: 32.
1555,20260629,BEN_DS_07,286,PET _PET _16,Pet Care,Stock Below Reorder Point,6,Scheduled Replenishment,48,68.0,Protects $0.00 sales exposure; targets 74 units,Regional Distribution Center,BEN_DS_07,Projected inventory (34) breached ROP (47). Target: 74.
1556,20260629,DEL_DS_05,277,PET _PET _07,Pet Care,Stock Below Reorder Point,6,Scheduled Replenishment,24,68.0,Protects $0.00 sales exposure; targets 37 units,Regional Distribution Center,DEL_DS_05,Projected inventory (17) breached ROP (23). Target: 37.
1557,20260629,DEL_DS_08,274,PET _PET _04,Pet Care,Stock Below Reorder Point,6,Scheduled Replenishment,48,68.0,Protects $0.00 sales exposure; targets 64 units,Regional Distribution Center,DEL_DS_08,Projected inventory (30) breached ROP (40). Target: 64.
1558,20260629,HYD_DS_09,275,PET _DOG _05,Pet Care,Stock Below Reorder Point,6,Scheduled Replenishment,40,69.1,Protects $0.00 sales exposure; targets 76 units,Regional Distribution Center,HYD_DS_09,Projected inventory (37) breached ROP (37). Target: 76.
1559,20260629,BEN_DS_06,220,HOUS_REPE_10,Household,Stock Below Reorder Point,6,Scheduled Replenishment,24,69.7,Protects $0.00 sales exposure; targets 43 units,Regional Distribution Center,BEN_DS_06,Projected inventory (21) breached ROP (21). Target: 43.
1560,20260629,BEN_DS_07,280,PET _CAT _10,Pet Care,Stock Below Reorder Point,6,Scheduled Replenishment,60,69.8,Protects $0.00 sales exposure; targets 95 units,Regional Distribution Center,BEN_DS_07,Projected inventory (46) breached ROP (59). Target: 95.
1561,20260629,HYD_DS_04,219,HOUS_DISP_09,Household,Stock Below Reorder Point,6,Scheduled Replenishment,72,70.4,Protects $0.00 sales exposure; targets 76 units,Regional Distribution Center,HYD_DS_04,Projected inventory (38) breached ROP (38). Target: 76.
1562,20260629,HYD_DS_09,233,HOUS_CLEA_23,Household,Stock Below Reorder Point,6,Scheduled Replenishment,48,70.7,Protects $0.00 sales exposure; targets 94 units,Regional Distribution Center,HYD_DS_09,Projected inventory (48) breached ROP (57). Target: 94.
1563,20260629,HYD_DS_06,274,PET _PET _04,Pet Care,Stock Below Reorder Point,6,Scheduled Replenishment,48,71.5,Protects $0.00 sales exposure; targets 46 units,Regional Distribution Center,HYD_DS_06,Projected inventory (23) breached ROP (29). Target: 46.
1564,20260629,DEL_DS_01,271,PET _DOG _01,Pet Care,Stock Below Reorder Point,6,Scheduled Replenishment,24,72.0,Protects $0.00 sales exposure; targets 29 units,Regional Distribution Center,DEL_DS_01,Projected inventory (14) breached ROP (18). Target: 29.
1565,20260629,HYD_DS_03,201,PERS_SOAP_21,Personal Care,Stock Below Reorder Point,6,Scheduled Replenishment,36,72.0,Protects $0.00 sales exposure; targets 51 units,Regional Distribution Center,HYD_DS_03,Projected inventory (26) breached ROP (31). Target: 51.
1566,20260629,HYD_DS_04,218,HOUS_CLEA_08,Household,Stock Below Reorder Point,6,Scheduled Replenishment,18,72.0,Protects $0.00 sales exposure; targets 32 units,Regional Distribution Center,HYD_DS_04,Projected inventory (16) breached ROP (20). Target: 32.
1567,20260629,MUM_DS_03,221,HOUS_DETE_11,Household,Stock Below Reorder Point,6,Scheduled Replenishment,32,72.7,Protects $0.00 sales exposure; targets 53 units,Regional Distribution Center,MUM_DS_03,Projected inventory (26) breached ROP (27). Target: 53.
1568,20260629,DEL_DS_01,185,PERS_SANI_05,Personal Care,Stock Below Reorder Point,6,Scheduled Replenishment,36,73.1,Protects $0.00 sales exposure; targets 72 units,Regional Distribution Center,DEL_DS_01,Projected inventory (36) breached ROP (45). Target: 72.
1569,20260629,DEL_DS_01,231,HOUS_DETE_21,Household,Stock Below Reorder Point,6,Scheduled Replenishment,24,73.3,Protects $0.00 sales exposure; targets 32 units,Regional Distribution Center,DEL_DS_01,Projected inventory (16) breached ROP (16). Target: 32.
1570,20260629,MUM_DS_03,287,PET _DOG _17,Pet Care,Stock Below Reorder Point,6,Scheduled Replenishment,32,73.8,Protects $0.00 sales exposure; targets 46 units,Regional Distribution Center,MUM_DS_03,Projected inventory (22) breached ROP (25). Target: 46.
1571,20260629,MUM_DS_05,197,PERS_HAIR_17,Personal Care,Stock Below Reorder Point,6,Scheduled Replenishment,36,74.5,Protects $0.00 sales exposure; targets 72 units,Regional Distribution Center,MUM_DS_05,Projected inventory (37) breached ROP (45). Target: 72.
1572,20260629,MUM_DS_05,227,HOUS_DISH_17,Household,Stock Below Reorder Point,6,Scheduled Replenishment,24,76.0,Protects $0.00 sales exposure; targets 31 units,Regional Distribution Center,MUM_DS_05,Projected inventory (16) breached ROP (16). Target: 31.
1573,20260629,DEL_DS_08,296,PET _CAT _26,Pet Care,Stock Below Reorder Point,6,Scheduled Replenishment,48,76.3,Protects $0.00 sales exposure; targets 86 units,Regional Distribution Center,DEL_DS_08,Projected inventory (46) breached ROP (53). Target: 86.
1574,20260629,DEL_DS_05,218,HOUS_CLEA_08,Household,Stock Below Reorder Point,6,Scheduled Replenishment,18,77.6,Protects $0.00 sales exposure; targets 32 units,Regional Distribution Center,DEL_DS_05,Projected inventory (16) breached ROP (21). Target: 32.
1575,20260629,MUM_DS_04,276,PET _CAT _06,Pet Care,Stock Below Reorder Point,6,Scheduled Replenishment,24,77.9,Protects $0.00 sales exposure; targets 47 units,Regional Distribution Center,MUM_DS_04,Projected inventory (26) breached ROP (29). Target: 47.
1576,20260629,BEN_DS_04,218,HOUS_CLEA_08,Household,Stock Below Reorder Point,6,Scheduled Replenishment,18,78.5,Protects $0.00 sales exposure; targets 36 units,Regional Distribution Center,BEN_DS_04,Projected inventory (19) breached ROP (23). Target: 36.
1577,20260629,DEL_DS_05,227,HOUS_DISH_17,Household,Stock Below Reorder Point,6,Scheduled Replenishment,12,80.3,Protects $0.00 sales exposure; targets 26 units,Regional Distribution Center,DEL_DS_05,Projected inventory (14) breached ROP (14). Target: 26.
1578,20260629,DEL_DS_05,283,PET _DOG _13,Pet Care,Stock Below Reorder Point,6,Scheduled Replenishment,24,81.0,Protects $0.00 sales exposure; targets 32 units,Regional Distribution Center,DEL_DS_05,Projected inventory (18) breached ROP (20). Target: 32.
1579,20260629,HYD_DS_04,273,PET _PET _03,Pet Care,Stock Below Reorder Point,6,Scheduled Replenishment,16,82.3,Protects $0.00 sales exposure; targets 29 units,Regional Distribution Center,HYD_DS_04,Projected inventory (16) breached ROP (18). Target: 29.
1580,20260629,DEL_DS_01,209,PERS_SKIN_29,Personal Care,Stock Below Reorder Point,6,Scheduled Replenishment,16,82.4,Protects $0.00 sales exposure; targets 32 units,Regional Distribution Center,DEL_DS_01,Projected inventory (18) breached ROP (20). Target: 32.
1581,20260629,DEL_DS_01,199,PERS_SKIN_19,Personal Care,Stock Below Reorder Point,6,Scheduled Replenishment,24,83.9,Protects $0.00 sales exposure; targets 35 units,Regional Distribution Center,DEL_DS_01,Projected inventory (20) breached ROP (22). Target: 35.
1582,20260629,DEL_DS_05,203,PERS_ORAL_23,Personal Care,Stock Below Reorder Point,6,Scheduled Replenishment,24,85.0,Protects $0.00 sales exposure; targets 47 units,Regional Distribution Center,DEL_DS_05,Projected inventory (28) breached ROP (29). Target: 47.
1583,20260629,MUM_DS_04,204,PERS_SKIN_24,Personal Care,Stock Below Reorder Point,6,Scheduled Replenishment,32,85.5,Protects $0.00 sales exposure; targets 33 units,Regional Distribution Center,MUM_DS_04,Projected inventory (19) breached ROP (21). Target: 33.
1584,20260629,HYD_DS_07,218,HOUS_CLEA_08,Household,Stock Below Reorder Point,6,Scheduled Replenishment,12,87.3,Protects $0.00 sales exposure; targets 30 units,Regional Distribution Center,HYD_DS_07,Projected inventory (18) breached ROP (19). Target: 30.
1585,20260629,DEL_DS_01,296,PET _CAT _26,Pet Care,Stock Below Reorder Point,6,Scheduled Replenishment,48,87.8,Protects $0.00 sales exposure; targets 78 units,Regional Distribution Center,DEL_DS_01,Projected inventory (47) breached ROP (49). Target: 78.
1586,20260629,HYD_DS_07,286,PET _PET _16,Pet Care,Stock Below Reorder Point,6,Scheduled Replenishment,48,88.0,Protects $0.00 sales exposure; targets 51 units,Regional Distribution Center,HYD_DS_07,Projected inventory (30) breached ROP (33). Target: 51.
1587,20260629,HYD_DS_04,277,PET _PET _07,Pet Care,Stock Below Reorder Point,6,Scheduled Replenishment,18,88.4,Protects $0.00 sales exposure; targets 44 units,Regional Distribution Center,HYD_DS_04,Projected inventory (26) breached ROP (28). Target: 44.
1588,20260629,BEN_DS_02,201,PERS_SOAP_21,Personal Care,Stock Below Reorder Point,6,Scheduled Replenishment,36,89.5,Protects $0.00 sales exposure; targets 88 units,Regional Distribution Center,BEN_DS_02,Projected inventory (55) breached ROP (55). Target: 88.
1589,20260629,DEL_DS_01,299,PET _DOG _29,Pet Care,Stock Below Reorder Point,6,Scheduled Replenishment,72,89.5,Protects $0.00 sales exposure; targets 71 units,Regional Distribution Center,DEL_DS_01,Projected inventory (44) breached ROP (44). Target: 71.
1590,20260629,HYD_DS_05,197,PERS_HAIR_17,Personal Care,Stock Below Reorder Point,6,Scheduled Replenishment,24,90.0,Protects $0.00 sales exposure; targets 64 units,Regional Distribution Center,HYD_DS_05,Projected inventory (40) breached ROP (40). Target: 64.
1591,20260629,BEN_DS_08,227,HOUS_DISH_17,Household,Stock Below Reorder Point,6,Scheduled Replenishment,24,90.2,Protects $0.00 sales exposure; targets 36 units,Regional Distribution Center,BEN_DS_08,Projected inventory (19) breached ROP (21). Target: 36.
1592,20260629,HYD_DS_03,283,PET _DOG _13,Pet Care,Stock Below Reorder Point,6,Scheduled Replenishment,24,90.2,Protects $0.00 sales exposure; targets 32 units,Regional Distribution Center,HYD_DS_03,Projected inventory (19) breached ROP (21). Target: 32.
1593,20260629,DEL_DS_01,218,HOUS_CLEA_08,Household,Stock Below Reorder Point,6,Scheduled Replenishment,12,90.7,Protects $0.00 sales exposure; targets 29 units,Regional Distribution Center,DEL_DS_01,Projected inventory (18) breached ROP (19). Target: 29.
1594,20260629,MUM_DS_09,218,HOUS_CLEA_08,Household,Stock Below Reorder Point,6,Scheduled Replenishment,18,90.7,Protects $0.00 sales exposure; targets 44 units,Regional Distribution Center,MUM_DS_09,Projected inventory (27) breached ROP (28). Target: 44.
1595,20260629,BEN_DS_08,233,HOUS_CLEA_23,Household,Stock Below Reorder Point,6,Scheduled Replenishment,60,94.1,Protects $0.00 sales exposure; targets 123 units,Regional Distribution Center,BEN_DS_08,Projected inventory (68) breached ROP (84). Target: 123.
